사고번호,사고일시,요일,시군구,사고내용,사망자수,중상자수,경상자수,부상신고자수,사고유형,법규위반,노면상태,기상상태,도로형태,가해운전자 차종,가해운전자 성별,가해운전자 연령,가해운전자 상해정도,피해운전자 차종,피해운전자 성별,피해운전자 연령,피해운전자 상해정도
2021020200100138,2021년 2월 2일 11시,화요일,경기도 수원시 권선구 세류동,경상사고,0,0,1,0,차대차 - 추돌,안전거리미확보,건조,맑음,교차로 - 교차로부근,승용,남,38세,상해없음,승용,여,51세,경상
2021020200100173,2021년 2월 2일 12시,화요일,경기도 수원시 팔달구 인계동,경상사고,0,0,3,0,차대차 - 기타,안전운전불이행,건조,맑음,단일로 - 기타,승용,남,42세,경상,승용,여,39세,경상
2021020200100260,2021년 2월 2일 15시,화요일,경기도 수원시 권선구 권선동,중상사고,0,1,0,0,차대차 - 측면충돌,안전운전불이행,건조,맑음,단일로 - 기타,이륜,남,39세,중상,승용,여,51세,상해없음
2021020200100288,2021년 2월 2일 16시,화요일,경기도 수원시 장안구 정자동,경상사고,0,0,1,0,차대차 - 정면충돌,신호위반,건조,맑음,단일로 - 기타,승용,남,53세,상해없음,자전거,남,72세,경상
2021020200100292,2021년 2월 2일 16시,화요일,경기도 수원시 권선구 세류동,경상사고,0,0,2,0,차대차 - 측면충돌,신호위반,건조,맑음,단일로 - 지하차도(도로)내,승용,남,69세,상해없음,승용,여,29세,경상
2021020200100506,2021년 2월 2일 23시,화요일,경기도 수원시 팔달구 화서동,중상사고,0,1,1,0,차대차 - 추돌,안전운전불이행,건조,맑음,단일로 - 기타,승용,남,35세,상해없음,승용,남,53세,경상
2021020200100508,2021년 2월 2일 23시,화요일,경기도 수원시 권선구 평동,경상사고,0,0,1,0,차대차 - 기타,신호위반,기타,눈,교차로 - 교차로안,승용,여,27세,상해없음,승용,여,27세,경상
2021020300100015,2021년 2월 3일 05시,수요일,경기도 수원시 장안구 이목동,중상사고,0,1,0,0,차대차 - 측면충돌,안전거리미확보,건조,맑음,단일로 - 기타,승용,남,48세,상해없음,승용,여,32세,중상
2021020300100024,2021년 2월 3일 06시,수요일,경기도 수원시 장안구 송죽동,경상사고,0,0,1,0,차대사람 - 횡단중,보행자보호의무위반,건조,맑음,교차로 - 교차로안,승용,남,71세,상해없음,보행자,여,54세,경상
2021020300100085,2021년 2월 3일 09시,수요일,경기도 수원시 영통구 매탄동,중상사고,0,1,0,0,차대차 - 측면충돌,차로위반,건조,맑음,교차로 - 교차로부근,승용,남,66세,상해없음,화물,남,57세,중상
2021020300100118,2021년 2월 3일 10시,수요일,경기도 수원시 팔달구 인계동,경상사고,0,0,1,0,차대차 - 측면충돌,안전운전불이행,건조,맑음,단일로 - 기타,화물,남,49세,상해없음,승용,남,36세,경상
2021020300100119,2021년 2월 3일 10시,수요일,경기도 수원시 권선구 고색동,경상사고,0,0,1,0,차대차 - 기타,안전거리미확보,건조,맑음,단일로 - 기타,건설기계,남,61세,상해없음,승용,여,52세,경상
2021020300100258,2021년 2월 3일 15시,수요일,경기도 수원시 팔달구 팔달로3가,경상사고,0,0,2,0,차대차 - 기타,차로위반,건조,맑음,단일로 - 기타,승용,남,64세,상해없음,승용,남,26세,경상
2021020300100265,2021년 2월 3일 15시,수요일,경기도 수원시 권선구 입북동,경상사고,0,0,6,0,차대차 - 추돌,기타,건조,맑음,단일로 - 기타,승용,남,30세,상해없음,승용,여,51세,경상
2021020300100302,2021년 2월 3일 16시,수요일,경기도 수원시 장안구 천천동,중상사고,0,1,0,0,차대차 - 기타,불법유턴,건조,맑음,교차로 - 교차로안,자전거,남,87세,중상,승용,여,51세,상해없음
2021020300100340,2021년 2월 3일 17시,수요일,경기도 수원시 권선구 구운동,경상사고,0,0,2,0,차대차 - 추돌,안전운전불이행,젖음/습기,맑음,단일로 - 기타,승용,남,43세,상해없음,승용,남,55세,경상
2021020300100341,2021년 2월 3일 17시,수요일,경기도 수원시 권선구 세류동,경상사고,0,0,1,0,차대사람 - 기타,안전운전불이행,건조,맑음,단일로 - 기타,승용,남,63세,상해없음,보행자,남,44세,경상
2021020300100389,2021년 2월 3일 18시,수요일,경기도 수원시 장안구 조원동,경상사고,0,0,1,0,차대사람 - 기타,안전운전불이행,건조,맑음,교차로 - 교차로안,승용,남,51세,상해없음,보행자,남,34세,경상
2021020300100392,2021년 2월 3일 18시,수요일,경기도 수원시 권선구 곡반정동,부상신고사고,0,0,0,1,차대차 - 측면충돌,안전운전불이행,건조,맑음,단일로 - 기타,승용,여,27세,상해없음,이륜,남,28세,부상신고
2021020300100393,2021년 2월 3일 18시,수요일,경기도 수원시 영통구 영통동,경상사고,0,0,1,0,차대차 - 기타,안전운전불이행,젖음/습기,흐림,교차로 - 교차로안,승용,여,39세,상해없음,이륜,남,31세,경상
2021020300100442,2021년 2월 3일 19시,수요일,경기도 수원시 장안구 조원동,중상사고,0,1,0,0,차대사람 - 기타,안전운전불이행,건조,맑음,교차로 - 교차로안,승용,여,27세,상해없음,보행자,여,57세,중상
2021020300100443,2021년 2월 3일 19시,수요일,경기도 수원시 장안구 조원동,부상신고사고,0,0,0,1,차대차 - 기타,차로위반,건조,맑음,교차로 - 교차로부근,승용,남,38세,상해없음,승용,여,61세,상해없음
2021020300100450,2021년 2월 3일 19시,수요일,경기도 수원시 권선구 고색동,경상사고,0,0,1,0,차대차 - 추돌,신호위반,기타,맑음,단일로 - 기타,이륜,남,22세,상해없음,승용,남,29세,경상
2021020300100482,2021년 2월 3일 20시,수요일,경기도 수원시 권선구 서둔동,경상사고,0,0,1,0,차량단독 - 공작물충돌,안전운전불이행,젖음/습기,눈,단일로 - 기타,승용,남,45세,상해없음,,,,
2021020300100553,2021년 2월 3일 22시,수요일,경기도 수원시 영통구 망포동,경상사고,0,0,2,0,차대차 - 기타,안전운전불이행,젖음/습기,눈,교차로 - 교차로부근,승용,남,38세,상해없음,이륜,남,31세,경상
2021020300100568,2021년 2월 3일 23시,수요일,경기도 수원시 권선구 곡반정동,경상사고,0,0,3,0,차대차 - 측면충돌,차로위반,적설,눈,단일로 - 기타,승용,남,17세,상해없음,승용,여,29세,경상
2021020400100005,2021년 2월 4일 00시,목요일,경기도 수원시 장안구 영화동,중상사고,0,1,0,0,차대차 - 추돌,안전운전불이행,적설,눈,교차로 - 교차로안,승용,남,26세,상해없음,승용,남,55세,중상
2021020400100018,2021년 2월 4일 05시,목요일,경기도 수원시 권선구 권선동,경상사고,0,0,3,0,차대차 - 측면충돌,신호위반,적설,눈,교차로 - 교차로안,승합,남,58세,상해없음,승용,남,66세,경상
2021020400100044,2021년 2월 4일 07시,목요일,경기도 수원시 팔달구 인계동,경상사고,0,0,1,0,차대차 - 측면충돌,안전거리미확보,젖음/습기,흐림,단일로 - 기타,승용,남,65세,상해없음,승용,남,35세,경상
2021020400100081,2021년 2월 4일 08시,목요일,경기도 수원시 권선구 고색동,경상사고,0,0,1,0,차대차 - 추돌,안전거리미확보,적설,맑음,단일로 - 기타,승용,남,36세,상해없음,승용,남,29세,경상
2021020400100124,2021년 2월 4일 09시,목요일,경기도 수원시 영통구 망포동,경상사고,0,0,4,0,차대차 - 측면충돌,안전운전불이행,서리/결빙,눈,교차로 - 교차로부근,승용,여,59세,상해없음,승용,여,28세,경상
2021020400100125,2021년 2월 4일 09시,목요일,경기도 수원시 권선구 곡반정동,경상사고,0,0,1,0,차대차 - 측면충돌,안전운전불이행,서리/결빙,맑음,교차로 - 교차로부근,승용,남,36세,상해없음,승용,여,60세,경상
2021020400100128,2021년 2월 4일 09시,목요일,경기도 수원시 권선구 입북동,중상사고,0,1,0,0,차대사람 - 기타,안전운전불이행,적설,눈,교차로 - 교차로부근,승용,여,28세,상해없음,보행자,남,73세,중상
2021020400100228,2021년 2월 4일 12시,목요일,경기도 수원시 영통구 매탄동,경상사고,0,0,1,0,차량단독 - 기타,안전운전불이행,서리/결빙,맑음,단일로 - 터널,승용,여,25세,경상,,,,
2021020400100334,2021년 2월 4일 15시,목요일,경기도 수원시 장안구 정자동,경상사고,0,0,1,0,차대차 - 후진중충돌,안전운전불이행,건조,맑음,단일로 - 기타,승합,여,54세,상해없음,승용,여,42세,기타불명
2021020400100337,2021년 2월 4일 15시,목요일,경기도 수원시 권선구 고색동,중상사고,0,1,0,0,차대차 - 기타,기타,건조,맑음,단일로 - 고가도로위,승용,남,27세,상해없음,이륜,남,76세,중상
2021020400100419,2021년 2월 4일 17시,목요일,경기도 수원시 장안구 정자동,중상사고,0,2,2,0,차대차 - 측면충돌,신호위반,젖음/습기,맑음,교차로 - 교차로안,승용,남,68세,상해없음,승합,남,55세,중상
2021020400100420,2021년 2월 4일 17시,목요일,경기도 수원시 장안구 정자동,중상사고,0,2,2,0,차대차 - 측면충돌,안전운전불이행,건조,맑음,교차로 - 교차로안,이륜,남,65세,상해없음,승용,여,31세,경상
2021020400100421,2021년 2월 4일 17시,목요일,경기도 수원시 장안구 율전동,경상사고,0,0,1,0,차대사람 - 기타,안전운전불이행,젖음/습기,맑음,단일로 - 기타,화물,남,62세,상해없음,보행자,여,17세,경상
2021020400100460,2021년 2월 4일 18시,목요일,경기도 수원시 권선구 구운동,경상사고,0,0,3,0,차대차 - 추돌,안전운전불이행,건조,맑음,교차로 - 교차로부근,승용,남,45세,상해없음,화물,남,37세,경상
2021020400100494,2021년 2월 4일 19시,목요일,경기도 수원시 장안구 영화동,경상사고,0,0,1,0,차대사람 - 횡단중,보행자보호의무위반,건조,맑음,교차로 - 교차로횡단보도내,승용,남,55세,상해없음,보행자,여,39세,경상
2021020400100565,2021년 2월 4일 21시,목요일,경기도 수원시 장안구 송죽동,중상사고,0,1,0,1,차대사람 - 기타,보행자보호의무위반,건조,맑음,단일로 - 기타,원동기,남,40세,부상신고,보행자,남,44세,중상
2021020400100571,2021년 2월 4일 21시,목요일,경기도 수원시 권선구 세류동,경상사고,0,0,1,0,차대차 - 추돌,안전운전불이행,젖음/습기,맑음,교차로 - 교차로부근,승용,남,60세,상해없음,승용,남,65세,경상
2021020500100008,2021년 2월 5일 01시,금요일,경기도 수원시 팔달구 인계동,경상사고,0,0,1,0,차대차 - 측면충돌,안전운전불이행,건조,맑음,기타 - 기타,승용,남,34세,상해없음,승용,남,35세,경상
2021020500100012,2021년 2월 5일 05시,금요일,경기도 수원시 영통구 이의동,경상사고,0,0,1,0,차대차 - 정면충돌,안전운전불이행,건조,기타,교차로 - 교차로부근,승용,여,53세,상해없음,승합,남,40세,경상
2021020500100086,2021년 2월 5일 09시,금요일,경기도 수원시 팔달구 지동,경상사고,0,0,1,0,차대사람 - 기타,안전운전불이행,건조,맑음,단일로 - 기타,승용,남,55세,상해없음,보행자,남,34세,경상
2021020500100091,2021년 2월 5일 09시,금요일,경기도 수원시 권선구 탑동,경상사고,0,0,2,0,차대차 - 측면충돌,안전운전불이행,적설,흐림,단일로 - 기타,화물,남,56세,경상,화물,여,54세,경상
2021020500100108,2021년 2월 5일 10시,금요일,경기도 수원시 팔달구 우만동,경상사고,0,0,1,0,차대차 - 측면충돌,안전거리미확보,건조,맑음,단일로 - 기타,승용,여,67세,상해없음,승용,남,35세,경상
2021020500100111,2021년 2월 5일 10시,금요일,경기도 수원시 권선구 오목천동,경상사고,0,0,1,0,차대사람 - 횡단중,신호위반,건조,맑음,교차로 - 교차로안,화물,남,63세,상해없음,보행자,남,17세,경상
2021020500100171,2021년 2월 5일 12시,금요일,경기도 수원시 장안구 조원동,경상사고,0,0,1,0,차대차 - 기타,안전운전불이행,건조,맑음,단일로 - 기타,승합,남,55세,상해없음,이륜,남,25세,경상
2021020500100174,2021년 2월 5일 12시,금요일,경기도 수원시 영통구 매탄동,경상사고,0,0,1,0,차대차 - 측면충돌,안전운전불이행,기타,맑음,교차로 - 교차로안,승용,남,39세,상해없음,이륜,남,21세,경상
2021020500100208,2021년 2월 5일 13시,금요일,경기도 수원시 팔달구 신풍동,경상사고,0,0,1,0,차대차 - 정면충돌,안전운전불이행,건조,맑음,교차로 - 교차로부근,승용,남,59세,상해없음,승용,여,46세,경상
2021020500100334,2021년 2월 5일 16시,금요일,경기도 수원시 팔달구 인계동,경상사고,0,0,1,0,차대차 - 기타,안전운전불이행,건조,맑음,단일로 - 기타,승용,여,42세,상해없음,승용,남,59세,경상
2021020500100382,2021년 2월 5일 17시,금요일,경기도 수원시 권선구 권선동,경상사고,0,0,1,0,차대사람 - 기타,안전운전불이행,건조,맑음,단일로 - 기타,승용,남,46세,상해없음,보행자,여,29세,경상
2021020500100387,2021년 2월 5일 17시,금요일,경기도 수원시 팔달구 매산로1가,경상사고,0,0,2,1,차대차 - 측면충돌,신호위반,건조,맑음,교차로 - 교차로안,승용,남,55세,상해없음,승용,남,35세,부상신고
2021020500100491,2021년 2월 5일 19시,금요일,경기도 수원시 장안구 영화동,중상사고,0,1,0,0,차대사람 - 횡단중,안전운전불이행,건조,맑음,단일로 - 기타,화물,남,43세,상해없음,보행자,여,68세,중상
2021020500100543,2021년 2월 5일 20시,금요일,경기도 수원시 장안구 율전동,경상사고,0,0,1,0,차대사람 - 기타,안전운전불이행,건조,맑음,단일로 - 기타,승용,여,61세,상해없음,보행자,여,23세,경상
2021020500100601,2021년 2월 5일 21시,금요일,경기도 수원시 영통구 이의동,경상사고,0,0,1,0,차대차 - 측면충돌,안전거리미확보,건조,맑음,단일로 - 기타,승용,기타불명,미분류,기타불명,승용,남,57세,경상
2021020600100004,2021년 2월 6일 00시,토요일,경기도 수원시 권선구 세류동,중상사고,0,1,2,0,차대차 - 추돌,안전운전불이행,건조,맑음,교차로 - 교차로부근,승용,남,24세,상해없음,승용,여,36세,경상
2021020600100005,2021년 2월 6일 00시,토요일,경기도 수원시 권선구 서둔동,경상사고,0,0,2,0,차대차 - 정면충돌,중앙선침범,건조,맑음,교차로 - 교차로부근,승용,남,35세,상해없음,승용,남,43세,경상
2021020600100031,2021년 2월 6일 06시,토요일,경기도 수원시 팔달구 화서동,경상사고,0,0,1,0,차대차 - 정면충돌,신호위반,건조,맑음,교차로 - 교차로안,승용,남,60세,상해없음,화물,남,62세,경상
2021020600100043,2021년 2월 6일 07시,토요일,경기도 수원시 영통구 이의동,중상사고,0,1,2,0,차대차 - 측면충돌,교차로운행방법위반,건조,맑음,교차로 - 교차로안,승용,남,63세,상해없음,승용,남,26세,경상
2021020600100077,2021년 2월 6일 10시,토요일,경기도 수원시 장안구 연무동,중상사고,0,1,0,0,차대사람 - 기타,안전운전불이행,건조,맑음,단일로 - 기타,승용,남,27세,상해없음,보행자,여,80세,중상
2021020600100136,2021년 2월 6일 12시,토요일,경기도 수원시 장안구 영화동,경상사고,0,0,1,0,차대차 - 후진중충돌,안전운전불이행,건조,맑음,교차로 - 교차로부근,승용,남,63세,상해없음,이륜,남,39세,경상
2021020600100174,2021년 2월 6일 13시,토요일,경기도 수원시 팔달구 화서동,부상신고사고,0,0,0,1,차대차 - 기타,교차로운행방법위반,건조,맑음,교차로 - 교차로안,이륜,남,37세,부상신고,승용,남,59세,상해없음
2021020600100180,2021년 2월 6일 13시,토요일,경기도 수원시 영통구 영통동,경상사고,0,0,1,1,차대사람 - 횡단중,중앙선침범,건조,맑음,단일로 - 기타,이륜,남,25세,부상신고,보행자,남,19세,경상
2021020600100182,2021년 2월 6일 13시,토요일,경기도 수원시 권선구 구운동,부상신고사고,0,0,0,1,차대차 - 추돌,불법유턴,건조,맑음,단일로 - 기타,원동기,남,38세,상해없음,승용,남,50세,상해없음
2021020600100243,2021년 2월 6일 15시,토요일,경기도 수원시 장안구 정자동,경상사고,0,0,1,0,차대차 - 추돌,안전운전불이행,건조,맑음,교차로 - 교차로안,승용,남,48세,기타불명,승용,여,22세,경상
2021020600100308,2021년 2월 6일 17시,토요일,경기도 수원시 장안구 율전동,경상사고,0,0,1,0,차대차 - 기타,신호위반,젖음/습기,맑음,교차로 - 교차로안,승합,남,48세,상해없음,이륜,남,16세,경상
2021020600100312,2021년 2월 6일 17시,토요일,경기도 수원시 권선구 세류동,중상사고,0,1,0,0,차대차 - 측면충돌,직진우회전진행방해,건조,맑음,교차로 - 교차로안,승용,남,21세,상해없음,승용,남,31세,중상
2021020600100415,2021년 2월 6일 20시,토요일,경기도 수원시 장안구 조원동,경상사고,0,0,1,0,차대차 - 기타,안전거리미확보,건조,맑음,단일로 - 기타,승용,남,38세,상해없음,이륜,남,53세,경상
2021020700100018,2021년 2월 7일 01시,일요일,경기도 수원시 영통구 이의동,경상사고,0,0,1,0,차대차 - 측면충돌,안전운전불이행,건조,맑음,교차로 - 교차로횡단보도내,개인형이동수단(PM),남,19세,상해없음,승용,남,52세,경상
2021020700100052,2021년 2월 7일 08시,일요일,경기도 수원시 권선구 호매실동,경상사고,0,0,2,0,차대차 - 측면충돌,신호위반,건조,맑음,교차로 - 교차로안,승용,남,39세,상해없음,승용,남,68세,경상
2021020700100151,2021년 2월 7일 14시,일요일,경기도 수원시 팔달구 우만동,경상사고,0,0,2,0,차대차 - 측면충돌,안전운전불이행,건조,맑음,교차로 - 교차로안,승용,남,69세,기타불명,승용,남,27세,경상
2021020700100152,2021년 2월 7일 14시,일요일,경기도 수원시 장안구 천천동,경상사고,0,0,2,1,차대차 - 기타,안전거리미확보,건조,맑음,단일로 - 기타,화물,남,35세,부상신고,승합,남,56세,경상
2021020700100217,2021년 2월 7일 16시,일요일,경기도 수원시 팔달구 화서동,경상사고,0,0,1,0,차대차 - 기타,차로위반,건조,맑음,교차로 - 교차로부근,승용,남,51세,상해없음,화물,남,47세,경상
2021020700100250,2021년 2월 7일 17시,일요일,경기도 수원시 장안구 천천동,경상사고,0,0,1,0,차대사람 - 기타,기타,건조,맑음,교차로 - 교차로안,승용,남,47세,기타불명,보행자,여,38세,경상
2021020700100270,2021년 2월 7일 18시,일요일,경기도 수원시 장안구 영화동,경상사고,0,0,1,0,차대차 - 추돌,신호위반,건조,맑음,교차로 - 교차로안,승용,여,40세,상해없음,이륜,남,26세,경상
2021020700100274,2021년 2월 7일 18시,일요일,경기도 수원시 팔달구 인계동,경상사고,0,0,1,0,차대사람 - 기타,안전운전불이행,건조,맑음,단일로 - 기타,승용,여,19세,상해없음,보행자,남,20세,경상
2021020700100305,2021년 2월 7일 19시,일요일,경기도 수원시 팔달구 화서동,중상사고,0,1,0,0,차대차 - 기타,안전거리미확보,건조,맑음,단일로 - 기타,이륜,남,49세,중상,이륜,남,27세,상해없음
2021020700100311,2021년 2월 7일 19시,일요일,경기도 수원시 영통구 원천동,경상사고,0,0,1,0,차대차 - 측면충돌,안전거리미확보,건조,맑음,기타 - 기타,승용,남,61세,상해없음,승용,남,46세,경상
2021020700100344,2021년 2월 7일 20시,일요일,경기도 수원시 영통구 매탄동,중상사고,0,2,6,0,차대차 - 측면충돌,신호위반,건조,맑음,교차로 - 교차로안,이륜,남,25세,경상,승용,남,35세,경상
2021020700100345,2021년 2월 7일 20시,일요일,경기도 수원시 영통구 하동,중상사고,0,1,0,0,차대차 - 추돌,안전운전불이행,건조,맑음,교차로 - 교차로안,승용,남,58세,상해없음,승용,남,41세,중상
2021020700100346,2021년 2월 7일 20시,일요일,경기도 수원시 권선구 세류동,경상사고,0,0,2,0,차대차 - 기타,안전거리미확보,건조,맑음,단일로 - 기타,승용,남,60세,상해없음,이륜,남,60세,경상
2021020700100386,2021년 2월 7일 22시,일요일,경기도 수원시 장안구 연무동,경상사고,0,0,1,0,차량단독 - 기타,기타,건조,맑음,교차로 - 교차로부근,승합,남,51세,상해없음,,,,
2021020800100013,2021년 2월 8일 05시,월요일,경기도 수원시 권선구 세류동,경상사고,0,0,5,0,차대차 - 추돌,안전거리미확보,건조,맑음,단일로 - 기타,승합,남,55세,상해없음,승용,남,44세,경상
2021020800100026,2021년 2월 8일 06시,월요일,경기도 수원시 팔달구 남수동,경상사고,0,0,1,0,차대사람 - 횡단중,보행자보호의무위반,건조,맑음,단일로 - 기타,승용,남,44세,상해없음,보행자,여,25세,경상
2021020800100027,2021년 2월 8일 06시,월요일,경기도 수원시 권선구 세류동,중상사고,0,1,0,0,차대차 - 측면충돌,안전운전불이행,건조,맑음,교차로 - 교차로안,자전거,남,71세,중상,승용,남,48세,상해없음
2021020800100028,2021년 2월 8일 06시,월요일,경기도 수원시 팔달구 매산로1가,중상사고,0,1,0,0,차대사람 - 보도통행중,보행자보호의무위반,건조,맑음,교차로 - 교차로부근,승용,남,43세,상해없음,보행자,남,50세,중상
2021020800100046,2021년 2월 8일 07시,월요일,경기도 수원시 권선구 권선동,중상사고,0,1,0,0,차대차 - 측면충돌,안전운전불이행,건조,맑음,교차로 - 교차로부근,승용,남,39세,상해없음,이륜,남,56세,중상
2021020800100118,2021년 2월 8일 09시,월요일,경기도 수원시 팔달구 인계동,경상사고,0,0,1,0,차대사람 - 기타,보행자보호의무위반,건조,맑음,교차로 - 교차로횡단보도내,승용,남,56세,상해없음,보행자,남,80세,경상
2021020800100119,2021년 2월 8일 09시,월요일,경기도 수원시 영통구 매탄동,경상사고,0,0,1,0,차대차 - 추돌,안전운전불이행,건조,맑음,교차로 - 교차로부근,승용,남,40세,상해없음,승용,여,50세,경상
2021020800100177,2021년 2월 8일 11시,월요일,경기도 수원시 팔달구 인계동,경상사고,0,0,1,0,차대차 - 측면충돌,안전운전불이행,건조,맑음,기타 - 기타,승용,여,47세,상해없음,화물,남,44세,경상
2021020800100264,2021년 2월 8일 13시,월요일,경기도 수원시 팔달구 화서동,중상사고,0,1,0,0,차대사람 - 길가장자리구역통행중,안전운전불이행,건조,맑음,단일로 - 기타,승용,여,24세,상해없음,보행자,남,56세,중상
2021020800100309,2021년 2월 8일 14시,월요일,경기도 수원시 장안구 조원동,부상신고사고,0,0,0,1,차대차 - 정면충돌,안전운전불이행,건조,맑음,단일로 - 기타,승용,여,48세,상해없음,이륜,남,19세,부상신고
2021020800100515,2021년 2월 8일 19시,월요일,경기도 수원시 영통구 영통동,중상사고,0,1,0,0,차대차 - 측면충돌,중앙선침범,건조,맑음,단일로 - 기타,승용,여,40세,상해없음,이륜,남,25세,중상
2021020800100561,2021년 2월 8일 20시,월요일,경기도 수원시 영통구 이의동,경상사고,0,0,1,0,차대차 - 측면충돌,안전운전불이행,건조,맑음,교차로 - 교차로부근,기타불명,기타불명,미분류,기타불명,승용,여,46세,경상
2021020900100070,2021년 2월 9일 08시,화요일,경기도 수원시 장안구 율전동,경상사고,0,0,1,0,차대차 - 기타,신호위반,건조,맑음,교차로 - 교차로안,승용,여,30세,상해없음,승용,여,54세,경상
2021020900100147,2021년 2월 9일 10시,화요일,경기도 수원시 팔달구 인계동,중상사고,0,1,0,0,차대차 - 측면충돌,안전운전불이행,건조,맑음,교차로 - 교차로부근,승용,남,56세,상해없음,이륜,남,38세,중상
2021020900100148,2021년 2월 9일 10시,화요일,경기도 수원시 영통구 이의동,경상사고,0,0,2,0,차대차 - 측면충돌,안전운전불이행,건조,맑음,교차로 - 교차로부근,화물,남,29세,상해없음,승용,남,23세,경상
2021020900100184,2021년 2월 9일 11시,화요일,경기도 수원시 장안구 정자동,중상사고,0,2,1,0,차대차 - 기타,교차로운행방법위반,건조,맑음,교차로 - 교차로안,승용,여,43세,상해없음,승합,남,33세,중상
2021020900100219,2021년 2월 9일 12시,화요일,경기도 수원시 장안구 연무동,중상사고,0,1,0,0,차대사람 - 횡단중,보행자보호의무위반,건조,맑음,교차로 - 교차로횡단보도내,건설기계,남,51세,상해없음,보행자,여,37세,중상
2021020900100299,2021년 2월 9일 14시,화요일,경기도 수원시 팔달구 화서동,경상사고,0,0,1,0,차대차 - 후진중충돌,안전운전불이행,건조,맑음,단일로 - 기타,화물,남,42세,상해없음,이륜,남,47세,경상
2021020900100309,2021년 2월 9일 14시,화요일,경기도 수원시 권선구 세류동,중상사고,0,1,0,0,차대사람 - 기타,안전운전불이행,건조,맑음,교차로 - 교차로횡단보도내,건설기계,남,40세,상해없음,보행자,여,89세,중상
2021020900100358,2021년 2월 9일 15시,화요일,경기도 수원시 권선구 권선동,경상사고,0,0,3,0,차대차 - 측면충돌,안전거리미확보,건조,맑음,교차로 - 교차로부근,승용,여,61세,상해없음,승용,여,39세,경상
2021020900100397,2021년 2월 9일 16시,화요일,경기도 수원시 장안구 영화동,경상사고,0,0,1,0,차대차 - 기타,신호위반,건조,맑음,교차로 - 교차로안,이륜,남,40세,경상,승용,여,55세,상해없음
2021020900100398,2021년 2월 9일 16시,화요일,경기도 수원시 팔달구 구천동,중상사고,0,1,0,0,차량단독 - 기타,안전운전불이행,건조,맑음,단일로 - 기타,승합,여,56세,상해없음,,,,
2021020900100399,2021년 2월 9일 16시,화요일,경기도 수원시 장안구 영화동,경상사고,0,0,1,0,차대차 - 기타,교차로운행방법위반,건조,맑음,교차로 - 교차로안,승용,남,59세,상해없음,자전거,남,62세,경상
2021020900100404,2021년 2월 9일 16시,화요일,경기도 수원시 영통구 망포동,중상사고,0,1,0,0,차대사람 - 기타,안전운전불이행,건조,맑음,단일로 - 기타,승용,여,45세,상해없음,보행자,남,56세,중상
2021020900100447,2021년 2월 9일 17시,화요일,경기도 수원시 팔달구 화서동,경상사고,0,0,1,0,차대차 - 추돌,안전운전불이행,건조,맑음,교차로 - 교차로안,이륜,남,34세,기타불명,승합,남,68세,상해없음
2021020900100559,2021년 2월 9일 19시,화요일,경기도 수원시 장안구 율전동,경상사고,0,0,1,0,차대차 - 측면충돌,신호위반,젖음/습기,비,교차로 - 교차로안,승용,남,24세,기타불명,승용,여,47세,경상
2021020900100566,2021년 2월 9일 19시,화요일,경기도 수원시 권선구 세류동,중상사고,0,1,0,0,차대사람 - 횡단중,안전운전불이행,건조,맑음,교차로 - 교차로횡단보도내,승합,남,66세,상해없음,보행자,남,59세,중상
2021020900100567,2021년 2월 9일 19시,화요일,경기도 수원시 영통구 영통동,중상사고,0,1,0,0,차대차 - 기타,안전거리미확보,건조,맑음,단일로 - 기타,승용,남,45세,상해없음,이륜,남,37세,중상
2021020900100601,2021년 2월 9일 20시,화요일,경기도 수원시 장안구 정자동,중상사고,0,1,0,0,차대사람 - 횡단중,신호위반,건조,맑음,교차로 - 교차로횡단보도내,이륜,남,22세,상해없음,보행자,남,38세,중상
2021020900100607,2021년 2월 9일 20시,화요일,경기도 수원시 영통구 이의동,경상사고,0,0,1,1,차대차 - 측면충돌,안전운전불이행,젖음/습기,흐림,교차로 - 교차로안,이륜,남,17세,부상신고,승용,남,37세,경상
2021020900100660,2021년 2월 9일 21시,화요일,경기도 수원시 장안구 정자동,중상사고,0,1,0,0,차대사람 - 횡단중,안전운전불이행,건조,맑음,교차로 - 교차로안,승용,여,41세,상해없음,보행자,남,73세,중상
2021020900100663,2021년 2월 9일 21시,화요일,경기도 수원시 팔달구 인계동,경상사고,0,0,2,0,차대차 - 기타,안전운전불이행,건조,맑음,기타 - 기타,이륜,남,30세,상해없음,이륜,남,22세,경상
2021020900100713,2021년 2월 9일 22시,화요일,경기도 수원시 권선구 평동,경상사고,0,0,2,0,차대차 - 추돌,안전운전불이행,건조,맑음,교차로 - 교차로안,승용,남,43세,상해없음,승용,남,26세,경상
2021021000100066,2021년 2월 10일 07시,수요일,경기도 수원시 권선구 당수동,경상사고,0,0,1,0,차대차 - 추돌,안전거리미확보,건조,맑음,단일로 - 기타,승용,남,54세,상해없음,승용,남,25세,경상
2021021000100113,2021년 2월 10일 09시,수요일,경기도 수원시 장안구 송죽동,경상사고,0,0,1,0,차대차 - 기타,교차로운행방법위반,건조,맑음,교차로 - 교차로부근,승용,남,53세,상해없음,승용,남,81세,경상
2021021000100119,2021년 2월 10일 09시,수요일,경기도 수원시 권선구 서둔동,부상신고사고,0,0,0,1,차대차 - 추돌,안전거리미확보,건조,맑음,교차로 - 교차로부근,화물,남,51세,상해없음,승용,남,40세,부상신고