사고번호,사고일시,요일,시군구,사고내용,사망자수,중상자수,경상자수,부상신고자수,사고유형,법규위반,노면상태,기상상태,도로형태,가해운전자 차종,가해운전자 성별,가해운전자 연령,가해운전자 상해정도,피해운전자 차종,피해운전자 성별,피해운전자 연령,피해운전자 상해정도
2021022100100088,2021년 2월 21일 11시,일요일,경기도 수원시 장안구 율전동,경상사고,0,0,1,0,차대차 - 측면충돌,안전운전불이행,건조,맑음,단일로 - 기타,자전거,남,14세,경상,승용,여,41세,상해없음
2021022100100199,2021년 2월 21일 15시,일요일,경기도 수원시 영통구 이의동,중상사고,0,2,0,4,차대차 - 측면충돌,신호위반,건조,맑음,교차로 - 교차로안,승합,남,28세,부상신고,승용,여,62세,중상
2021022100100229,2021년 2월 21일 16시,일요일,경기도 수원시 장안구 정자동,경상사고,0,0,1,0,차대차 - 측면충돌,불법유턴,건조,맑음,교차로 - 교차로횡단보도내,자전거,남,52세,경상,승용,남,29세,상해없음
2021022100100230,2021년 2월 21일 16시,일요일,경기도 수원시 장안구 영화동,경상사고,0,0,1,1,차대차 - 기타,신호위반,건조,맑음,교차로 - 교차로안,이륜,남,35세,상해없음,승용,남,60세,경상
2021022100100274,2021년 2월 21일 17시,일요일,경기도 수원시 영통구 영통동,중상사고,0,1,0,0,차대차 - 측면충돌,안전운전불이행,건조,맑음,교차로 - 교차로안,승합,남,63세,상해없음,승용,남,27세,중상
2021022100100330,2021년 2월 21일 19시,일요일,경기도 수원시 영통구 하동,경상사고,0,0,1,0,차대차 - 추돌,안전운전불이행,건조,맑음,교차로 - 교차로부근,승용,여,23세,상해없음,이륜,남,40세,경상
2021022100100331,2021년 2월 21일 19시,일요일,경기도 수원시 권선구 곡반정동,경상사고,0,0,4,0,차대차 - 측면충돌,교차로운행방법위반,건조,맑음,교차로 - 교차로안,승용,여,25세,상해없음,승용,남,42세,경상
2021022200100005,2021년 2월 22일 00시,월요일,경기도 수원시 팔달구 인계동,경상사고,0,0,1,0,차대차 - 측면충돌,안전운전불이행,건조,맑음,기타 - 기타,승용,남,33세,상해없음,승용,남,22세,경상
2021022200100020,2021년 2월 22일 05시,월요일,경기도 수원시 팔달구 우만동,경상사고,0,0,2,0,차대차 - 추돌,안전거리미확보,건조,맑음,기타 - 기타,승용,남,70세,상해없음,승용,남,62세,경상
2021022200100041,2021년 2월 22일 07시,월요일,경기도 수원시 영통구 원천동,경상사고,0,0,1,0,차대차 - 기타,중앙선침범,건조,맑음,교차로 - 교차로부근,자전거,남,26세,경상,승용,남,39세,상해없음
2021022200100075,2021년 2월 22일 08시,월요일,경기도 수원시 영통구 망포동,중상사고,0,1,0,0,차대사람 - 기타,기타,기타,맑음,단일로 - 기타,승용,남,43세,상해없음,보행자,여,20세,중상
2021022200100120,2021년 2월 22일 09시,월요일,경기도 수원시 장안구 영화동,경상사고,0,0,1,0,차대사람 - 기타,안전운전불이행,건조,맑음,교차로 - 교차로안,승용,여,35세,상해없음,보행자,남,67세,경상
2021022200100123,2021년 2월 22일 09시,월요일,경기도 수원시 영통구 영통동,경상사고,0,0,1,0,차대사람 - 보도통행중,기타,건조,맑음,교차로 - 교차로부근,승합,남,63세,상해없음,보행자,여,38세,경상
2021022200100124,2021년 2월 22일 09시,월요일,경기도 수원시 팔달구 인계동,경상사고,0,0,1,0,차대차 - 기타,안전운전불이행,건조,맑음,교차로 - 교차로부근,화물,남,46세,상해없음,이륜,남,45세,경상
2021022200100154,2021년 2월 22일 10시,월요일,경기도 수원시 권선구 세류동,중상사고,0,1,0,0,차대차 - 측면충돌,안전운전불이행,건조,맑음,기타 - 기타,자전거,남,55세,중상,승용,여,51세,상해없음
2021022200100213,2021년 2월 22일 12시,월요일,경기도 수원시 장안구 송죽동,중상사고,0,1,0,0,차량단독 - 기타,안전운전불이행,건조,맑음,단일로 - 기타,승합,남,58세,상해없음,,,,
2021022200100321,2021년 2월 22일 15시,월요일,경기도 수원시 영통구 망포동,경상사고,0,0,3,0,차대차 - 측면충돌,신호위반,건조,맑음,교차로 - 교차로안,이륜,남,51세,상해없음,승용,여,35세,경상
2021022200100365,2021년 2월 22일 16시,월요일,경기도 수원시 팔달구 인계동,경상사고,0,0,1,0,차대차 - 측면충돌,안전운전불이행,건조,맑음,기타 - 기타,승용,여,65세,상해없음,원동기,남,23세,경상
2021022200100367,2021년 2월 22일 16시,월요일,경기도 수원시 권선구 금곡동,경상사고,0,0,2,0,차대사람 - 횡단중,안전운전불이행,건조,맑음,기타 - 기타,승용,남,42세,상해없음,보행자,여,52세,경상
2021022200100400,2021년 2월 22일 17시,월요일,경기도 수원시 팔달구 화서동,경상사고,0,0,1,0,차대사람 - 기타,보행자보호의무위반,건조,맑음,교차로 - 교차로안,화물,남,60세,상해없음,보행자,여,62세,경상
2021022200100430,2021년 2월 22일 18시,월요일,경기도 수원시 장안구 조원동,경상사고,0,0,1,0,차대차 - 측면충돌,신호위반,건조,맑음,교차로 - 교차로안,승용,남,55세,상해없음,승용,여,55세,경상
2021022200100431,2021년 2월 22일 18시,월요일,경기도 수원시 팔달구 우만동,중상사고,0,1,0,0,차대차 - 기타,직진우회전진행방해,건조,맑음,교차로 - 교차로안,화물,남,45세,상해없음,이륜,남,30세,중상
2021022200100432,2021년 2월 22일 18시,월요일,경기도 수원시 팔달구 북수동,경상사고,0,0,1,0,차대차 - 추돌,안전운전불이행,건조,맑음,교차로 - 교차로부근,승용,남,46세,상해없음,승용,여,29세,경상
2021022200100474,2021년 2월 22일 19시,월요일,경기도 수원시 권선구 권선동,경상사고,0,0,6,0,차대차 - 측면충돌,신호위반,건조,맑음,교차로 - 교차로안,승합,남,51세,상해없음,승용,남,62세,경상
2021022200100571,2021년 2월 22일 23시,월요일,경기도 수원시 영통구 이의동,경상사고,0,0,1,0,차대차 - 측면충돌,안전운전불이행,건조,맑음,교차로 - 교차로안,승용,남,18세,상해없음,승용,여,37세,경상
2021022300100020,2021년 2월 23일 03시,화요일,경기도 수원시 영통구 이의동,경상사고,0,0,1,0,차대차 - 추돌,안전거리미확보,건조,맑음,교차로 - 교차로부근,특수,남,43세,상해없음,승용,남,40세,경상
2021022300100107,2021년 2월 23일 09시,화요일,경기도 수원시 팔달구 매산로1가,경상사고,0,0,1,0,차대사람 - 기타,안전운전불이행,건조,맑음,단일로 - 기타,승용,남,20세,상해없음,보행자,여,31세,경상
2021022300100126,2021년 2월 23일 10시,화요일,경기도 수원시 장안구 송죽동,부상신고사고,0,0,0,1,차대차 - 기타,안전운전불이행,건조,맑음,단일로 - 기타,자전거,남,87세,부상신고,화물,남,73세,상해없음
2021022300100381,2021년 2월 23일 17시,화요일,경기도 수원시 팔달구 인계동,경상사고,0,0,1,0,차대차 - 측면충돌,교차로운행방법위반,건조,맑음,교차로 - 교차로안,승용,여,52세,상해없음,승용,남,37세,경상
2021022300100384,2021년 2월 23일 17시,화요일,경기도 수원시 권선구 구운동,중상사고,0,1,0,0,차대사람 - 기타,기타,건조,맑음,단일로 - 기타,승합,남,65세,상해없음,보행자,여,54세,중상
2021022300100415,2021년 2월 23일 18시,화요일,경기도 수원시 권선구 권선동,경상사고,0,0,1,0,차대사람 - 기타,안전운전불이행,건조,맑음,단일로 - 기타,승용,남,30세,상해없음,보행자,남,32세,경상
2021022300100458,2021년 2월 23일 19시,화요일,경기도 수원시 권선구 구운동,경상사고,0,0,1,0,차대차 - 측면충돌,안전운전불이행,건조,맑음,교차로 - 교차로안,이륜,남,18세,경상,승용,남,50세,상해없음
2021022300100493,2021년 2월 23일 20시,화요일,경기도 수원시 팔달구 인계동,경상사고,0,0,2,0,차대차 - 측면충돌,차로위반,건조,맑음,교차로 - 교차로안,승용,여,36세,상해없음,승용,남,24세,경상
2021022300100515,2021년 2월 23일 21시,화요일,경기도 수원시 팔달구 인계동,경상사고,0,0,1,0,차대사람 - 보도통행중,기타,건조,맑음,단일로 - 기타,자전거,여,18세,상해없음,보행자,여,33세,경상
2021022300100516,2021년 2월 23일 21시,화요일,경기도 수원시 권선구 입북동,사망사고,1,0,0,0,차대사람 - 기타,기타,건조,맑음,단일로 - 기타,승용,남,63세,상해없음,보행자,남,61세,사망
2021022400100031,2021년 2월 24일 06시,수요일,경기도 수원시 팔달구 인계동,경상사고,0,0,3,0,차대차 - 측면충돌,안전운전불이행,건조,맑음,교차로 - 교차로부근,승용,남,38세,상해없음,승합,남,67세,경상
2021022400100032,2021년 2월 24일 06시,수요일,경기도 수원시 권선구 호매실동,경상사고,0,0,1,0,차대차 - 추돌,안전운전불이행,건조,맑음,단일로 - 기타,건설기계,남,45세,상해없음,승용,남,29세,경상
2021022400100065,2021년 2월 24일 08시,수요일,경기도 수원시 권선구 평동,경상사고,0,0,1,1,차대차 - 측면충돌,안전운전불이행,건조,맑음,단일로 - 기타,승용,여,64세,상해없음,승용,남,57세,경상
2021022400100084,2021년 2월 24일 09시,수요일,경기도 수원시 팔달구 인계동,중상사고,0,1,0,0,차대차 - 측면충돌,신호위반,건조,맑음,단일로 - 기타,승용,남,61세,상해없음,승용,남,65세,중상
2021022400100117,2021년 2월 24일 10시,수요일,경기도 수원시 팔달구 고등동,경상사고,0,0,1,0,차대사람 - 기타,안전운전불이행,건조,맑음,단일로 - 기타,자전거,여,47세,상해없음,보행자,여,35세,경상
2021022400100227,2021년 2월 24일 14시,수요일,경기도 수원시 영통구 영통동,경상사고,0,0,2,0,차대차 - 추돌,안전거리미확보,건조,맑음,교차로 - 교차로안,승용,남,68세,경상,승용,남,19세,상해없음
2021022400100228,2021년 2월 24일 14시,수요일,경기도 수원시 영통구 매탄동,경상사고,0,0,1,0,차대차 - 기타,신호위반,건조,맑음,교차로 - 교차로안,이륜,남,36세,상해없음,승용,남,58세,경상
2021022400100263,2021년 2월 24일 15시,수요일,경기도 수원시 권선구 고색동,경상사고,0,0,2,0,차대차 - 측면충돌,불법유턴,건조,맑음,교차로 - 교차로안,승용,남,65세,상해없음,승용,여,26세,경상
2021022400100401,2021년 2월 24일 19시,수요일,경기도 수원시 장안구 천천동,경상사고,0,0,1,0,차대차 - 기타,안전운전불이행,건조,맑음,단일로 - 기타,승용,남,60세,상해없음,이륜,남,20세,경상
2021022400100437,2021년 2월 24일 20시,수요일,경기도 수원시 영통구 원천동,중상사고,0,1,0,0,차대사람 - 보도통행중,신호위반,건조,맑음,단일로 - 기타,이륜,남,43세,상해없음,보행자,여,40세,중상
2021022400100465,2021년 2월 24일 21시,수요일,경기도 수원시 권선구 고색동,경상사고,0,0,1,0,차대차 - 기타,안전운전불이행,건조,맑음,교차로 - 교차로부근,이륜,남,26세,경상,승용,여,43세,상해없음
2021022400100488,2021년 2월 24일 22시,수요일,경기도 수원시 팔달구 우만동,부상신고사고,0,0,0,1,차대차 - 기타,안전운전불이행,건조,맑음,단일로 - 기타,이륜,남,40세,부상신고,승용,남,25세,상해없음
2021022400100489,2021년 2월 24일 22시,수요일,경기도 수원시 권선구 곡반정동,경상사고,0,0,1,0,차대차 - 추돌,직진우회전진행방해,건조,맑음,교차로 - 교차로안,승용,남,38세,상해없음,자전거,남,43세,경상
2021022400100494,2021년 2월 24일 22시,수요일,경기도 수원시 권선구 서둔동,경상사고,0,0,2,0,차대차 - 추돌,안전운전불이행,건조,맑음,교차로 - 교차로부근,승용,남,48세,상해없음,승용,남,66세,경상
2021022400100495,2021년 2월 24일 22시,수요일,경기도 수원시 권선구 서둔동,경상사고,0,0,2,0,차대차 - 측면충돌,안전운전불이행,건조,맑음,단일로 - 기타,승용,남,60세,상해없음,승용,남,28세,경상
2021022500100048,2021년 2월 25일 06시,목요일,경기도 수원시 권선구 세류동,경상사고,0,0,3,0,차대차 - 측면충돌,차로위반,건조,맑음,단일로 - 기타,승합,남,28세,상해없음,승합,남,62세,경상
2021022500100062,2021년 2월 25일 07시,목요일,경기도 수원시 영통구 매탄동,경상사고,0,0,1,0,차대차 - 측면충돌,신호위반,건조,맑음,교차로 - 교차로안,승용,여,28세,상해없음,승용,여,64세,경상
2021022500100086,2021년 2월 25일 08시,목요일,경기도 수원시 장안구 연무동,경상사고,0,0,1,0,차대차 - 정면충돌,교차로운행방법위반,건조,맑음,교차로 - 교차로안,이륜,남,63세,상해없음,자전거,남,16세,경상
2021022500100105,2021년 2월 25일 09시,목요일,경기도 수원시 영통구 매탄동,경상사고,0,0,1,0,차량단독 - 전도전복 - 전도,신호위반,건조,맑음,교차로 - 교차로안,이륜,여,55세,경상,,,,
2021022500100217,2021년 2월 25일 14시,목요일,경기도 수원시 권선구 당수동,부상신고사고,0,0,0,1,차대차 - 기타,안전운전불이행,건조,맑음,단일로 - 기타,화물,남,78세,상해없음,화물,남,56세,부상신고
2021022500100306,2021년 2월 25일 17시,목요일,경기도 수원시 장안구 율전동,경상사고,0,0,1,0,차대차 - 기타,교차로운행방법위반,건조,맑음,교차로 - 교차로안,승용,남,50세,상해없음,이륜,남,19세,경상
2021022500100307,2021년 2월 25일 17시,목요일,경기도 수원시 장안구 영화동,경상사고,0,0,1,0,차대차 - 추돌,안전운전불이행,건조,맑음,단일로 - 기타,승용,남,51세,상해없음,자전거,남,67세,경상
2021022500100309,2021년 2월 25일 17시,목요일,경기도 수원시 권선구 곡반정동,중상사고,0,1,0,0,차량단독 - 기타,안전운전불이행,건조,맑음,단일로 - 기타,자전거,남,59세,중상,,,,
2021022500100353,2021년 2월 25일 18시,목요일,경기도 수원시 권선구 호매실동,경상사고,0,0,1,0,차대차 - 측면충돌,교차로운행방법위반,건조,맑음,교차로 - 교차로안,승용,남,35세,상해없음,승합,여,42세,경상
2021022500100440,2021년 2월 25일 20시,목요일,경기도 수원시 영통구 망포동,부상신고사고,0,0,0,1,차대차 - 기타,안전운전불이행,건조,맑음,기타 - 기타,승용,남,33세,상해없음,이륜,남,32세,부상신고
2021022500100465,2021년 2월 25일 21시,목요일,경기도 수원시 장안구 영화동,경상사고,0,0,3,0,차대차 - 기타,안전운전불이행,건조,흐림,기타 - 기타,승용,남,68세,경상,승용,여,54세,경상
2021022500100518,2021년 2월 25일 23시,목요일,경기도 수원시 영통구 매탄동,경상사고,0,0,1,0,차대차 - 기타,안전거리미확보,건조,맑음,기타 - 기타,이륜,남,38세,상해없음,승용,남,62세,상해없음
2021022500100522,2021년 2월 25일 23시,목요일,경기도 수원시 권선구 탑동,경상사고,0,0,1,0,차대차 - 기타,신호위반,건조,맑음,교차로 - 교차로안,승용,남,57세,상해없음,승용,남,66세,경상
2021022600100025,2021년 2월 26일 03시,금요일,경기도 수원시 권선구 고색동,경상사고,0,0,1,0,차대차 - 기타,신호위반,건조,맑음,교차로 - 교차로안,승용,남,61세,상해없음,승용,남,26세,경상
2021022600100032,2021년 2월 26일 05시,금요일,경기도 수원시 장안구 송죽동,경상사고,0,0,1,0,차대사람 - 횡단중,안전운전불이행,건조,맑음,교차로 - 교차로횡단보도내,승용,남,46세,상해없음,보행자,여,67세,경상
2021022600100043,2021년 2월 26일 06시,금요일,경기도 수원시 권선구 고색동,중상사고,0,1,0,0,차대사람 - 횡단중,보행자보호의무위반,건조,맑음,교차로 - 교차로안,승합,남,68세,상해없음,보행자,여,60세,중상
2021022600100061,2021년 2월 26일 07시,금요일,경기도 수원시 권선구 권선동,경상사고,0,0,1,0,차대차 - 측면충돌,교차로운행방법위반,건조,맑음,교차로 - 교차로안,승용,남,28세,상해없음,승용,여,33세,경상
2021022600100134,2021년 2월 26일 10시,금요일,경기도 수원시 장안구 송죽동,중상사고,0,1,0,0,차대차 - 추돌,안전운전불이행,건조,맑음,교차로 - 교차로부근,승용,남,27세,상해없음,이륜,남,50세,중상
2021022600100136,2021년 2월 26일 10시,금요일,경기도 수원시 영통구 매탄동,중상사고,0,1,0,0,차대차 - 측면충돌,안전거리미확보,기타,맑음,단일로 - 기타,자전거,남,75세,중상,승합,남,60세,상해없음
2021022600100137,2021년 2월 26일 10시,금요일,경기도 수원시 영통구 망포동,경상사고,0,0,2,0,차대차 - 측면충돌,안전거리미확보,건조,맑음,교차로 - 교차로안,승용,남,40세,상해없음,승용,남,34세,경상
2021022600100164,2021년 2월 26일 11시,금요일,경기도 수원시 권선구 세류동,경상사고,0,0,1,0,차대차 - 기타,안전운전불이행,건조,맑음,교차로 - 교차로부근,승용,남,76세,상해없음,화물,남,40세,경상
2021022600100197,2021년 2월 26일 12시,금요일,경기도 수원시 장안구 조원동,중상사고,0,1,0,0,차대차 - 기타,기타,건조,맑음,기타 - 기타,승용,여,48세,상해없음,이륜,남,47세,중상
2021022600100229,2021년 2월 26일 13시,금요일,경기도 수원시 팔달구 구천동,경상사고,0,0,1,0,차대차 - 기타,안전거리미확보,건조,맑음,단일로 - 기타,이륜,남,34세,경상,승용,남,61세,상해없음
2021022600100230,2021년 2월 26일 13시,금요일,경기도 수원시 장안구 송죽동,경상사고,0,0,1,0,차대차 - 기타,기타,건조,맑음,단일로 - 기타,승용,남,55세,상해없음,승용,남,62세,경상
2021022600100264,2021년 2월 26일 14시,금요일,경기도 수원시 팔달구 남수동,경상사고,0,0,1,0,차대사람 - 기타,안전운전불이행,건조,맑음,단일로 - 기타,승용,남,55세,상해없음,보행자,여,60세,경상
2021022600100309,2021년 2월 26일 15시,금요일,경기도 수원시 영통구 영통동,경상사고,0,0,1,0,차대차 - 기타,신호위반,건조,맑음,교차로 - 교차로안,승용,여,46세,상해없음,이륜,남,26세,경상
2021022600100310,2021년 2월 26일 15시,금요일,경기도 수원시 영통구 이의동,중상사고,0,1,0,0,차대차 - 측면충돌,안전운전불이행,건조,맑음,단일로 - 기타,승용,남,62세,상해없음,이륜,남,41세,중상
2021022600100385,2021년 2월 26일 17시,금요일,경기도 수원시 영통구 원천동,경상사고,0,0,1,0,차대차 - 추돌,안전운전불이행,건조,맑음,단일로 - 기타,승용,남,64세,상해없음,이륜,남,49세,경상
2021022600100479,2021년 2월 26일 19시,금요일,경기도 수원시 팔달구 인계동,경상사고,0,0,3,0,차대차 - 기타,안전운전불이행,건조,맑음,단일로 - 기타,개인형이동수단(PM),남,17세,경상,자전거,여,57세,경상
2021022600100529,2021년 2월 26일 20시,금요일,경기도 수원시 권선구 대황교동,중상사고,0,1,0,0,차대차 - 추돌,안전거리미확보,건조,맑음,단일로 - 기타,이륜,남,33세,중상,승용,남,24세,상해없음
2021022600100558,2021년 2월 26일 21시,금요일,경기도 수원시 장안구 율전동,경상사고,0,0,1,0,차대사람 - 차도통행중,안전운전불이행,건조,맑음,단일로 - 기타,승용,남,21세,상해없음,보행자,남,26세,경상
2021022600100590,2021년 2월 26일 22시,금요일,경기도 수원시 영통구 매탄동,경상사고,0,0,1,0,차대차 - 후진중충돌,안전운전불이행,건조,기타,교차로 - 교차로부근,승용,남,64세,상해없음,승용,남,30세,경상
2021022600100608,2021년 2월 26일 23시,금요일,경기도 수원시 영통구 망포동,경상사고,0,0,1,0,차대차 - 추돌,안전거리미확보,건조,맑음,단일로 - 기타,승용,남,72세,상해없음,이륜,남,25세,경상
2021022700100040,2021년 2월 27일 06시,토요일,경기도 수원시 영통구 매탄동,부상신고사고,0,0,0,1,차량단독 - 공작물충돌,안전운전불이행,건조,맑음,단일로 - 기타,승용,여,23세,부상신고,,,,
2021022700100197,2021년 2월 27일 13시,토요일,경기도 수원시 장안구 정자동,중상사고,0,1,0,0,차대사람 - 기타,안전운전불이행,건조,맑음,단일로 - 기타,승용,여,62세,상해없음,보행자,여,65세,중상
2021022700100245,2021년 2월 27일 14시,토요일,경기도 수원시 장안구 조원동,경상사고,0,0,1,0,차대차 - 기타,안전운전불이행,건조,맑음,단일로 - 기타,승용,남,38세,상해없음,이륜,남,37세,경상
2021022700100246,2021년 2월 27일 14시,토요일,경기도 수원시 장안구 정자동,경상사고,0,0,4,1,차대차 - 기타,기타,건조,맑음,교차로 - 교차로안,승용,여,57세,부상신고,승용,남,50세,경상
2021022700100253,2021년 2월 27일 14시,토요일,경기도 수원시 영통구 원천동,경상사고,0,0,1,0,차대사람 - 기타,신호위반,건조,맑음,교차로 - 교차로안,승용,남,61세,상해없음,보행자,남,58세,경상
2021022700100257,2021년 2월 27일 14시,토요일,경기도 수원시 권선구 구운동,부상신고사고,0,0,0,1,차대차 - 기타,직진우회전진행방해,건조,맑음,교차로 - 교차로안,화물,남,53세,상해없음,승용,남,32세,부상신고
2021022700100322,2021년 2월 27일 16시,토요일,경기도 수원시 팔달구 인계동,경상사고,0,0,1,0,차대차 - 측면충돌,안전운전불이행,기타,맑음,교차로 - 교차로부근,승용,남,25세,상해없음,승용,남,36세,경상
2021022700100387,2021년 2월 27일 18시,토요일,경기도 수원시 팔달구 우만동,경상사고,0,0,1,0,차대차 - 추돌,신호위반,건조,맑음,단일로 - 지하차도(도로)내,승용,남,49세,상해없음,승용,남,70세,경상
2021022700100421,2021년 2월 27일 19시,토요일,경기도 수원시 장안구 정자동,중상사고,0,1,1,0,차대차 - 기타,교차로운행방법위반,건조,맑음,교차로 - 교차로안,이륜,남,34세,경상,이륜,남,53세,중상
2021022700100465,2021년 2월 27일 20시,토요일,경기도 수원시 장안구 정자동,부상신고사고,0,0,0,1,차대차 - 측면충돌,안전운전불이행,건조,맑음,단일로 - 기타,이륜,남,30세,부상신고,화물,여,52세,상해없음
2021022700100522,2021년 2월 27일 22시,토요일,경기도 수원시 팔달구 인계동,경상사고,0,0,1,0,차대사람 - 길가장자리구역통행중,안전운전불이행,건조,맑음,단일로 - 기타,이륜,남,19세,상해없음,보행자,남,19세,경상
2021022800100045,2021년 2월 28일 06시,일요일,경기도 수원시 권선구 곡반정동,경상사고,0,0,1,0,차대사람 - 횡단중,안전운전불이행,건조,맑음,기타 - 기타,승용,남,69세,상해없음,보행자,남,23세,경상
2021022800100139,2021년 2월 28일 13시,일요일,경기도 수원시 장안구 조원동,경상사고,0,0,1,0,차대차 - 기타,안전운전불이행,건조,맑음,교차로 - 교차로부근,승용,남,71세,상해없음,이륜,남,19세,경상
2021022800100143,2021년 2월 28일 13시,일요일,경기도 수원시 영통구 영통동,중상사고,0,1,0,0,차대차 - 기타,신호위반,건조,흐림,교차로 - 교차로안,승용,남,34세,상해없음,이륜,남,33세,중상
2021022800100228,2021년 2월 28일 16시,일요일,경기도 수원시 장안구 천천동,경상사고,0,0,1,0,차대차 - 측면충돌,기타,건조,맑음,교차로 - 교차로안,이륜,남,21세,경상,승용,남,52세,상해없음
2021022800100247,2021년 2월 28일 17시,일요일,경기도 수원시 장안구 정자동,중상사고,0,1,0,0,차대차 - 정면충돌,신호위반,건조,맑음,교차로 - 교차로안,승용,남,60세,상해없음,이륜,남,41세,중상
2021022800100248,2021년 2월 28일 17시,일요일,경기도 수원시 장안구 연무동,중상사고,0,1,0,0,차대차 - 기타,안전운전불이행,건조,맑음,교차로 - 교차로부근,승용,남,71세,중상,화물,남,57세,기타불명
2021022800100270,2021년 2월 28일 18시,일요일,경기도 수원시 장안구 파장동,경상사고,0,0,1,0,차대차 - 기타,안전운전불이행,건조,맑음,교차로 - 교차로부근,이륜,남,34세,상해없음,이륜,남,45세,경상
2021022800100301,2021년 2월 28일 19시,일요일,경기도 수원시 권선구 구운동,경상사고,0,0,2,0,차대차 - 측면충돌,신호위반,건조,맑음,교차로 - 교차로안,원동기,남,33세,경상,승용,여,38세,경상
2021022800100347,2021년 2월 28일 21시,일요일,경기도 수원시 장안구 연무동,경상사고,0,0,1,0,차대차 - 기타,안전운전불이행,건조,맑음,교차로 - 교차로안,승용,여,49세,상해없음,이륜,남,39세,경상
2021022800100387,2021년 2월 28일 23시,일요일,경기도 수원시 영통구 이의동,경상사고,0,0,2,0,차대차 - 측면충돌,안전운전불이행,건조,맑음,교차로 - 교차로부근,승용,남,25세,상해없음,승용,남,28세,경상
2021022800100388,2021년 2월 28일 23시,일요일,경기도 수원시 팔달구 인계동,경상사고,0,0,1,0,차대사람 - 횡단중,보행자보호의무위반,건조,기타,기타 - 기타,승용,남,24세,상해없음,보행자,여,21세,경상
2021030100100112,2021년 3월 1일 13시,월요일,경기도 수원시 팔달구 영동,경상사고,0,0,1,0,차대차 - 추돌,안전운전불이행,젖음/습기,비,단일로 - 기타,승합,남,80세,상해없음,이륜,남,43세,경상
2021030100100140,2021년 3월 1일 14시,월요일,경기도 수원시 권선구 세류동,경상사고,0,0,1,0,차대차 - 측면충돌,신호위반,젖음/습기,비,단일로 - 기타,승용,여,49세,상해없음,이륜,남,23세,경상
2021030100100201,2021년 3월 1일 16시,월요일,경기도 수원시 팔달구 교동,경상사고,0,0,2,0,차대차 - 기타,안전운전불이행,건조,맑음,교차로 - 교차로부근,승용,남,50세,상해없음,승용,남,30세,경상
2021030100100326,2021년 3월 1일 19시,월요일,경기도 수원시 권선구 권선동,중상사고,0,1,1,0,차대차 - 측면충돌,직진우회전진행방해,건조,맑음,교차로 - 교차로안,승용,남,58세,상해없음,승용,남,53세,경상
2021030100100450,2021년 3월 1일 23시,월요일,경기도 수원시 권선구 권선동,경상사고,0,0,2,0,차대차 - 추돌,안전운전불이행,젖음/습기,비,교차로 - 교차로부근,승용,남,26세,상해없음,승용,남,30세,경상
2021030200100274,2021년 3월 2일 15시,화요일,경기도 수원시 팔달구 인계동,경상사고,0,0,1,0,차대사람 - 기타,안전운전불이행,건조,맑음,교차로 - 교차로안,승용,남,50세,상해없음,보행자,여,64세,경상
2021030200100308,2021년 3월 2일 16시,화요일,경기도 수원시 권선구 곡반정동,경상사고,0,0,1,0,차대차 - 측면충돌,안전운전불이행,건조,맑음,교차로 - 교차로안,화물,남,57세,상해없음,이륜,남,21세,경상
2021030200100384,2021년 3월 2일 18시,화요일,경기도 수원시 권선구 권선동,경상사고,0,0,2,0,차대차 - 추돌,안전운전불이행,건조,맑음,단일로 - 기타,승용,남,35세,상해없음,승용,남,51세,경상
2021030200100428,2021년 3월 2일 19시,화요일,경기도 수원시 권선구 곡반정동,중상사고,0,1,0,0,차대차 - 측면충돌,안전운전불이행,건조,맑음,교차로 - 교차로부근,승용,남,25세,상해없음,이륜,남,51세,중상
2021030200100458,2021년 3월 2일 20시,화요일,경기도 수원시 영통구 영통동,중상사고,0,1,0,0,차대차 - 측면충돌,안전운전불이행,건조,맑음,교차로 - 교차로횡단보도내,개인형이동수단(PM),여,15세,중상,승용,남,65세,상해없음
2021030200100522,2021년 3월 2일 23시,화요일,경기도 수원시 영통구 매탄동,경상사고,0,0,2,0,차대차 - 추돌,안전운전불이행,건조,기타,기타 - 기타,승용,남,25세,상해없음,승용,남,36세,기타불명
2021030300100124,2021년 3월 3일 09시,수요일,경기도 수원시 권선구 권선동,경상사고,0,0,4,0,차대차 - 기타,안전거리미확보,건조,맑음,기타 - 기타,승용,여,41세,상해없음,승합,남,62세,경상
2021030300100178,2021년 3월 3일 11시,수요일,경기도 수원시 영통구 원천동,경상사고,0,0,1,1,차대차 - 기타,안전거리미확보,건조,맑음,단일로 - 기타,승용,남,47세,부상신고,승용,남,54세,경상
2021030300100217,2021년 3월 3일 12시,수요일,경기도 수원시 팔달구 고등동,경상사고,0,0,1,0,차대차 - 측면충돌,안전거리미확보,건조,맑음,교차로 - 교차로부근,건설기계,남,62세,상해없음,승용,여,31세,경상
2021030300100244,2021년 3월 3일 13시,수요일,경기도 수원시 장안구 천천동,경상사고,0,0,1,1,차대차 - 정면충돌,기타,건조,맑음,교차로 - 교차로안,화물,남,42세,부상신고,승용,남,65세,경상
2021030300100249,2021년 3월 3일 13시,수요일,경기도 수원시 권선구 세류동,경상사고,0,0,1,0,차대차 - 추돌,안전운전불이행,건조,맑음,교차로 - 교차로부근,화물,남,64세,상해없음,승용,남,21세,경상