사고번호,사고일시,요일,시군구,사고내용,사망자수,중상자수,경상자수,부상신고자수,사고유형,법규위반,노면상태,기상상태,도로형태,가해운전자 차종,가해운전자 성별,가해운전자 연령,가해운전자 상해정도,피해운전자 차종,피해운전자 성별,피해운전자 연령,피해운전자 상해정도
2021030300100279,2021년 3월 3일 14시,수요일,경기도 수원시 영통구 원천동,경상사고,0,0,3,0,차대차 - 측면충돌,안전거리미확보,건조,맑음,교차로 - 교차로부근,승용,남,67세,상해없음,승용,남,58세,경상
2021030300100305,2021년 3월 3일 15시,수요일,경기도 수원시 장안구 율전동,경상사고,0,0,1,0,차대사람 - 기타,안전운전불이행,건조,맑음,단일로 - 기타,승용,남,44세,상해없음,보행자,여,33세,경상
2021030300100341,2021년 3월 3일 16시,수요일,경기도 수원시 권선구 입북동,경상사고,0,0,2,0,차대차 - 추돌,안전운전불이행,건조,맑음,단일로 - 기타,화물,남,74세,상해없음,화물,남,77세,경상
2021030300100384,2021년 3월 3일 18시,수요일,경기도 수원시 팔달구 화서동,경상사고,0,0,1,0,차대차 - 추돌,안전운전불이행,건조,맑음,교차로 - 교차로부근,승용,여,40세,상해없음,승용,여,55세,경상
2021030300100389,2021년 3월 3일 18시,수요일,경기도 수원시 팔달구 인계동,경상사고,0,0,1,0,차대차 - 측면충돌,안전거리미확보,건조,맑음,단일로 - 기타,승용,남,62세,상해없음,이륜,남,34세,경상
2021030300100450,2021년 3월 3일 20시,수요일,경기도 수원시 장안구 영화동,경상사고,0,0,1,0,차대차 - 추돌,안전운전불이행,건조,맑음,단일로 - 기타,승용,남,57세,상해없음,이륜,남,21세,경상
2021030300100480,2021년 3월 3일 21시,수요일,경기도 수원시 영통구 영통동,경상사고,0,0,1,0,차대차 - 측면충돌,차로위반,건조,맑음,단일로 - 기타,승용,남,19세,상해없음,승용,남,46세,경상
2021030300100482,2021년 3월 3일 21시,수요일,경기도 수원시 권선구 호매실동,중상사고,0,1,0,0,차대사람 - 횡단중,신호위반,건조,흐림,교차로 - 교차로횡단보도내,이륜,남,19세,상해없음,보행자,남,30세,중상
2021030300100527,2021년 3월 3일 23시,수요일,경기도 수원시 권선구 호매실동,경상사고,0,0,2,0,차대차 - 추돌,안전운전불이행,건조,맑음,단일로 - 기타,승용,남,40세,상해없음,승용,남,32세,경상
2021030400100005,2021년 3월 4일 00시,목요일,경기도 수원시 영통구 영통동,중상사고,0,1,0,0,차대차 - 정면충돌,안전운전불이행,기타,맑음,교차로 - 교차로안,승용,남,29세,상해없음,이륜,남,18세,중상
2021030400100080,2021년 3월 4일 08시,목요일,경기도 수원시 영통구 매탄동,경상사고,0,0,1,0,차대사람 - 기타,안전운전불이행,건조,맑음,단일로 - 기타,승용,여,25세,상해없음,보행자,여,64세,경상
2021030400100175,2021년 3월 4일 12시,목요일,경기도 수원시 팔달구 화서동,중상사고,0,1,0,0,차량단독 - 전도전복 - 전도,안전운전불이행,건조,흐림,교차로 - 교차로부근,자전거,남,47세,중상,,,,
2021030400100212,2021년 3월 4일 13시,목요일,경기도 수원시 팔달구 팔달로2가,중상사고,0,1,0,0,차량단독 - 기타,기타,건조,맑음,교차로 - 교차로부근,승합,남,60세,상해없음,,,,
2021030400100282,2021년 3월 4일 16시,목요일,경기도 수원시 장안구 정자동,경상사고,0,0,2,0,차대차 - 측면충돌,안전거리미확보,건조,맑음,교차로 - 교차로부근,승용,여,54세,상해없음,승합,남,40세,경상
2021030400100485,2021년 3월 4일 22시,목요일,경기도 수원시 영통구 영통동,경상사고,0,0,1,0,차대차 - 추돌,안전운전불이행,건조,맑음,교차로 - 교차로부근,승용,남,38세,상해없음,승용,여,28세,경상
2021030500100034,2021년 3월 5일 05시,금요일,경기도 수원시 장안구 이목동,경상사고,0,0,1,0,차대차 - 기타,안전거리미확보,건조,맑음,교차로 - 교차로부근,승용,남,48세,상해없음,승용,남,42세,경상
2021030500100083,2021년 3월 5일 08시,금요일,경기도 수원시 장안구 정자동,경상사고,0,0,1,0,차대사람 - 길가장자리구역통행중,안전운전불이행,건조,맑음,단일로 - 기타,승용,여,31세,상해없음,보행자,여,82세,경상
2021030500100543,2021년 3월 5일 21시,금요일,경기도 수원시 영통구 매탄동,경상사고,0,0,1,0,차대차 - 측면충돌,신호위반,건조,맑음,교차로 - 교차로안,이륜,남,20세,상해없음,이륜,남,27세,경상
2021030500100575,2021년 3월 5일 22시,금요일,경기도 수원시 영통구 영통동,중상사고,0,1,0,0,차대차 - 측면충돌,교차로운행방법위반,건조,맑음,교차로 - 교차로안,승용,남,35세,상해없음,이륜,남,37세,중상
2021030500100576,2021년 3월 5일 22시,금요일,경기도 수원시 권선구 곡반정동,경상사고,0,0,2,0,차대차 - 추돌,안전운전불이행,건조,맑음,단일로 - 기타,승용,남,20세,상해없음,승용,여,45세,경상
2021030500100577,2021년 3월 5일 22시,금요일,경기도 수원시 팔달구 인계동,경상사고,0,0,5,0,차대차 - 측면충돌,안전운전불이행,건조,맑음,기타 - 기타,승용,남,20세,경상,승용,남,29세,경상
2021030600100222,2021년 3월 6일 14시,토요일,경기도 수원시 영통구 영통동,중상사고,0,1,1,0,차대차 - 측면충돌,안전운전불이행,기타,맑음,교차로 - 교차로부근,이륜,남,27세,중상,승용,남,29세,경상
2021030600100224,2021년 3월 6일 14시,토요일,경기도 수원시 권선구 고색동,부상신고사고,0,0,0,1,차대차 - 추돌,안전운전불이행,건조,맑음,단일로 - 기타,자전거,남,72세,부상신고,화물,남,49세,상해없음
2021030600100395,2021년 3월 6일 19시,토요일,경기도 수원시 권선구 구운동,경상사고,0,0,2,0,차대차 - 추돌,안전운전불이행,건조,맑음,단일로 - 기타,승용,남,28세,상해없음,승용,여,31세,경상
2021030600100439,2021년 3월 6일 21시,토요일,경기도 수원시 권선구 권선동,부상신고사고,0,0,0,1,차대사람 - 횡단중,보행자보호의무위반,건조,맑음,교차로 - 교차로횡단보도내,자전거,남,17세,기타불명,보행자,여,62세,부상신고
2021030600100440,2021년 3월 6일 21시,토요일,경기도 수원시 팔달구 인계동,경상사고,0,0,1,0,차대차 - 후진중충돌,안전운전불이행,건조,맑음,교차로 - 교차로부근,승용,남,41세,상해없음,승용,남,26세,경상
2021030600100466,2021년 3월 6일 22시,토요일,경기도 수원시 권선구 입북동,중상사고,0,1,0,0,차대차 - 측면충돌,기타,건조,맑음,단일로 - 기타,승용,남,31세,상해없음,승용,남,50세,중상
2021030700100005,2021년 3월 7일 00시,일요일,경기도 수원시 권선구 세류동,중상사고,0,1,1,0,차대차 - 정면충돌,신호위반,건조,맑음,단일로 - 기타,승용,남,23세,상해없음,승용,남,38세,중상
2021030700100032,2021년 3월 7일 05시,일요일,경기도 수원시 권선구 권선동,경상사고,0,0,2,1,차대차 - 측면충돌,직진우회전진행방해,건조,맑음,교차로 - 교차로안,승용,남,23세,부상신고,승용,남,38세,경상
2021030700100057,2021년 3월 7일 10시,일요일,경기도 수원시 권선구 평동,중상사고,0,1,1,0,차대차 - 기타,신호위반,건조,맑음,교차로 - 교차로안,승용,남,40세,중상,승용,남,31세,경상
2021030700100241,2021년 3월 7일 17시,일요일,경기도 수원시 장안구 파장동,중상사고,0,1,0,0,차대사람 - 횡단중,안전운전불이행,건조,맑음,단일로 - 기타,승용,남,45세,상해없음,보행자,여,77세,중상
2021030700100265,2021년 3월 7일 18시,일요일,경기도 수원시 팔달구 우만동,경상사고,0,0,1,0,차대차 - 기타,안전거리미확보,건조,맑음,단일로 - 기타,승용,여,33세,상해없음,승합,남,45세,상해없음
2021030700100346,2021년 3월 7일 21시,일요일,경기도 수원시 권선구 고색동,중상사고,0,1,0,0,차대차 - 기타,신호위반,건조,맑음,교차로 - 교차로안,승용,남,42세,상해없음,이륜,남,22세,중상
2021030700100365,2021년 3월 7일 22시,일요일,경기도 수원시 팔달구 지동,경상사고,0,0,1,0,차대차 - 추돌,안전운전불이행,건조,맑음,단일로 - 기타,승용,남,40세,상해없음,화물,남,56세,경상
2021030800100079,2021년 3월 8일 08시,월요일,경기도 수원시 장안구 율전동,경상사고,0,0,1,0,차대차 - 추돌,안전운전불이행,건조,맑음,교차로 - 교차로부근,승용,여,63세,상해없음,승용,남,30세,경상
2021030800100080,2021년 3월 8일 08시,월요일,경기도 수원시 팔달구 우만동,중상사고,0,1,0,0,차대차 - 측면충돌,직진우회전진행방해,건조,맑음,교차로 - 교차로안,승용,남,61세,상해없음,자전거,여,60세,중상
2021030800100144,2021년 3월 8일 09시,월요일,경기도 수원시 영통구 이의동,경상사고,0,0,1,0,차대차 - 측면충돌,안전운전불이행,건조,맑음,단일로 - 기타,승용,남,37세,상해없음,승용,남,41세,경상
2021030800100222,2021년 3월 8일 12시,월요일,경기도 수원시 권선구 권선동,경상사고,0,0,1,0,차대차 - 측면충돌,직진우회전진행방해,건조,맑음,교차로 - 교차로안,승용,남,36세,상해없음,이륜,남,46세,경상
2021030800100223,2021년 3월 8일 12시,월요일,경기도 수원시 영통구 원천동,경상사고,0,0,6,0,차대차 - 추돌,안전운전불이행,건조,맑음,기타 - 기타,승용,여,25세,상해없음,승용,여,53세,경상
2021030800100224,2021년 3월 8일 12시,월요일,경기도 수원시 영통구 매탄동,경상사고,0,0,1,0,차대차 - 측면충돌,교차로운행방법위반,건조,맑음,교차로 - 교차로안,화물,남,64세,상해없음,승용,남,44세,경상
2021030800100225,2021년 3월 8일 12시,월요일,경기도 수원시 영통구 신동,경상사고,0,0,1,0,차대차 - 추돌,안전운전불이행,건조,맑음,단일로 - 기타,승합,남,47세,상해없음,화물,여,49세,경상
2021030800100227,2021년 3월 8일 12시,월요일,경기도 수원시 팔달구 교동,중상사고,0,1,0,0,차대사람 - 기타,안전운전불이행,건조,맑음,단일로 - 기타,승용,여,29세,상해없음,보행자,남,82세,중상
2021030800100316,2021년 3월 8일 15시,월요일,경기도 수원시 영통구 영통동,경상사고,0,0,1,0,차대차 - 측면충돌,안전운전불이행,건조,맑음,기타 - 기타,건설기계,남,26세,상해없음,승용,남,60세,경상
2021030800100317,2021년 3월 8일 15시,월요일,경기도 수원시 영통구 원천동,경상사고,0,0,1,0,차대차 - 측면충돌,안전운전불이행,건조,맑음,교차로 - 교차로부근,승용,남,55세,상해없음,승용,여,43세,경상
2021030800100360,2021년 3월 8일 16시,월요일,경기도 수원시 팔달구 인계동,경상사고,0,0,2,0,차대차 - 측면충돌,안전거리미확보,건조,흐림,단일로 - 기타,승용,여,65세,상해없음,승용,남,27세,경상
2021030800100442,2021년 3월 8일 18시,월요일,경기도 수원시 권선구 권선동,경상사고,0,0,1,0,차대사람 - 횡단중,보행자보호의무위반,건조,맑음,교차로 - 교차로부근,승용,여,60세,상해없음,보행자,여,22세,경상
2021030800100443,2021년 3월 8일 18시,월요일,경기도 수원시 영통구 이의동,경상사고,0,0,1,0,차대차 - 측면충돌,안전거리미확보,건조,맑음,기타 - 기타,승용,여,22세,상해없음,승용,여,62세,경상
2021030800100444,2021년 3월 8일 18시,월요일,경기도 수원시 팔달구 인계동,경상사고,0,0,1,0,차대차 - 측면충돌,안전운전불이행,건조,맑음,교차로 - 교차로안,승용,남,58세,상해없음,이륜,남,31세,경상
2021030800100446,2021년 3월 8일 18시,월요일,경기도 수원시 권선구 고색동,경상사고,0,0,1,0,차대차 - 측면충돌,신호위반,건조,맑음,단일로 - 기타,승용,남,69세,상해없음,승용,남,30세,경상
2021030800100553,2021년 3월 8일 21시,월요일,경기도 수원시 영통구 원천동,경상사고,0,0,1,0,차대사람 - 기타,안전운전불이행,건조,맑음,단일로 - 기타,승용,남,49세,상해없음,보행자,남,50세,경상
2021030900100068,2021년 3월 9일 08시,화요일,경기도 수원시 장안구 파장동,경상사고,0,0,1,0,차대차 - 기타,안전거리미확보,건조,맑음,단일로 - 기타,승용,남,29세,상해없음,승용,여,46세,경상
2021030900100071,2021년 3월 9일 08시,화요일,경기도 수원시 권선구 오목천동,경상사고,0,0,1,0,차대차 - 측면충돌,안전거리미확보,건조,맑음,단일로 - 기타,승용,여,27세,상해없음,화물,남,72세,경상
2021030900100148,2021년 3월 9일 11시,화요일,경기도 수원시 권선구 호매실동,경상사고,0,0,1,0,차대차 - 기타,안전운전불이행,건조,맑음,단일로 - 기타,화물,남,61세,상해없음,승용,남,69세,기타불명
2021030900100182,2021년 3월 9일 12시,화요일,경기도 수원시 영통구 이의동,경상사고,0,0,1,0,차대차 - 측면충돌,안전거리미확보,건조,맑음,교차로 - 교차로안,승용,여,68세,상해없음,승용,여,36세,경상
2021030900100248,2021년 3월 9일 14시,화요일,경기도 수원시 권선구 권선동,경상사고,0,0,1,0,차대차 - 측면충돌,안전운전불이행,건조,맑음,교차로 - 교차로횡단보도내,개인형이동수단(PM),남,45세,경상,승용,남,50세,상해없음
2021030900100301,2021년 3월 9일 16시,화요일,경기도 수원시 권선구 당수동,경상사고,0,0,1,0,차대차 - 추돌,안전운전불이행,건조,맑음,단일로 - 기타,승용,남,42세,상해없음,승용,여,54세,경상
2021030900100406,2021년 3월 9일 19시,화요일,경기도 수원시 영통구 매탄동,경상사고,0,0,1,0,차대차 - 기타,신호위반,건조,맑음,교차로 - 교차로안,승용,남,60세,상해없음,이륜,남,26세,경상
2021030900100407,2021년 3월 9일 19시,화요일,경기도 수원시 영통구 원천동,경상사고,0,0,2,0,차대차 - 기타,안전운전불이행,건조,맑음,단일로 - 기타,승용,여,24세,상해없음,승용,남,50세,경상
2021030900100436,2021년 3월 9일 20시,화요일,경기도 수원시 권선구 권선동,중상사고,0,1,0,0,차대사람 - 횡단중,보행자보호의무위반,건조,맑음,교차로 - 교차로횡단보도내,승용,여,64세,상해없음,보행자,여,59세,중상
2021030900100484,2021년 3월 9일 22시,화요일,경기도 수원시 팔달구 우만동,경상사고,0,0,1,0,차대차 - 측면충돌,신호위반,건조,흐림,교차로 - 교차로안,승용,여,23세,상해없음,승용,남,58세,상해없음
2021030900100509,2021년 3월 9일 23시,화요일,경기도 수원시 팔달구 매산로2가,경상사고,0,0,1,0,차대사람 - 기타,안전운전불이행,건조,맑음,단일로 - 기타,승용,남,19세,상해없음,보행자,남,23세,경상
2021031000100011,2021년 3월 10일 01시,수요일,경기도 수원시 영통구 원천동,중상사고,0,1,0,0,차량단독 - 공작물충돌,안전운전불이행,건조,맑음,기타 - 기타,이륜,남,24세,중상,,,,
2021031000100044,2021년 3월 10일 06시,수요일,경기도 수원시 팔달구 인계동,경상사고,0,0,3,0,차대차 - 측면충돌,신호위반,건조,맑음,교차로 - 교차로안,승용,남,34세,상해없음,승용,남,50세,경상
2021031000100045,2021년 3월 10일 06시,수요일,경기도 수원시 팔달구 고등동,경상사고,0,0,2,0,차대차 - 추돌,안전운전불이행,건조,맑음,단일로 - 기타,승용,남,52세,상해없음,승용,남,54세,경상
2021031000100065,2021년 3월 10일 07시,수요일,경기도 수원시 권선구 호매실동,경상사고,0,0,1,0,차대사람 - 기타,안전운전불이행,건조,맑음,단일로 - 기타,승합,남,61세,상해없음,보행자,여,44세,경상
2021031000100115,2021년 3월 10일 09시,수요일,경기도 수원시 권선구 세류동,경상사고,0,0,1,0,차대차 - 추돌,신호위반,건조,맑음,단일로 - 기타,승용,남,77세,상해없음,승용,여,31세,경상
2021031000100142,2021년 3월 10일 10시,수요일,경기도 수원시 장안구 조원동,중상사고,0,1,0,0,차대차 - 기타,신호위반,건조,맑음,교차로 - 교차로안,승합,남,40세,상해없음,승합,남,57세,상해없음
2021031000100196,2021년 3월 10일 12시,수요일,경기도 수원시 팔달구 우만동,경상사고,0,0,1,0,차대차 - 기타,기타,건조,맑음,교차로 - 교차로안,이륜,남,47세,경상,승용,여,56세,상해없음
2021031000100203,2021년 3월 10일 12시,수요일,경기도 수원시 팔달구 고등동,경상사고,0,0,1,0,차대차 - 기타,안전운전불이행,건조,맑음,단일로 - 기타,승용,여,40세,상해없음,이륜,남,31세,경상
2021031000100234,2021년 3월 10일 13시,수요일,경기도 수원시 장안구 율전동,경상사고,0,0,2,0,차대차 - 기타,직진우회전진행방해,건조,맑음,교차로 - 교차로안,승용,남,66세,상해없음,승용,남,45세,경상
2021031000100274,2021년 3월 10일 14시,수요일,경기도 수원시 영통구 매탄동,경상사고,0,0,1,0,차대사람 - 기타,안전운전불이행,건조,맑음,기타 - 기타,승용,남,30세,상해없음,보행자,여,60세,경상
2021031000100322,2021년 3월 10일 15시,수요일,경기도 수원시 권선구 금곡동,경상사고,0,0,1,0,차대사람 - 기타,안전운전불이행,건조,맑음,단일로 - 기타,화물,남,58세,상해없음,보행자,남,58세,경상
2021031000100357,2021년 3월 10일 16시,수요일,경기도 수원시 팔달구 고등동,부상신고사고,0,0,0,1,차량단독 - 공작물충돌,안전운전불이행,건조,맑음,단일로 - 기타,승용,남,54세,상해없음,,,,
2021031000100399,2021년 3월 10일 17시,수요일,경기도 수원시 팔달구 인계동,경상사고,0,0,1,0,차대차 - 측면충돌,안전운전불이행,건조,맑음,교차로 - 교차로안,승용,남,52세,상해없음,승용,남,49세,경상
2021031000100428,2021년 3월 10일 18시,수요일,경기도 수원시 팔달구 팔달로3가,경상사고,0,0,2,0,차대차 - 기타,안전거리미확보,건조,맑음,교차로 - 교차로안,승용,남,36세,상해없음,승합,남,63세,경상
2021031000100584,2021년 3월 10일 23시,수요일,경기도 수원시 권선구 세류동,중상사고,0,1,3,0,차대차 - 기타,신호위반,건조,맑음,교차로 - 교차로안,승용,남,20세,상해없음,승합,남,46세,경상
2021031100100004,2021년 3월 11일 00시,목요일,경기도 수원시 영통구 하동,경상사고,0,0,1,0,차대차 - 측면충돌,신호위반,건조,맑음,교차로 - 교차로안,승용,여,48세,상해없음,승합,남,56세,경상
2021031100100058,2021년 3월 11일 07시,목요일,경기도 수원시 팔달구 인계동,경상사고,0,0,1,0,차대사람 - 기타,기타,건조,맑음,기타 - 기타,승합,남,57세,상해없음,보행자,여,74세,경상
2021031100100084,2021년 3월 11일 08시,목요일,경기도 수원시 영통구 매탄동,경상사고,0,0,1,0,차대사람 - 기타,안전운전불이행,건조,맑음,단일로 - 기타,승용,여,44세,상해없음,보행자,남,35세,경상
2021031100100108,2021년 3월 11일 09시,목요일,경기도 수원시 영통구 이의동,경상사고,0,0,1,0,차량단독 - 공작물충돌,안전운전불이행,건조,맑음,단일로 - 기타,승용,남,40세,경상,,,,
2021031100100131,2021년 3월 11일 10시,목요일,경기도 수원시 팔달구 우만동,경상사고,0,0,1,0,차대차 - 기타,안전운전불이행,건조,맑음,교차로 - 교차로안,승합,남,60세,상해없음,승용,여,40세,경상
2021031100100317,2021년 3월 11일 16시,목요일,경기도 수원시 팔달구 인계동,경상사고,0,0,1,0,차대차 - 측면충돌,교차로운행방법위반,건조,맑음,교차로 - 교차로부근,승용,여,39세,상해없음,승용,남,40세,경상
2021031100100344,2021년 3월 11일 17시,목요일,경기도 수원시 팔달구 팔달로3가,중상사고,0,1,0,0,차량단독 - 기타,기타,건조,맑음,교차로 - 교차로안,승합,남,67세,상해없음,,,,
2021031100100347,2021년 3월 11일 17시,목요일,경기도 수원시 영통구 이의동,부상신고사고,0,0,0,1,차대사람 - 보도통행중,기타,건조,맑음,단일로 - 기타,자전거,남,33세,상해없음,보행자,남,1세,부상신고
2021031100100349,2021년 3월 11일 17시,목요일,경기도 수원시 권선구 서둔동,경상사고,0,0,1,0,차대차 - 측면충돌,안전운전불이행,건조,맑음,교차로 - 교차로횡단보도내,기타불명,기타불명,미분류,기타불명,자전거,남,69세,경상
2021031100100380,2021년 3월 11일 18시,목요일,경기도 수원시 팔달구 화서동,경상사고,0,0,3,0,차대차 - 추돌,안전운전불이행,건조,맑음,단일로 - 기타,승용,여,60세,상해없음,승용,여,39세,경상
2021031100100383,2021년 3월 11일 18시,목요일,경기도 수원시 권선구 당수동,경상사고,0,0,3,0,차대차 - 측면충돌,안전거리미확보,건조,맑음,단일로 - 기타,승용,남,58세,경상,승용,남,23세,상해없음
2021031100100519,2021년 3월 11일 22시,목요일,경기도 수원시 팔달구 팔달로2가,중상사고,0,1,0,0,차대사람 - 횡단중,안전운전불이행,건조,맑음,단일로 - 기타,이륜,남,40세,상해없음,보행자,남,55세,중상
2021031100100551,2021년 3월 11일 23시,목요일,경기도 수원시 권선구 권선동,중상사고,0,1,0,0,차대차 - 측면충돌,안전거리미확보,건조,맑음,기타 - 기타,화물,남,58세,상해없음,이륜,남,22세,중상
2021031200100033,2021년 3월 12일 06시,금요일,경기도 수원시 팔달구 우만동,경상사고,0,0,1,0,차대차 - 기타,안전운전불이행,건조,맑음,단일로 - 기타,이륜,남,70세,경상,건설기계,남,62세,상해없음
2021031200100088,2021년 3월 12일 09시,금요일,경기도 수원시 권선구 세류동,경상사고,0,0,1,0,차대차 - 기타,신호위반,건조,맑음,교차로 - 교차로안,승용,여,48세,상해없음,승합,남,57세,상해없음
2021031200100144,2021년 3월 12일 11시,금요일,경기도 수원시 장안구 송죽동,경상사고,0,0,1,0,차대차 - 추돌,안전운전불이행,건조,맑음,교차로 - 교차로부근,승용,여,61세,상해없음,승용,여,62세,경상
2021031200100150,2021년 3월 12일 11시,금요일,경기도 수원시 권선구 권선동,경상사고,0,0,1,0,차대차 - 측면충돌,안전운전불이행,젖음/습기,비,교차로 - 교차로안,승용,남,53세,상해없음,승용,남,31세,경상
2021031200100151,2021년 3월 12일 11시,금요일,경기도 수원시 권선구 고색동,경상사고,0,0,1,0,차대차 - 측면충돌,안전거리미확보,건조,맑음,단일로 - 기타,승용,여,52세,상해없음,승용,여,24세,경상
2021031200100182,2021년 3월 12일 12시,금요일,경기도 수원시 권선구 호매실동,경상사고,0,0,2,0,차대차 - 기타,안전운전불이행,건조,맑음,교차로 - 교차로안,승합,남,62세,경상,승합,여,57세,경상
2021031200100243,2021년 3월 12일 14시,금요일,경기도 수원시 권선구 구운동,경상사고,0,0,1,0,차대차 - 기타,안전운전불이행,젖음/습기,비,교차로 - 교차로부근,승용,여,60세,상해없음,이륜,남,24세,경상
2021031200100278,2021년 3월 12일 15시,금요일,경기도 수원시 장안구 조원동,부상신고사고,0,0,0,1,차대차 - 측면충돌,안전운전불이행,젖음/습기,비,단일로 - 기타,이륜,남,19세,부상신고,승용,남,32세,상해없음
2021031200100320,2021년 3월 12일 16시,금요일,경기도 수원시 팔달구 우만동,경상사고,0,0,1,0,차대차 - 측면충돌,신호위반,건조,맑음,단일로 - 기타,화물,남,64세,상해없음,이륜,남,63세,경상
2021031200100323,2021년 3월 12일 16시,금요일,경기도 수원시 팔달구 인계동,경상사고,0,0,1,0,차대사람 - 기타,보행자보호의무위반,기타,흐림,단일로 - 기타,기타불명,기타불명,미분류,기타불명,보행자,여,22세,경상
2021031200100363,2021년 3월 12일 17시,금요일,경기도 수원시 장안구 영화동,경상사고,0,0,1,0,차대차 - 측면충돌,안전운전불이행,건조,맑음,단일로 - 기타,승용,여,22세,상해없음,자전거,남,55세,경상
2021031200100461,2021년 3월 12일 19시,금요일,경기도 수원시 권선구 서둔동,경상사고,0,0,1,0,차대차 - 측면충돌,안전거리미확보,건조,맑음,교차로 - 교차로안,승용,남,52세,상해없음,승용,여,41세,경상
2021031200100510,2021년 3월 12일 20시,금요일,경기도 수원시 권선구 권선동,경상사고,0,0,4,0,차대차 - 추돌,안전운전불이행,건조,맑음,교차로 - 교차로부근,승용,남,23세,상해없음,승용,남,26세,경상
2021031200100513,2021년 3월 12일 20시,금요일,경기도 수원시 권선구 호매실동,경상사고,0,0,2,0,차대차 - 측면충돌,안전운전불이행,건조,맑음,단일로 - 기타,화물,남,58세,상해없음,승용,남,30세,경상
2021031200100548,2021년 3월 12일 21시,금요일,경기도 수원시 권선구 오목천동,사망사고,1,0,0,0,차대사람 - 기타,안전운전불이행,건조,맑음,교차로 - 교차로부근,승용,남,66세,상해없음,보행자,남,54세,사망
2021031200100579,2021년 3월 12일 22시,금요일,경기도 수원시 영통구 영통동,경상사고,0,0,1,0,차대차 - 추돌,안전운전불이행,건조,맑음,교차로 - 교차로부근,승용,남,61세,상해없음,승용,남,54세,경상
2021031200100580,2021년 3월 12일 22시,금요일,경기도 수원시 권선구 고색동,경상사고,0,0,1,0,차대차 - 기타,안전거리미확보,건조,맑음,단일로 - 기타,승용,남,49세,상해없음,승용,남,51세,경상
2021031300100042,2021년 3월 13일 05시,토요일,경기도 수원시 팔달구 인계동,경상사고,0,0,1,0,차대사람 - 차도통행중,안전운전불이행,건조,맑음,교차로 - 교차로안,승용,남,24세,상해없음,보행자,남,36세,경상
2021031300100047,2021년 3월 13일 06시,토요일,경기도 수원시 장안구 연무동,중상사고,0,1,0,0,차대사람 - 횡단중,안전운전불이행,건조,맑음,단일로 - 기타,승용,남,73세,상해없음,보행자,남,75세,중상
2021031300100231,2021년 3월 13일 13시,토요일,경기도 수원시 장안구 이목동,경상사고,0,0,1,0,차대차 - 기타,안전거리미확보,건조,맑음,교차로 - 교차로안,승용,남,74세,기타불명,승용,남,29세,경상
2021031300100398,2021년 3월 13일 18시,토요일,경기도 수원시 영통구 망포동,중상사고,0,1,1,0,차대차 - 측면충돌,교차로운행방법위반,건조,맑음,교차로 - 교차로안,승용,여,37세,상해없음,이륜,남,51세,중상
2021031300100399,2021년 3월 13일 18시,토요일,경기도 수원시 권선구 권선동,경상사고,0,0,1,0,차대차 - 추돌,차로위반,건조,맑음,교차로 - 교차로횡단보도내,이륜,남,34세,상해없음,이륜,남,34세,경상
2021031300100436,2021년 3월 13일 19시,토요일,경기도 수원시 권선구 권선동,중상사고,0,1,0,0,차대차 - 측면충돌,신호위반,건조,맑음,교차로 - 교차로안,승용,남,50세,기타불명,이륜,남,25세,중상
2021031300100512,2021년 3월 13일 22시,토요일,경기도 수원시 영통구 영통동,경상사고,0,0,1,0,차량단독 - 기타,안전운전불이행,건조,맑음,기타 - 기타,개인형이동수단(PM),여,33세,경상,,,,
2021031400100047,2021년 3월 14일 07시,일요일,경기도 수원시 권선구 호매실동,경상사고,0,0,1,0,차대차 - 기타,기타,건조,맑음,단일로 - 기타,승용,여,42세,상해없음,화물,남,55세,경상
2021031400100115,2021년 3월 14일 12시,일요일,경기도 수원시 권선구 평동,경상사고,0,0,3,0,차대차 - 측면충돌,신호위반,건조,맑음,교차로 - 교차로안,화물,남,66세,상해없음,승용,남,37세,경상
2021031400100172,2021년 3월 14일 14시,일요일,경기도 수원시 팔달구 구천동,중상사고,0,1,0,0,차대차 - 정면충돌,신호위반,건조,맑음,교차로 - 교차로안,승용,남,56세,상해없음,자전거,남,67세,중상
2021031400100248,2021년 3월 14일 17시,일요일,경기도 수원시 장안구 조원동,경상사고,0,0,1,0,차대차 - 기타,안전운전불이행,건조,맑음,기타 - 기타,승용,남,24세,상해없음,승용,남,55세,경상
2021031400100383,2021년 3월 14일 22시,일요일,경기도 수원시 팔달구 매향동,경상사고,0,0,2,0,차대차 - 측면충돌,신호위반,건조,맑음,교차로 - 교차로안,승용,남,28세,상해없음,승용,남,25세,경상
2021031500100075,2021년 3월 15일 08시,월요일,경기도 수원시 영통구 원천동,경상사고,0,0,1,0,차대차 - 측면충돌,차로위반,건조,맑음,단일로 - 기타,승합,남,63세,상해없음,승용,남,29세,경상
2021031500100076,2021년 3월 15일 08시,월요일,경기도 수원시 팔달구 인계동,경상사고,0,0,1,0,차대차 - 측면충돌,차로위반,건조,맑음,단일로 - 기타,승용,남,46세,상해없음,승용,남,40세,경상
2021031500100114,2021년 3월 15일 09시,월요일,경기도 수원시 팔달구 팔달로3가,경상사고,0,0,8,1,차대차 - 추돌,안전거리미확보,건조,맑음,단일로 - 기타,승합,남,62세,부상신고,승합,남,61세,경상