사고번호,사고일시,요일,시군구,사고내용,사망자수,중상자수,경상자수,부상신고자수,사고유형,법규위반,노면상태,기상상태,도로형태,가해운전자 차종,가해운전자 성별,가해운전자 연령,가해운전자 상해정도,피해운전자 차종,피해운전자 성별,피해운전자 연령,피해운전자 상해정도
2021041400100041,2021년 4월 14일 07시,수요일,경기도 수원시 팔달구 매산로2가,경상사고,0,0,1,0,차대차 - 기타,안전운전불이행,건조,맑음,교차로 - 교차로부근,화물,남,59세,상해없음,승용,남,70세,경상
2021041400100180,2021년 4월 14일 12시,수요일,경기도 수원시 장안구 율전동,경상사고,0,0,1,0,차대차 - 측면충돌,직진우회전진행방해,건조,맑음,교차로 - 교차로안,화물,남,53세,상해없음,이륜,남,39세,경상
2021041400100257,2021년 4월 14일 14시,수요일,경기도 수원시 권선구 평동,중상사고,0,1,0,0,차대사람 - 기타,보행자보호의무위반,건조,맑음,교차로 - 교차로횡단보도내,승용,남,54세,상해없음,보행자,남,59세,중상
2021041400100331,2021년 4월 14일 16시,수요일,경기도 수원시 영통구 매탄동,경상사고,0,0,2,0,차대사람 - 횡단중,보행자보호의무위반,건조,맑음,교차로 - 교차로횡단보도내,승용,남,33세,상해없음,보행자,여,58세,경상
2021041400100334,2021년 4월 14일 16시,수요일,경기도 수원시 권선구 구운동,경상사고,0,0,1,0,차대사람 - 기타,안전운전불이행,건조,맑음,교차로 - 교차로안,이륜,여,38세,상해없음,보행자,여,61세,경상
2021041400100355,2021년 4월 14일 17시,수요일,경기도 수원시 장안구 영화동,부상신고사고,0,0,0,1,차대사람 - 횡단중,안전운전불이행,건조,맑음,교차로 - 교차로안,승용,남,28세,상해없음,보행자,남,91세,부상신고
2021041400100413,2021년 4월 14일 18시,수요일,경기도 수원시 영통구 매탄동,경상사고,0,0,1,0,차대차 - 측면충돌,신호위반,건조,맑음,교차로 - 교차로횡단보도내,승용,남,37세,상해없음,자전거,남,40세,경상
2021041400100456,2021년 4월 14일 19시,수요일,경기도 수원시 권선구 호매실동,경상사고,0,0,2,0,차대차 - 추돌,안전운전불이행,건조,맑음,교차로 - 교차로부근,승용,남,53세,상해없음,승용,남,61세,경상
2021041400100487,2021년 4월 14일 20시,수요일,경기도 수원시 장안구 연무동,경상사고,0,0,1,0,차대사람 - 횡단중,보행자보호의무위반,건조,맑음,교차로 - 교차로횡단보도내,승용,남,61세,상해없음,보행자,남,50세,경상
2021041400100541,2021년 4월 14일 22시,수요일,경기도 수원시 장안구 영화동,경상사고,0,0,1,1,차대차 - 정면충돌,신호위반,건조,맑음,교차로 - 교차로안,승용,여,55세,부상신고,승용,남,49세,경상
2021041400100542,2021년 4월 14일 22시,수요일,경기도 수원시 영통구 이의동,경상사고,0,0,2,0,차대차 - 후진중충돌,안전운전불이행,건조,맑음,기타 - 기타,승용,여,35세,상해없음,승용,남,28세,경상
2021041400100544,2021년 4월 14일 22시,수요일,경기도 수원시 권선구 금곡동,경상사고,0,0,1,0,차대차 - 측면충돌,안전운전불이행,건조,맑음,단일로 - 기타,기타불명,기타불명,미분류,기타불명,자전거,여,42세,경상
2021041400100560,2021년 4월 14일 23시,수요일,경기도 수원시 팔달구 우만동,경상사고,0,0,2,0,차대차 - 추돌,안전운전불이행,건조,흐림,단일로 - 기타,승용,남,59세,상해없음,승용,남,28세,경상
2021041500100044,2021년 4월 15일 07시,목요일,경기도 수원시 팔달구 지동,경상사고,0,0,1,0,차대사람 - 기타,안전운전불이행,건조,맑음,기타 - 기타,승합,남,41세,상해없음,보행자,남,47세,경상
2021041500100107,2021년 4월 15일 09시,목요일,경기도 수원시 장안구 파장동,경상사고,0,0,1,0,차대사람 - 길가장자리구역통행중,안전운전불이행,건조,맑음,단일로 - 기타,승용,남,47세,상해없음,보행자,남,62세,경상
2021041500100140,2021년 4월 15일 10시,목요일,경기도 수원시 장안구 송죽동,경상사고,0,0,1,0,차대차 - 추돌,안전거리미확보,건조,맑음,교차로 - 교차로부근,화물,남,74세,상해없음,승용,남,52세,경상
2021041500100239,2021년 4월 15일 13시,목요일,경기도 수원시 장안구 율전동,경상사고,0,0,1,0,차대사람 - 차도통행중,안전운전불이행,건조,맑음,교차로 - 교차로부근,승용,남,63세,상해없음,보행자,여,72세,경상
2021041500100241,2021년 4월 15일 13시,목요일,경기도 수원시 권선구 서둔동,경상사고,0,0,1,0,차대차 - 추돌,안전운전불이행,건조,맑음,교차로 - 교차로안,승용,남,58세,상해없음,화물,남,36세,경상
2021041500100381,2021년 4월 15일 17시,목요일,경기도 수원시 장안구 송죽동,중상사고,0,1,1,0,차량단독 - 공작물충돌,안전운전불이행,건조,맑음,단일로 - 기타,승용,남,57세,상해없음,,,,
2021041500100386,2021년 4월 15일 17시,목요일,경기도 수원시 영통구 매탄동,경상사고,0,0,1,0,차대차 - 측면충돌,안전운전불이행,건조,맑음,교차로 - 교차로안,화물,남,30세,상해없음,이륜,남,37세,경상
2021041600100003,2021년 4월 16일 00시,금요일,경기도 수원시 영통구 매탄동,경상사고,0,0,2,0,차대차 - 추돌,안전운전불이행,건조,맑음,교차로 - 교차로안,승용,남,29세,상해없음,승용,남,29세,상해없음
2021041600100053,2021년 4월 16일 07시,금요일,경기도 수원시 팔달구 우만동,경상사고,0,0,1,0,차대차 - 기타,신호위반,건조,맑음,교차로 - 교차로안,승용,남,37세,상해없음,승용,여,28세,경상
2021041600100087,2021년 4월 16일 08시,금요일,경기도 수원시 권선구 구운동,경상사고,0,0,1,0,차대차 - 기타,안전운전불이행,건조,맑음,단일로 - 기타,승용,여,54세,상해없음,자전거,여,53세,경상
2021041600100117,2021년 4월 16일 09시,금요일,경기도 수원시 권선구 세류동,중상사고,0,1,0,0,차대차 - 측면충돌,신호위반,건조,맑음,교차로 - 교차로안,승용,남,64세,상해없음,자전거,남,27세,중상
2021041600100118,2021년 4월 16일 09시,금요일,경기도 수원시 권선구 곡반정동,경상사고,0,0,1,0,차대차 - 측면충돌,안전운전불이행,건조,맑음,교차로 - 교차로안,승용,남,32세,상해없음,승용,남,32세,경상
2021041600100119,2021년 4월 16일 09시,금요일,경기도 수원시 팔달구 매산로1가,경상사고,0,0,1,0,차대차 - 측면충돌,안전운전불이행,건조,맑음,교차로 - 교차로부근,승용,여,42세,상해없음,승합,남,62세,경상
2021041600100171,2021년 4월 16일 11시,금요일,경기도 수원시 권선구 구운동,경상사고,0,0,1,0,차대차 - 측면충돌,신호위반,건조,맑음,교차로 - 교차로안,승용,여,58세,상해없음,승용,남,26세,경상
2021041600100197,2021년 4월 16일 12시,금요일,경기도 수원시 권선구 탑동,경상사고,0,0,2,0,차대차 - 측면충돌,신호위반,젖음/습기,비,단일로 - 기타,원동기,남,26세,경상,승용,남,44세,경상
2021041600100249,2021년 4월 16일 14시,금요일,경기도 수원시 권선구 입북동,경상사고,0,0,1,0,차대차 - 기타,안전거리미확보,건조,맑음,단일로 - 기타,화물,남,50세,상해없음,화물,남,73세,경상
2021041600100277,2021년 4월 16일 15시,금요일,경기도 수원시 팔달구 지동,부상신고사고,0,0,0,1,차대사람 - 기타,안전운전불이행,건조,맑음,단일로 - 기타,승합,남,74세,상해없음,보행자,남,57세,부상신고
2021041600100278,2021년 4월 16일 15시,금요일,경기도 수원시 장안구 파장동,중상사고,0,2,4,0,차대차 - 추돌,안전운전불이행,건조,맑음,단일로 - 기타,승용,남,36세,중상,승용,여,33세,경상
2021041600100283,2021년 4월 16일 15시,금요일,경기도 수원시 권선구 서둔동,경상사고,0,0,1,0,차대차 - 기타,안전거리미확보,건조,맑음,단일로 - 기타,승용,남,74세,상해없음,승용,남,40세,경상
2021041600100360,2021년 4월 16일 17시,금요일,경기도 수원시 권선구 고색동,경상사고,0,0,1,0,차대차 - 기타,안전운전불이행,건조,맑음,단일로 - 기타,승용,남,25세,상해없음,승용,여,40세,경상
2021041600100404,2021년 4월 16일 18시,금요일,경기도 수원시 권선구 세류동,경상사고,0,0,1,0,차대차 - 측면충돌,신호위반,건조,맑음,단일로 - 기타,승합,남,63세,상해없음,원동기,남,63세,경상
2021041600100448,2021년 4월 16일 19시,금요일,경기도 수원시 권선구 권선동,부상신고사고,0,0,0,1,차대차 - 정면충돌,중앙선침범,건조,맑음,단일로 - 기타,승용,남,50세,상해없음,이륜,남,43세,부상신고
2021041600100449,2021년 4월 16일 19시,금요일,경기도 수원시 팔달구 고등동,부상신고사고,0,0,0,1,차대차 - 측면충돌,안전운전불이행,건조,맑음,단일로 - 기타,자전거,남,78세,부상신고,승합,남,55세,기타불명
2021041600100481,2021년 4월 16일 20시,금요일,경기도 수원시 권선구 호매실동,경상사고,0,0,1,0,차대차 - 측면충돌,안전거리미확보,건조,맑음,단일로 - 기타,승용,여,29세,상해없음,승합,남,27세,경상
2021041600100518,2021년 4월 16일 21시,금요일,경기도 수원시 영통구 영통동,경상사고,0,0,3,0,차대차 - 기타,안전운전불이행,건조,맑음,단일로 - 기타,승용,남,58세,상해없음,승용,여,24세,경상
2021041600100548,2021년 4월 16일 22시,금요일,경기도 수원시 팔달구 우만동,경상사고,0,0,1,0,차대차 - 측면충돌,안전운전불이행,건조,맑음,교차로 - 교차로안,화물,남,31세,상해없음,승용,남,49세,경상
2021041600100555,2021년 4월 16일 22시,금요일,경기도 수원시 권선구 평동,중상사고,0,1,1,1,차대차 - 기타,안전거리미확보,건조,맑음,단일로 - 기타,승용,남,23세,중상,승용,남,38세,경상
2021041700100004,2021년 4월 17일 00시,토요일,경기도 수원시 권선구 곡반정동,경상사고,0,0,1,0,차대차 - 기타,안전운전불이행,건조,맑음,기타 - 기타,승용,남,56세,상해없음,승용,남,29세,경상
2021041700100285,2021년 4월 17일 14시,토요일,경기도 수원시 영통구 매탄동,경상사고,0,0,1,0,차대차 - 추돌,안전운전불이행,건조,맑음,교차로 - 교차로부근,승용,남,51세,상해없음,원동기,남,44세,경상
2021041700100326,2021년 4월 17일 15시,토요일,경기도 수원시 팔달구 신풍동,경상사고,0,0,2,0,차대차 - 기타,안전운전불이행,건조,맑음,교차로 - 교차로안,승합,남,58세,상해없음,승용,여,27세,경상
2021041700100412,2021년 4월 17일 17시,토요일,경기도 수원시 장안구 송죽동,경상사고,0,0,2,0,차대차 - 측면충돌,신호위반,건조,맑음,교차로 - 교차로안,이륜,남,27세,상해없음,승용,남,33세,경상
2021041700100517,2021년 4월 17일 20시,토요일,경기도 수원시 팔달구 북수동,중상사고,0,1,0,0,차대차 - 기타,안전운전불이행,건조,맑음,교차로 - 교차로안,승용,남,32세,상해없음,이륜,남,53세,중상
2021041800100073,2021년 4월 18일 10시,일요일,경기도 수원시 팔달구 인계동,경상사고,0,0,1,0,차대차 - 측면충돌,안전거리미확보,건조,맑음,교차로 - 교차로부근,승용,여,39세,상해없음,승용,남,31세,경상
2021041800100090,2021년 4월 18일 11시,일요일,경기도 수원시 팔달구 우만동,중상사고,0,1,0,0,차대차 - 측면충돌,안전운전불이행,건조,맑음,단일로 - 기타,승용,남,61세,상해없음,이륜,남,47세,중상
2021041800100142,2021년 4월 18일 13시,일요일,경기도 수원시 장안구 하광교동,경상사고,0,0,4,0,차대차 - 측면충돌,안전운전불이행,건조,맑음,단일로 - 기타,승용,남,68세,경상,승용,남,64세,경상
2021041800100206,2021년 4월 18일 15시,일요일,경기도 수원시 팔달구 인계동,경상사고,0,0,2,0,차대차 - 측면충돌,기타,건조,맑음,단일로 - 기타,승용,남,54세,경상,승용,남,38세,경상
2021041800100238,2021년 4월 18일 16시,일요일,경기도 수원시 권선구 권선동,경상사고,0,0,5,1,차대차 - 추돌,안전운전불이행,건조,맑음,단일로 - 기타,승용,여,45세,부상신고,화물,남,45세,경상
2021041800100334,2021년 4월 18일 19시,일요일,경기도 수원시 팔달구 인계동,경상사고,0,0,3,0,차대사람 - 차도통행중,기타,건조,맑음,단일로 - 기타,이륜,남,27세,기타불명,보행자,여,23세,경상
2021041800100381,2021년 4월 18일 21시,일요일,경기도 수원시 영통구 이의동,경상사고,0,0,1,0,차대차 - 기타,신호위반,건조,맑음,교차로 - 교차로안,승용,남,31세,상해없음,승용,남,75세,경상
2021041900100031,2021년 4월 19일 06시,월요일,경기도 수원시 팔달구 고등동,경상사고,0,0,1,0,차대차 - 측면충돌,안전운전불이행,건조,맑음,교차로 - 교차로안,승합,남,59세,상해없음,승용,여,59세,경상
2021041900100054,2021년 4월 19일 07시,월요일,경기도 수원시 영통구 이의동,부상신고사고,0,0,0,2,차대차 - 기타,안전운전불이행,건조,맑음,교차로 - 교차로부근,승합,남,63세,기타불명,승용,여,51세,부상신고
2021041900100080,2021년 4월 19일 08시,월요일,경기도 수원시 장안구 정자동,경상사고,0,0,1,0,차량단독 - 기타,기타,건조,맑음,단일로 - 기타,승합,남,52세,상해없음,,,,
2021041900100084,2021년 4월 19일 08시,월요일,경기도 수원시 영통구 원천동,경상사고,0,0,3,0,차대차 - 추돌,안전운전불이행,건조,맑음,기타 - 기타,승용,남,32세,상해없음,승용,남,59세,경상
2021041900100131,2021년 4월 19일 09시,월요일,경기도 수원시 팔달구 우만동,경상사고,0,0,1,0,차대차 - 추돌,안전운전불이행,건조,맑음,단일로 - 기타,승용,남,59세,기타불명,승용,여,50세,경상
2021041900100228,2021년 4월 19일 12시,월요일,경기도 수원시 영통구 매탄동,경상사고,0,0,1,0,차대차 - 정면충돌,안전운전불이행,기타,맑음,교차로 - 교차로안,자전거,남,31세,경상,이륜,남,40세,상해없음
2021041900100321,2021년 4월 19일 15시,월요일,경기도 수원시 권선구 권선동,경상사고,0,0,1,0,차대차 - 측면충돌,안전거리미확보,건조,맑음,교차로 - 교차로부근,승용,여,67세,기타불명,승용,남,40세,경상
2021041900100354,2021년 4월 19일 16시,월요일,경기도 수원시 장안구 연무동,경상사고,0,0,2,0,차대차 - 기타,중앙선침범,건조,맑음,교차로 - 교차로부근,이륜,남,43세,경상,이륜,남,39세,경상
2021041900100359,2021년 4월 19일 16시,월요일,경기도 수원시 영통구 매탄동,중상사고,0,1,0,0,차대사람 - 횡단중,안전운전불이행,건조,맑음,교차로 - 교차로부근,승용,여,70세,상해없음,보행자,남,8세,중상
2021041900100401,2021년 4월 19일 17시,월요일,경기도 수원시 팔달구 인계동,경상사고,0,0,1,0,차대차 - 측면충돌,안전운전불이행,건조,맑음,단일로 - 기타,승용,남,31세,상해없음,이륜,남,33세,경상
2021041900100445,2021년 4월 19일 18시,월요일,경기도 수원시 장안구 영화동,중상사고,0,1,0,0,차대차 - 측면충돌,안전운전불이행,건조,맑음,교차로 - 교차로안,승용,여,32세,상해없음,승용,남,33세,중상
2021041900100449,2021년 4월 19일 18시,월요일,경기도 수원시 권선구 곡반정동,경상사고,0,0,1,0,차대차 - 측면충돌,안전운전불이행,건조,맑음,기타 - 기타,승용,남,61세,상해없음,승용,남,30세,경상
2021041900100537,2021년 4월 19일 21시,월요일,경기도 수원시 팔달구 우만동,경상사고,0,0,1,0,차량단독 - 기타,기타,건조,맑음,단일로 - 기타,승합,남,67세,상해없음,,,,
2021041900100540,2021년 4월 19일 21시,월요일,경기도 수원시 영통구 매탄동,경상사고,0,0,1,0,차대차 - 추돌,안전운전불이행,건조,맑음,교차로 - 교차로부근,승용,남,37세,기타불명,승용,남,32세,경상
2021041900100565,2021년 4월 19일 22시,월요일,경기도 수원시 팔달구 인계동,경상사고,0,0,1,0,차대차 - 측면충돌,차로위반,건조,맑음,단일로 - 기타,승용,남,35세,상해없음,승용,남,56세,경상
2021041900100580,2021년 4월 19일 23시,월요일,경기도 수원시 장안구 정자동,경상사고,0,0,2,0,차대차 - 추돌,안전운전불이행,건조,맑음,단일로 - 기타,이륜,남,43세,상해없음,승용,남,57세,경상
2021042000100005,2021년 4월 20일 00시,화요일,경기도 수원시 영통구 원천동,경상사고,0,0,1,0,차대사람 - 횡단중,신호위반,건조,기타,교차로 - 교차로횡단보도내,화물,남,37세,상해없음,보행자,여,19세,경상
2021042000100159,2021년 4월 20일 10시,화요일,경기도 수원시 장안구 송죽동,경상사고,0,0,1,0,차대차 - 측면충돌,안전운전불이행,건조,맑음,단일로 - 기타,승용,여,67세,상해없음,승용,여,37세,경상
2021042000100197,2021년 4월 20일 11시,화요일,경기도 수원시 팔달구 고등동,중상사고,0,1,0,0,차대차 - 기타,안전운전불이행,건조,맑음,단일로 - 기타,승용,남,61세,상해없음,자전거,여,68세,중상
2021042000100228,2021년 4월 20일 12시,화요일,경기도 수원시 장안구 정자동,부상신고사고,0,0,0,1,차량단독 - 기타,안전운전불이행,건조,맑음,단일로 - 기타,개인형이동수단(PM),여,22세,부상신고,,,,
2021042000100306,2021년 4월 20일 14시,화요일,경기도 수원시 권선구 권선동,경상사고,0,0,1,0,차대차 - 측면충돌,안전운전불이행,건조,맑음,단일로 - 기타,이륜,남,80세,경상,화물,여,62세,상해없음
2021042000100345,2021년 4월 20일 15시,화요일,경기도 수원시 권선구 권선동,경상사고,0,0,1,0,차대차 - 측면충돌,안전운전불이행,건조,맑음,교차로 - 교차로안,승용,남,73세,상해없음,이륜,남,37세,경상
2021042000100380,2021년 4월 20일 16시,화요일,경기도 수원시 팔달구 화서동,중상사고,0,1,0,1,차대사람 - 기타,안전운전불이행,건조,맑음,단일로 - 기타,자전거,여,79세,부상신고,보행자,남,43세,중상
2021042000100385,2021년 4월 20일 16시,화요일,경기도 수원시 권선구 호매실동,부상신고사고,0,0,0,1,차대차 - 기타,불법유턴,건조,맑음,교차로 - 교차로안,자전거,남,8세,부상신고,승용,여,39세,상해없음
2021042000100512,2021년 4월 20일 19시,화요일,경기도 수원시 영통구 매탄동,경상사고,0,0,1,0,차대차 - 추돌,안전운전불이행,건조,맑음,기타 - 기타,승용,여,62세,상해없음,승용,남,42세,경상
2021042000100513,2021년 4월 20일 19시,화요일,경기도 수원시 권선구 탑동,경상사고,0,0,4,0,차대차 - 추돌,안전거리미확보,건조,맑음,교차로 - 교차로안,승합,남,43세,상해없음,승용,남,36세,경상
2021042100100045,2021년 4월 21일 06시,수요일,경기도 수원시 권선구 호매실동,경상사고,0,0,1,0,차대차 - 기타,안전운전불이행,건조,맑음,교차로 - 교차로안,승용,남,22세,상해없음,승합,남,51세,상해없음
2021042100100125,2021년 4월 21일 09시,수요일,경기도 수원시 장안구 율전동,경상사고,0,0,1,2,차대차 - 정면충돌,기타,건조,맑음,교차로 - 교차로안,승용,여,40세,경상,승합,남,33세,상해없음
2021042100100183,2021년 4월 21일 11시,수요일,경기도 수원시 영통구 영통동,경상사고,0,0,1,0,차대사람 - 보도통행중,기타,건조,맑음,기타 - 기타,개인형이동수단(PM),남,23세,상해없음,보행자,남,78세,경상
2021042100100221,2021년 4월 21일 12시,수요일,경기도 수원시 팔달구 인계동,경상사고,0,0,1,0,차대차 - 추돌,안전운전불이행,건조,맑음,교차로 - 교차로부근,승용,남,53세,상해없음,이륜,남,32세,경상
2021042100100240,2021년 4월 21일 13시,수요일,경기도 수원시 장안구 율전동,중상사고,0,1,0,0,차대차 - 추돌,안전운전불이행,건조,맑음,단일로 - 기타,승용,여,42세,상해없음,승용,여,32세,중상
2021042100100245,2021년 4월 21일 13시,수요일,경기도 수원시 영통구 하동,중상사고,0,1,0,0,차대차 - 측면충돌,안전운전불이행,건조,맑음,교차로 - 교차로부근,승용,남,51세,상해없음,이륜,남,29세,중상
2021042100100292,2021년 4월 21일 14시,수요일,경기도 수원시 장안구 율전동,경상사고,0,0,1,0,차대차 - 기타,안전운전불이행,건조,맑음,교차로 - 교차로횡단보도내,화물,남,46세,상해없음,개인형이동수단(PM),남,79세,경상
2021042100100366,2021년 4월 21일 16시,수요일,경기도 수원시 장안구 연무동,중상사고,0,1,0,0,차대사람 - 횡단중,신호위반,건조,맑음,교차로 - 교차로횡단보도내,승용,여,52세,상해없음,보행자,여,15세,중상
2021042100100371,2021년 4월 21일 16시,수요일,경기도 수원시 영통구 원천동,경상사고,0,0,1,0,차량단독 - 기타,안전운전불이행,건조,맑음,기타 - 기타,승합,남,52세,상해없음,,,,
2021042100100418,2021년 4월 21일 17시,수요일,경기도 수원시 장안구 연무동,경상사고,0,0,1,0,차대차 - 기타,차로위반,건조,흐림,교차로 - 교차로안,화물,남,56세,상해없음,승용,남,55세,경상
2021042100100508,2021년 4월 21일 19시,수요일,경기도 수원시 팔달구 팔달로2가,경상사고,0,0,1,0,차대차 - 추돌,안전거리미확보,건조,맑음,단일로 - 기타,승용,남,79세,상해없음,승용,남,32세,경상
2021042100100550,2021년 4월 21일 20시,수요일,경기도 수원시 팔달구 우만동,경상사고,0,0,2,0,차대사람 - 기타,안전운전불이행,건조,맑음,기타 - 기타,자전거,남,16세,상해없음,보행자,여,69세,경상
2021042100100587,2021년 4월 21일 21시,수요일,경기도 수원시 영통구 이의동,경상사고,0,0,2,0,차대차 - 측면충돌,신호위반,건조,맑음,단일로 - 터널,승용,남,66세,상해없음,승용,여,47세,경상
2021042100100609,2021년 4월 21일 22시,수요일,경기도 수원시 팔달구 매산로3가,경상사고,0,0,1,0,차대차 - 측면충돌,안전운전불이행,건조,맑음,교차로 - 교차로부근,기타불명,기타불명,미분류,기타불명,원동기,남,25세,경상
2021042200100049,2021년 4월 22일 07시,목요일,경기도 수원시 팔달구 북수동,경상사고,0,0,1,0,차대차 - 기타,신호위반,건조,맑음,교차로 - 교차로안,승용,여,27세,상해없음,승용,남,62세,경상
2021042200100069,2021년 4월 22일 08시,목요일,경기도 수원시 장안구 천천동,경상사고,0,0,1,0,차대차 - 기타,안전거리미확보,건조,맑음,단일로 - 기타,승합,남,63세,상해없음,승용,남,20세,경상
2021042200100118,2021년 4월 22일 09시,목요일,경기도 수원시 영통구 이의동,경상사고,0,0,1,2,차대차 - 측면충돌,신호위반,건조,맑음,교차로 - 교차로안,승용,여,40세,부상신고,승용,남,72세,경상
2021042200100152,2021년 4월 22일 10시,목요일,경기도 수원시 영통구 하동,경상사고,0,0,4,0,차대차 - 기타,신호위반,건조,맑음,교차로 - 교차로안,승용,남,56세,경상,승용,여,42세,경상
2021042200100153,2021년 4월 22일 10시,목요일,경기도 수원시 팔달구 인계동,경상사고,0,0,1,0,차대차 - 기타,신호위반,건조,맑음,단일로 - 기타,승용,여,41세,상해없음,개인형이동수단(PM),여,26세,경상
2021042200100180,2021년 4월 22일 11시,목요일,경기도 수원시 장안구 연무동,경상사고,0,0,3,0,차대차 - 측면충돌,안전거리미확보,건조,맑음,단일로 - 기타,승용,여,65세,상해없음,승용,여,60세,경상
2021042200100181,2021년 4월 22일 11시,목요일,경기도 수원시 장안구 천천동,중상사고,0,1,1,0,차대차 - 기타,신호위반,건조,맑음,교차로 - 교차로안,승용,남,59세,중상,화물,남,39세,경상
2021042200100187,2021년 4월 22일 11시,목요일,경기도 수원시 팔달구 인계동,경상사고,0,0,1,0,차대차 - 측면충돌,안전운전불이행,건조,맑음,교차로 - 교차로안,승용,여,39세,상해없음,승용,남,25세,경상
2021042200100215,2021년 4월 22일 12시,목요일,경기도 수원시 팔달구 남수동,경상사고,0,0,2,0,차대차 - 추돌,신호위반,건조,맑음,교차로 - 교차로안,승합,남,50세,상해없음,승용,여,28세,경상
2021042200100221,2021년 4월 22일 12시,목요일,경기도 수원시 권선구 서둔동,부상신고사고,0,0,0,1,차대차 - 기타,안전운전불이행,건조,맑음,교차로 - 교차로부근,승용,남,68세,상해없음,원동기,남,60세,부상신고
2021042200100255,2021년 4월 22일 13시,목요일,경기도 수원시 권선구 권선동,경상사고,0,0,1,0,차대사람 - 기타,안전운전불이행,건조,맑음,단일로 - 기타,승용,여,26세,상해없음,보행자,남,9세,경상
2021042200100290,2021년 4월 22일 14시,목요일,경기도 수원시 팔달구 인계동,경상사고,0,0,1,0,차대차 - 기타,안전거리미확보,건조,맑음,단일로 - 기타,화물,남,49세,상해없음,승용,남,34세,경상
2021042200100316,2021년 4월 22일 15시,목요일,경기도 수원시 권선구 권선동,경상사고,0,0,1,0,차대차 - 측면충돌,안전운전불이행,건조,맑음,교차로 - 교차로안,자전거,남,10세,경상,이륜,남,41세,상해없음
2021042200100317,2021년 4월 22일 15시,목요일,경기도 수원시 팔달구 매산로1가,경상사고,0,0,1,0,차량단독 - 기타,기타,건조,맑음,단일로 - 기타,승합,남,52세,상해없음,,,,
2021042200100357,2021년 4월 22일 16시,목요일,경기도 수원시 영통구 영통동,중상사고,0,1,0,0,차대사람 - 횡단중,보행자보호의무위반,건조,맑음,교차로 - 교차로횡단보도내,승합,남,58세,상해없음,보행자,여,78세,중상
2021042200100428,2021년 4월 22일 18시,목요일,경기도 수원시 장안구 영화동,중상사고,0,1,0,0,차대사람 - 횡단중,안전운전불이행,건조,맑음,단일로 - 기타,승용,남,18세,상해없음,보행자,남,66세,중상
2021042200100429,2021년 4월 22일 18시,목요일,경기도 수원시 팔달구 우만동,중상사고,0,2,0,0,차대차 - 측면충돌,안전운전불이행,건조,맑음,단일로 - 기타,승용,남,29세,상해없음,승용,여,56세,중상
2021042200100435,2021년 4월 22일 18시,목요일,경기도 수원시 권선구 탑동,경상사고,0,0,1,0,차대차 - 측면충돌,직진우회전진행방해,건조,맑음,교차로 - 교차로안,승용,여,28세,상해없음,승용,여,36세,경상
2021042200100472,2021년 4월 22일 19시,목요일,경기도 수원시 팔달구 화서동,경상사고,0,0,1,0,차대차 - 기타,안전운전불이행,건조,맑음,교차로 - 교차로횡단보도내,승용,여,33세,상해없음,자전거,남,9세,경상
2021042200100473,2021년 4월 22일 19시,목요일,경기도 수원시 장안구 정자동,경상사고,0,0,1,0,차량단독 - 기타,안전운전불이행,건조,맑음,교차로 - 교차로부근,승합,남,58세,상해없음,,,,
2021042200100507,2021년 4월 22일 20시,목요일,경기도 수원시 장안구 이목동,경상사고,0,0,1,0,차대차 - 기타,안전운전불이행,건조,맑음,교차로 - 교차로횡단보도내,화물,남,67세,상해없음,이륜,남,23세,경상
2021042200100508,2021년 4월 22일 20시,목요일,경기도 수원시 장안구 천천동,중상사고,0,1,0,0,차대차 - 기타,안전운전불이행,건조,흐림,단일로 - 기타,승용,여,45세,상해없음,승용,여,26세,중상
2021042200100533,2021년 4월 22일 21시,목요일,경기도 수원시 팔달구 인계동,중상사고,0,1,0,0,차대사람 - 횡단중,안전운전불이행,건조,맑음,단일로 - 기타,승용,남,51세,상해없음,보행자,남,62세,중상
2021042200100568,2021년 4월 22일 22시,목요일,경기도 수원시 영통구 원천동,중상사고,0,1,0,0,차대사람 - 기타,안전운전불이행,건조,맑음,교차로 - 교차로부근,승용,여,25세,상해없음,보행자,남,50세,중상
2021042200100569,2021년 4월 22일 22시,목요일,경기도 수원시 영통구 영통동,경상사고,0,0,1,0,차대차 - 추돌,안전운전불이행,건조,흐림,단일로 - 기타,승용,남,53세,상해없음,승용,여,49세,경상
2021042300100024,2021년 4월 23일 04시,금요일,경기도 수원시 팔달구 매산로2가,경상사고,0,0,3,0,차대차 - 기타,안전운전불이행,건조,맑음,교차로 - 교차로안,승용,남,28세,경상,화물,여,47세,경상
2021042300100040,2021년 4월 23일 06시,금요일,경기도 수원시 장안구 율전동,경상사고,0,0,1,0,차대차 - 측면충돌,안전운전불이행,건조,맑음,단일로 - 고가도로위,승용,남,60세,상해없음,승용,남,54세,경상
2021042300100081,2021년 4월 23일 08시,금요일,경기도 수원시 권선구 구운동,경상사고,0,0,1,0,차대사람 - 기타,안전운전불이행,건조,맑음,교차로 - 교차로안,승용,여,60세,상해없음,보행자,남,10세,경상