사고번호,사고일시,요일,시군구,사고내용,사망자수,중상자수,경상자수,부상신고자수,사고유형,법규위반,노면상태,기상상태,도로형태,가해운전자 차종,가해운전자 성별,가해운전자 연령,가해운전자 상해정도,피해운전자 차종,피해운전자 성별,피해운전자 연령,피해운전자 상해정도
2021042300100151,2021년 4월 23일 10시,금요일,경기도 수원시 팔달구 매산로1가,경상사고,0,0,1,0,차대차 - 기타,차로위반,건조,맑음,교차로 - 교차로안,승용,남,67세,상해없음,승용,남,22세,경상
2021042300100223,2021년 4월 23일 12시,금요일,경기도 수원시 팔달구 화서동,경상사고,0,0,1,0,차대차 - 측면충돌,안전운전불이행,건조,맑음,기타 - 기타,원동기,남,52세,상해없음,자전거,여,44세,경상
2021042300100231,2021년 4월 23일 12시,금요일,경기도 수원시 영통구 하동,경상사고,0,0,1,0,차대차 - 후진중충돌,안전운전불이행,건조,맑음,기타 - 기타,승용,여,45세,상해없음,승용,여,29세,경상
2021042300100233,2021년 4월 23일 12시,금요일,경기도 수원시 권선구 구운동,경상사고,0,0,1,0,차대차 - 측면충돌,안전거리미확보,건조,맑음,단일로 - 기타,승용,여,78세,상해없음,승용,여,59세,경상
2021042300100390,2021년 4월 23일 16시,금요일,경기도 수원시 권선구 권선동,경상사고,0,0,1,0,차대차 - 측면충돌,안전운전불이행,건조,맑음,교차로 - 교차로안,화물,남,50세,상해없음,자전거,남,16세,경상
2021042300100430,2021년 4월 23일 17시,금요일,경기도 수원시 장안구 송죽동,부상신고사고,0,0,0,1,차대차 - 추돌,중앙선침범,건조,맑음,단일로 - 기타,자전거,남,71세,부상신고,승용,남,20세,상해없음
2021042300100431,2021년 4월 23일 17시,금요일,경기도 수원시 권선구 권선동,부상신고사고,0,0,0,1,차대차 - 정면충돌,신호위반,건조,맑음,교차로 - 교차로안,승용,여,25세,상해없음,이륜,남,42세,부상신고
2021042300100477,2021년 4월 23일 18시,금요일,경기도 수원시 권선구 곡반정동,경상사고,0,0,4,0,차대차 - 측면충돌,안전운전불이행,건조,맑음,기타 - 기타,승용,남,36세,상해없음,승용,여,31세,경상
2021042300100478,2021년 4월 23일 18시,금요일,경기도 수원시 권선구 권선동,경상사고,0,0,1,0,차대차 - 추돌,안전운전불이행,건조,맑음,교차로 - 교차로안,승용,남,30세,상해없음,승용,여,42세,경상
2021042300100521,2021년 4월 23일 19시,금요일,경기도 수원시 팔달구 인계동,경상사고,0,0,1,0,차대차 - 측면충돌,안전운전불이행,건조,맑음,교차로 - 교차로부근,승용,여,52세,상해없음,승용,남,22세,경상
2021042300100615,2021년 4월 23일 22시,금요일,경기도 수원시 권선구 입북동,경상사고,0,0,2,1,차대차 - 기타,안전거리미확보,건조,맑음,단일로 - 기타,기타불명,기타불명,미분류,기타불명,승용,남,32세,부상신고
2021042400100025,2021년 4월 24일 01시,토요일,경기도 수원시 권선구 구운동,경상사고,0,0,1,0,차대차 - 추돌,안전운전불이행,건조,맑음,단일로 - 기타,승용,남,39세,상해없음,승용,남,61세,경상
2021042400100095,2021년 4월 24일 09시,토요일,경기도 수원시 권선구 서둔동,경상사고,0,0,1,0,차대차 - 측면충돌,안전거리미확보,건조,맑음,단일로 - 기타,승용,여,61세,경상,승용,여,56세,상해없음
2021042400100170,2021년 4월 24일 11시,토요일,경기도 수원시 권선구 금곡동,경상사고,0,0,3,0,차대차 - 기타,중앙선침범,건조,맑음,단일로 - 기타,승용,남,63세,상해없음,승용,여,35세,경상
2021042400100234,2021년 4월 24일 13시,토요일,경기도 수원시 장안구 영화동,경상사고,0,0,2,0,차대차 - 추돌,안전운전불이행,건조,맑음,단일로 - 기타,승용,남,52세,상해없음,승용,남,77세,경상
2021042400100274,2021년 4월 24일 14시,토요일,경기도 수원시 장안구 조원동,경상사고,0,0,1,0,차대차 - 기타,안전운전불이행,건조,맑음,교차로 - 교차로안,화물,남,51세,상해없음,이륜,남,49세,경상
2021042400100280,2021년 4월 24일 14시,토요일,경기도 수원시 권선구 세류동,경상사고,0,0,3,1,차대차 - 측면충돌,안전거리미확보,기타,맑음,교차로 - 교차로부근,승용,남,62세,부상신고,승용,남,30세,경상
2021042400100316,2021년 4월 24일 15시,토요일,경기도 수원시 팔달구 북수동,중상사고,0,1,0,0,차대차 - 기타,신호위반,건조,맑음,교차로 - 교차로안,자전거,남,71세,중상,승합,남,62세,상해없음
2021042400100437,2021년 4월 24일 18시,토요일,경기도 수원시 장안구 영화동,중상사고,0,1,0,0,차대사람 - 기타,기타,건조,맑음,교차로 - 교차로안,승용,남,31세,상해없음,보행자,남,4세,중상
2021042400100444,2021년 4월 24일 18시,토요일,경기도 수원시 팔달구 고등동,중상사고,0,1,0,0,차대차 - 측면충돌,안전운전불이행,건조,맑음,교차로 - 교차로안,화물,남,42세,상해없음,승용,남,33세,중상
2021042400100445,2021년 4월 24일 18시,토요일,경기도 수원시 영통구 이의동,경상사고,0,0,1,0,차대차 - 추돌,안전운전불이행,건조,맑음,단일로 - 터널,승용,남,24세,기타불명,승용,남,46세,경상
2021042400100479,2021년 4월 24일 19시,토요일,경기도 수원시 팔달구 우만동,경상사고,0,0,3,0,차대차 - 추돌,신호위반,건조,맑음,단일로 - 기타,승용,남,59세,상해없음,승합,남,31세,경상
2021042400100480,2021년 4월 24일 19시,토요일,경기도 수원시 팔달구 신풍동,경상사고,0,0,4,0,차대차 - 정면충돌,안전운전불이행,건조,맑음,교차로 - 교차로안,승용,남,32세,기타불명,승용,남,59세,경상
2021042400100515,2021년 4월 24일 20시,토요일,경기도 수원시 팔달구 장안동,경상사고,0,0,1,0,차대사람 - 횡단중,보행자보호의무위반,건조,맑음,교차로 - 교차로안,승용,여,24세,상해없음,보행자,여,54세,경상
2021042400100521,2021년 4월 24일 20시,토요일,경기도 수원시 팔달구 고등동,경상사고,0,0,1,0,차대사람 - 기타,안전운전불이행,건조,맑음,교차로 - 교차로안,승용,남,48세,상해없음,보행자,남,47세,경상
2021042500100142,2021년 4월 25일 12시,일요일,경기도 수원시 장안구 정자동,경상사고,0,0,1,0,차대차 - 추돌,신호위반,건조,맑음,교차로 - 교차로부근,이륜,남,64세,상해없음,승용,남,48세,경상
2021042500100143,2021년 4월 25일 12시,일요일,경기도 수원시 장안구 영화동,경상사고,0,0,1,0,차량단독 - 기타,안전운전불이행,건조,맑음,교차로 - 교차로부근,승합,남,45세,상해없음,,,,
2021042500100179,2021년 4월 25일 13시,일요일,경기도 수원시 장안구 조원동,경상사고,0,0,2,0,차대차 - 기타,안전운전불이행,건조,맑음,교차로 - 교차로안,승용,남,39세,상해없음,승용,남,31세,경상
2021042500100214,2021년 4월 25일 14시,일요일,경기도 수원시 팔달구 팔달로1가,경상사고,0,0,1,0,차대사람 - 횡단중,보행자보호의무위반,건조,맑음,교차로 - 교차로횡단보도내,승용,남,63세,상해없음,보행자,남,47세,경상
2021042500100297,2021년 4월 25일 16시,일요일,경기도 수원시 장안구 조원동,경상사고,0,0,1,0,차대차 - 측면충돌,교차로운행방법위반,건조,맑음,교차로 - 교차로안,승용,여,53세,상해없음,승용,남,43세,경상
2021042500100307,2021년 4월 25일 16시,일요일,경기도 수원시 권선구 권선동,경상사고,0,0,1,0,차대차 - 측면충돌,안전운전불이행,건조,맑음,교차로 - 교차로부근,승용,여,43세,상해없음,승용,여,35세,경상
2021042500100440,2021년 4월 25일 20시,일요일,경기도 수원시 권선구 평동,경상사고,0,0,1,1,차대차 - 추돌,안전운전불이행,건조,맑음,단일로 - 기타,원동기,남,49세,부상신고,승용,여,49세,경상
2021042600100026,2021년 4월 26일 06시,월요일,경기도 수원시 권선구 세류동,경상사고,0,0,3,0,차대차 - 정면충돌,안전운전불이행,건조,맑음,단일로 - 기타,승용,남,29세,경상,화물,남,26세,경상
2021042600100027,2021년 4월 26일 06시,월요일,경기도 수원시 권선구 호매실동,경상사고,0,0,2,0,차대차 - 기타,기타,건조,맑음,단일로 - 기타,건설기계,남,46세,상해없음,승용,남,30세,경상
2021042600100081,2021년 4월 26일 08시,월요일,경기도 수원시 팔달구 우만동,경상사고,0,0,1,0,차대사람 - 기타,안전운전불이행,건조,맑음,기타 - 기타,기타불명,기타불명,미분류,기타불명,보행자,여,9세,경상
2021042600100089,2021년 4월 26일 08시,월요일,경기도 수원시 권선구 평동,경상사고,0,0,1,0,차대차 - 측면충돌,차로위반,건조,맑음,교차로 - 교차로부근,승용,남,31세,상해없음,승용,남,27세,경상
2021042600100135,2021년 4월 26일 09시,월요일,경기도 수원시 팔달구 중동,경상사고,0,0,1,0,차대차 - 기타,안전거리미확보,건조,맑음,단일로 - 기타,건설기계,남,51세,상해없음,승용,남,74세,경상
2021042600100165,2021년 4월 26일 10시,월요일,경기도 수원시 장안구 정자동,부상신고사고,0,0,0,1,차대차 - 측면충돌,직진우회전진행방해,건조,맑음,교차로 - 교차로안,자전거,남,70세,부상신고,화물,남,58세,상해없음
2021042600100171,2021년 4월 26일 10시,월요일,경기도 수원시 권선구 탑동,경상사고,0,0,1,0,차대차 - 추돌,안전운전불이행,건조,맑음,단일로 - 기타,이륜,남,19세,상해없음,승용,여,52세,경상
2021042600100203,2021년 4월 26일 11시,월요일,경기도 수원시 장안구 천천동,중상사고,0,1,0,0,차대사람 - 횡단중,보행자보호의무위반,건조,맑음,교차로 - 교차로횡단보도내,승용,남,40세,상해없음,보행자,여,20세,중상
2021042600100229,2021년 4월 26일 12시,월요일,경기도 수원시 영통구 영통동,경상사고,0,0,3,0,차대차 - 추돌,안전운전불이행,건조,맑음,교차로 - 교차로안,승용,여,47세,상해없음,승용,남,43세,경상
2021042600100256,2021년 4월 26일 13시,월요일,경기도 수원시 장안구 연무동,경상사고,0,0,2,0,차대차 - 측면충돌,안전거리미확보,건조,맑음,단일로 - 기타,승용,남,68세,상해없음,건설기계,남,63세,경상
2021042600100341,2021년 4월 26일 15시,월요일,경기도 수원시 팔달구 화서동,중상사고,0,1,0,0,차대차 - 기타,불법유턴,건조,맑음,단일로 - 기타,승용,여,56세,상해없음,이륜,남,46세,중상
2021042600100380,2021년 4월 26일 16시,월요일,경기도 수원시 권선구 권선동,경상사고,0,0,1,0,차대차 - 기타,안전운전불이행,건조,맑음,교차로 - 교차로부근,승용,남,67세,상해없음,승용,여,28세,경상
2021042600100431,2021년 4월 26일 17시,월요일,경기도 수원시 팔달구 팔달로1가,경상사고,0,0,1,0,차대차 - 측면충돌,안전운전불이행,건조,맑음,단일로 - 기타,승용,남,28세,상해없음,승용,여,61세,경상
2021042600100435,2021년 4월 26일 17시,월요일,경기도 수원시 영통구 망포동,중상사고,0,1,0,0,차대사람 - 횡단중,신호위반,건조,맑음,교차로 - 교차로횡단보도내,이륜,남,54세,상해없음,보행자,남,11세,중상
2021042600100436,2021년 4월 26일 17시,월요일,경기도 수원시 장안구 율전동,경상사고,0,0,2,0,차대차 - 기타,안전거리미확보,건조,맑음,교차로 - 교차로부근,이륜,남,48세,경상,승용,여,29세,경상
2021042600100506,2021년 4월 26일 19시,월요일,경기도 수원시 팔달구 화서동,경상사고,0,0,1,0,차대차 - 기타,교차로운행방법위반,건조,흐림,교차로 - 교차로안,승용,남,25세,상해없음,이륜,남,23세,경상
2021042600100507,2021년 4월 26일 19시,월요일,경기도 수원시 팔달구 우만동,경상사고,0,0,1,0,차대차 - 측면충돌,안전운전불이행,건조,맑음,교차로 - 교차로안,이륜,남,27세,상해없음,자전거,남,60세,경상
2021042600100513,2021년 4월 26일 19시,월요일,경기도 수원시 팔달구 매산로1가,경상사고,0,0,1,0,차대차 - 측면충돌,안전거리미확보,건조,맑음,단일로 - 기타,승용,여,48세,상해없음,승용,남,31세,경상
2021042600100547,2021년 4월 26일 20시,월요일,경기도 수원시 영통구 원천동,경상사고,0,0,1,0,차대차 - 측면충돌,차로위반,건조,맑음,단일로 - 기타,화물,남,54세,상해없음,승용,여,29세,경상
2021042600100573,2021년 4월 26일 21시,월요일,경기도 수원시 팔달구 매산로1가,경상사고,0,0,3,0,차대차 - 기타,신호위반,건조,맑음,교차로 - 교차로안,승용,남,49세,상해없음,승합,남,59세,상해없음
2021042600100600,2021년 4월 26일 22시,월요일,경기도 수원시 팔달구 인계동,경상사고,0,0,4,0,차대차 - 측면충돌,안전운전불이행,건조,맑음,단일로 - 기타,승용,여,45세,상해없음,승용,남,41세,경상
2021042700100003,2021년 4월 27일 00시,화요일,경기도 수원시 영통구 이의동,경상사고,0,0,1,0,차대차 - 측면충돌,안전운전불이행,건조,맑음,교차로 - 교차로부근,승용,남,25세,상해없음,승용,남,32세,경상
2021042700100199,2021년 4월 27일 12시,화요일,경기도 수원시 영통구 원천동,경상사고,0,0,3,0,차대차 - 측면충돌,신호위반,건조,맑음,단일로 - 기타,승용,남,64세,기타불명,승합,남,40세,경상
2021042700100328,2021년 4월 27일 16시,화요일,경기도 수원시 장안구 이목동,경상사고,0,0,1,0,차대차 - 기타,신호위반,건조,흐림,단일로 - 기타,승용,남,38세,기타불명,승용,여,38세,경상
2021042700100377,2021년 4월 27일 17시,화요일,경기도 수원시 권선구 권선동,경상사고,0,0,1,0,차대차 - 후진중충돌,안전운전불이행,건조,맑음,단일로 - 기타,승용,남,59세,상해없음,자전거,남,17세,경상
2021042700100378,2021년 4월 27일 17시,화요일,경기도 수원시 영통구 이의동,경상사고,0,0,1,0,차대차 - 측면충돌,안전거리미확보,건조,맑음,단일로 - 기타,승용,여,44세,상해없음,승용,여,43세,경상
2021042700100379,2021년 4월 27일 17시,화요일,경기도 수원시 팔달구 매교동,경상사고,0,0,1,0,차대차 - 측면충돌,신호위반,건조,맑음,교차로 - 교차로안,승용,여,61세,경상,승용,여,43세,상해없음
2021042700100412,2021년 4월 27일 18시,화요일,경기도 수원시 팔달구 구천동,경상사고,0,0,1,0,차대사람 - 기타,안전운전불이행,건조,맑음,단일로 - 기타,승용,여,32세,상해없음,보행자,남,31세,경상
2021042700100421,2021년 4월 27일 18시,화요일,경기도 수원시 영통구 매탄동,경상사고,0,0,1,0,차대차 - 추돌,안전운전불이행,건조,맑음,교차로 - 교차로부근,원동기,남,29세,상해없음,승용,남,26세,경상
2021042700100457,2021년 4월 27일 19시,화요일,경기도 수원시 장안구 영화동,경상사고,0,0,4,0,차대차 - 기타,차로위반,건조,맑음,단일로 - 기타,승용,남,77세,경상,승용,남,56세,경상
2021042700100461,2021년 4월 27일 19시,화요일,경기도 수원시 팔달구 인계동,중상사고,0,1,3,0,차대차 - 기타,안전운전불이행,건조,맑음,교차로 - 교차로부근,승용,남,22세,경상,승용,남,64세,중상
2021042700100533,2021년 4월 27일 21시,화요일,경기도 수원시 영통구 원천동,경상사고,0,0,1,0,차대차 - 기타,기타,건조,맑음,교차로 - 교차로부근,기타불명,기타불명,미분류,기타불명,승합,남,59세,상해없음
2021042700100581,2021년 4월 27일 23시,화요일,경기도 수원시 팔달구 우만동,경상사고,0,0,1,0,차대사람 - 기타,안전운전불이행,건조,맑음,단일로 - 지하차도(도로)내,승용,남,61세,상해없음,보행자,여,24세,경상
2021042700100582,2021년 4월 27일 23시,화요일,경기도 수원시 장안구 율전동,중상사고,0,1,1,0,차대차 - 기타,기타,건조,맑음,교차로 - 교차로안,승용,남,31세,상해없음,승용,여,60세,중상
2021042800100057,2021년 4월 28일 07시,수요일,경기도 수원시 영통구 하동,경상사고,0,0,1,0,차대사람 - 횡단중,안전운전불이행,건조,맑음,단일로 - 기타,승용,여,32세,상해없음,보행자,여,31세,경상
2021042800100132,2021년 4월 28일 09시,수요일,경기도 수원시 권선구 권선동,중상사고,0,1,0,0,차대사람 - 기타,안전운전불이행,건조,맑음,단일로 - 기타,원동기,남,53세,상해없음,보행자,여,82세,중상
2021042800100134,2021년 4월 28일 09시,수요일,경기도 수원시 팔달구 매산로3가,경상사고,0,0,1,0,차대차 - 기타,차로위반,건조,맑음,교차로 - 교차로부근,승용,여,35세,상해없음,승용,남,27세,경상
2021042800100300,2021년 4월 28일 15시,수요일,경기도 수원시 팔달구 우만동,경상사고,0,0,2,0,차대차 - 측면충돌,안전운전불이행,건조,맑음,교차로 - 교차로부근,승용,여,58세,경상,승합,남,54세,경상
2021042800100454,2021년 4월 28일 19시,수요일,경기도 수원시 팔달구 매산로1가,경상사고,0,0,1,0,차대차 - 추돌,안전운전불이행,건조,맑음,단일로 - 기타,승용,남,32세,상해없음,승용,남,66세,경상
2021042800100513,2021년 4월 28일 21시,수요일,경기도 수원시 권선구 권선동,경상사고,0,0,1,1,차대차 - 측면충돌,안전운전불이행,기타,맑음,교차로 - 교차로안,이륜,남,30세,부상신고,승용,남,50세,경상
2021042800100544,2021년 4월 28일 22시,수요일,경기도 수원시 권선구 세류동,부상신고사고,0,0,0,1,차량단독 - 전도전복 - 전도,안전운전불이행,건조,맑음,교차로 - 교차로부근,개인형이동수단(PM),여,23세,부상신고,,,,
2021042800100568,2021년 4월 28일 23시,수요일,경기도 수원시 권선구 금곡동,경상사고,0,0,1,0,차대차 - 측면충돌,중앙선침범,건조,맑음,단일로 - 기타,이륜,남,33세,기타불명,이륜,남,36세,경상
2021042900100027,2021년 4월 29일 04시,목요일,경기도 수원시 장안구 정자동,경상사고,0,0,1,0,차대차 - 기타,신호위반,건조,흐림,교차로 - 교차로안,자전거,남,75세,경상,승용,남,25세,상해없음
2021042900100057,2021년 4월 29일 07시,목요일,경기도 수원시 권선구 세류동,중상사고,0,1,22,1,차대차 - 추돌,안전운전불이행,건조,맑음,단일로 - 기타,승용,남,26세,부상신고,승합,남,43세,경상
2021042900100142,2021년 4월 29일 10시,목요일,경기도 수원시 영통구 원천동,경상사고,0,0,1,0,차대차 - 측면충돌,신호위반,건조,흐림,교차로 - 교차로안,승용,남,51세,상해없음,승용,남,40세,경상
2021042900100144,2021년 4월 29일 10시,목요일,경기도 수원시 영통구 하동,중상사고,0,1,1,0,차대차 - 추돌,안전운전불이행,건조,맑음,단일로 - 기타,승용,여,31세,상해없음,승용,여,31세,중상
2021042900100208,2021년 4월 29일 12시,목요일,경기도 수원시 팔달구 우만동,경상사고,0,0,1,0,차대차 - 추돌,안전거리미확보,건조,맑음,교차로 - 교차로부근,건설기계,남,59세,상해없음,승용,남,35세,경상
2021042900100246,2021년 4월 29일 13시,목요일,경기도 수원시 팔달구 팔달로2가,경상사고,0,0,1,0,차대사람 - 횡단중,보행자보호의무위반,건조,맑음,교차로 - 교차로안,승용,남,75세,상해없음,보행자,여,60세,경상
2021042900100247,2021년 4월 29일 13시,목요일,경기도 수원시 팔달구 화서동,경상사고,0,0,1,0,차대차 - 기타,교차로운행방법위반,건조,맑음,교차로 - 교차로안,승용,남,75세,상해없음,승용,남,44세,경상
2021042900100248,2021년 4월 29일 13시,목요일,경기도 수원시 장안구 정자동,경상사고,0,0,1,0,차대차 - 기타,안전운전불이행,건조,맑음,교차로 - 교차로부근,승용,남,67세,상해없음,승용,남,21세,상해없음
2021042900100252,2021년 4월 29일 13시,목요일,경기도 수원시 영통구 원천동,경상사고,0,0,1,0,차대차 - 측면충돌,교차로운행방법위반,건조,맑음,교차로 - 교차로안,승용,남,75세,상해없음,이륜,남,32세,경상
2021042900100253,2021년 4월 29일 13시,목요일,경기도 수원시 영통구 망포동,경상사고,0,0,1,0,차대차 - 측면충돌,신호위반,건조,맑음,교차로 - 교차로안,승용,남,58세,상해없음,승용,여,49세,경상
2021042900100255,2021년 4월 29일 13시,목요일,경기도 수원시 권선구 입북동,중상사고,0,1,0,0,차대차 - 기타,안전운전불이행,건조,맑음,기타 - 기타,승용,남,85세,상해없음,화물,남,66세,중상
2021042900100356,2021년 4월 29일 16시,목요일,경기도 수원시 영통구 매탄동,경상사고,0,0,2,0,차대차 - 후진중충돌,안전운전불이행,건조,맑음,단일로 - 기타,승용,여,58세,상해없음,승용,남,36세,경상
2021042900100391,2021년 4월 29일 17시,목요일,경기도 수원시 장안구 천천동,경상사고,0,0,3,0,차대차 - 기타,안전운전불이행,건조,맑음,교차로 - 교차로안,승용,여,36세,상해없음,승용,남,24세,경상
2021042900100446,2021년 4월 29일 18시,목요일,경기도 수원시 장안구 정자동,경상사고,0,0,1,1,차대차 - 측면충돌,교차로운행방법위반,건조,맑음,교차로 - 교차로안,이륜,여,54세,부상신고,화물,남,47세,경상
2021042900100447,2021년 4월 29일 18시,목요일,경기도 수원시 팔달구 우만동,경상사고,0,0,1,0,차대차 - 측면충돌,불법유턴,건조,맑음,단일로 - 기타,승용,남,58세,상해없음,자전거,남,66세,경상
2021042900100534,2021년 4월 29일 20시,목요일,경기도 수원시 팔달구 매교동,중상사고,0,1,0,0,차대사람 - 횡단중,안전운전불이행,젖음/습기,기타,단일로 - 기타,승용,남,82세,상해없음,보행자,남,59세,중상
2021042900100566,2021년 4월 29일 21시,목요일,경기도 수원시 팔달구 매산로1가,부상신고사고,0,0,0,1,차대차 - 기타,신호위반,젖음/습기,비,교차로 - 교차로안,기타불명,기타불명,미분류,기타불명,승용,남,58세,상해없음
2021042900100595,2021년 4월 29일 22시,목요일,경기도 수원시 권선구 세류동,중상사고,0,1,0,0,차대사람 - 횡단중,안전운전불이행,젖음/습기,비,교차로 - 교차로횡단보도내,이륜,남,51세,상해없음,보행자,여,74세,중상
2021042900100596,2021년 4월 29일 22시,목요일,경기도 수원시 영통구 영통동,경상사고,0,0,2,0,차대차 - 정면충돌,신호위반,젖음/습기,흐림,교차로 - 교차로안,승용,여,29세,상해없음,승용,남,42세,경상
2021042900100597,2021년 4월 29일 22시,목요일,경기도 수원시 영통구 원천동,경상사고,0,0,1,0,차대사람 - 횡단중,신호위반,젖음/습기,비,교차로 - 교차로횡단보도내,이륜,남,41세,기타불명,보행자,남,24세,경상
2021043000100035,2021년 4월 30일 05시,금요일,경기도 수원시 장안구 정자동,경상사고,0,0,1,0,차대차 - 측면충돌,교차로운행방법위반,건조,맑음,교차로 - 교차로안,화물,여,51세,상해없음,승용,남,51세,경상
2021043000100036,2021년 4월 30일 05시,금요일,경기도 수원시 팔달구 인계동,중상사고,0,1,0,0,차대차 - 측면충돌,기타,젖음/습기,비,단일로 - 기타,승용,남,69세,상해없음,자전거,남,66세,중상
2021043000100092,2021년 4월 30일 08시,금요일,경기도 수원시 권선구 금곡동,부상신고사고,0,0,0,1,차대차 - 추돌,안전거리미확보,건조,맑음,단일로 - 기타,승용,남,58세,상해없음,승용,남,47세,부상신고
2021043000100093,2021년 4월 30일 08시,금요일,경기도 수원시 권선구 오목천동,경상사고,0,0,1,0,차대사람 - 횡단중,신호위반,건조,맑음,교차로 - 교차로안,승용,여,43세,상해없음,보행자,남,8세,경상
2021043000100229,2021년 4월 30일 12시,금요일,경기도 수원시 권선구 권선동,부상신고사고,0,0,0,1,차대차 - 기타,안전운전불이행,건조,맑음,교차로 - 교차로부근,화물,남,51세,기타불명,이륜,남,19세,부상신고
2021043000100485,2021년 4월 30일 18시,금요일,경기도 수원시 팔달구 인계동,경상사고,0,0,2,0,차대차 - 측면충돌,교차로운행방법위반,건조,맑음,단일로 - 기타,승용,남,29세,상해없음,승용,여,50세,경상
2021043000100524,2021년 4월 30일 19시,금요일,경기도 수원시 팔달구 화서동,경상사고,0,0,1,0,차대사람 - 차도통행중,안전운전불이행,건조,맑음,교차로 - 교차로안,화물,남,39세,상해없음,보행자,남,44세,경상
2021043000100531,2021년 4월 30일 19시,금요일,경기도 수원시 영통구 이의동,중상사고,0,1,0,0,차대차 - 측면충돌,교차로운행방법위반,건조,흐림,교차로 - 교차로안,승용,여,40세,상해없음,이륜,남,38세,중상
2021043000100532,2021년 4월 30일 19시,금요일,경기도 수원시 권선구 권선동,경상사고,0,0,1,0,차대차 - 측면충돌,안전거리미확보,건조,맑음,단일로 - 기타,승용,여,24세,기타불명,승용,남,34세,경상
2021050100100004,2021년 5월 1일 00시,토요일,경기도 수원시 팔달구 남창동,부상신고사고,0,0,0,1,차대사람 - 기타,안전운전불이행,건조,맑음,교차로 - 교차로부근,화물,남,26세,상해없음,보행자,남,39세,부상신고
2021050100100022,2021년 5월 1일 01시,토요일,경기도 수원시 영통구 원천동,경상사고,0,0,1,0,차대차 - 기타,중앙선침범,건조,맑음,단일로 - 기타,개인형이동수단(PM),기타불명,미분류,기타불명,승용,남,66세,상해없음
2021050100100093,2021년 5월 1일 09시,토요일,경기도 수원시 영통구 영통동,경상사고,0,0,1,1,차대차 - 추돌,안전운전불이행,젖음/습기,비,교차로 - 교차로부근,이륜,남,23세,부상신고,승용,여,39세,경상
2021050100100113,2021년 5월 1일 10시,토요일,경기도 수원시 장안구 송죽동,경상사고,0,0,1,1,차대차 - 기타,안전운전불이행,건조,맑음,교차로 - 교차로안,승용,남,32세,부상신고,승용,남,58세,경상
2021050100100172,2021년 5월 1일 12시,토요일,경기도 수원시 장안구 파장동,경상사고,0,0,1,1,차대차 - 기타,안전운전불이행,건조,맑음,기타 - 기타,승용,여,31세,부상신고,이륜,남,35세,경상
2021050100100213,2021년 5월 1일 13시,토요일,경기도 수원시 영통구 원천동,경상사고,0,0,1,0,차대차 - 측면충돌,신호위반,건조,맑음,교차로 - 교차로안,이륜,남,18세,경상,승용,남,60세,상해없음
2021050100100216,2021년 5월 1일 13시,토요일,경기도 수원시 권선구 서둔동,경상사고,0,0,3,0,차대차 - 기타,신호위반,건조,맑음,교차로 - 교차로안,승용,남,43세,상해없음,승용,여,43세,경상
2021050100100251,2021년 5월 1일 14시,토요일,경기도 수원시 장안구 영화동,경상사고,0,0,1,0,차대차 - 기타,직진우회전진행방해,건조,맑음,교차로 - 교차로안,승용,여,55세,상해없음,자전거,남,66세,경상
2021050100100290,2021년 5월 1일 15시,토요일,경기도 수원시 팔달구 팔달로2가,경상사고,0,0,1,0,차대차 - 기타,기타,젖음/습기,비,단일로 - 기타,화물,남,60세,상해없음,원동기,남,58세,경상
2021050100100325,2021년 5월 1일 16시,토요일,경기도 수원시 팔달구 인계동,경상사고,0,0,1,0,차대차 - 측면충돌,안전운전불이행,건조,맑음,교차로 - 교차로부근,승용,남,41세,상해없음,승용,남,65세,상해없음
2021050100100360,2021년 5월 1일 17시,토요일,경기도 수원시 권선구 금곡동,경상사고,0,0,5,0,차대차 - 기타,교차로운행방법위반,건조,맑음,교차로 - 교차로안,승용,여,41세,경상,승용,남,31세,경상
2021050100100395,2021년 5월 1일 18시,토요일,경기도 수원시 영통구 매탄동,경상사고,0,0,1,0,차대차 - 측면충돌,안전운전불이행,젖음/습기,비,교차로 - 교차로안,승용,남,48세,상해없음,이륜,남,22세,경상
2021050100100400,2021년 5월 1일 18시,토요일,경기도 수원시 권선구 서둔동,경상사고,0,0,1,0,차대차 - 기타,안전운전불이행,젖음/습기,비,교차로 - 교차로부근,승용,남,37세,상해없음,이륜,남,37세,경상
2021050100100434,2021년 5월 1일 19시,토요일,경기도 수원시 영통구 원천동,경상사고,0,0,1,0,차량단독 - 기타,안전운전불이행,젖음/습기,흐림,단일로 - 지하차도(도로)내,승합,남,58세,상해없음,,,,
2021050100100521,2021년 5월 1일 22시,토요일,경기도 수원시 영통구 이의동,경상사고,0,0,2,0,차대차 - 추돌,안전운전불이행,건조,맑음,교차로 - 교차로부근,승용,남,46세,상해없음,승용,남,30세,경상
2021050100100522,2021년 5월 1일 22시,토요일,경기도 수원시 권선구 서둔동,경상사고,0,0,1,0,차량단독 - 기타,기타,건조,맑음,단일로 - 기타,승합,남,56세,상해없음,,,,
2021050100100548,2021년 5월 1일 23시,토요일,경기도 수원시 영통구 원천동,중상사고,0,2,1,0,차대차 - 측면충돌,신호위반,젖음/습기,비,교차로 - 교차로안,승용,남,61세,상해없음,승용,남,53세,중상
2021050100100550,2021년 5월 1일 23시,토요일,경기도 수원시 팔달구 매산로1가,경상사고,0,0,3,0,차대차 - 기타,안전거리미확보,건조,맑음,교차로 - 교차로안,승용,남,50세,상해없음,승용,남,24세,경상