사고번호,사고일시,요일,시군구,사고내용,사망자수,중상자수,경상자수,부상신고자수,사고유형,법규위반,노면상태,기상상태,도로형태,가해운전자 차종,가해운전자 성별,가해운전자 연령,가해운전자 상해정도,피해운전자 차종,피해운전자 성별,피해운전자 연령,피해운전자 상해정도
2021052100100109,2021년 5월 21일 09시,금요일,경기도 수원시 장안구 정자동,경상사고,0,0,2,0,차대차 - 기타,안전운전불이행,젖음/습기,비,교차로 - 교차로부근,승용,남,60세,경상,승용,여,59세,경상
2021052100100214,2021년 5월 21일 13시,금요일,경기도 수원시 장안구 연무동,경상사고,0,0,2,0,차대차 - 추돌,안전운전불이행,젖음/습기,비,단일로 - 기타,승용,남,45세,상해없음,승용,여,62세,경상
2021052100100257,2021년 5월 21일 14시,금요일,경기도 수원시 장안구 영화동,경상사고,0,0,1,0,차대차 - 기타,안전운전불이행,건조,맑음,교차로 - 교차로안,승용,여,24세,기타불명,승용,여,38세,경상
2021052100100295,2021년 5월 21일 15시,금요일,경기도 수원시 팔달구 화서동,경상사고,0,0,2,1,차대차 - 기타,안전운전불이행,젖음/습기,비,교차로 - 교차로안,승용,여,49세,부상신고,승용,남,61세,경상
2021052100100303,2021년 5월 21일 15시,금요일,경기도 수원시 권선구 세류동,경상사고,0,0,1,0,차대차 - 추돌,안전운전불이행,젖음/습기,비,단일로 - 기타,승합,남,56세,상해없음,이륜,남,38세,경상
2021052100100376,2021년 5월 21일 17시,금요일,경기도 수원시 팔달구 화서동,부상신고사고,0,0,0,1,차대차 - 추돌,안전운전불이행,젖음/습기,흐림,단일로 - 기타,이륜,남,27세,부상신고,승용,남,63세,상해없음
2021052100100382,2021년 5월 21일 17시,금요일,경기도 수원시 영통구 매탄동,경상사고,0,0,2,0,차대차 - 기타,안전운전불이행,건조,맑음,단일로 - 기타,승용,남,54세,상해없음,이륜,남,20세,경상
2021052100100430,2021년 5월 21일 18시,금요일,경기도 수원시 영통구 신동,경상사고,0,0,1,0,차대사람 - 길가장자리구역통행중,안전운전불이행,건조,맑음,단일로 - 기타,승용,여,25세,상해없음,보행자,여,27세,경상
2021052100100534,2021년 5월 21일 21시,금요일,경기도 수원시 장안구 조원동,경상사고,0,0,1,0,차량단독 - 기타,안전운전불이행,건조,맑음,단일로 - 기타,이륜,남,23세,상해없음,,,,
2021052100100535,2021년 5월 21일 21시,금요일,경기도 수원시 장안구 영화동,경상사고,0,0,1,0,차대차 - 측면충돌,직진우회전진행방해,건조,맑음,교차로 - 교차로안,승용,남,58세,경상,승용,남,28세,상해없음
2021052100100566,2021년 5월 21일 22시,금요일,경기도 수원시 권선구 권선동,경상사고,0,0,2,0,차대차 - 측면충돌,신호위반,건조,맑음,교차로 - 교차로부근,이륜,남,33세,경상,승용,남,35세,경상
2021052200100015,2021년 5월 22일 01시,토요일,경기도 수원시 영통구 원천동,중상사고,0,1,0,0,차대사람 - 횡단중,안전운전불이행,건조,맑음,단일로 - 기타,승용,남,65세,상해없음,보행자,남,24세,중상
2021052200100025,2021년 5월 22일 02시,토요일,경기도 수원시 장안구 조원동,중상사고,0,1,0,1,차대차 - 추돌,안전거리미확보,젖음/습기,흐림,단일로 - 기타,승용,여,43세,부상신고,화물,남,40세,중상
2021052200100064,2021년 5월 22일 07시,토요일,경기도 수원시 영통구 망포동,경상사고,0,0,1,0,차대차 - 측면충돌,신호위반,기타,맑음,교차로 - 교차로부근,승합,남,59세,상해없음,승용,남,31세,경상
2021052200100092,2021년 5월 22일 09시,토요일,경기도 수원시 장안구 파장동,경상사고,0,0,1,0,차대차 - 추돌,안전운전불이행,건조,맑음,단일로 - 기타,화물,남,52세,상해없음,승용,남,77세,경상
2021052200100154,2021년 5월 22일 11시,토요일,경기도 수원시 장안구 이목동,경상사고,0,0,1,0,차대차 - 기타,안전운전불이행,건조,맑음,단일로 - 기타,자전거,남,49세,경상,화물,남,39세,상해없음
2021052200100160,2021년 5월 22일 11시,토요일,경기도 수원시 권선구 세류동,중상사고,0,1,0,0,차대차 - 추돌,안전운전불이행,건조,맑음,단일로 - 기타,승용,남,68세,상해없음,기타불명,남,82세,중상
2021052200100195,2021년 5월 22일 12시,토요일,경기도 수원시 권선구 오목천동,경상사고,0,0,1,0,차대사람 - 기타,안전운전불이행,건조,맑음,단일로 - 기타,화물,남,47세,상해없음,보행자,남,55세,경상
2021052200100232,2021년 5월 22일 13시,토요일,경기도 수원시 장안구 영화동,경상사고,0,0,3,0,차대차 - 기타,중앙선침범,건조,맑음,단일로 - 기타,승용,남,28세,상해없음,승용,여,38세,경상
2021052200100235,2021년 5월 22일 13시,토요일,경기도 수원시 팔달구 인계동,중상사고,0,2,0,0,차대차 - 측면충돌,신호위반,건조,맑음,교차로 - 교차로안,이륜,남,69세,중상,이륜,남,56세,중상
2021052200100276,2021년 5월 22일 14시,토요일,경기도 수원시 장안구 영화동,부상신고사고,0,0,0,1,차대차 - 기타,안전운전불이행,건조,맑음,단일로 - 기타,자전거,남,57세,부상신고,승용,남,57세,상해없음
2021052200100277,2021년 5월 22일 14시,토요일,경기도 수원시 팔달구 화서동,경상사고,0,0,1,0,차대차 - 측면충돌,안전운전불이행,건조,맑음,단일로 - 기타,승용,남,47세,상해없음,자전거,남,15세,경상
2021052200100340,2021년 5월 22일 15시,토요일,경기도 수원시 팔달구 매산로2가,경상사고,0,0,3,0,차대차 - 추돌,안전거리미확보,건조,맑음,교차로 - 교차로부근,승용,남,58세,경상,승용,여,47세,경상
2021052200100463,2021년 5월 22일 18시,토요일,경기도 수원시 팔달구 인계동,경상사고,0,0,1,0,차대사람 - 기타,안전운전불이행,건조,맑음,단일로 - 기타,승용,여,48세,상해없음,보행자,남,30세,경상
2021052200100466,2021년 5월 22일 18시,토요일,경기도 수원시 권선구 구운동,중상사고,0,1,0,0,차대차 - 측면충돌,안전운전불이행,건조,맑음,단일로 - 기타,승용,남,65세,상해없음,자전거,남,62세,중상
2021052200100505,2021년 5월 22일 19시,토요일,경기도 수원시 장안구 연무동,부상신고사고,0,0,0,1,차대사람 - 횡단중,안전운전불이행,건조,맑음,교차로 - 교차로안,승용,남,83세,기타불명,보행자,남,22세,부상신고
2021052300100093,2021년 5월 23일 11시,일요일,경기도 수원시 영통구 매탄동,경상사고,0,0,1,0,차대차 - 추돌,안전운전불이행,건조,맑음,교차로 - 교차로안,승용,여,55세,상해없음,이륜,남,44세,경상
2021052300100095,2021년 5월 23일 11시,일요일,경기도 수원시 권선구 고색동,경상사고,0,0,4,0,차대차 - 기타,안전거리미확보,건조,맑음,기타 - 기타,승용,남,74세,상해없음,승용,여,36세,경상
2021052300100144,2021년 5월 23일 13시,일요일,경기도 수원시 장안구 하광교동,경상사고,0,0,4,0,차대차 - 기타,안전운전불이행,건조,맑음,교차로 - 교차로안,승용,남,71세,상해없음,승용,남,50세,경상
2021052300100154,2021년 5월 23일 13시,일요일,경기도 수원시 팔달구 교동,경상사고,0,0,1,0,차대사람 - 보도통행중,보행자보호의무위반,건조,맑음,단일로 - 기타,승용,남,27세,상해없음,보행자,남,28세,경상
2021052300100191,2021년 5월 23일 14시,일요일,경기도 수원시 팔달구 중동,경상사고,0,0,1,0,차대사람 - 기타,안전운전불이행,건조,맑음,교차로 - 교차로안,승용,여,34세,상해없음,보행자,남,53세,경상
2021052300100223,2021년 5월 23일 15시,일요일,경기도 수원시 권선구 고색동,부상신고사고,0,0,0,1,차대차 - 기타,안전거리미확보,건조,맑음,단일로 - 기타,승용,남,38세,상해없음,승합,남,38세,상해없음
2021052300100324,2021년 5월 23일 19시,일요일,경기도 수원시 장안구 영화동,경상사고,0,0,1,0,차대차 - 기타,안전운전불이행,건조,맑음,교차로 - 교차로안,승용,남,67세,상해없음,승합,남,60세,상해없음
2021052300100329,2021년 5월 23일 19시,일요일,경기도 수원시 권선구 서둔동,경상사고,0,0,1,0,차대차 - 측면충돌,중앙선침범,건조,맑음,단일로 - 기타,개인형이동수단(PM),남,22세,경상,승용,남,46세,상해없음
2021052300100356,2021년 5월 23일 20시,일요일,경기도 수원시 팔달구 인계동,중상사고,0,1,1,0,차대차 - 측면충돌,신호위반,건조,맑음,교차로 - 교차로부근,이륜,남,20세,경상,이륜,남,50세,중상
2021052300100409,2021년 5월 23일 22시,일요일,경기도 수원시 영통구 영통동,경상사고,0,0,1,0,차대사람 - 횡단중,신호위반,건조,맑음,단일로 - 기타,승용,남,55세,상해없음,보행자,남,53세,경상
2021052400100027,2021년 5월 24일 06시,월요일,경기도 수원시 영통구 매탄동,경상사고,0,0,3,0,차대차 - 측면충돌,안전운전불이행,건조,맑음,교차로 - 교차로안,승용,여,53세,상해없음,승용,남,40세,경상
2021052400100165,2021년 5월 24일 11시,월요일,경기도 수원시 영통구 원천동,경상사고,0,0,1,0,차대사람 - 기타,안전운전불이행,건조,맑음,교차로 - 교차로안,승용,남,26세,상해없음,보행자,여,80세,경상
2021052400100470,2021년 5월 24일 19시,월요일,경기도 수원시 팔달구 우만동,중상사고,0,1,4,0,차대차 - 측면충돌,신호위반,건조,맑음,교차로 - 교차로안,승합,남,48세,상해없음,승합,남,61세,경상
2021052400100471,2021년 5월 24일 19시,월요일,경기도 수원시 팔달구 매산로3가,경상사고,0,0,1,0,차대사람 - 기타,보행자보호의무위반,건조,맑음,교차로 - 교차로안,승용,남,57세,상해없음,보행자,여,7세,경상
2021052400100522,2021년 5월 24일 21시,월요일,경기도 수원시 장안구 송죽동,경상사고,0,0,1,0,차대차 - 추돌,신호위반,건조,맑음,교차로 - 교차로부근,승용,남,24세,상해없음,승용,여,39세,경상
2021052500100004,2021년 5월 25일 00시,화요일,경기도 수원시 영통구 영통동,중상사고,0,1,0,0,차대차 - 측면충돌,교차로운행방법위반,건조,맑음,교차로 - 교차로안,승용,남,21세,상해없음,이륜,남,38세,중상
2021052500100018,2021년 5월 25일 02시,화요일,경기도 수원시 영통구 매탄동,경상사고,0,0,1,0,차량단독 - 공작물충돌,안전운전불이행,건조,맑음,단일로 - 기타,승용,남,18세,상해없음,,,,
2021052500100091,2021년 5월 25일 08시,화요일,경기도 수원시 영통구 매탄동,경상사고,0,0,1,0,차대사람 - 기타,안전운전불이행,건조,맑음,단일로 - 기타,승합,남,60세,상해없음,보행자,남,43세,경상
2021052500100128,2021년 5월 25일 09시,화요일,경기도 수원시 영통구 영통동,경상사고,0,0,1,1,차대차 - 측면충돌,안전운전불이행,건조,흐림,교차로 - 교차로부근,승용,여,42세,경상,승용,남,29세,부상신고
2021052500100197,2021년 5월 25일 11시,화요일,경기도 수원시 권선구 곡반정동,경상사고,0,0,2,0,차대차 - 추돌,안전운전불이행,건조,맑음,기타 - 기타,승합,남,49세,상해없음,승용,남,65세,경상
2021052500100222,2021년 5월 25일 12시,화요일,경기도 수원시 장안구 송죽동,경상사고,0,0,3,0,차대차 - 추돌,안전거리미확보,건조,맑음,교차로 - 교차로부근,이륜,남,23세,경상,승용,남,47세,경상
2021052500100326,2021년 5월 25일 15시,화요일,경기도 수원시 팔달구 매산로2가,중상사고,0,2,3,0,차대차 - 추돌,안전운전불이행,건조,맑음,단일로 - 기타,승용,남,59세,상해없음,승용,남,67세,중상
2021052500100369,2021년 5월 25일 16시,화요일,경기도 수원시 팔달구 우만동,경상사고,0,0,1,0,차대사람 - 보도통행중,보행자보호의무위반,건조,맑음,단일로 - 기타,승용,남,64세,상해없음,보행자,여,75세,경상
2021052500100505,2021년 5월 25일 19시,화요일,경기도 수원시 영통구 이의동,경상사고,0,0,1,1,차대차 - 측면충돌,안전운전불이행,건조,맑음,단일로 - 기타,이륜,남,40세,부상신고,승용,여,26세,경상
2021052600100056,2021년 5월 26일 07시,수요일,경기도 수원시 권선구 권선동,경상사고,0,0,1,0,차대차 - 측면충돌,신호위반,건조,맑음,단일로 - 기타,승용,남,52세,상해없음,승용,남,43세,경상
2021052600100083,2021년 5월 26일 08시,수요일,경기도 수원시 영통구 매탄동,경상사고,0,0,1,0,차대차 - 기타,신호위반,건조,맑음,교차로 - 교차로부근,승용,여,57세,상해없음,자전거,여,24세,경상
2021052600100150,2021년 5월 26일 10시,수요일,경기도 수원시 권선구 호매실동,경상사고,0,0,1,0,차대사람 - 기타,기타,건조,맑음,기타 - 기타,개인형이동수단(PM),여,20세,상해없음,보행자,여,24세,경상
2021052600100207,2021년 5월 26일 12시,수요일,경기도 수원시 영통구 매탄동,경상사고,0,0,1,0,차대차 - 측면충돌,안전운전불이행,건조,맑음,교차로 - 교차로안,승용,남,51세,상해없음,자전거,남,23세,경상
2021052600100260,2021년 5월 26일 14시,수요일,경기도 수원시 권선구 호매실동,경상사고,0,0,1,0,차대차 - 측면충돌,불법유턴,건조,맑음,단일로 - 기타,자전거,남,8세,경상,승용,여,53세,상해없음
2021052600100297,2021년 5월 26일 15시,수요일,경기도 수원시 팔달구 인계동,경상사고,0,0,1,0,차대차 - 측면충돌,안전운전불이행,건조,맑음,단일로 - 기타,승용,남,52세,상해없음,이륜,남,25세,경상
2021052600100324,2021년 5월 26일 16시,수요일,경기도 수원시 영통구 매탄동,중상사고,0,1,0,0,차대차 - 측면충돌,안전운전불이행,건조,맑음,교차로 - 교차로안,승용,남,65세,상해없음,이륜,남,24세,중상
2021052600100414,2021년 5월 26일 18시,수요일,경기도 수원시 권선구 구운동,경상사고,0,0,1,0,차대차 - 측면충돌,직진우회전진행방해,건조,맑음,교차로 - 교차로안,승용,남,38세,상해없음,이륜,남,39세,경상
2021052600100475,2021년 5월 26일 20시,수요일,경기도 수원시 권선구 세류동,경상사고,0,0,1,0,차대차 - 측면충돌,안전운전불이행,건조,맑음,교차로 - 교차로부근,승용,남,63세,상해없음,이륜,남,57세,경상
2021052600100503,2021년 5월 26일 21시,수요일,경기도 수원시 팔달구 인계동,중상사고,0,1,4,1,차대차 - 정면충돌,중앙선침범,기타,맑음,교차로 - 교차로부근,승용,남,27세,부상신고,승용,남,43세,중상
2021052700100041,2021년 5월 27일 06시,목요일,경기도 수원시 권선구 서둔동,중상사고,0,1,0,0,차대차 - 측면충돌,신호위반,건조,맑음,교차로 - 교차로안,승용,남,59세,상해없음,이륜,남,41세,중상
2021052700100111,2021년 5월 27일 09시,목요일,경기도 수원시 장안구 송죽동,경상사고,0,0,1,0,차대차 - 추돌,신호위반,젖음/습기,비,교차로 - 교차로안,승용,여,26세,상해없음,승용,남,38세,경상
2021052700100153,2021년 5월 27일 10시,목요일,경기도 수원시 권선구 고색동,경상사고,0,0,1,0,차대차 - 기타,신호위반,건조,맑음,교차로 - 교차로안,이륜,남,66세,경상,승용,남,61세,상해없음
2021052700100237,2021년 5월 27일 13시,목요일,경기도 수원시 팔달구 화서동,중상사고,0,1,0,0,차대차 - 기타,안전운전불이행,젖음/습기,흐림,교차로 - 교차로안,이륜,남,35세,중상,승용,여,50세,상해없음
2021052700100277,2021년 5월 27일 14시,목요일,경기도 수원시 영통구 매탄동,경상사고,0,0,1,0,차대사람 - 횡단중,보행자보호의무위반,젖음/습기,흐림,교차로 - 교차로횡단보도내,화물,남,41세,상해없음,보행자,남,9세,경상
2021052700100421,2021년 5월 27일 18시,목요일,경기도 수원시 권선구 권선동,경상사고,0,0,4,0,차대차 - 측면충돌,차로위반,건조,맑음,교차로 - 교차로부근,승합,남,35세,상해없음,승용,남,22세,경상
2021052700100558,2021년 5월 27일 22시,목요일,경기도 수원시 영통구 매탄동,부상신고사고,0,0,0,1,차대사람 - 기타,기타,건조,맑음,단일로 - 기타,자전거,기타불명,미분류,기타불명,보행자,남,55세,부상신고
2021052700100570,2021년 5월 27일 23시,목요일,경기도 수원시 권선구 구운동,중상사고,0,1,0,0,차대차 - 측면충돌,신호위반,건조,맑음,교차로 - 교차로안,승용,여,38세,상해없음,이륜,남,19세,중상
2021052800100021,2021년 5월 28일 02시,금요일,경기도 수원시 영통구 매탄동,중상사고,0,2,0,0,차대차 - 기타,신호위반,건조,맑음,교차로 - 교차로안,승용,여,64세,중상,승용,남,66세,중상
2021052800100133,2021년 5월 28일 09시,금요일,경기도 수원시 영통구 영통동,경상사고,0,0,1,0,차대차 - 측면충돌,직진우회전진행방해,젖음/습기,비,교차로 - 교차로안,승용,남,28세,기타불명,승용,여,40세,경상
2021052800100249,2021년 5월 28일 13시,금요일,경기도 수원시 장안구 송죽동,경상사고,0,0,1,0,차대사람 - 길가장자리구역통행중,안전운전불이행,건조,맑음,단일로 - 기타,승용,여,52세,상해없음,보행자,여,26세,경상
2021052800100295,2021년 5월 28일 14시,금요일,경기도 수원시 영통구 하동,경상사고,0,0,1,0,차대사람 - 횡단중,보행자보호의무위반,젖음/습기,비,교차로 - 교차로안,승용,여,51세,상해없음,보행자,여,59세,경상
2021052800100329,2021년 5월 28일 15시,금요일,경기도 수원시 팔달구 우만동,경상사고,0,0,1,0,차대차 - 기타,안전운전불이행,건조,맑음,기타 - 기타,화물,여,55세,상해없음,승용,남,36세,경상
2021052800100367,2021년 5월 28일 16시,금요일,경기도 수원시 권선구 서둔동,경상사고,0,0,1,0,차대차 - 기타,안전운전불이행,건조,맑음,단일로 - 기타,승용,남,63세,상해없음,이륜,남,41세,경상
2021052800100409,2021년 5월 28일 17시,금요일,경기도 수원시 권선구 평동,경상사고,0,0,2,0,차대차 - 추돌,안전운전불이행,건조,맑음,교차로 - 교차로부근,승용,남,30세,상해없음,승용,남,59세,경상
2021052800100460,2021년 5월 28일 18시,금요일,경기도 수원시 영통구 이의동,경상사고,0,0,1,0,차대사람 - 기타,안전운전불이행,건조,맑음,교차로 - 교차로부근,이륜,남,23세,상해없음,보행자,여,21세,경상
2021052800100541,2021년 5월 28일 20시,금요일,경기도 수원시 팔달구 화서동,경상사고,0,0,1,0,차대차 - 기타,교차로운행방법위반,건조,흐림,교차로 - 교차로안,승용,남,42세,상해없음,이륜,남,23세,경상
2021052900100155,2021년 5월 29일 11시,토요일,경기도 수원시 장안구 조원동,경상사고,0,0,3,0,차대차 - 측면충돌,신호위반,건조,맑음,교차로 - 교차로안,승용,남,71세,상해없음,승용,남,28세,경상
2021052900100159,2021년 5월 29일 11시,토요일,경기도 수원시 팔달구 인계동,중상사고,0,1,0,0,차대차 - 기타,안전운전불이행,건조,맑음,단일로 - 기타,승용,여,37세,상해없음,이륜,남,19세,중상
2021052900100160,2021년 5월 29일 11시,토요일,경기도 수원시 팔달구 인계동,경상사고,0,0,2,0,차대차 - 기타,안전운전불이행,건조,맑음,단일로 - 기타,승용,여,36세,상해없음,승용,남,61세,상해없음
2021052900100198,2021년 5월 29일 12시,토요일,경기도 수원시 장안구 송죽동,경상사고,0,0,1,2,차대차 - 측면충돌,안전운전불이행,건조,맑음,교차로 - 교차로부근,승용,여,41세,부상신고,이륜,남,40세,경상
2021052900100349,2021년 5월 29일 16시,토요일,경기도 수원시 장안구 정자동,중상사고,0,1,1,3,차대차 - 측면충돌,직진우회전진행방해,건조,맑음,교차로 - 교차로안,승용,남,57세,부상신고,승용,남,68세,중상
2021052900100353,2021년 5월 29일 16시,토요일,경기도 수원시 영통구 신동,경상사고,0,0,1,0,차대차 - 측면충돌,신호위반,건조,맑음,기타 - 기타,이륜,남,36세,상해없음,승용,남,29세,경상
2021052900100354,2021년 5월 29일 16시,토요일,경기도 수원시 팔달구 고등동,경상사고,0,0,1,0,차대사람 - 기타,신호위반,건조,맑음,교차로 - 교차로안,승합,남,47세,상해없음,보행자,남,72세,경상
2021052900100428,2021년 5월 29일 18시,토요일,경기도 수원시 영통구 영통동,경상사고,0,0,1,0,차대차 - 기타,신호위반,건조,맑음,교차로 - 교차로안,승용,여,31세,상해없음,이륜,남,47세,경상
2021052900100457,2021년 5월 29일 19시,토요일,경기도 수원시 장안구 송죽동,부상신고사고,0,0,0,1,차대차 - 측면충돌,안전운전불이행,건조,맑음,단일로 - 기타,이륜,남,18세,기타불명,승용,남,39세,부상신고
2021052900100464,2021년 5월 29일 19시,토요일,경기도 수원시 권선구 오목천동,경상사고,0,0,3,0,차대차 - 기타,신호위반,건조,맑음,교차로 - 교차로안,승용,남,27세,상해없음,승용,남,63세,경상
2021052900100495,2021년 5월 29일 20시,토요일,경기도 수원시 팔달구 매산로1가,경상사고,0,0,1,0,차대사람 - 기타,안전운전불이행,건조,맑음,단일로 - 기타,기타불명,기타불명,미분류,기타불명,보행자,남,56세,경상
2021052900100550,2021년 5월 29일 22시,토요일,경기도 수원시 권선구 세류동,경상사고,0,0,1,0,차량단독 - 기타,안전운전불이행,건조,맑음,단일로 - 고가도로위,이륜,남,45세,경상,,,,
2021053000100051,2021년 5월 30일 08시,일요일,경기도 수원시 영통구 이의동,경상사고,0,0,1,0,차대차 - 추돌,기타,건조,맑음,단일로 - 기타,승용,남,23세,상해없음,승용,여,54세,경상
2021053000100104,2021년 5월 30일 11시,일요일,경기도 수원시 팔달구 북수동,경상사고,0,0,1,0,차대차 - 측면충돌,안전운전불이행,건조,맑음,단일로 - 기타,승용,남,50세,상해없음,자전거,남,64세,경상
2021053000100202,2021년 5월 30일 14시,일요일,경기도 수원시 영통구 매탄동,경상사고,0,0,3,0,차대차 - 측면충돌,불법유턴,건조,맑음,교차로 - 교차로횡단보도내,자전거,남,17세,경상,승합,남,63세,상해없음
2021053000100203,2021년 5월 30일 14시,일요일,경기도 수원시 영통구 이의동,경상사고,0,0,1,0,차대사람 - 차도통행중,안전운전불이행,건조,맑음,단일로 - 기타,승용,남,62세,상해없음,보행자,남,41세,경상
2021053000100204,2021년 5월 30일 14시,일요일,경기도 수원시 영통구 영통동,경상사고,0,0,2,0,차대차 - 추돌,안전운전불이행,건조,맑음,교차로 - 교차로부근,승용,여,56세,상해없음,승용,남,30세,경상
2021053000100281,2021년 5월 30일 16시,일요일,경기도 수원시 영통구 원천동,중상사고,0,1,0,0,차대차 - 측면충돌,안전운전불이행,건조,맑음,단일로 - 기타,승용,여,54세,상해없음,이륜,남,29세,중상
2021053000100283,2021년 5월 30일 16시,일요일,경기도 수원시 팔달구 매산로3가,중상사고,0,1,2,0,차대차 - 측면충돌,안전거리미확보,건조,맑음,단일로 - 기타,승용,남,22세,중상,화물,남,56세,상해없음
2021053000100315,2021년 5월 30일 17시,일요일,경기도 수원시 권선구 금곡동,경상사고,0,0,3,0,차대차 - 기타,신호위반,건조,맑음,교차로 - 교차로횡단보도내,이륜,남,61세,경상,승용,남,48세,경상
2021053000100413,2021년 5월 30일 20시,일요일,경기도 수원시 팔달구 인계동,경상사고,0,0,2,0,차대차 - 추돌,안전운전불이행,젖음/습기,비,기타 - 기타,승용,남,50세,상해없음,승용,남,27세,경상
2021053000100492,2021년 5월 30일 23시,일요일,경기도 수원시 팔달구 화서동,중상사고,0,1,0,0,차대차 - 측면충돌,교차로운행방법위반,젖음/습기,비,교차로 - 교차로안,승용,남,27세,상해없음,이륜,남,37세,중상
2021053100100028,2021년 5월 31일 06시,월요일,경기도 수원시 팔달구 화서동,부상신고사고,0,0,0,1,차대사람 - 횡단중,안전운전불이행,젖음/습기,흐림,단일로 - 기타,승용,여,44세,상해없음,보행자,남,41세,부상신고
2021053100100062,2021년 5월 31일 08시,월요일,경기도 수원시 장안구 연무동,경상사고,0,0,1,0,차대차 - 측면충돌,안전거리미확보,건조,맑음,단일로 - 기타,승용,남,70세,상해없음,자전거,남,81세,경상
2021053100100102,2021년 5월 31일 09시,월요일,경기도 수원시 영통구 매탄동,경상사고,0,0,1,0,차대차 - 측면충돌,교차로운행방법위반,건조,맑음,교차로 - 교차로안,승용,남,68세,상해없음,승용,여,44세,경상
2021053100100289,2021년 5월 31일 15시,월요일,경기도 수원시 장안구 영화동,경상사고,0,0,1,0,차대차 - 기타,안전운전불이행,건조,흐림,단일로 - 기타,승용,여,60세,상해없음,승용,남,49세,경상
2021053100100290,2021년 5월 31일 15시,월요일,경기도 수원시 권선구 세류동,경상사고,0,0,1,0,차대차 - 측면충돌,안전거리미확보,건조,맑음,단일로 - 기타,승용,남,62세,상해없음,승용,남,60세,경상
2021053100100324,2021년 5월 31일 16시,월요일,경기도 수원시 장안구 율전동,경상사고,0,0,3,0,차대차 - 측면충돌,신호위반,건조,맑음,교차로 - 교차로안,승용,여,47세,상해없음,승용,남,56세,경상
2021053100100360,2021년 5월 31일 17시,월요일,경기도 수원시 장안구 영화동,경상사고,0,0,2,0,차대차 - 후진중충돌,안전운전불이행,건조,맑음,단일로 - 기타,승용,남,53세,상해없음,승용,남,49세,경상
2021053100100503,2021년 5월 31일 21시,월요일,경기도 수원시 장안구 정자동,경상사고,0,0,1,0,차대차 - 기타,안전운전불이행,건조,맑음,교차로 - 교차로부근,이륜,남,28세,경상,승용,여,56세,기타불명
2021053100100523,2021년 5월 31일 22시,월요일,경기도 수원시 권선구 권선동,경상사고,0,0,1,0,차대차 - 기타,교차로운행방법위반,건조,맑음,교차로 - 교차로안,승용,남,57세,상해없음,승용,남,33세,경상
2021060100100039,2021년 6월 1일 06시,화요일,경기도 수원시 장안구 이목동,경상사고,0,0,2,1,차대차 - 기타,차로위반,건조,흐림,교차로 - 교차로부근,건설기계,남,51세,경상,승합,남,40세,경상
2021060100100060,2021년 6월 1일 07시,화요일,경기도 수원시 영통구 영통동,경상사고,0,0,1,0,차대차 - 추돌,안전운전불이행,건조,맑음,교차로 - 교차로부근,승용,남,30세,상해없음,승용,여,35세,경상
2021060100100132,2021년 6월 1일 09시,화요일,경기도 수원시 팔달구 매산로3가,경상사고,0,0,1,0,차대차 - 측면충돌,교차로운행방법위반,건조,맑음,교차로 - 교차로안,승용,여,48세,상해없음,승용,여,34세,경상
2021060100100215,2021년 6월 1일 12시,화요일,경기도 수원시 장안구 하광교동,경상사고,0,0,1,0,차량단독 - 기타,안전운전불이행,건조,맑음,단일로 - 기타,화물,남,32세,경상,,,,
2021060100100216,2021년 6월 1일 12시,화요일,경기도 수원시 팔달구 인계동,경상사고,0,0,1,0,차대사람 - 기타,안전운전불이행,건조,맑음,단일로 - 기타,승합,남,40세,상해없음,보행자,남,57세,경상
2021060100100219,2021년 6월 1일 12시,화요일,경기도 수원시 영통구 영통동,경상사고,0,0,1,0,차대사람 - 기타,안전운전불이행,건조,맑음,단일로 - 기타,원동기,남,57세,상해없음,보행자,남,24세,경상
2021060100100297,2021년 6월 1일 14시,화요일,경기도 수원시 권선구 당수동,경상사고,0,0,1,0,차대차 - 추돌,안전거리미확보,건조,맑음,단일로 - 기타,승용,여,30세,상해없음,승용,여,23세,경상
2021060100100334,2021년 6월 1일 15시,화요일,경기도 수원시 영통구 원천동,경상사고,0,0,1,0,차대차 - 측면충돌,신호위반,건조,맑음,교차로 - 교차로안,승합,남,57세,상해없음,승용,남,39세,경상
2021060100100421,2021년 6월 1일 17시,화요일,경기도 수원시 팔달구 매산로2가,경상사고,0,0,1,0,차대사람 - 기타,안전운전불이행,건조,맑음,단일로 - 기타,승용,남,19세,상해없음,보행자,남,39세,경상
2021060100100473,2021년 6월 1일 18시,화요일,경기도 수원시 권선구 오목천동,경상사고,0,0,1,0,차대차 - 기타,안전운전불이행,건조,맑음,교차로 - 교차로부근,이륜,남,20세,상해없음,승용,남,70세,경상
2021060100100540,2021년 6월 1일 20시,화요일,경기도 수원시 팔달구 화서동,경상사고,0,0,1,0,차대차 - 기타,안전운전불이행,건조,흐림,교차로 - 교차로부근,승합,남,60세,상해없음,이륜,남,27세,경상
2021060100100543,2021년 6월 1일 20시,화요일,경기도 수원시 팔달구 매산로1가,경상사고,0,0,3,1,차대차 - 기타,교차로운행방법위반,건조,맑음,교차로 - 교차로부근,승용,남,64세,상해없음,승용,남,20세,경상