사고번호,사고일시,요일,시군구,사고내용,사망자수,중상자수,경상자수,부상신고자수,사고유형,법규위반,노면상태,기상상태,도로형태,가해운전자 차종,가해운전자 성별,가해운전자 연령,가해운전자 상해정도,피해운전자 차종,피해운전자 성별,피해운전자 연령,피해운전자 상해정도
2021060100100601,2021년 6월 1일 22시,화요일,경기도 수원시 팔달구 매산로1가,경상사고,0,0,1,0,차대차 - 추돌,중앙선침범,건조,맑음,교차로 - 교차로부근,승용,남,39세,상해없음,승합,남,59세,경상
2021060100100616,2021년 6월 1일 23시,화요일,경기도 수원시 팔달구 화서동,경상사고,0,0,1,0,차대차 - 추돌,안전운전불이행,건조,맑음,교차로 - 교차로안,승용,여,69세,기타불명,이륜,남,35세,경상
2021060100100617,2021년 6월 1일 23시,화요일,경기도 수원시 장안구 파장동,경상사고,0,0,1,0,차대차 - 정면충돌,신호위반,건조,맑음,교차로 - 교차로안,승용,남,20세,상해없음,이륜,남,21세,경상
2021060100100620,2021년 6월 1일 23시,화요일,경기도 수원시 팔달구 교동,경상사고,0,0,1,0,차량단독 - 공작물충돌,안전운전불이행,건조,맑음,단일로 - 기타,승용,남,48세,상해없음,,,,
2021060200100005,2021년 6월 2일 00시,수요일,경기도 수원시 장안구 천천동,부상신고사고,0,0,0,1,차량단독 - 전도전복 - 전도,기타,건조,흐림,단일로 - 기타,개인형이동수단(PM),남,28세,부상신고,,,,
2021060200100051,2021년 6월 2일 07시,수요일,경기도 수원시 영통구 망포동,경상사고,0,0,2,0,차대차 - 측면충돌,신호위반,건조,맑음,교차로 - 교차로안,승용,남,57세,상해없음,승합,남,69세,상해없음
2021060200100081,2021년 6월 2일 08시,수요일,경기도 수원시 권선구 세류동,경상사고,0,0,1,0,차대차 - 기타,안전운전불이행,건조,맑음,교차로 - 교차로안,이륜,남,51세,상해없음,승용,남,40세,경상
2021060200100150,2021년 6월 2일 10시,수요일,경기도 수원시 권선구 권선동,경상사고,0,0,1,0,차대차 - 후진중충돌,안전운전불이행,건조,맑음,교차로 - 교차로부근,승용,남,46세,상해없음,화물,남,55세,경상
2021060200100179,2021년 6월 2일 11시,수요일,경기도 수원시 권선구 곡반정동,경상사고,0,0,1,0,차대차 - 정면충돌,안전운전불이행,건조,맑음,단일로 - 기타,화물,남,52세,상해없음,이륜,남,47세,경상
2021060200100282,2021년 6월 2일 14시,수요일,경기도 수원시 장안구 정자동,경상사고,0,0,1,0,차대차 - 측면충돌,신호위반,건조,맑음,교차로 - 교차로안,승용,여,42세,상해없음,승용,남,64세,경상
2021060200100287,2021년 6월 2일 14시,수요일,경기도 수원시 권선구 권선동,경상사고,0,0,1,0,차대차 - 측면충돌,안전거리미확보,건조,맑음,교차로 - 교차로부근,승용,남,38세,상해없음,승용,여,27세,경상
2021060200100322,2021년 6월 2일 15시,수요일,경기도 수원시 장안구 조원동,중상사고,0,1,0,0,차대사람 - 횡단중,안전운전불이행,건조,맑음,단일로 - 기타,승용,여,38세,상해없음,보행자,여,9세,중상
2021060200100359,2021년 6월 2일 16시,수요일,경기도 수원시 권선구 오목천동,경상사고,0,0,1,0,차대차 - 추돌,안전운전불이행,건조,맑음,단일로 - 기타,승용,남,36세,상해없음,승용,남,41세,경상
2021060200100399,2021년 6월 2일 17시,수요일,경기도 수원시 영통구 하동,중상사고,0,1,1,0,차대차 - 추돌,안전운전불이행,건조,맑음,교차로 - 교차로안,자전거,남,18세,경상,자전거,남,12세,중상
2021060200100402,2021년 6월 2일 17시,수요일,경기도 수원시 권선구 평동,경상사고,0,0,1,0,차대차 - 기타,안전거리미확보,건조,맑음,단일로 - 기타,승용,남,44세,상해없음,승용,남,39세,경상
2021060200100465,2021년 6월 2일 18시,수요일,경기도 수원시 영통구 매탄동,경상사고,0,0,1,0,차대차 - 측면충돌,안전운전불이행,건조,맑음,단일로 - 기타,이륜,남,34세,상해없음,이륜,남,30세,경상
2021060200100541,2021년 6월 2일 20시,수요일,경기도 수원시 권선구 구운동,중상사고,0,1,0,0,차대차 - 측면충돌,신호위반,건조,맑음,교차로 - 교차로안,승합,남,71세,상해없음,이륜,남,25세,중상
2021060200100542,2021년 6월 2일 20시,수요일,경기도 수원시 권선구 고색동,경상사고,0,0,1,1,차대차 - 추돌,기타,건조,맑음,단일로 - 기타,이륜,남,29세,부상신고,승합,남,61세,경상
2021060200100561,2021년 6월 2일 21시,수요일,경기도 수원시 장안구 송죽동,경상사고,0,0,1,0,차대사람 - 기타,안전운전불이행,건조,맑음,기타 - 기타,이륜,남,50세,경상,보행자,여,39세,기타불명
2021060200100595,2021년 6월 2일 22시,수요일,경기도 수원시 권선구 세류동,중상사고,0,1,1,0,차대사람 - 횡단중,안전운전불이행,건조,맑음,교차로 - 교차로횡단보도내,승합,남,45세,상해없음,보행자,남,59세,중상
2021060200100596,2021년 6월 2일 22시,수요일,경기도 수원시 권선구 고색동,경상사고,0,0,1,0,차대사람 - 횡단중,신호위반,건조,맑음,교차로 - 교차로횡단보도내,승용,여,58세,상해없음,보행자,여,61세,경상
2021060300100093,2021년 6월 3일 08시,목요일,경기도 수원시 영통구 하동,경상사고,0,0,1,0,차대사람 - 횡단중,보행자보호의무위반,건조,맑음,교차로 - 교차로부근,승용,여,36세,상해없음,보행자,남,10세,경상
2021060300100094,2021년 6월 3일 08시,목요일,경기도 수원시 권선구 곡반정동,경상사고,0,0,2,0,차대차 - 측면충돌,직진우회전진행방해,건조,맑음,교차로 - 교차로안,승용,여,41세,상해없음,승용,남,63세,경상
2021060300100154,2021년 6월 3일 10시,목요일,경기도 수원시 권선구 고색동,경상사고,0,0,1,0,차대차 - 측면충돌,안전거리미확보,건조,맑음,단일로 - 기타,승용,남,82세,상해없음,승용,여,42세,경상
2021060300100274,2021년 6월 3일 14시,목요일,경기도 수원시 권선구 구운동,경상사고,0,0,3,1,차대차 - 추돌,안전운전불이행,젖음/습기,비,단일로 - 기타,승용,남,50세,부상신고,승용,남,66세,경상
2021060300100296,2021년 6월 3일 15시,목요일,경기도 수원시 권선구 세류동,경상사고,0,0,2,0,차대차 - 추돌,안전운전불이행,젖음/습기,비,단일로 - 기타,화물,남,51세,상해없음,승합,남,58세,경상
2021060300100324,2021년 6월 3일 16시,목요일,경기도 수원시 팔달구 매산로1가,경상사고,0,0,1,0,차대차 - 기타,안전거리미확보,젖음/습기,비,교차로 - 교차로안,승용,남,49세,상해없음,승용,남,30세,경상
2021060300100399,2021년 6월 3일 18시,목요일,경기도 수원시 팔달구 인계동,경상사고,0,0,1,0,차대차 - 추돌,안전운전불이행,젖음/습기,비,단일로 - 기타,승용,남,62세,상해없음,승용,여,41세,경상
2021060300100402,2021년 6월 3일 18시,목요일,경기도 수원시 권선구 고색동,경상사고,0,0,1,0,차대사람 - 기타,안전운전불이행,젖음/습기,비,단일로 - 기타,승용,여,46세,상해없음,보행자,남,42세,경상
2021060300100448,2021년 6월 3일 19시,목요일,경기도 수원시 팔달구 화서동,경상사고,0,0,1,0,차대차 - 측면충돌,교차로운행방법위반,젖음/습기,비,교차로 - 교차로안,승용,여,44세,상해없음,이륜,남,37세,경상
2021060300100449,2021년 6월 3일 19시,목요일,경기도 수원시 장안구 정자동,경상사고,0,0,1,0,차대사람 - 기타,기타,젖음/습기,비,기타 - 기타,승용,여,52세,상해없음,보행자,여,28세,경상
2021060300100454,2021년 6월 3일 19시,목요일,경기도 수원시 권선구 호매실동,경상사고,0,0,1,0,차대차 - 기타,신호위반,젖음/습기,비,단일로 - 기타,승용,남,61세,상해없음,승합,남,61세,경상
2021060300100492,2021년 6월 3일 20시,목요일,경기도 수원시 영통구 원천동,경상사고,0,0,1,0,차대차 - 측면충돌,안전운전불이행,건조,맑음,단일로 - 기타,승용,남,44세,상해없음,승용,여,56세,경상
2021060300100497,2021년 6월 3일 20시,목요일,경기도 수원시 권선구 구운동,경상사고,0,0,1,0,차대사람 - 기타,기타,젖음/습기,비,단일로 - 기타,승합,남,57세,상해없음,보행자,여,60세,경상
2021060300100537,2021년 6월 3일 21시,목요일,경기도 수원시 장안구 영화동,중상사고,0,1,0,0,차대사람 - 횡단중,안전운전불이행,젖음/습기,비,단일로 - 기타,화물,남,53세,기타불명,보행자,남,77세,중상
2021060300100592,2021년 6월 3일 22시,목요일,경기도 수원시 영통구 매탄동,중상사고,0,1,0,0,차대사람 - 횡단중,신호위반,젖음/습기,비,교차로 - 교차로부근,이륜,남,20세,상해없음,보행자,여,50세,중상
2021060300100593,2021년 6월 3일 22시,목요일,경기도 수원시 영통구 매탄동,경상사고,0,0,2,0,차대차 - 측면충돌,안전운전불이행,젖음/습기,비,교차로 - 교차로안,승용,여,46세,상해없음,승용,여,50세,경상
2021060300100595,2021년 6월 3일 22시,목요일,경기도 수원시 팔달구 매산로1가,경상사고,0,0,1,0,차대차 - 측면충돌,신호위반,젖음/습기,비,교차로 - 교차로안,승용,남,51세,상해없음,승합,남,58세,경상
2021060300100596,2021년 6월 3일 22시,목요일,경기도 수원시 권선구 구운동,중상사고,0,1,1,0,차대차 - 추돌,안전운전불이행,젖음/습기,비,단일로 - 기타,승용,남,39세,상해없음,승용,여,46세,중상
2021060300100631,2021년 6월 3일 23시,목요일,경기도 수원시 권선구 평동,경상사고,0,0,1,1,차대차 - 추돌,안전운전불이행,젖음/습기,흐림,단일로 - 기타,승용,남,65세,상해없음,승용,남,50세,부상신고
2021060400100025,2021년 6월 4일 02시,금요일,경기도 수원시 장안구 영화동,중상사고,0,1,1,0,차대사람 - 기타,안전운전불이행,건조,맑음,단일로 - 기타,승용,남,63세,상해없음,보행자,남,32세,경상
2021060400100027,2021년 6월 4일 03시,금요일,경기도 수원시 팔달구 인계동,부상신고사고,0,0,0,1,차대차 - 측면충돌,안전거리미확보,건조,맑음,교차로 - 교차로부근,승용,남,54세,상해없음,승용,남,22세,부상신고
2021060400100094,2021년 6월 4일 08시,금요일,경기도 수원시 권선구 세류동,중상사고,0,1,0,0,차대차 - 기타,직진우회전진행방해,건조,맑음,교차로 - 교차로안,이륜,여,35세,중상,승용,여,43세,상해없음
2021060400100128,2021년 6월 4일 09시,금요일,경기도 수원시 권선구 당수동,경상사고,0,0,1,0,차대차 - 추돌,안전운전불이행,건조,맑음,단일로 - 기타,승용,여,61세,상해없음,승용,남,35세,경상
2021060400100153,2021년 6월 4일 10시,금요일,경기도 수원시 장안구 영화동,경상사고,0,0,2,0,차대차 - 측면충돌,안전거리미확보,건조,맑음,단일로 - 기타,승용,여,54세,상해없음,승용,남,24세,경상
2021060400100154,2021년 6월 4일 10시,금요일,경기도 수원시 장안구 율전동,경상사고,0,0,1,0,차대차 - 측면충돌,안전운전불이행,건조,맑음,교차로 - 교차로부근,승용,남,31세,상해없음,승용,여,47세,경상
2021060400100160,2021년 6월 4일 10시,금요일,경기도 수원시 영통구 매탄동,사망사고,1,0,0,0,차대차 - 측면충돌,안전운전불이행,건조,맑음,교차로 - 교차로횡단보도내,자전거,남,74세,사망,화물,남,40세,상해없음
2021060400100195,2021년 6월 4일 11시,금요일,경기도 수원시 영통구 이의동,경상사고,0,0,1,0,차대사람 - 기타,기타,건조,맑음,기타 - 기타,화물,남,42세,상해없음,보행자,여,26세,경상
2021060400100253,2021년 6월 4일 13시,금요일,경기도 수원시 장안구 정자동,경상사고,0,0,1,0,차량단독 - 기타,안전운전불이행,건조,맑음,교차로 - 교차로부근,승합,남,61세,상해없음,,,,
2021060400100297,2021년 6월 4일 14시,금요일,경기도 수원시 권선구 세류동,중상사고,0,1,0,0,차대사람 - 횡단중,안전운전불이행,건조,맑음,단일로 - 기타,승용,여,49세,상해없음,보행자,여,10세,중상
2021060400100387,2021년 6월 4일 16시,금요일,경기도 수원시 장안구 송죽동,경상사고,0,0,3,0,차대차 - 추돌,안전운전불이행,건조,흐림,단일로 - 터널,승용,여,50세,상해없음,승용,남,52세,경상
2021060400100442,2021년 6월 4일 17시,금요일,경기도 수원시 팔달구 화서동,경상사고,0,0,1,0,차대사람 - 기타,안전운전불이행,건조,맑음,단일로 - 기타,승용,남,51세,상해없음,보행자,남,67세,경상
2021060400100505,2021년 6월 4일 18시,금요일,경기도 수원시 장안구 천천동,경상사고,0,0,1,0,차대차 - 기타,신호위반,건조,맑음,교차로 - 교차로안,승용,남,57세,상해없음,이륜,남,39세,경상
2021060400100511,2021년 6월 4일 18시,금요일,경기도 수원시 영통구 영통동,부상신고사고,0,0,0,1,차대차 - 기타,안전운전불이행,건조,맑음,교차로 - 교차로부근,승용,남,32세,부상신고,화물,남,59세,상해없음
2021060400100559,2021년 6월 4일 19시,금요일,경기도 수원시 팔달구 인계동,중상사고,0,1,0,0,차대차 - 추돌,안전운전불이행,건조,맑음,기타 - 기타,이륜,남,31세,상해없음,이륜,남,36세,중상
2021060400100593,2021년 6월 4일 20시,금요일,경기도 수원시 팔달구 매산로1가,부상신고사고,0,0,0,3,차대차 - 기타,안전거리미확보,건조,맑음,교차로 - 교차로부근,승용,남,26세,상해없음,승용,남,20세,부상신고
2021060400100651,2021년 6월 4일 22시,금요일,경기도 수원시 장안구 정자동,경상사고,0,0,1,0,차대차 - 추돌,안전운전불이행,건조,맑음,교차로 - 교차로부근,승용,남,57세,상해없음,승용,남,30세,경상
2021060400100652,2021년 6월 4일 22시,금요일,경기도 수원시 장안구 조원동,경상사고,0,0,1,0,차대차 - 기타,신호위반,건조,맑음,교차로 - 교차로부근,승용,남,41세,상해없음,이륜,남,20세,경상
2021060500100044,2021년 6월 5일 04시,토요일,경기도 수원시 팔달구 인계동,부상신고사고,0,0,0,1,차량단독 - 공작물충돌,안전운전불이행,건조,맑음,단일로 - 기타,승용,남,60세,부상신고,,,,
2021060500100100,2021년 6월 5일 09시,토요일,경기도 수원시 영통구 이의동,경상사고,0,0,1,0,차량단독 - 기타,안전운전불이행,건조,맑음,교차로 - 교차로안,승용,남,69세,상해없음,,,,
2021060500100132,2021년 6월 5일 10시,토요일,경기도 수원시 팔달구 교동,경상사고,0,0,1,0,차대차 - 추돌,안전거리미확보,건조,맑음,단일로 - 기타,이륜,남,25세,경상,승용,남,59세,상해없음
2021060500100169,2021년 6월 5일 11시,토요일,경기도 수원시 장안구 연무동,경상사고,0,0,1,0,차대차 - 기타,신호위반,건조,맑음,교차로 - 교차로안,승용,여,60세,상해없음,승용,남,43세,경상
2021060500100219,2021년 6월 5일 12시,토요일,경기도 수원시 장안구 영화동,경상사고,0,0,2,0,차대차 - 기타,교차로운행방법위반,건조,맑음,교차로 - 교차로안,이륜,남,54세,상해없음,승용,남,73세,경상
2021060500100220,2021년 6월 5일 12시,토요일,경기도 수원시 장안구 영화동,경상사고,0,0,2,0,차대차 - 추돌,안전운전불이행,건조,맑음,단일로 - 기타,화물,남,43세,상해없음,승용,여,51세,경상
2021060500100227,2021년 6월 5일 12시,토요일,경기도 수원시 영통구 이의동,경상사고,0,0,1,0,차대차 - 추돌,안전거리미확보,건조,맑음,교차로 - 교차로부근,개인형이동수단(PM),남,31세,경상,승용,남,49세,상해없음
2021060500100281,2021년 6월 5일 13시,토요일,경기도 수원시 팔달구 인계동,경상사고,0,0,1,0,차대차 - 기타,안전운전불이행,건조,맑음,단일로 - 기타,승용,남,56세,상해없음,승용,여,45세,경상
2021060500100326,2021년 6월 5일 14시,토요일,경기도 수원시 권선구 권선동,경상사고,0,0,1,0,차대차 - 측면충돌,안전운전불이행,건조,맑음,기타 - 기타,승용,남,30세,상해없음,승용,남,26세,경상
2021060500100417,2021년 6월 5일 16시,토요일,경기도 수원시 권선구 구운동,중상사고,0,1,0,0,차대차 - 기타,불법유턴,건조,맑음,교차로 - 교차로부근,승용,남,66세,상해없음,이륜,남,45세,중상
2021060500100489,2021년 6월 5일 18시,토요일,경기도 수원시 영통구 망포동,경상사고,0,0,1,0,차대차 - 측면충돌,신호위반,건조,맑음,교차로 - 교차로안,승용,남,54세,상해없음,승용,여,27세,경상
2021060500100514,2021년 6월 5일 19시,토요일,경기도 수원시 영통구 원천동,경상사고,0,0,1,0,차대차 - 기타,중앙선침범,건조,맑음,단일로 - 기타,승용,남,33세,상해없음,승용,남,51세,경상
2021060500100540,2021년 6월 5일 20시,토요일,경기도 수원시 권선구 곡반정동,중상사고,0,1,0,0,차대차 - 기타,안전거리미확보,건조,맑음,기타 - 기타,승용,남,49세,상해없음,이륜,남,41세,중상
2021060500100564,2021년 6월 5일 21시,토요일,경기도 수원시 권선구 호매실동,경상사고,0,0,1,0,차대차 - 기타,안전운전불이행,건조,맑음,단일로 - 기타,승용,남,30세,상해없음,원동기,남,25세,경상
2021060500100607,2021년 6월 5일 23시,토요일,경기도 수원시 팔달구 인계동,부상신고사고,0,0,0,1,차대사람 - 기타,안전운전불이행,건조,맑음,기타 - 기타,원동기,남,51세,상해없음,보행자,여,28세,부상신고
2021060600100013,2021년 6월 6일 01시,일요일,경기도 수원시 장안구 조원동,경상사고,0,0,1,0,차대차 - 기타,신호위반,건조,흐림,교차로 - 교차로안,이륜,남,25세,상해없음,승용,남,58세,상해없음
2021060600100036,2021년 6월 6일 04시,일요일,경기도 수원시 장안구 영화동,부상신고사고,0,0,0,1,차대차 - 정면충돌,안전운전불이행,건조,맑음,교차로 - 교차로안,승용,남,38세,상해없음,승용,남,57세,부상신고
2021060600100131,2021년 6월 6일 12시,일요일,경기도 수원시 영통구 영통동,부상신고사고,0,0,0,1,차대차 - 기타,안전운전불이행,건조,맑음,교차로 - 교차로안,승용,남,22세,상해없음,이륜,남,39세,부상신고
2021060600100161,2021년 6월 6일 13시,일요일,경기도 수원시 권선구 오목천동,경상사고,0,0,1,0,차대차 - 추돌,안전운전불이행,건조,맑음,단일로 - 기타,자전거,남,47세,경상,승용,남,23세,기타불명
2021060600100257,2021년 6월 6일 16시,일요일,경기도 수원시 권선구 금곡동,중상사고,0,1,0,0,차량단독 - 공작물충돌,안전운전불이행,건조,맑음,교차로 - 교차로부근,승용,여,44세,상해없음,,,,
2021060600100258,2021년 6월 6일 16시,일요일,경기도 수원시 권선구 서둔동,경상사고,0,0,1,1,차대차 - 기타,안전거리미확보,건조,맑음,단일로 - 기타,승용,여,30세,부상신고,승용,남,42세,경상
2021060600100293,2021년 6월 6일 17시,일요일,경기도 수원시 팔달구 매향동,중상사고,0,1,0,0,차대사람 - 횡단중,안전운전불이행,건조,맑음,단일로 - 기타,승용,남,54세,상해없음,보행자,여,17세,중상
2021060600100300,2021년 6월 6일 17시,일요일,경기도 수원시 권선구 세류동,중상사고,0,3,0,0,차량단독 - 공작물충돌,안전운전불이행,건조,맑음,단일로 - 고가도로위,승용,남,33세,중상,,,,
2021060600100301,2021년 6월 6일 17시,일요일,경기도 수원시 팔달구 매산로1가,경상사고,0,0,1,0,차대차 - 측면충돌,안전거리미확보,건조,맑음,교차로 - 교차로안,화물,남,54세,상해없음,승용,남,63세,경상
2021060600100302,2021년 6월 6일 17시,일요일,경기도 수원시 권선구 탑동,부상신고사고,0,0,0,3,차대차 - 추돌,교차로운행방법위반,건조,맑음,교차로 - 교차로안,승용,남,40세,상해없음,승용,남,19세,부상신고
2021060600100361,2021년 6월 6일 19시,일요일,경기도 수원시 영통구 매탄동,경상사고,0,0,3,0,차대차 - 추돌,안전운전불이행,건조,맑음,단일로 - 기타,승용,남,30세,상해없음,승용,여,29세,경상
2021060600100406,2021년 6월 6일 21시,일요일,경기도 수원시 팔달구 지동,중상사고,0,1,1,0,차대차 - 기타,교차로운행방법위반,건조,맑음,교차로 - 교차로안,승용,남,70세,중상,승용,남,53세,경상
2021060700100062,2021년 6월 7일 08시,월요일,경기도 수원시 영통구 매탄동,경상사고,0,0,1,0,차대차 - 측면충돌,신호위반,건조,맑음,교차로 - 교차로안,승용,남,65세,상해없음,승용,여,51세,경상
2021060700100063,2021년 6월 7일 08시,월요일,경기도 수원시 권선구 권선동,경상사고,0,0,1,0,차대차 - 측면충돌,안전운전불이행,건조,맑음,단일로 - 기타,승용,남,77세,기타불명,승용,여,30세,경상
2021060700100064,2021년 6월 7일 08시,월요일,경기도 수원시 권선구 권선동,경상사고,0,0,1,0,차대차 - 측면충돌,안전거리미확보,건조,맑음,기타 - 기타,승용,여,47세,상해없음,승용,여,52세,경상
2021060700100311,2021년 6월 7일 15시,월요일,경기도 수원시 권선구 곡반정동,중상사고,0,1,0,0,차대사람 - 기타,안전운전불이행,건조,맑음,교차로 - 교차로부근,승용,여,51세,상해없음,보행자,남,54세,중상
2021060700100347,2021년 6월 7일 16시,월요일,경기도 수원시 장안구 천천동,경상사고,0,0,1,0,차대차 - 기타,안전운전불이행,건조,맑음,교차로 - 교차로부근,승용,여,42세,상해없음,승용,여,58세,경상
2021060700100351,2021년 6월 7일 16시,월요일,경기도 수원시 권선구 곡반정동,경상사고,0,0,1,0,차대차 - 측면충돌,안전운전불이행,건조,맑음,교차로 - 교차로부근,승용,남,69세,상해없음,승용,남,36세,경상
2021060700100405,2021년 6월 7일 17시,월요일,경기도 수원시 권선구 곡반정동,경상사고,0,0,2,0,차대차 - 추돌,안전운전불이행,건조,맑음,기타 - 기타,승용,남,58세,상해없음,승용,남,49세,경상
2021060700100504,2021년 6월 7일 19시,월요일,경기도 수원시 영통구 이의동,중상사고,0,1,1,0,차대차 - 측면충돌,차로위반,건조,맑음,기타 - 기타,승용,남,41세,상해없음,승합,남,45세,중상
2021060700100529,2021년 6월 7일 20시,월요일,경기도 수원시 영통구 매탄동,경상사고,0,0,1,0,차대사람 - 기타,안전운전불이행,건조,맑음,교차로 - 교차로안,승용,여,40세,상해없음,보행자,여,30세,경상
2021060700100530,2021년 6월 7일 20시,월요일,경기도 수원시 권선구 고색동,중상사고,0,2,12,1,차대차 - 추돌,신호위반,건조,맑음,교차로 - 교차로안,화물,남,55세,경상,승합,남,69세,경상
2021060700100581,2021년 6월 7일 22시,월요일,경기도 수원시 영통구 이의동,경상사고,0,0,1,0,차대차 - 측면충돌,신호위반,건조,맑음,교차로 - 교차로안,승용,남,47세,상해없음,이륜,남,24세,경상
2021060700100602,2021년 6월 7일 23시,월요일,경기도 수원시 권선구 오목천동,경상사고,0,0,1,1,차대차 - 측면충돌,직진우회전진행방해,건조,맑음,교차로 - 교차로안,승용,여,55세,부상신고,승용,여,49세,경상
2021060800100020,2021년 6월 8일 05시,화요일,경기도 수원시 팔달구 인계동,중상사고,0,1,0,0,차대차 - 정면충돌,신호위반,건조,맑음,교차로 - 교차로안,승용,남,22세,상해없음,이륜,남,71세,중상
2021060800100040,2021년 6월 8일 07시,화요일,경기도 수원시 장안구 율전동,경상사고,0,0,2,0,차대차 - 기타,교차로운행방법위반,건조,맑음,교차로 - 교차로안,승용,여,31세,상해없음,승용,남,25세,경상
2021060800100070,2021년 6월 8일 08시,화요일,경기도 수원시 팔달구 팔달로3가,경상사고,0,0,1,0,차대차 - 기타,교차로운행방법위반,건조,흐림,교차로 - 교차로안,승용,남,65세,상해없음,승용,남,49세,경상
2021060800100078,2021년 6월 8일 08시,화요일,경기도 수원시 권선구 탑동,경상사고,0,0,1,0,차대차 - 기타,안전운전불이행,건조,맑음,교차로 - 교차로안,승용,남,72세,상해없음,승용,여,37세,경상
2021060800100079,2021년 6월 8일 08시,화요일,경기도 수원시 팔달구 고등동,경상사고,0,0,1,0,차대차 - 기타,안전운전불이행,건조,맑음,단일로 - 기타,승용,남,58세,상해없음,승용,남,51세,경상
2021060800100108,2021년 6월 8일 09시,화요일,경기도 수원시 팔달구 북수동,중상사고,0,1,0,0,차대차 - 측면충돌,안전운전불이행,건조,맑음,교차로 - 교차로횡단보도내,개인형이동수단(PM),남,83세,중상,승용,여,38세,상해없음
2021060800100219,2021년 6월 8일 12시,화요일,경기도 수원시 장안구 파장동,경상사고,0,0,1,1,차대차 - 측면충돌,신호위반,건조,맑음,교차로 - 교차로부근,승용,남,30세,상해없음,승용,남,54세,경상
2021060800100324,2021년 6월 8일 15시,화요일,경기도 수원시 팔달구 고등동,경상사고,0,0,4,0,차대차 - 기타,교차로운행방법위반,건조,맑음,교차로 - 교차로안,승용,여,51세,상해없음,승용,남,58세,경상
2021060800100395,2021년 6월 8일 17시,화요일,경기도 수원시 팔달구 인계동,경상사고,0,0,1,0,차대차 - 측면충돌,안전운전불이행,건조,맑음,단일로 - 기타,승용,남,64세,상해없음,승용,남,60세,경상
2021060800100441,2021년 6월 8일 18시,화요일,경기도 수원시 팔달구 인계동,경상사고,0,0,1,0,차대차 - 후진중충돌,안전운전불이행,건조,맑음,기타 - 기타,승용,남,38세,상해없음,이륜,남,27세,경상
2021060800100444,2021년 6월 8일 18시,화요일,경기도 수원시 팔달구 매산로1가,경상사고,0,0,1,0,차대사람 - 기타,안전운전불이행,건조,맑음,단일로 - 기타,승용,남,23세,상해없음,보행자,남,15세,경상
2021060800100484,2021년 6월 8일 19시,화요일,경기도 수원시 팔달구 화서동,경상사고,0,0,1,0,차대차 - 측면충돌,불법유턴,건조,맑음,교차로 - 교차로안,승용,남,57세,상해없음,이륜,남,44세,경상
2021060800100592,2021년 6월 8일 23시,화요일,경기도 수원시 영통구 원천동,경상사고,0,0,1,0,차대차 - 기타,안전운전불이행,건조,맑음,교차로 - 교차로부근,승용,남,61세,상해없음,이륜,남,59세,경상
2021060900100021,2021년 6월 9일 04시,수요일,경기도 수원시 영통구 영통동,경상사고,0,0,1,0,차대차 - 기타,안전운전불이행,건조,맑음,기타 - 기타,이륜,남,27세,경상,특수,남,42세,상해없음
2021060900100043,2021년 6월 9일 07시,수요일,경기도 수원시 장안구 정자동,경상사고,0,0,2,0,차대차 - 기타,신호위반,건조,맑음,교차로 - 교차로안,특수,남,34세,경상,승용,남,32세,경상
2021060900100073,2021년 6월 9일 08시,수요일,경기도 수원시 장안구 이목동,경상사고,0,0,1,0,차대차 - 기타,신호위반,건조,맑음,교차로 - 교차로부근,승용,남,57세,상해없음,자전거,남,15세,경상
2021060900100076,2021년 6월 9일 08시,수요일,경기도 수원시 팔달구 인계동,부상신고사고,0,0,0,1,차대사람 - 길가장자리구역통행중,안전운전불이행,건조,맑음,단일로 - 기타,화물,남,50세,상해없음,보행자,남,56세,부상신고
2021060900100077,2021년 6월 9일 08시,수요일,경기도 수원시 영통구 매탄동,경상사고,0,0,1,0,차대차 - 측면충돌,안전운전불이행,건조,맑음,기타 - 기타,화물,남,27세,상해없음,화물,남,57세,경상
2021060900100114,2021년 6월 9일 09시,수요일,경기도 수원시 장안구 송죽동,경상사고,0,0,1,0,차대차 - 기타,안전운전불이행,건조,맑음,교차로 - 교차로횡단보도내,승용,남,72세,상해없음,자전거,남,30세,경상
2021060900100116,2021년 6월 9일 09시,수요일,경기도 수원시 영통구 원천동,경상사고,0,0,1,0,차대차 - 측면충돌,안전운전불이행,건조,맑음,교차로 - 교차로부근,승용,남,31세,상해없음,승용,남,66세,경상
2021060900100117,2021년 6월 9일 09시,수요일,경기도 수원시 권선구 권선동,경상사고,0,0,1,0,차대차 - 측면충돌,차로위반,건조,맑음,단일로 - 기타,승용,여,36세,상해없음,승용,여,28세,경상
2021060900100210,2021년 6월 9일 12시,수요일,경기도 수원시 팔달구 인계동,경상사고,0,0,1,0,차대차 - 기타,신호위반,건조,맑음,기타 - 기타,자전거,남,83세,경상,승용,여,47세,상해없음
2021060900100243,2021년 6월 9일 13시,수요일,경기도 수원시 장안구 송죽동,경상사고,0,0,1,0,차대차 - 추돌,안전운전불이행,건조,맑음,교차로 - 교차로부근,승용,여,33세,상해없음,원동기,남,26세,경상
2021060900100244,2021년 6월 9일 13시,수요일,경기도 수원시 장안구 정자동,경상사고,0,0,1,0,차대차 - 추돌,안전운전불이행,건조,맑음,교차로 - 교차로부근,화물,남,57세,상해없음,특수,남,58세,경상
2021060900100274,2021년 6월 9일 14시,수요일,경기도 수원시 권선구 권선동,경상사고,0,0,1,0,차대차 - 측면충돌,안전운전불이행,건조,맑음,교차로 - 교차로횡단보도내,승용,남,28세,상해없음,자전거,여,74세,경상