사고번호,사고일시,요일,시군구,사고내용,사망자수,중상자수,경상자수,부상신고자수,사고유형,법규위반,노면상태,기상상태,도로형태,가해운전자 차종,가해운전자 성별,가해운전자 연령,가해운전자 상해정도,피해운전자 차종,피해운전자 성별,피해운전자 연령,피해운전자 상해정도
2021060900100357,2021년 6월 9일 16시,수요일,경기도 수원시 팔달구 매산로1가,경상사고,0,0,1,0,차대차 - 추돌,안전운전불이행,건조,맑음,교차로 - 교차로안,승용,남,37세,상해없음,이륜,남,24세,경상
2021060900100611,2021년 6월 9일 22시,수요일,경기도 수원시 권선구 탑동,경상사고,0,0,1,0,차대차 - 측면충돌,신호위반,건조,맑음,교차로 - 교차로안,이륜,남,53세,경상,화물,남,23세,상해없음
2021061000100033,2021년 6월 10일 06시,목요일,경기도 수원시 장안구 정자동,중상사고,0,4,2,0,차대차 - 추돌,기타,건조,맑음,교차로 - 교차로횡단보도내,승용,남,34세,중상,승용,남,55세,경상
2021061000100056,2021년 6월 10일 07시,목요일,경기도 수원시 장안구 영화동,경상사고,0,0,1,0,차대차 - 기타,안전운전불이행,건조,맑음,교차로 - 교차로안,승용,남,60세,상해없음,승용,남,51세,경상
2021061000100087,2021년 6월 10일 08시,목요일,경기도 수원시 권선구 구운동,경상사고,0,0,2,0,차대차 - 측면충돌,신호위반,건조,맑음,교차로 - 교차로부근,승용,남,66세,상해없음,승용,남,37세,경상
2021061000100203,2021년 6월 10일 11시,목요일,경기도 수원시 팔달구 고등동,경상사고,0,0,2,0,차대차 - 기타,교차로운행방법위반,건조,맑음,교차로 - 교차로안,승용,남,40세,상해없음,승용,남,51세,경상
2021061000100334,2021년 6월 10일 15시,목요일,경기도 수원시 장안구 연무동,경상사고,0,0,1,1,차대차 - 추돌,안전운전불이행,건조,맑음,단일로 - 기타,이륜,여,59세,부상신고,승용,남,29세,경상
2021061000100376,2021년 6월 10일 16시,목요일,경기도 수원시 장안구 영화동,중상사고,0,1,5,0,차대차 - 기타,신호위반,건조,맑음,교차로 - 교차로부근,승용,여,46세,상해없음,승용,남,21세,경상
2021061000100466,2021년 6월 10일 18시,목요일,경기도 수원시 영통구 이의동,경상사고,0,0,3,0,차대차 - 측면충돌,안전운전불이행,건조,맑음,교차로 - 교차로안,승합,남,58세,경상,승용,남,28세,경상
2021061000100512,2021년 6월 10일 19시,목요일,경기도 수원시 팔달구 인계동,경상사고,0,0,1,0,차대차 - 기타,안전운전불이행,건조,맑음,교차로 - 교차로부근,이륜,남,17세,상해없음,이륜,남,32세,경상
2021061000100538,2021년 6월 10일 20시,목요일,경기도 수원시 장안구 정자동,경상사고,0,0,1,0,차대차 - 기타,불법유턴,건조,흐림,교차로 - 교차로횡단보도내,자전거,남,21세,상해없음,승용,여,53세,경상
2021061100100062,2021년 6월 11일 07시,금요일,경기도 수원시 장안구 송죽동,중상사고,0,1,1,0,차대차 - 기타,신호위반,건조,맑음,교차로 - 교차로안,승합,남,71세,상해없음,승용,남,45세,상해없음
2021061100100191,2021년 6월 11일 11시,금요일,경기도 수원시 영통구 영통동,중상사고,0,1,0,0,차대차 - 측면충돌,교차로운행방법위반,건조,맑음,교차로 - 교차로안,승용,남,74세,상해없음,승용,여,41세,중상
2021061100100286,2021년 6월 11일 14시,금요일,경기도 수원시 장안구 조원동,경상사고,0,0,2,0,차대차 - 기타,신호위반,건조,맑음,교차로 - 교차로안,승합,남,44세,상해없음,승용,남,60세,기타불명
2021061100100291,2021년 6월 11일 14시,금요일,경기도 수원시 영통구 영통동,경상사고,0,0,1,0,차대차 - 측면충돌,신호위반,건조,맑음,교차로 - 교차로안,승용,남,64세,상해없음,승용,남,71세,경상
2021061100100292,2021년 6월 11일 14시,금요일,경기도 수원시 권선구 곡반정동,경상사고,0,0,1,0,차대차 - 측면충돌,안전운전불이행,건조,맑음,기타 - 기타,승용,남,21세,상해없음,승용,여,49세,경상
2021061100100327,2021년 6월 11일 15시,금요일,경기도 수원시 장안구 연무동,경상사고,0,0,1,0,차대차 - 기타,안전운전불이행,건조,맑음,단일로 - 기타,승용,남,43세,상해없음,자전거,남,9세,경상
2021061100100337,2021년 6월 11일 15시,금요일,경기도 수원시 권선구 서둔동,경상사고,0,0,2,0,차대차 - 측면충돌,차로위반,건조,맑음,단일로 - 기타,승용,남,67세,상해없음,승용,여,32세,경상
2021061100100367,2021년 6월 11일 16시,금요일,경기도 수원시 장안구 정자동,중상사고,0,1,0,0,차대차 - 기타,기타,건조,맑음,단일로 - 기타,승용,여,54세,상해없음,자전거,여,76세,중상
2021061100100401,2021년 6월 11일 17시,금요일,경기도 수원시 장안구 파장동,경상사고,0,0,1,0,차대사람 - 기타,안전운전불이행,건조,맑음,단일로 - 기타,승용,남,37세,상해없음,보행자,남,53세,경상
2021061100100402,2021년 6월 11일 17시,금요일,경기도 수원시 장안구 정자동,경상사고,0,0,1,0,차대차 - 기타,신호위반,건조,맑음,교차로 - 교차로안,승용,남,72세,상해없음,승합,남,50세,상해없음
2021061100100406,2021년 6월 11일 17시,금요일,경기도 수원시 권선구 권선동,경상사고,0,0,1,0,차대차 - 측면충돌,안전운전불이행,건조,맑음,단일로 - 기타,승용,남,37세,상해없음,자전거,남,12세,경상
2021061100100452,2021년 6월 11일 18시,금요일,경기도 수원시 영통구 매탄동,중상사고,0,1,0,0,차대사람 - 횡단중,기타,건조,맑음,단일로 - 기타,화물,남,49세,상해없음,보행자,남,7세,중상
2021061100100502,2021년 6월 11일 19시,금요일,경기도 수원시 팔달구 우만동,경상사고,0,0,1,0,차대사람 - 기타,신호위반,건조,맑음,교차로 - 교차로부근,이륜,남,54세,상해없음,보행자,여,47세,경상
2021061100100510,2021년 6월 11일 19시,금요일,경기도 수원시 권선구 세류동,경상사고,0,0,1,0,차대차 - 기타,안전거리미확보,건조,맑음,단일로 - 기타,승용,남,31세,상해없음,승합,남,61세,경상
2021061100100576,2021년 6월 11일 21시,금요일,경기도 수원시 권선구 호매실동,경상사고,0,0,1,0,차대차 - 추돌,안전운전불이행,건조,맑음,단일로 - 기타,승용,여,54세,상해없음,화물,남,38세,경상
2021061100100601,2021년 6월 11일 22시,금요일,경기도 수원시 팔달구 매교동,중상사고,0,1,0,0,차대차 - 추돌,안전거리미확보,건조,맑음,교차로 - 교차로부근,승용,남,56세,상해없음,이륜,남,25세,중상
2021061100100632,2021년 6월 11일 23시,금요일,경기도 수원시 장안구 연무동,경상사고,0,0,1,0,차대차 - 추돌,안전운전불이행,건조,맑음,교차로 - 교차로부근,승용,남,54세,상해없음,승용,여,40세,경상
2021061100100635,2021년 6월 11일 23시,금요일,경기도 수원시 권선구 세류동,경상사고,0,0,5,0,차대차 - 기타,안전운전불이행,건조,맑음,단일로 - 기타,승용,남,33세,상해없음,승용,남,51세,상해없음
2021061200100259,2021년 6월 12일 13시,토요일,경기도 수원시 팔달구 화서동,경상사고,0,0,1,0,차대사람 - 기타,안전운전불이행,건조,맑음,교차로 - 교차로안,승용,여,54세,상해없음,보행자,남,58세,경상
2021061200100315,2021년 6월 12일 14시,토요일,경기도 수원시 영통구 원천동,경상사고,0,0,1,0,차대차 - 기타,신호위반,건조,맑음,교차로 - 교차로안,승용,남,31세,상해없음,이륜,남,35세,경상
2021061200100352,2021년 6월 12일 15시,토요일,경기도 수원시 권선구 권선동,경상사고,0,0,3,0,차대차 - 측면충돌,안전운전불이행,건조,맑음,기타 - 기타,승용,남,39세,상해없음,승용,남,55세,경상
2021061200100353,2021년 6월 12일 15시,토요일,경기도 수원시 영통구 매탄동,경상사고,0,0,1,0,차대사람 - 기타,기타,건조,맑음,단일로 - 기타,승합,남,60세,상해없음,보행자,여,50세,경상
2021061200100386,2021년 6월 12일 16시,토요일,경기도 수원시 장안구 율전동,경상사고,0,0,1,0,차대차 - 기타,신호위반,건조,흐림,교차로 - 교차로안,승용,남,36세,상해없음,이륜,여,18세,경상
2021061200100392,2021년 6월 12일 16시,토요일,경기도 수원시 권선구 구운동,경상사고,0,0,1,0,차대차 - 기타,안전거리미확보,건조,맑음,단일로 - 기타,승용,남,56세,상해없음,승용,여,38세,경상
2021061200100514,2021년 6월 12일 19시,토요일,경기도 수원시 권선구 금곡동,경상사고,0,0,1,0,차대차 - 기타,기타,건조,맑음,주차장 - 주차장,승용,여,50세,상해없음,이륜,남,20세,경상
2021061200100566,2021년 6월 12일 21시,토요일,경기도 수원시 권선구 권선동,경상사고,0,0,1,0,차대차 - 측면충돌,안전운전불이행,건조,맑음,교차로 - 교차로부근,승용,여,58세,상해없음,승용,남,43세,경상
2021061300100100,2021년 6월 13일 11시,일요일,경기도 수원시 장안구 연무동,중상사고,0,1,0,0,차대사람 - 기타,안전운전불이행,건조,맑음,교차로 - 교차로안,승용,남,72세,상해없음,보행자,여,67세,중상
2021061300100137,2021년 6월 13일 12시,일요일,경기도 수원시 권선구 평동,중상사고,0,1,1,0,차대차 - 측면충돌,직진우회전진행방해,건조,맑음,교차로 - 교차로안,승용,남,45세,중상,승용,남,36세,경상
2021061300100173,2021년 6월 13일 13시,일요일,경기도 수원시 팔달구 매산로1가,경상사고,0,0,1,0,차대차 - 기타,안전거리미확보,건조,맑음,교차로 - 교차로부근,승용,남,19세,상해없음,승합,남,49세,경상
2021061300100198,2021년 6월 13일 14시,일요일,경기도 수원시 장안구 조원동,경상사고,0,0,2,0,차대차 - 기타,안전운전불이행,건조,맑음,교차로 - 교차로안,화물,남,57세,상해없음,자전거,남,10세,경상
2021061300100292,2021년 6월 13일 16시,일요일,경기도 수원시 권선구 서둔동,경상사고,0,0,1,0,차대차 - 기타,안전거리미확보,건조,맑음,교차로 - 교차로부근,승용,남,32세,상해없음,승용,여,39세,경상
2021061300100316,2021년 6월 13일 17시,일요일,경기도 수원시 장안구 정자동,경상사고,0,0,1,0,차대사람 - 기타,안전운전불이행,건조,맑음,기타 - 기타,개인형이동수단(PM),남,22세,상해없음,보행자,여,6세,경상
2021061300100382,2021년 6월 13일 19시,일요일,경기도 수원시 영통구 매탄동,중상사고,0,1,0,0,차대차 - 측면충돌,신호위반,건조,맑음,교차로 - 교차로횡단보도내,승용,남,59세,상해없음,자전거,남,28세,중상
2021061300100410,2021년 6월 13일 20시,일요일,경기도 수원시 장안구 파장동,중상사고,0,1,0,0,차대차 - 정면충돌,신호위반,건조,맑음,교차로 - 교차로안,승용,남,32세,상해없음,이륜,남,50세,중상
2021061300100470,2021년 6월 13일 23시,일요일,경기도 수원시 권선구 세류동,중상사고,0,2,0,0,차대차 - 기타,신호위반,건조,맑음,교차로 - 교차로안,승용,남,20세,중상,승합,남,52세,중상
2021061400100025,2021년 6월 14일 05시,월요일,경기도 수원시 권선구 세류동,중상사고,0,1,0,0,차대차 - 기타,안전거리미확보,건조,맑음,기타 - 기타,승합,남,50세,기타불명,이륜,남,54세,중상
2021061400100031,2021년 6월 14일 06시,월요일,경기도 수원시 영통구 망포동,경상사고,0,0,1,0,차대차 - 기타,안전운전불이행,건조,맑음,교차로 - 교차로횡단보도내,승용,남,72세,상해없음,자전거,남,41세,경상
2021061400100082,2021년 6월 14일 08시,월요일,경기도 수원시 팔달구 인계동,경상사고,0,0,1,0,차대차 - 기타,안전운전불이행,건조,맑음,주차장 - 주차장,승용,여,47세,상해없음,자전거,남,48세,경상
2021061400100124,2021년 6월 14일 09시,월요일,경기도 수원시 권선구 권선동,경상사고,0,0,2,0,차대차 - 측면충돌,안전거리미확보,건조,맑음,단일로 - 기타,승용,남,70세,상해없음,승용,여,45세,경상
2021061400100157,2021년 6월 14일 10시,월요일,경기도 수원시 장안구 천천동,경상사고,0,0,1,0,차대사람 - 횡단중,보행자보호의무위반,건조,맑음,교차로 - 교차로횡단보도내,승합,남,63세,상해없음,보행자,여,62세,경상
2021061400100190,2021년 6월 14일 11시,월요일,경기도 수원시 팔달구 영동,경상사고,0,0,2,0,차대차 - 기타,안전거리미확보,건조,맑음,단일로 - 기타,승용,남,74세,상해없음,승합,남,49세,경상
2021061400100304,2021년 6월 14일 14시,월요일,경기도 수원시 영통구 하동,경상사고,0,0,1,0,차대차 - 후진중충돌,안전운전불이행,건조,맑음,기타 - 기타,승용,남,39세,상해없음,승용,남,50세,경상
2021061400100349,2021년 6월 14일 15시,월요일,경기도 수원시 영통구 매탄동,경상사고,0,0,1,0,차대사람 - 횡단중,안전운전불이행,건조,맑음,기타 - 기타,승용,여,55세,상해없음,보행자,남,8세,경상
2021061400100370,2021년 6월 14일 16시,월요일,경기도 수원시 팔달구 지동,중상사고,0,1,0,0,차대사람 - 기타,안전운전불이행,건조,맑음,단일로 - 기타,이륜,남,24세,상해없음,보행자,여,4세,중상
2021061400100418,2021년 6월 14일 17시,월요일,경기도 수원시 권선구 권선동,경상사고,0,0,1,0,차대차 - 측면충돌,신호위반,건조,맑음,교차로 - 교차로안,화물,남,48세,상해없음,승용,여,24세,경상
2021061400100533,2021년 6월 14일 20시,월요일,경기도 수원시 권선구 호매실동,경상사고,0,0,2,0,차대차 - 측면충돌,신호위반,건조,맑음,교차로 - 교차로안,승용,남,31세,상해없음,승용,남,50세,경상
2021061400100553,2021년 6월 14일 21시,월요일,경기도 수원시 팔달구 매산로2가,경상사고,0,0,1,0,차대사람 - 횡단중,안전운전불이행,건조,맑음,단일로 - 기타,승합,남,54세,상해없음,보행자,남,25세,경상
2021061400100573,2021년 6월 14일 22시,월요일,경기도 수원시 팔달구 우만동,경상사고,0,0,1,0,차대차 - 기타,신호위반,건조,맑음,교차로 - 교차로안,이륜,남,16세,경상,승용,남,26세,상해없음
2021061500100076,2021년 6월 15일 08시,화요일,경기도 수원시 권선구 금곡동,중상사고,0,1,0,0,차대차 - 기타,안전운전불이행,젖음/습기,비,단일로 - 기타,승용,여,60세,상해없음,자전거,여,55세,중상
2021061500100101,2021년 6월 15일 09시,화요일,경기도 수원시 권선구 세류동,경상사고,0,0,1,0,차대차 - 기타,신호위반,건조,맑음,교차로 - 교차로부근,승용,남,26세,상해없음,승합,남,59세,상해없음
2021061500100166,2021년 6월 15일 11시,화요일,경기도 수원시 장안구 영화동,중상사고,0,1,0,0,차대사람 - 기타,보행자보호의무위반,젖음/습기,비,교차로 - 교차로횡단보도내,승용,남,39세,상해없음,보행자,남,68세,중상
2021061500100276,2021년 6월 15일 14시,화요일,경기도 수원시 장안구 율전동,경상사고,0,0,3,0,차대차 - 기타,안전운전불이행,건조,맑음,단일로 - 기타,화물,남,34세,상해없음,화물,남,27세,경상
2021061500100320,2021년 6월 15일 15시,화요일,경기도 수원시 영통구 이의동,중상사고,0,2,1,0,차대차 - 추돌,안전거리미확보,건조,맑음,교차로 - 교차로부근,건설기계,남,58세,상해없음,승용,남,61세,중상
2021061500100348,2021년 6월 15일 16시,화요일,경기도 수원시 장안구 이목동,중상사고,0,1,4,0,차대차 - 기타,안전거리미확보,건조,맑음,단일로 - 기타,화물,남,51세,경상,승용,남,57세,경상
2021061500100388,2021년 6월 15일 17시,화요일,경기도 수원시 장안구 연무동,경상사고,0,0,1,0,차대차 - 기타,교차로운행방법위반,건조,맑음,교차로 - 교차로부근,승용,남,27세,상해없음,승용,여,52세,경상
2021061500100396,2021년 6월 15일 17시,화요일,경기도 수원시 권선구 고색동,부상신고사고,0,0,0,1,차대차 - 기타,교차로운행방법위반,건조,맑음,교차로 - 교차로안,화물,남,63세,상해없음,개인형이동수단(PM),여,42세,부상신고
2021061500100432,2021년 6월 15일 18시,화요일,경기도 수원시 장안구 연무동,경상사고,0,0,1,0,차대사람 - 길가장자리구역통행중,안전운전불이행,건조,맑음,단일로 - 기타,승용,남,56세,상해없음,보행자,여,14세,경상
2021061500100435,2021년 6월 15일 18시,화요일,경기도 수원시 팔달구 매산로2가,경상사고,0,0,1,0,차대사람 - 기타,안전운전불이행,건조,맑음,단일로 - 기타,승용,남,41세,상해없음,보행자,여,26세,경상
2021061500100477,2021년 6월 15일 19시,화요일,경기도 수원시 장안구 파장동,부상신고사고,0,0,0,1,차대차 - 측면충돌,신호위반,건조,맑음,교차로 - 교차로안,자전거,남,12세,부상신고,승용,남,62세,상해없음
2021061500100536,2021년 6월 15일 21시,화요일,경기도 수원시 권선구 금곡동,경상사고,0,0,1,0,차대차 - 측면충돌,신호위반,건조,맑음,교차로 - 교차로안,화물,남,64세,상해없음,이륜,남,52세,경상
2021061500100567,2021년 6월 15일 22시,화요일,경기도 수원시 팔달구 고등동,중상사고,0,1,0,0,차대차 - 기타,안전운전불이행,건조,맑음,교차로 - 교차로안,승용,남,21세,상해없음,이륜,남,27세,중상
2021061500100587,2021년 6월 15일 23시,화요일,경기도 수원시 팔달구 인계동,경상사고,0,0,1,0,차대차 - 측면충돌,신호위반,기타,맑음,교차로 - 교차로부근,승용,남,28세,상해없음,이륜,남,25세,경상
2021061600100054,2021년 6월 16일 07시,수요일,경기도 수원시 영통구 매탄동,경상사고,0,0,1,0,차대차 - 기타,안전운전불이행,건조,맑음,교차로 - 교차로부근,승용,여,47세,상해없음,승용,남,35세,경상
2021061600100085,2021년 6월 16일 08시,수요일,경기도 수원시 장안구 천천동,중상사고,0,1,0,0,차대차 - 기타,신호위반,건조,맑음,교차로 - 교차로횡단보도내,승용,남,49세,상해없음,자전거,남,17세,중상
2021061600100163,2021년 6월 16일 10시,수요일,경기도 수원시 팔달구 인계동,부상신고사고,0,0,0,1,차대차 - 측면충돌,안전운전불이행,건조,맑음,교차로 - 교차로횡단보도내,승용,여,48세,상해없음,자전거,남,74세,부상신고
2021061600100258,2021년 6월 16일 13시,수요일,경기도 수원시 영통구 원천동,경상사고,0,0,2,0,차대차 - 추돌,안전운전불이행,건조,맑음,기타 - 기타,승용,여,52세,상해없음,승용,여,58세,경상
2021061600100333,2021년 6월 16일 15시,수요일,경기도 수원시 영통구 하동,부상신고사고,0,0,0,2,차대차 - 기타,신호위반,건조,맑음,단일로 - 기타,화물,남,64세,상해없음,화물,남,56세,부상신고
2021061600100362,2021년 6월 16일 16시,수요일,경기도 수원시 장안구 송죽동,경상사고,0,0,1,0,차대사람 - 기타,보행자보호의무위반,건조,맑음,단일로 - 기타,승용,남,47세,상해없음,보행자,여,20세,경상
2021061600100368,2021년 6월 16일 16시,수요일,경기도 수원시 영통구 이의동,경상사고,0,0,1,0,차대차 - 후진중충돌,안전운전불이행,건조,맑음,교차로 - 교차로부근,승용,여,60세,상해없음,자전거,남,49세,경상
2021061600100369,2021년 6월 16일 16시,수요일,경기도 수원시 권선구 호매실동,경상사고,0,0,1,0,차대차 - 추돌,안전운전불이행,건조,맑음,단일로 - 기타,승용,남,23세,상해없음,승용,남,26세,경상
2021061600100407,2021년 6월 16일 17시,수요일,경기도 수원시 권선구 권선동,중상사고,0,1,0,0,차대차 - 기타,교차로운행방법위반,건조,맑음,교차로 - 교차로부근,이륜,남,26세,중상,화물,남,76세,상해없음
2021061600100457,2021년 6월 16일 18시,수요일,경기도 수원시 장안구 송죽동,경상사고,0,0,2,0,차대차 - 기타,신호위반,건조,맑음,단일로 - 기타,이륜,남,29세,경상,승용,여,48세,경상
2021061600100535,2021년 6월 16일 20시,수요일,경기도 수원시 영통구 이의동,경상사고,0,0,1,0,차대차 - 측면충돌,안전거리미확보,건조,맑음,단일로 - 기타,이륜,남,31세,상해없음,이륜,남,28세,경상
2021061600100637,2021년 6월 16일 23시,수요일,경기도 수원시 팔달구 팔달로1가,경상사고,0,0,2,1,차대차 - 기타,안전거리미확보,건조,맑음,교차로 - 교차로안,승용,남,39세,상해없음,승용,남,41세,경상
2021061600100638,2021년 6월 16일 23시,수요일,경기도 수원시 영통구 원천동,경상사고,0,0,2,0,차대차 - 정면충돌,신호위반,건조,맑음,교차로 - 교차로안,승용,남,20세,상해없음,승용,남,45세,경상
2021061700100086,2021년 6월 17일 08시,목요일,경기도 수원시 권선구 구운동,경상사고,0,0,1,0,차대사람 - 기타,안전운전불이행,건조,맑음,단일로 - 기타,자전거,남,37세,상해없음,보행자,여,29세,경상
2021061700100120,2021년 6월 17일 09시,목요일,경기도 수원시 장안구 송죽동,중상사고,0,1,0,0,차대사람 - 횡단중,안전운전불이행,건조,맑음,교차로 - 교차로부근,이륜,남,26세,상해없음,보행자,여,83세,중상
2021061700100121,2021년 6월 17일 09시,목요일,경기도 수원시 팔달구 지동,중상사고,0,1,0,0,차대사람 - 기타,안전운전불이행,건조,맑음,교차로 - 교차로부근,화물,남,33세,상해없음,보행자,여,66세,중상
2021061700100124,2021년 6월 17일 09시,목요일,경기도 수원시 권선구 권선동,경상사고,0,0,1,0,차대사람 - 기타,안전운전불이행,건조,맑음,교차로 - 교차로안,화물,남,39세,상해없음,보행자,남,27세,경상
2021061700100125,2021년 6월 17일 09시,목요일,경기도 수원시 권선구 호매실동,부상신고사고,0,0,0,1,차대차 - 기타,안전운전불이행,건조,맑음,단일로 - 기타,자전거,여,42세,부상신고,승용,남,69세,상해없음
2021061700100173,2021년 6월 17일 11시,목요일,경기도 수원시 장안구 파장동,경상사고,0,0,2,0,차대차 - 추돌,안전운전불이행,건조,맑음,단일로 - 기타,승용,남,73세,상해없음,승용,남,47세,경상
2021061700100311,2021년 6월 17일 15시,목요일,경기도 수원시 팔달구 인계동,중상사고,0,1,0,0,차대사람 - 횡단중,안전운전불이행,건조,맑음,교차로 - 교차로횡단보도내,승용,여,48세,상해없음,보행자,여,62세,중상
2021061700100349,2021년 6월 17일 16시,목요일,경기도 수원시 영통구 하동,경상사고,0,0,2,0,차대차 - 측면충돌,안전거리미확보,젖음/습기,비,단일로 - 기타,승용,여,60세,경상,승용,남,34세,경상
2021061700100429,2021년 6월 17일 18시,목요일,경기도 수원시 권선구 권선동,경상사고,0,0,2,0,차대차 - 측면충돌,안전거리미확보,건조,맑음,단일로 - 기타,승용,여,51세,상해없음,승용,남,33세,경상
2021061700100430,2021년 6월 17일 18시,목요일,경기도 수원시 권선구 구운동,경상사고,0,0,1,0,차대차 - 기타,안전운전불이행,건조,맑음,교차로 - 교차로안,화물,남,39세,상해없음,이륜,남,29세,경상
2021061700100431,2021년 6월 17일 18시,목요일,경기도 수원시 권선구 구운동,경상사고,0,0,1,0,차대차 - 기타,직진우회전진행방해,건조,맑음,교차로 - 교차로안,승용,남,60세,경상,승용,여,50세,상해없음
2021061700100432,2021년 6월 17일 18시,목요일,경기도 수원시 권선구 고색동,중상사고,0,1,1,0,차대차 - 기타,안전운전불이행,건조,맑음,단일로 - 기타,건설기계,남,59세,상해없음,승용,남,22세,중상
2021061800100012,2021년 6월 18일 01시,금요일,경기도 수원시 권선구 서둔동,부상신고사고,0,0,0,1,차량단독 - 공작물충돌,안전운전불이행,건조,맑음,단일로 - 기타,승용,남,25세,부상신고,,,,
2021061800100065,2021년 6월 18일 08시,금요일,경기도 수원시 장안구 정자동,경상사고,0,0,1,0,차대차 - 추돌,신호위반,젖음/습기,비,교차로 - 교차로안,화물,남,44세,상해없음,승용,여,42세,경상
2021061800100130,2021년 6월 18일 10시,금요일,경기도 수원시 영통구 원천동,중상사고,0,1,1,0,차대차 - 측면충돌,교차로운행방법위반,젖음/습기,비,교차로 - 교차로안,승용,여,36세,경상,승용,여,48세,상해없음
2021061800100132,2021년 6월 18일 10시,금요일,경기도 수원시 팔달구 매산로1가,경상사고,0,0,1,0,차대차 - 추돌,안전운전불이행,젖음/습기,비,단일로 - 기타,승용,남,83세,상해없음,승용,남,32세,경상
2021061800100195,2021년 6월 18일 12시,금요일,경기도 수원시 영통구 망포동,경상사고,0,0,1,0,차대차 - 측면충돌,신호위반,젖음/습기,비,교차로 - 교차로안,승용,여,28세,기타불명,이륜,남,34세,경상
2021061800100279,2021년 6월 18일 15시,금요일,경기도 수원시 팔달구 매산로1가,경상사고,0,0,1,0,차대차 - 기타,안전거리미확보,건조,맑음,기타 - 기타,승용,남,50세,상해없음,승용,남,47세,경상
2021061800100357,2021년 6월 18일 17시,금요일,경기도 수원시 영통구 이의동,경상사고,0,0,1,0,차대차 - 추돌,안전운전불이행,건조,맑음,교차로 - 교차로부근,화물,남,28세,상해없음,승용,여,41세,경상
2021061800100361,2021년 6월 18일 17시,금요일,경기도 수원시 팔달구 매교동,중상사고,0,1,0,0,차대차 - 추돌,교차로운행방법위반,건조,맑음,교차로 - 교차로안,승용,여,31세,상해없음,이륜,남,50세,중상
2021061800100453,2021년 6월 18일 19시,금요일,경기도 수원시 장안구 조원동,경상사고,0,0,1,0,차대차 - 기타,교차로운행방법위반,건조,맑음,교차로 - 교차로안,승용,남,63세,상해없음,승합,남,74세,경상
2021061800100525,2021년 6월 18일 21시,금요일,경기도 수원시 권선구 권선동,중상사고,0,1,0,0,차대차 - 추돌,안전운전불이행,건조,맑음,교차로 - 교차로부근,화물,남,21세,상해없음,승용,여,47세,중상
2021061800100551,2021년 6월 18일 22시,금요일,경기도 수원시 팔달구 인계동,경상사고,0,0,1,0,차대사람 - 횡단중,보행자보호의무위반,건조,맑음,교차로 - 교차로횡단보도내,이륜,남,48세,상해없음,보행자,남,23세,경상
2021061800100552,2021년 6월 18일 22시,금요일,경기도 수원시 권선구 탑동,경상사고,0,0,1,0,차대사람 - 차도통행중,안전운전불이행,건조,맑음,교차로 - 교차로안,승용,남,26세,상해없음,보행자,남,38세,경상
2021061800100580,2021년 6월 18일 23시,금요일,경기도 수원시 권선구 탑동,경상사고,0,0,1,0,차대사람 - 기타,안전운전불이행,건조,맑음,단일로 - 기타,승용,남,77세,상해없음,보행자,남,37세,경상
2021061900100147,2021년 6월 19일 10시,토요일,경기도 수원시 권선구 고색동,경상사고,0,0,1,0,차대차 - 측면충돌,기타,건조,맑음,단일로 - 기타,승용,남,19세,상해없음,화물,남,52세,경상
2021061900100226,2021년 6월 19일 12시,토요일,경기도 수원시 권선구 평동,부상신고사고,0,0,0,1,차대차 - 측면충돌,안전거리미확보,건조,맑음,단일로 - 기타,승용,남,22세,상해없음,승용,남,39세,부상신고
2021061900100304,2021년 6월 19일 14시,토요일,경기도 수원시 팔달구 인계동,경상사고,0,0,1,0,차대차 - 측면충돌,안전운전불이행,건조,맑음,기타 - 기타,승용,남,76세,상해없음,화물,남,41세,경상
2021061900100345,2021년 6월 19일 15시,토요일,경기도 수원시 영통구 이의동,경상사고,0,0,3,0,차대차 - 추돌,안전운전불이행,건조,맑음,단일로 - 기타,승용,남,28세,상해없음,승용,여,32세,경상
2021061900100391,2021년 6월 19일 16시,토요일,경기도 수원시 영통구 영통동,경상사고,0,0,1,0,차대사람 - 기타,안전운전불이행,건조,맑음,단일로 - 기타,승용,여,51세,상해없음,보행자,여,28세,경상
2021061900100437,2021년 6월 19일 17시,토요일,경기도 수원시 권선구 권선동,경상사고,0,0,1,0,차대사람 - 차도통행중,안전운전불이행,건조,맑음,교차로 - 교차로안,화물,남,54세,상해없음,보행자,여,25세,경상
2021061900100490,2021년 6월 19일 18시,토요일,경기도 수원시 장안구 조원동,경상사고,0,0,1,0,차대차 - 기타,안전거리미확보,건조,맑음,단일로 - 기타,이륜,남,35세,경상,승용,남,31세,상해없음
2021061900100551,2021년 6월 19일 20시,토요일,경기도 수원시 팔달구 인계동,경상사고,0,0,1,0,차대차 - 측면충돌,안전거리미확보,건조,맑음,단일로 - 기타,이륜,남,50세,상해없음,승용,남,27세,경상
2021061900100584,2021년 6월 19일 21시,토요일,경기도 수원시 팔달구 고등동,중상사고,0,1,1,0,차대차 - 측면충돌,안전운전불이행,건조,맑음,교차로 - 교차로안,승용,여,32세,상해없음,승용,남,59세,중상