사고번호,사고일시,요일,시군구,사고내용,사망자수,중상자수,경상자수,부상신고자수,사고유형,법규위반,노면상태,기상상태,도로형태,가해운전자 차종,가해운전자 성별,가해운전자 연령,가해운전자 상해정도,피해운전자 차종,피해운전자 성별,피해운전자 연령,피해운전자 상해정도
2021061900100603,2021년 6월 19일 22시,토요일,경기도 수원시 영통구 이의동,경상사고,0,0,1,0,차량단독 - 기타,안전운전불이행,건조,맑음,기타 - 기타,승용,남,62세,상해없음,,,,
2021061900100630,2021년 6월 19일 23시,토요일,경기도 수원시 장안구 정자동,경상사고,0,0,5,0,차대차 - 기타,안전운전불이행,건조,맑음,교차로 - 교차로부근,승용,여,29세,경상,승합,남,56세,경상
2021062000100016,2021년 6월 20일 01시,일요일,경기도 수원시 팔달구 중동,경상사고,0,0,1,0,차대사람 - 차도통행중,안전운전불이행,건조,맑음,단일로 - 기타,승용,여,24세,상해없음,보행자,남,29세,경상
2021062000100077,2021년 6월 20일 09시,일요일,경기도 수원시 영통구 이의동,경상사고,0,0,1,0,차대차 - 기타,안전운전불이행,건조,맑음,기타 - 기타,승용,여,23세,상해없음,승용,여,54세,경상
2021062000100079,2021년 6월 20일 09시,일요일,경기도 수원시 팔달구 고등동,경상사고,0,0,2,0,차대차 - 측면충돌,안전운전불이행,건조,맑음,교차로 - 교차로안,승용,여,21세,경상,화물,남,31세,경상
2021062000100143,2021년 6월 20일 12시,일요일,경기도 수원시 팔달구 영동,경상사고,0,0,1,0,차대사람 - 기타,안전운전불이행,건조,맑음,단일로 - 기타,자전거,남,31세,상해없음,보행자,남,70세,경상
2021062000100144,2021년 6월 20일 12시,일요일,경기도 수원시 장안구 연무동,경상사고,0,0,2,0,차대차 - 측면충돌,안전운전불이행,건조,맑음,교차로 - 교차로부근,승용,남,70세,상해없음,승용,여,32세,경상
2021062000100177,2021년 6월 20일 13시,일요일,경기도 수원시 권선구 권선동,경상사고,0,0,1,0,차대차 - 후진중충돌,안전운전불이행,건조,맑음,교차로 - 교차로안,승용,여,58세,상해없음,승용,남,53세,경상
2021062000100227,2021년 6월 20일 14시,일요일,경기도 수원시 팔달구 화서동,경상사고,0,0,1,0,차대차 - 정면충돌,안전운전불이행,건조,맑음,교차로 - 교차로부근,승용,남,47세,상해없음,승용,남,58세,경상
2021062000100231,2021년 6월 20일 14시,일요일,경기도 수원시 영통구 영통동,경상사고,0,0,1,0,차대차 - 측면충돌,신호위반,건조,맑음,교차로 - 교차로부근,승용,여,51세,상해없음,자전거,남,44세,경상
2021062000100365,2021년 6월 20일 18시,일요일,경기도 수원시 영통구 신동,경상사고,0,0,1,0,차대차 - 측면충돌,안전거리미확보,건조,맑음,단일로 - 기타,승용,남,52세,상해없음,승용,여,25세,경상
2021062000100367,2021년 6월 20일 18시,일요일,경기도 수원시 권선구 당수동,경상사고,0,0,2,0,차대차 - 기타,안전거리미확보,건조,맑음,단일로 - 기타,승용,남,24세,상해없음,승용,남,23세,경상
2021062000100398,2021년 6월 20일 19시,일요일,경기도 수원시 장안구 영화동,중상사고,0,1,0,0,차대차 - 측면충돌,신호위반,건조,맑음,교차로 - 교차로안,승용,남,42세,상해없음,이륜,남,21세,중상
2021062000100423,2021년 6월 20일 20시,일요일,경기도 수원시 장안구 천천동,중상사고,0,1,0,0,차대차 - 기타,신호위반,건조,맑음,교차로 - 교차로안,승용,남,59세,상해없음,개인형이동수단(PM),남,44세,중상
2021062000100488,2021년 6월 20일 23시,일요일,경기도 수원시 장안구 연무동,중상사고,0,2,0,0,차대차 - 측면충돌,신호위반,건조,맑음,교차로 - 교차로안,승용,남,56세,상해없음,승용,남,59세,중상
2021062100100089,2021년 6월 21일 08시,월요일,경기도 수원시 권선구 세류동,중상사고,0,1,0,0,차대사람 - 횡단중,보행자보호의무위반,건조,맑음,교차로 - 교차로안,화물,남,38세,상해없음,보행자,여,78세,중상
2021062100100090,2021년 6월 21일 08시,월요일,경기도 수원시 권선구 권선동,경상사고,0,0,1,0,차대차 - 측면충돌,안전거리미확보,건조,맑음,단일로 - 기타,승용,여,22세,상해없음,승합,남,34세,경상
2021062100100131,2021년 6월 21일 09시,월요일,경기도 수원시 영통구 매탄동,경상사고,0,0,1,0,차대차 - 측면충돌,신호위반,건조,맑음,교차로 - 교차로부근,승용,남,51세,상해없음,개인형이동수단(PM),남,25세,경상
2021062100100203,2021년 6월 21일 11시,월요일,경기도 수원시 장안구 정자동,경상사고,0,0,1,0,차대차 - 기타,안전거리미확보,건조,맑음,단일로 - 기타,승용,남,58세,상해없음,화물,남,44세,경상
2021062100100210,2021년 6월 21일 11시,월요일,경기도 수원시 권선구 세류동,중상사고,0,1,1,0,차대차 - 기타,안전거리미확보,건조,맑음,단일로 - 기타,승용,남,26세,상해없음,승용,여,26세,경상
2021062100100301,2021년 6월 21일 14시,월요일,경기도 수원시 팔달구 매산로1가,경상사고,0,0,1,0,차대차 - 기타,안전거리미확보,건조,맑음,단일로 - 기타,승용,남,83세,상해없음,승합,남,60세,상해없음
2021062100100392,2021년 6월 21일 16시,월요일,경기도 수원시 팔달구 팔달로3가,경상사고,0,0,3,0,차대차 - 기타,안전거리미확보,건조,맑음,교차로 - 교차로안,승용,여,47세,상해없음,승용,남,26세,경상
2021062100100443,2021년 6월 21일 17시,월요일,경기도 수원시 팔달구 우만동,경상사고,0,0,1,0,차대사람 - 기타,안전운전불이행,건조,맑음,교차로 - 교차로안,화물,남,49세,상해없음,보행자,여,46세,경상
2021062100100449,2021년 6월 21일 17시,월요일,경기도 수원시 권선구 호매실동,중상사고,0,1,0,0,차대차 - 기타,기타,건조,맑음,교차로 - 교차로부근,승용,남,43세,상해없음,자전거,남,10세,중상
2021062100100501,2021년 6월 21일 18시,월요일,경기도 수원시 권선구 권선동,경상사고,0,0,4,0,차대차 - 추돌,안전운전불이행,건조,맑음,단일로 - 기타,이륜,남,23세,상해없음,승용,남,24세,경상
2021062100100580,2021년 6월 21일 20시,월요일,경기도 수원시 장안구 파장동,경상사고,0,0,1,0,차량단독 - 기타,기타,건조,맑음,교차로 - 교차로부근,승합,남,62세,상해없음,,,,
2021062100100604,2021년 6월 21일 21시,월요일,경기도 수원시 팔달구 우만동,경상사고,0,0,2,0,차대차 - 추돌,안전운전불이행,건조,맑음,교차로 - 교차로횡단보도내,화물,남,63세,상해없음,화물,남,54세,경상
2021062100100606,2021년 6월 21일 21시,월요일,경기도 수원시 팔달구 인계동,경상사고,0,0,2,0,차대차 - 기타,직진우회전진행방해,건조,맑음,교차로 - 교차로안,승용,여,25세,상해없음,이륜,여,25세,경상
2021062100100630,2021년 6월 21일 22시,월요일,경기도 수원시 권선구 세류동,경상사고,0,0,1,0,차대사람 - 기타,안전운전불이행,건조,맑음,단일로 - 기타,화물,남,52세,상해없음,보행자,남,26세,경상
2021062100100647,2021년 6월 21일 23시,월요일,경기도 수원시 권선구 권선동,경상사고,0,0,2,0,차대차 - 측면충돌,교차로운행방법위반,건조,맑음,교차로 - 교차로안,승용,여,56세,상해없음,승용,남,24세,경상
2021062200100027,2021년 6월 22일 05시,화요일,경기도 수원시 장안구 파장동,경상사고,0,0,1,0,차대차 - 측면충돌,신호위반,건조,맑음,교차로 - 교차로안,승용,여,54세,상해없음,승용,여,28세,경상
2021062200100049,2021년 6월 22일 07시,화요일,경기도 수원시 권선구 구운동,경상사고,0,0,1,0,차대사람 - 기타,기타,건조,맑음,단일로 - 기타,승합,남,58세,상해없음,보행자,여,79세,경상
2021062200100081,2021년 6월 22일 08시,화요일,경기도 수원시 장안구 연무동,경상사고,0,0,2,0,차대차 - 기타,안전운전불이행,건조,맑음,단일로 - 기타,승용,남,56세,경상,승용,여,29세,경상
2021062200100087,2021년 6월 22일 08시,화요일,경기도 수원시 영통구 이의동,경상사고,0,0,2,0,차대차 - 추돌,안전운전불이행,건조,맑음,단일로 - 기타,승합,남,40세,상해없음,승용,남,46세,경상
2021062200100123,2021년 6월 22일 09시,화요일,경기도 수원시 팔달구 화서동,경상사고,0,0,2,0,차대차 - 정면충돌,직진우회전진행방해,건조,맑음,교차로 - 교차로안,승용,여,39세,경상,승용,남,48세,경상
2021062200100161,2021년 6월 22일 10시,화요일,경기도 수원시 권선구 당수동,경상사고,0,0,2,0,차대차 - 기타,안전거리미확보,건조,맑음,단일로 - 기타,특수,남,51세,상해없음,승용,여,50세,경상
2021062200100263,2021년 6월 22일 13시,화요일,경기도 수원시 팔달구 우만동,경상사고,0,0,1,0,차대차 - 추돌,안전운전불이행,건조,맑음,교차로 - 교차로부근,승용,남,26세,상해없음,이륜,남,32세,경상
2021062200100303,2021년 6월 22일 14시,화요일,경기도 수원시 영통구 하동,경상사고,0,0,1,0,차대차 - 측면충돌,교차로운행방법위반,건조,맑음,교차로 - 교차로안,승용,남,47세,상해없음,승용,여,55세,경상
2021062200100336,2021년 6월 22일 15시,화요일,경기도 수원시 영통구 이의동,경상사고,0,0,1,0,차대사람 - 횡단중,보행자보호의무위반,건조,맑음,교차로 - 교차로횡단보도내,승용,여,37세,상해없음,보행자,남,61세,경상
2021062200100411,2021년 6월 22일 17시,화요일,경기도 수원시 권선구 권선동,중상사고,0,1,1,0,차대차 - 측면충돌,차로위반,건조,맑음,단일로 - 기타,화물,남,45세,상해없음,승용,여,56세,중상
2021062200100412,2021년 6월 22일 17시,화요일,경기도 수원시 권선구 평동,경상사고,0,0,1,0,차대차 - 추돌,안전거리미확보,건조,맑음,교차로 - 교차로안,승용,남,52세,상해없음,승용,남,50세,경상
2021062200100508,2021년 6월 22일 20시,화요일,경기도 수원시 영통구 매탄동,경상사고,0,0,1,0,차대차 - 기타,안전운전불이행,건조,맑음,교차로 - 교차로안,승용,여,51세,상해없음,자전거,남,10세,경상
2021062200100530,2021년 6월 22일 21시,화요일,경기도 수원시 팔달구 팔달로2가,경상사고,0,0,3,0,차대차 - 기타,직진우회전진행방해,건조,맑음,교차로 - 교차로안,승용,남,24세,경상,승용,남,25세,경상
2021062200100536,2021년 6월 22일 21시,화요일,경기도 수원시 권선구 권선동,경상사고,0,0,1,0,차대차 - 측면충돌,중앙선침범,건조,맑음,교차로 - 교차로부근,이륜,남,21세,상해없음,개인형이동수단(PM),남,16세,경상
2021062200100537,2021년 6월 22일 21시,화요일,경기도 수원시 권선구 권선동,경상사고,0,0,2,0,차대차 - 측면충돌,안전거리미확보,건조,맑음,교차로 - 교차로부근,승용,남,60세,상해없음,승용,남,24세,경상
2021062300100028,2021년 6월 23일 04시,수요일,경기도 수원시 권선구 권선동,중상사고,0,3,0,0,차대차 - 측면충돌,안전운전불이행,건조,맑음,기타 - 기타,승용,남,27세,상해없음,승용,남,54세,중상
2021062300100036,2021년 6월 23일 05시,수요일,경기도 수원시 권선구 금곡동,경상사고,0,0,1,0,차대사람 - 기타,안전운전불이행,건조,맑음,단일로 - 기타,자전거,남,60세,상해없음,보행자,남,45세,경상
2021062300100122,2021년 6월 23일 10시,수요일,경기도 수원시 팔달구 화서동,경상사고,0,0,1,0,차대사람 - 기타,기타,건조,맑음,단일로 - 기타,자전거,여,41세,상해없음,보행자,여,30세,경상
2021062300100123,2021년 6월 23일 10시,수요일,경기도 수원시 장안구 조원동,경상사고,0,0,1,0,차대차 - 측면충돌,안전운전불이행,건조,맑음,교차로 - 교차로안,승용,여,56세,기타불명,승용,남,64세,경상
2021062300100158,2021년 6월 23일 11시,수요일,경기도 수원시 영통구 매탄동,경상사고,0,0,2,0,차대차 - 측면충돌,안전운전불이행,건조,맑음,교차로 - 교차로부근,이륜,남,60세,경상,승용,남,52세,경상
2021062300100223,2021년 6월 23일 13시,수요일,경기도 수원시 영통구 매탄동,중상사고,0,1,0,0,차대차 - 측면충돌,보행자보호의무위반,건조,맑음,교차로 - 교차로안,화물,남,33세,상해없음,자전거,여,8세,중상
2021062300100247,2021년 6월 23일 14시,수요일,경기도 수원시 팔달구 인계동,경상사고,0,0,2,0,차대차 - 측면충돌,안전운전불이행,건조,맑음,단일로 - 기타,이륜,남,67세,경상,승용,여,49세,경상
2021062300100355,2021년 6월 23일 17시,수요일,경기도 수원시 팔달구 우만동,경상사고,0,0,1,0,차대차 - 측면충돌,신호위반,젖음/습기,비,교차로 - 교차로부근,승용,남,42세,상해없음,승용,남,49세,경상
2021062300100401,2021년 6월 23일 18시,수요일,경기도 수원시 권선구 당수동,중상사고,0,1,1,0,차대차 - 추돌,안전운전불이행,건조,맑음,단일로 - 터널,화물,남,55세,상해없음,승용,남,34세,경상
2021062300100436,2021년 6월 23일 19시,수요일,경기도 수원시 권선구 당수동,경상사고,0,0,2,0,차대차 - 측면충돌,안전운전불이행,건조,맑음,단일로 - 기타,승용,여,44세,경상,승용,남,28세,경상
2021062300100548,2021년 6월 23일 23시,수요일,경기도 수원시 팔달구 인계동,중상사고,0,1,0,0,차대차 - 추돌,안전운전불이행,건조,맑음,기타 - 기타,이륜,남,36세,상해없음,이륜,남,53세,중상
2021062400100002,2021년 6월 24일 00시,목요일,경기도 수원시 팔달구 인계동,경상사고,0,0,1,0,차대차 - 측면충돌,안전운전불이행,건조,맑음,기타 - 기타,승용,남,40세,상해없음,승용,남,24세,경상
2021062400100022,2021년 6월 24일 02시,목요일,경기도 수원시 영통구 매탄동,중상사고,0,1,1,0,차대차 - 측면충돌,신호위반,건조,맑음,교차로 - 교차로안,이륜,남,21세,경상,이륜,남,36세,중상
2021062400100066,2021년 6월 24일 07시,목요일,경기도 수원시 영통구 매탄동,경상사고,0,0,3,0,차대차 - 정면충돌,신호위반,건조,맑음,교차로 - 교차로안,승용,남,22세,상해없음,승용,남,32세,경상
2021062400100093,2021년 6월 24일 08시,목요일,경기도 수원시 팔달구 고등동,중상사고,0,1,0,0,차대사람 - 횡단중,안전운전불이행,건조,맑음,교차로 - 교차로안,승용,남,55세,상해없음,보행자,남,56세,중상
2021062400100094,2021년 6월 24일 08시,목요일,경기도 수원시 장안구 영화동,경상사고,0,0,1,0,차대차 - 추돌,안전운전불이행,건조,맑음,교차로 - 교차로부근,승용,여,69세,상해없음,승용,여,40세,경상
2021062400100099,2021년 6월 24일 08시,목요일,경기도 수원시 영통구 신동,중상사고,0,1,0,0,차대사람 - 횡단중,보행자보호의무위반,건조,맑음,기타 - 기타,승용,여,44세,상해없음,보행자,여,50세,중상
2021062400100100,2021년 6월 24일 08시,목요일,경기도 수원시 영통구 원천동,경상사고,0,0,2,0,차량단독 - 전도전복 - 전도,안전운전불이행,건조,맑음,단일로 - 기타,승합,남,51세,상해없음,,,,
2021062400100141,2021년 6월 24일 09시,목요일,경기도 수원시 영통구 영통동,경상사고,0,0,1,0,차대차 - 기타,불법유턴,건조,맑음,기타 - 기타,승용,남,64세,상해없음,이륜,여,23세,경상
2021062400100142,2021년 6월 24일 09시,목요일,경기도 수원시 권선구 권선동,경상사고,0,0,2,0,차대차 - 추돌,안전운전불이행,건조,맑음,기타 - 기타,승용,남,33세,상해없음,화물,남,34세,경상
2021062400100173,2021년 6월 24일 10시,목요일,경기도 수원시 영통구 이의동,경상사고,0,0,2,0,차대차 - 측면충돌,안전거리미확보,건조,맑음,단일로 - 기타,승용,남,35세,상해없음,승용,남,71세,경상
2021062400100174,2021년 6월 24일 10시,목요일,경기도 수원시 영통구 원천동,경상사고,0,0,1,0,차대사람 - 횡단중,신호위반,건조,맑음,교차로 - 교차로안,건설기계,남,60세,상해없음,보행자,남,34세,경상
2021062400100176,2021년 6월 24일 10시,목요일,경기도 수원시 팔달구 매교동,중상사고,0,1,0,0,차대사람 - 횡단중,신호위반,건조,맑음,교차로 - 교차로부근,승용,남,60세,상해없음,보행자,여,71세,중상
2021062400100177,2021년 6월 24일 10시,목요일,경기도 수원시 팔달구 매산로1가,경상사고,0,0,1,0,차대차 - 기타,안전거리미확보,건조,맑음,단일로 - 기타,화물,남,38세,상해없음,승용,남,35세,경상
2021062400100312,2021년 6월 24일 14시,목요일,경기도 수원시 영통구 하동,중상사고,0,1,0,0,차대사람 - 기타,안전운전불이행,건조,맑음,단일로 - 기타,승합,남,56세,상해없음,보행자,여,59세,중상
2021062400100352,2021년 6월 24일 15시,목요일,경기도 수원시 장안구 정자동,경상사고,0,0,1,0,차대사람 - 기타,안전운전불이행,건조,맑음,단일로 - 기타,승용,여,51세,상해없음,보행자,남,8세,경상
2021062400100426,2021년 6월 24일 17시,목요일,경기도 수원시 장안구 파장동,부상신고사고,0,0,0,1,차대사람 - 기타,안전운전불이행,건조,맑음,교차로 - 교차로부근,기타불명,기타불명,미분류,기타불명,보행자,남,29세,부상신고
2021062400100435,2021년 6월 24일 17시,목요일,경기도 수원시 영통구 원천동,경상사고,0,0,1,0,차대차 - 측면충돌,안전운전불이행,건조,맑음,교차로 - 교차로안,승용,여,30세,상해없음,승용,여,45세,경상
2021062400100485,2021년 6월 24일 18시,목요일,경기도 수원시 팔달구 우만동,경상사고,0,0,1,0,차대차 - 기타,안전운전불이행,건조,맑음,단일로 - 기타,화물,남,37세,상해없음,자전거,남,9세,경상
2021062400100490,2021년 6월 24일 18시,목요일,경기도 수원시 권선구 권선동,중상사고,0,1,0,0,차대차 - 측면충돌,안전운전불이행,건조,맑음,교차로 - 교차로안,승용,여,49세,상해없음,이륜,여,64세,중상
2021062400100565,2021년 6월 24일 20시,목요일,경기도 수원시 권선구 입북동,중상사고,0,1,0,0,차대사람 - 길가장자리구역통행중,안전운전불이행,건조,맑음,단일로 - 기타,승용,남,61세,상해없음,보행자,여,41세,중상
2021062400100624,2021년 6월 24일 22시,목요일,경기도 수원시 영통구 영통동,경상사고,0,0,1,0,차대차 - 측면충돌,안전운전불이행,건조,맑음,교차로 - 교차로부근,승용,남,31세,상해없음,승용,여,38세,경상
2021062400100657,2021년 6월 24일 23시,목요일,경기도 수원시 장안구 이목동,경상사고,0,0,1,0,차대차 - 추돌,안전운전불이행,건조,맑음,단일로 - 기타,승용,남,50세,상해없음,승용,여,28세,경상
2021062400100658,2021년 6월 24일 23시,목요일,경기도 수원시 장안구 영화동,경상사고,0,0,3,0,차대차 - 기타,신호위반,건조,맑음,교차로 - 교차로안,승용,남,62세,상해없음,승용,남,27세,경상
2021062500100006,2021년 6월 25일 00시,금요일,경기도 수원시 장안구 영화동,경상사고,0,0,1,0,차대차 - 측면충돌,안전운전불이행,건조,맑음,교차로 - 교차로안,승용,남,23세,상해없음,승합,남,56세,경상
2021062500100030,2021년 6월 25일 05시,금요일,경기도 수원시 영통구 매탄동,경상사고,0,0,1,0,차대차 - 기타,안전거리미확보,건조,맑음,기타 - 기타,승용,남,25세,상해없음,승용,남,68세,상해없음
2021062500100034,2021년 6월 25일 06시,금요일,경기도 수원시 장안구 송죽동,경상사고,0,0,1,0,차대차 - 추돌,안전거리미확보,건조,맑음,단일로 - 기타,승합,남,43세,상해없음,승용,여,58세,경상
2021062500100090,2021년 6월 25일 08시,금요일,경기도 수원시 권선구 탑동,경상사고,0,0,2,0,차대차 - 기타,안전운전불이행,건조,맑음,기타 - 기타,승용,여,34세,상해없음,승용,남,38세,경상
2021062500100130,2021년 6월 25일 09시,금요일,경기도 수원시 팔달구 지동,경상사고,0,0,1,0,차대차 - 기타,기타,건조,맑음,기타 - 기타,승용,남,66세,상해없음,자전거,여,49세,경상
2021062500100199,2021년 6월 25일 11시,금요일,경기도 수원시 팔달구 우만동,경상사고,0,0,1,0,차대차 - 기타,안전운전불이행,건조,맑음,단일로 - 기타,승용,남,61세,상해없음,이륜,남,38세,경상
2021062500100298,2021년 6월 25일 14시,금요일,경기도 수원시 팔달구 우만동,경상사고,0,0,1,0,차대사람 - 보도통행중,안전운전불이행,건조,맑음,기타 - 기타,자전거,남,10세,상해없음,보행자,남,67세,경상
2021062500100299,2021년 6월 25일 14시,금요일,경기도 수원시 장안구 정자동,경상사고,0,0,1,0,차대차 - 측면충돌,안전거리미확보,건조,맑음,교차로 - 교차로안,승용,여,44세,상해없음,화물,남,58세,경상
2021062500100350,2021년 6월 25일 15시,금요일,경기도 수원시 장안구 조원동,경상사고,0,0,1,0,차대사람 - 횡단중,안전운전불이행,건조,맑음,단일로 - 기타,승용,여,25세,상해없음,보행자,남,74세,경상
2021062500100354,2021년 6월 25일 15시,금요일,경기도 수원시 팔달구 매산로1가,경상사고,0,0,1,0,차대사람 - 기타,안전운전불이행,건조,맑음,교차로 - 교차로안,화물,남,46세,상해없음,보행자,남,34세,경상
2021062500100444,2021년 6월 25일 17시,금요일,경기도 수원시 장안구 정자동,경상사고,0,0,1,0,차대차 - 기타,교차로운행방법위반,건조,맑음,교차로 - 교차로안,이륜,남,26세,기타불명,승용,남,38세,경상
2021062500100451,2021년 6월 25일 17시,금요일,경기도 수원시 권선구 권선동,경상사고,0,0,1,0,차대차 - 측면충돌,신호위반,건조,맑음,교차로 - 교차로안,이륜,남,31세,기타불명,이륜,남,35세,경상
2021062500100455,2021년 6월 25일 17시,금요일,경기도 수원시 권선구 고색동,경상사고,0,0,1,0,차대차 - 측면충돌,안전운전불이행,건조,맑음,교차로 - 교차로안,승용,남,60세,상해없음,승용,남,52세,경상
2021062500100505,2021년 6월 25일 18시,금요일,경기도 수원시 권선구 세류동,중상사고,0,1,0,0,차대차 - 측면충돌,교차로운행방법위반,건조,맑음,교차로 - 교차로안,화물,남,30세,상해없음,원동기,남,71세,중상
2021062500100506,2021년 6월 25일 18시,금요일,경기도 수원시 영통구 매탄동,경상사고,0,0,2,0,차대차 - 측면충돌,신호위반,건조,맑음,교차로 - 교차로부근,승용,남,69세,상해없음,승용,남,42세,경상
2021062500100592,2021년 6월 25일 20시,금요일,경기도 수원시 팔달구 화서동,중상사고,0,1,0,0,차대사람 - 횡단중,안전운전불이행,건조,맑음,교차로 - 교차로안,승용,남,68세,상해없음,보행자,여,74세,중상
2021062500100597,2021년 6월 25일 20시,금요일,경기도 수원시 팔달구 인계동,경상사고,0,0,1,0,차대차 - 측면충돌,안전거리미확보,건조,맑음,단일로 - 기타,승용,남,62세,상해없음,이륜,남,34세,경상
2021062500100670,2021년 6월 25일 22시,금요일,경기도 수원시 권선구 금곡동,경상사고,0,0,2,0,차대차 - 기타,안전거리미확보,건조,맑음,기타 - 기타,화물,남,57세,상해없음,승용,남,43세,경상
2021062500100691,2021년 6월 25일 23시,금요일,경기도 수원시 권선구 당수동,경상사고,0,0,1,0,차대차 - 기타,안전운전불이행,건조,맑음,기타 - 기타,승용,남,37세,상해없음,승용,여,47세,경상
2021062600100155,2021년 6월 26일 10시,토요일,경기도 수원시 영통구 매탄동,경상사고,0,0,2,0,차량단독 - 공작물충돌,안전운전불이행,건조,맑음,단일로 - 기타,승용,남,66세,상해없음,,,,
2021062600100187,2021년 6월 26일 11시,토요일,경기도 수원시 영통구 영통동,경상사고,0,0,1,0,차대차 - 기타,안전운전불이행,건조,맑음,기타 - 기타,이륜,남,37세,상해없음,이륜,남,27세,경상
2021062600100334,2021년 6월 26일 15시,토요일,경기도 수원시 장안구 율전동,경상사고,0,0,3,0,차대차 - 측면충돌,신호위반,건조,맑음,교차로 - 교차로안,승용,여,28세,경상,승용,여,54세,경상
2021062600100335,2021년 6월 26일 15시,토요일,경기도 수원시 팔달구 중동,부상신고사고,0,0,0,1,차대차 - 기타,신호위반,건조,맑음,교차로 - 교차로부근,승용,남,61세,상해없음,승용,남,30세,부상신고
2021062600100340,2021년 6월 26일 15시,토요일,경기도 수원시 권선구 세류동,경상사고,0,0,1,0,차대차 - 기타,안전운전불이행,건조,맑음,교차로 - 교차로부근,승용,남,39세,상해없음,화물,남,60세,경상
2021062600100402,2021년 6월 26일 17시,토요일,경기도 수원시 장안구 조원동,경상사고,0,0,1,0,차대차 - 추돌,안전운전불이행,건조,맑음,교차로 - 교차로부근,승용,여,73세,상해없음,승용,남,49세,경상
2021062600100481,2021년 6월 26일 19시,토요일,경기도 수원시 장안구 정자동,경상사고,0,0,1,0,차대차 - 기타,안전운전불이행,건조,맑음,단일로 - 기타,승용,남,49세,상해없음,자전거,남,46세,경상
2021062600100523,2021년 6월 26일 20시,토요일,경기도 수원시 영통구 하동,경상사고,0,0,1,0,차대사람 - 횡단중,신호위반,건조,맑음,교차로 - 교차로횡단보도내,승용,남,54세,상해없음,보행자,여,23세,경상
2021062600100524,2021년 6월 26일 20시,토요일,경기도 수원시 영통구 이의동,경상사고,0,0,2,0,차대차 - 추돌,안전운전불이행,건조,맑음,교차로 - 교차로안,이륜,남,23세,경상,이륜,남,27세,경상
2021062700100076,2021년 6월 27일 07시,일요일,경기도 수원시 장안구 영화동,중상사고,0,1,0,0,차대사람 - 횡단중,신호위반,건조,맑음,기타 - 기타,이륜,남,41세,상해없음,보행자,남,60세,중상
2021062700100094,2021년 6월 27일 09시,일요일,경기도 수원시 팔달구 인계동,경상사고,0,0,1,0,차대차 - 기타,안전거리미확보,건조,맑음,단일로 - 기타,승용,여,48세,상해없음,승용,남,35세,경상
2021062700100202,2021년 6월 27일 13시,일요일,경기도 수원시 장안구 정자동,경상사고,0,0,1,0,차대사람 - 기타,안전운전불이행,건조,맑음,단일로 - 기타,승용,남,44세,상해없음,보행자,남,31세,경상
2021062700100205,2021년 6월 27일 13시,일요일,경기도 수원시 영통구 영통동,경상사고,0,0,1,0,차대차 - 측면충돌,안전운전불이행,건조,맑음,단일로 - 기타,승용,남,46세,상해없음,이륜,남,23세,경상
2021062700100451,2021년 6월 27일 21시,일요일,경기도 수원시 장안구 정자동,경상사고,0,0,1,0,차대차 - 추돌,안전운전불이행,건조,흐림,교차로 - 교차로안,승용,여,55세,상해없음,이륜,남,19세,경상
2021062700100453,2021년 6월 27일 21시,일요일,경기도 수원시 팔달구 인계동,중상사고,0,1,0,0,차대차 - 기타,신호위반,건조,맑음,교차로 - 교차로안,화물,남,36세,상해없음,이륜,남,57세,중상
2021062700100454,2021년 6월 27일 21시,일요일,경기도 수원시 권선구 세류동,경상사고,0,0,3,0,차대차 - 추돌,안전운전불이행,기타,맑음,교차로 - 교차로부근,승용,남,32세,상해없음,승용,남,33세,경상
2021062700100472,2021년 6월 27일 22시,일요일,경기도 수원시 장안구 정자동,경상사고,0,0,2,0,차대차 - 기타,안전거리미확보,건조,맑음,교차로 - 교차로안,이륜,남,45세,경상,승용,남,42세,경상
2021062700100473,2021년 6월 27일 22시,일요일,경기도 수원시 장안구 송죽동,경상사고,0,0,5,0,차대차 - 추돌,신호위반,건조,흐림,교차로 - 교차로횡단보도내,승용,남,71세,경상,승용,남,19세,경상
2021062700100474,2021년 6월 27일 22시,일요일,경기도 수원시 장안구 정자동,경상사고,0,0,1,0,차대차 - 기타,신호위반,건조,맑음,교차로 - 교차로부근,승용,여,41세,상해없음,승용,여,56세,경상
2021062800100013,2021년 6월 28일 01시,월요일,경기도 수원시 영통구 매탄동,경상사고,0,0,1,0,차대차 - 측면충돌,안전운전불이행,건조,맑음,단일로 - 기타,이륜,남,58세,상해없음,자전거,여,28세,경상
2021062800100036,2021년 6월 28일 06시,월요일,경기도 수원시 영통구 이의동,경상사고,0,0,1,0,차대차 - 기타,차로위반,건조,맑음,단일로 - 기타,화물,남,68세,상해없음,승용,남,51세,경상
2021062800100093,2021년 6월 28일 08시,월요일,경기도 수원시 권선구 권선동,경상사고,0,0,1,0,차대차 - 추돌,안전운전불이행,젖음/습기,비,단일로 - 기타,승용,남,34세,상해없음,승용,여,51세,경상
2021062800100095,2021년 6월 28일 08시,월요일,경기도 수원시 팔달구 고등동,경상사고,0,0,1,0,차대차 - 추돌,안전거리미확보,건조,맑음,단일로 - 기타,승용,여,47세,상해없음,승용,남,61세,경상