사고번호,사고일시,요일,시군구,사고내용,사망자수,중상자수,경상자수,부상신고자수,사고유형,법규위반,노면상태,기상상태,도로형태,가해운전자 차종,가해운전자 성별,가해운전자 연령,가해운전자 상해정도,피해운전자 차종,피해운전자 성별,피해운전자 연령,피해운전자 상해정도
2021062800100096,2021년 6월 28일 08시,월요일,경기도 수원시 권선구 탑동,경상사고,0,0,1,1,차대차 - 기타,직진우회전진행방해,젖음/습기,비,교차로 - 교차로안,승용,남,72세,부상신고,승용,남,36세,경상
2021062800100130,2021년 6월 28일 09시,월요일,경기도 수원시 영통구 이의동,중상사고,0,1,3,0,차대차 - 측면충돌,신호위반,젖음/습기,비,교차로 - 교차로안,승용,여,36세,상해없음,승합,남,59세,중상
2021062800100131,2021년 6월 28일 09시,월요일,경기도 수원시 권선구 곡반정동,경상사고,0,0,2,0,차대차 - 측면충돌,안전운전불이행,건조,맑음,교차로 - 교차로안,승용,남,52세,경상,승용,남,47세,경상
2021062800100165,2021년 6월 28일 10시,월요일,경기도 수원시 팔달구 우만동,경상사고,0,0,1,1,차대차 - 정면충돌,안전운전불이행,젖음/습기,비,교차로 - 교차로부근,승용,남,48세,부상신고,화물,남,65세,경상
2021062800100201,2021년 6월 28일 11시,월요일,경기도 수원시 팔달구 화서동,경상사고,0,0,1,0,차대차 - 기타,안전운전불이행,건조,맑음,단일로 - 기타,이륜,남,28세,경상,승용,남,48세,상해없음
2021062800100205,2021년 6월 28일 11시,월요일,경기도 수원시 영통구 원천동,중상사고,0,1,0,0,차대차 - 측면충돌,신호위반,젖음/습기,비,교차로 - 교차로안,승용,남,39세,상해없음,승용,남,47세,중상
2021062800100233,2021년 6월 28일 12시,월요일,경기도 수원시 장안구 천천동,경상사고,0,0,1,0,차대차 - 추돌,신호위반,젖음/습기,비,교차로 - 교차로부근,화물,남,47세,상해없음,승용,남,71세,경상
2021062800100276,2021년 6월 28일 13시,월요일,경기도 수원시 영통구 신동,경상사고,0,0,1,0,차대차 - 추돌,안전운전불이행,건조,맑음,단일로 - 지하차도(도로)내,승용,남,76세,상해없음,승용,여,40세,경상
2021062800100322,2021년 6월 28일 14시,월요일,경기도 수원시 영통구 매탄동,중상사고,0,1,1,0,차대차 - 측면충돌,안전운전불이행,건조,맑음,기타 - 기타,이륜,남,48세,중상,승용,여,51세,경상
2021062800100356,2021년 6월 28일 15시,월요일,경기도 수원시 팔달구 매산로1가,부상신고사고,0,0,0,1,차대차 - 측면충돌,안전거리미확보,건조,맑음,교차로 - 교차로부근,승용,남,74세,부상신고,화물,남,57세,상해없음
2021062800100400,2021년 6월 28일 16시,월요일,경기도 수원시 권선구 세류동,경상사고,0,0,1,0,차대차 - 측면충돌,안전운전불이행,건조,맑음,단일로 - 기타,이륜,남,52세,경상,승용,남,53세,상해없음
2021062800100401,2021년 6월 28일 16시,월요일,경기도 수원시 팔달구 매산로1가,경상사고,0,0,2,0,차대차 - 측면충돌,안전거리미확보,건조,맑음,단일로 - 기타,승용,여,60세,상해없음,승합,여,58세,경상
2021062800100445,2021년 6월 28일 17시,월요일,경기도 수원시 영통구 매탄동,경상사고,0,0,2,0,차대차 - 측면충돌,신호위반,젖음/습기,비,교차로 - 교차로안,승용,여,35세,상해없음,승용,남,61세,경상
2021062800100501,2021년 6월 28일 18시,월요일,경기도 수원시 권선구 고색동,경상사고,0,0,2,0,차대차 - 측면충돌,안전운전불이행,건조,맑음,교차로 - 교차로부근,승용,여,64세,상해없음,승용,여,38세,경상
2021062800100601,2021년 6월 28일 21시,월요일,경기도 수원시 영통구 원천동,중상사고,0,1,0,0,차대차 - 정면충돌,신호위반,건조,맑음,교차로 - 교차로안,승용,여,28세,상해없음,이륜,남,32세,중상
2021062900100056,2021년 6월 29일 07시,화요일,경기도 수원시 팔달구 화서동,경상사고,0,0,1,0,차대차 - 추돌,안전운전불이행,건조,맑음,기타 - 기타,건설기계,남,60세,상해없음,승합,여,55세,경상
2021062900100085,2021년 6월 29일 08시,화요일,경기도 수원시 권선구 고색동,중상사고,0,1,0,0,차대차 - 추돌,안전운전불이행,건조,맑음,단일로 - 기타,승용,남,22세,상해없음,승용,남,40세,중상
2021062900100332,2021년 6월 29일 15시,화요일,경기도 수원시 권선구 탑동,경상사고,0,0,1,0,차대차 - 측면충돌,교차로운행방법위반,건조,맑음,교차로 - 교차로안,승용,여,30세,상해없음,승용,여,50세,경상
2021062900100380,2021년 6월 29일 16시,화요일,경기도 수원시 권선구 평동,경상사고,0,0,1,0,차대차 - 측면충돌,중앙선침범,건조,맑음,단일로 - 기타,승용,남,24세,상해없음,개인형이동수단(PM),남,65세,경상
2021062900100432,2021년 6월 29일 17시,화요일,경기도 수원시 권선구 호매실동,경상사고,0,0,1,0,차대차 - 기타,신호위반,건조,맑음,교차로 - 교차로부근,승용,남,47세,상해없음,승합,남,55세,상해없음
2021062900100540,2021년 6월 29일 19시,화요일,경기도 수원시 장안구 정자동,경상사고,0,0,1,0,차대차 - 기타,안전운전불이행,건조,맑음,교차로 - 교차로부근,화물,남,49세,상해없음,이륜,남,54세,경상
2021062900100541,2021년 6월 29일 19시,화요일,경기도 수원시 팔달구 화서동,경상사고,0,0,1,0,차대차 - 기타,신호위반,건조,흐림,교차로 - 교차로안,승용,남,23세,상해없음,승용,남,31세,경상
2021062900100545,2021년 6월 29일 19시,화요일,경기도 수원시 권선구 입북동,중상사고,0,1,2,0,차대차 - 추돌,안전거리미확보,건조,맑음,단일로 - 기타,승용,남,27세,상해없음,승용,남,62세,중상
2021062900100568,2021년 6월 29일 20시,화요일,경기도 수원시 권선구 오목천동,부상신고사고,0,0,0,1,차대차 - 기타,안전운전불이행,건조,맑음,단일로 - 기타,자전거,남,27세,부상신고,승용,남,50세,상해없음
2021062900100596,2021년 6월 29일 21시,화요일,경기도 수원시 영통구 원천동,중상사고,0,1,1,0,차대차 - 측면충돌,안전운전불이행,건조,맑음,교차로 - 교차로부근,승합,남,56세,상해없음,승용,기타불명,미분류,기타불명
2021063000100055,2021년 6월 30일 07시,수요일,경기도 수원시 장안구 율전동,경상사고,0,0,3,0,차대차 - 측면충돌,교차로운행방법위반,건조,맑음,교차로 - 교차로안,승용,여,45세,경상,승용,여,61세,경상
2021063000100119,2021년 6월 30일 09시,수요일,경기도 수원시 팔달구 팔달로2가,경상사고,0,0,1,0,차대차 - 기타,신호위반,건조,맑음,단일로 - 기타,승용,남,64세,상해없음,승합,남,39세,경상
2021063000100120,2021년 6월 30일 09시,수요일,경기도 수원시 장안구 송죽동,중상사고,0,1,0,0,차대차 - 정면충돌,안전운전불이행,건조,맑음,단일로 - 기타,승용,남,62세,상해없음,기타불명,남,77세,중상
2021063000100121,2021년 6월 30일 09시,수요일,경기도 수원시 팔달구 화서동,경상사고,0,0,3,0,차대차 - 기타,안전운전불이행,건조,맑음,교차로 - 교차로안,승용,남,26세,경상,승용,남,30세,경상
2021063000100122,2021년 6월 30일 09시,수요일,경기도 수원시 장안구 영화동,경상사고,0,0,1,0,차대차 - 기타,교차로운행방법위반,건조,맑음,교차로 - 교차로안,승용,남,31세,상해없음,승용,남,27세,경상
2021063000100225,2021년 6월 30일 12시,수요일,경기도 수원시 영통구 원천동,경상사고,0,0,2,1,차대차 - 추돌,안전운전불이행,건조,맑음,단일로 - 기타,승용,남,61세,상해없음,승용,여,38세,경상
2021063000100434,2021년 6월 30일 17시,수요일,경기도 수원시 영통구 매탄동,부상신고사고,0,0,0,1,차대사람 - 기타,안전운전불이행,건조,맑음,단일로 - 기타,자전거,기타불명,미분류,기타불명,보행자,남,24세,부상신고
2021063000100519,2021년 6월 30일 19시,수요일,경기도 수원시 팔달구 인계동,부상신고사고,0,0,0,1,차대차 - 기타,차로위반,건조,맑음,단일로 - 기타,승용,남,47세,상해없음,개인형이동수단(PM),남,29세,부상신고
2021063000100545,2021년 6월 30일 20시,수요일,경기도 수원시 장안구 정자동,중상사고,0,1,0,0,차대차 - 측면충돌,신호위반,건조,맑음,교차로 - 교차로횡단보도내,이륜,남,34세,상해없음,자전거,여,33세,중상
2021063000100546,2021년 6월 30일 20시,수요일,경기도 수원시 장안구 송죽동,경상사고,0,0,3,0,차대차 - 기타,교차로운행방법위반,건조,맑음,교차로 - 교차로안,승용,여,51세,상해없음,승용,남,56세,경상
2021063000100547,2021년 6월 30일 20시,수요일,경기도 수원시 장안구 조원동,중상사고,0,1,0,0,차대사람 - 횡단중,신호위반,건조,맑음,교차로 - 교차로안,이륜,남,20세,기타불명,보행자,여,56세,중상
2021070100100122,2021년 7월 1일 09시,목요일,경기도 수원시 영통구 이의동,경상사고,0,0,2,0,차대차 - 측면충돌,안전운전불이행,건조,맑음,단일로 - 기타,승용,여,55세,상해없음,승용,남,38세,경상
2021070100100123,2021년 7월 1일 09시,목요일,경기도 수원시 팔달구 인계동,경상사고,0,0,1,0,차대사람 - 횡단중,신호위반,건조,맑음,단일로 - 기타,승용,남,73세,상해없음,보행자,남,37세,경상
2021070100100164,2021년 7월 1일 10시,목요일,경기도 수원시 권선구 권선동,경상사고,0,0,1,0,차대사람 - 횡단중,신호위반,건조,맑음,단일로 - 기타,화물,남,48세,상해없음,보행자,여,35세,경상
2021070100100255,2021년 7월 1일 13시,목요일,경기도 수원시 권선구 세류동,경상사고,0,0,2,0,차대차 - 측면충돌,안전운전불이행,건조,맑음,교차로 - 교차로부근,자전거,남,10세,경상,승용,남,52세,경상
2021070100100256,2021년 7월 1일 13시,목요일,경기도 수원시 권선구 권선동,경상사고,0,0,1,0,차대차 - 측면충돌,교차로운행방법위반,건조,맑음,교차로 - 교차로횡단보도내,승용,여,74세,상해없음,이륜,남,63세,경상
2021070100100295,2021년 7월 1일 14시,목요일,경기도 수원시 장안구 조원동,부상신고사고,0,0,0,1,차대차 - 추돌,안전거리미확보,건조,맑음,단일로 - 기타,이륜,남,26세,부상신고,승용,남,58세,상해없음
2021070100100370,2021년 7월 1일 16시,목요일,경기도 수원시 영통구 하동,경상사고,0,0,2,0,차대차 - 측면충돌,불법유턴,건조,맑음,교차로 - 교차로부근,화물,남,35세,경상,승합,남,48세,경상
2021070100100404,2021년 7월 1일 17시,목요일,경기도 수원시 팔달구 우만동,경상사고,0,0,2,0,차대차 - 추돌,안전운전불이행,건조,흐림,단일로 - 기타,화물,남,49세,상해없음,승용,남,65세,경상
2021070100100460,2021년 7월 1일 18시,목요일,경기도 수원시 팔달구 인계동,경상사고,0,0,1,0,차대차 - 기타,안전운전불이행,건조,맑음,단일로 - 기타,승용,남,29세,상해없음,승용,남,27세,경상
2021070100100551,2021년 7월 1일 20시,목요일,경기도 수원시 영통구 신동,경상사고,0,0,2,0,차대차 - 측면충돌,안전운전불이행,건조,맑음,교차로 - 교차로부근,승용,남,23세,상해없음,승용,남,23세,경상
2021070100100574,2021년 7월 1일 21시,목요일,경기도 수원시 영통구 영통동,경상사고,0,0,1,0,차대차 - 측면충돌,안전운전불이행,건조,맑음,기타 - 기타,승용,남,47세,상해없음,자전거,남,14세,경상
2021070100100626,2021년 7월 1일 23시,목요일,경기도 수원시 영통구 매탄동,부상신고사고,0,0,0,1,차량단독 - 공작물충돌,안전운전불이행,건조,맑음,단일로 - 기타,이륜,남,26세,부상신고,,,,
2021070200100003,2021년 7월 2일 00시,금요일,경기도 수원시 장안구 영화동,경상사고,0,0,1,0,차대차 - 기타,교차로운행방법위반,건조,맑음,교차로 - 교차로안,승용,남,41세,상해없음,이륜,남,31세,경상
2021070200100027,2021년 7월 2일 03시,금요일,경기도 수원시 팔달구 인계동,중상사고,0,1,0,0,차대사람 - 기타,안전운전불이행,건조,맑음,주차장 - 주차장,화물,남,38세,상해없음,보행자,남,44세,중상
2021070200100044,2021년 7월 2일 06시,금요일,경기도 수원시 권선구 세류동,부상신고사고,0,0,0,1,차량단독 - 공작물충돌,안전운전불이행,건조,맑음,단일로 - 기타,승용,남,36세,부상신고,,,,
2021070200100084,2021년 7월 2일 08시,금요일,경기도 수원시 권선구 곡반정동,중상사고,0,1,0,0,차대차 - 측면충돌,교차로운행방법위반,건조,맑음,교차로 - 교차로안,화물,남,51세,상해없음,승용,여,41세,중상
2021070200100158,2021년 7월 2일 10시,금요일,경기도 수원시 권선구 세류동,경상사고,0,0,2,0,차대차 - 측면충돌,안전운전불이행,건조,맑음,단일로 - 기타,승용,여,59세,상해없음,승합,남,47세,경상
2021070200100292,2021년 7월 2일 14시,금요일,경기도 수원시 장안구 정자동,중상사고,0,1,0,0,차대차 - 기타,신호위반,건조,맑음,교차로 - 교차로부근,이륜,남,23세,중상,승용,여,41세,상해없음
2021070200100295,2021년 7월 2일 14시,금요일,경기도 수원시 팔달구 인계동,경상사고,0,0,1,0,차대차 - 측면충돌,신호위반,건조,맑음,교차로 - 교차로횡단보도내,승용,남,39세,상해없음,자전거,여,35세,경상
2021070200100343,2021년 7월 2일 15시,금요일,경기도 수원시 영통구 원천동,경상사고,0,0,1,0,차대차 - 추돌,안전거리미확보,건조,맑음,교차로 - 교차로부근,승용,남,47세,상해없음,승용,남,37세,경상
2021070200100430,2021년 7월 2일 17시,금요일,경기도 수원시 영통구 망포동,경상사고,0,0,1,0,차대차 - 측면충돌,신호위반,건조,맑음,교차로 - 교차로부근,자전거,남,13세,경상,승합,남,58세,상해없음
2021070200100481,2021년 7월 2일 18시,금요일,경기도 수원시 장안구 정자동,경상사고,0,0,1,0,차대차 - 기타,교차로운행방법위반,건조,맑음,교차로 - 교차로안,승용,남,47세,상해없음,이륜,남,36세,경상
2021070200100490,2021년 7월 2일 18시,금요일,경기도 수원시 영통구 매탄동,경상사고,0,0,2,0,차대차 - 측면충돌,안전거리미확보,건조,맑음,단일로 - 기타,승용,여,25세,상해없음,승용,여,35세,경상
2021070200100651,2021년 7월 2일 21시,금요일,경기도 수원시 영통구 이의동,중상사고,0,1,0,0,차대차 - 측면충돌,안전운전불이행,건조,맑음,교차로 - 교차로횡단보도내,승용,여,60세,상해없음,자전거,남,59세,중상
2021070200100681,2021년 7월 2일 22시,금요일,경기도 수원시 팔달구 우만동,경상사고,0,0,1,0,차대차 - 기타,교차로운행방법위반,건조,맑음,교차로 - 교차로안,이륜,남,27세,경상,승용,여,49세,상해없음
2021070200100687,2021년 7월 2일 22시,금요일,경기도 수원시 팔달구 인계동,경상사고,0,0,1,0,차대차 - 정면충돌,신호위반,건조,맑음,교차로 - 교차로부근,이륜,남,38세,상해없음,승용,남,39세,경상
2021070300100241,2021년 7월 3일 13시,토요일,경기도 수원시 권선구 금곡동,경상사고,0,0,1,0,차대차 - 추돌,안전운전불이행,건조,맑음,기타 - 기타,승용,남,40세,상해없음,승용,남,50세,경상
2021070300100278,2021년 7월 3일 14시,토요일,경기도 수원시 영통구 영통동,경상사고,0,0,3,1,차대차 - 측면충돌,안전운전불이행,건조,맑음,단일로 - 기타,이륜,남,57세,부상신고,승용,남,45세,경상
2021070300100279,2021년 7월 3일 14시,토요일,경기도 수원시 팔달구 인계동,경상사고,0,0,2,0,차대차 - 측면충돌,안전운전불이행,건조,맑음,단일로 - 기타,승용,여,21세,상해없음,승용,남,23세,경상
2021070300100348,2021년 7월 3일 16시,토요일,경기도 수원시 권선구 호매실동,경상사고,0,0,2,0,차대차 - 추돌,안전운전불이행,젖음/습기,비,단일로 - 기타,승용,여,33세,상해없음,승용,남,72세,경상
2021070300100391,2021년 7월 3일 17시,토요일,경기도 수원시 영통구 망포동,경상사고,0,0,3,0,차대차 - 추돌,안전운전불이행,젖음/습기,맑음,교차로 - 교차로안,승용,남,63세,기타불명,승용,여,19세,경상
2021070300100472,2021년 7월 3일 19시,토요일,경기도 수원시 장안구 연무동,경상사고,0,0,2,0,차대차 - 기타,차로위반,젖음/습기,비,교차로 - 교차로부근,승용,남,51세,상해없음,승용,남,23세,경상
2021070300100482,2021년 7월 3일 19시,토요일,경기도 수원시 영통구 이의동,부상신고사고,0,0,0,1,차대차 - 측면충돌,신호위반,젖음/습기,비,교차로 - 교차로안,승용,여,45세,상해없음,이륜,남,18세,부상신고
2021070300100484,2021년 7월 3일 19시,토요일,경기도 수원시 권선구 서둔동,경상사고,0,0,1,0,차대차 - 기타,안전운전불이행,젖음/습기,비,단일로 - 기타,승용,여,57세,상해없음,화물,남,62세,경상
2021070300100518,2021년 7월 3일 20시,토요일,경기도 수원시 장안구 조원동,경상사고,0,0,4,0,차대차 - 측면충돌,안전운전불이행,젖음/습기,비,교차로 - 교차로부근,승용,여,65세,상해없음,승용,남,34세,경상
2021070300100528,2021년 7월 3일 20시,토요일,경기도 수원시 권선구 권선동,중상사고,0,1,0,0,차대사람 - 횡단중,보행자보호의무위반,젖음/습기,비,교차로 - 교차로횡단보도내,이륜,남,44세,상해없음,보행자,여,56세,중상
2021070300100529,2021년 7월 3일 20시,토요일,경기도 수원시 권선구 서둔동,중상사고,0,1,1,0,차대차 - 기타,신호위반,젖음/습기,비,교차로 - 교차로안,승용,남,26세,상해없음,승용,남,57세,경상
2021070300100566,2021년 7월 3일 21시,토요일,경기도 수원시 장안구 연무동,경상사고,0,0,1,0,차대차 - 측면충돌,신호위반,젖음/습기,비,교차로 - 교차로부근,승용,남,38세,상해없음,이륜,남,47세,경상
2021070300100618,2021년 7월 3일 22시,토요일,경기도 수원시 팔달구 인계동,경상사고,0,0,2,0,차대차 - 측면충돌,안전운전불이행,젖음/습기,비,단일로 - 기타,승용,남,26세,경상,승용,여,32세,경상
2021070300100649,2021년 7월 3일 23시,토요일,경기도 수원시 권선구 탑동,중상사고,0,1,0,0,차대사람 - 기타,안전운전불이행,젖음/습기,비,단일로 - 기타,승합,남,56세,상해없음,보행자,남,26세,중상
2021070300100650,2021년 7월 3일 23시,토요일,경기도 수원시 팔달구 매산로3가,경상사고,0,0,2,0,차대차 - 기타,교차로운행방법위반,젖음/습기,비,교차로 - 교차로안,승용,남,27세,상해없음,승용,남,30세,경상
2021070400100006,2021년 7월 4일 00시,일요일,경기도 수원시 장안구 정자동,경상사고,0,0,1,0,차대사람 - 기타,안전운전불이행,건조,맑음,교차로 - 교차로안,승용,남,43세,상해없음,보행자,남,54세,경상
2021070400100082,2021년 7월 4일 07시,일요일,경기도 수원시 팔달구 화서동,경상사고,0,0,1,0,차대차 - 기타,안전운전불이행,젖음/습기,비,교차로 - 교차로안,승용,남,59세,상해없음,승용,남,71세,경상
2021070400100088,2021년 7월 4일 08시,일요일,경기도 수원시 영통구 매탄동,중상사고,0,2,0,1,차대차 - 측면충돌,중앙선침범,젖음/습기,비,단일로 - 기타,승용,남,86세,중상,승용,남,39세,중상
2021070400100240,2021년 7월 4일 15시,일요일,경기도 수원시 장안구 천천동,경상사고,0,0,2,0,차대차 - 추돌,신호위반,건조,흐림,교차로 - 교차로안,이륜,남,27세,경상,승용,여,59세,경상
2021070400100274,2021년 7월 4일 16시,일요일,경기도 수원시 팔달구 매산로2가,경상사고,0,0,1,0,차대차 - 추돌,안전운전불이행,건조,맑음,단일로 - 기타,승용,남,42세,상해없음,승용,남,33세,상해없음
2021070400100299,2021년 7월 4일 17시,일요일,경기도 수원시 팔달구 화서동,경상사고,0,0,1,0,차대사람 - 기타,안전운전불이행,건조,맑음,기타 - 기타,이륜,남,66세,상해없음,보행자,남,43세,경상
2021070400100332,2021년 7월 4일 18시,일요일,경기도 수원시 장안구 정자동,중상사고,0,1,0,0,차대사람 - 기타,안전운전불이행,건조,맑음,단일로 - 기타,이륜,남,40세,상해없음,보행자,남,34세,중상
2021070500100006,2021년 7월 5일 02시,월요일,경기도 수원시 권선구 구운동,경상사고,0,0,1,0,차대차 - 추돌,안전운전불이행,건조,맑음,교차로 - 교차로부근,승용,여,41세,상해없음,승용,남,20세,경상
2021070500100030,2021년 7월 5일 06시,월요일,경기도 수원시 권선구 권선동,중상사고,0,2,0,0,차대차 - 측면충돌,중앙선침범,건조,맑음,단일로 - 기타,화물,남,72세,상해없음,화물,남,47세,중상
2021070500100056,2021년 7월 5일 07시,월요일,경기도 수원시 권선구 호매실동,경상사고,0,0,1,0,차대차 - 추돌,안전운전불이행,건조,맑음,단일로 - 기타,승용,남,63세,상해없음,승용,남,37세,경상
2021070500100253,2021년 7월 5일 13시,월요일,경기도 수원시 팔달구 우만동,중상사고,0,1,0,0,차대사람 - 기타,안전운전불이행,건조,맑음,단일로 - 기타,승용,남,36세,상해없음,보행자,남,7세,중상
2021070500100327,2021년 7월 5일 15시,월요일,경기도 수원시 권선구 고색동,경상사고,0,0,1,0,차대차 - 기타,안전운전불이행,건조,맑음,교차로 - 교차로부근,승용,남,58세,상해없음,특수,남,47세,경상
2021070500100395,2021년 7월 5일 17시,월요일,경기도 수원시 팔달구 우만동,경상사고,0,0,1,0,차대차 - 기타,안전거리미확보,건조,맑음,단일로 - 기타,이륜,남,35세,경상,승용,남,48세,상해없음
2021070500100443,2021년 7월 5일 18시,월요일,경기도 수원시 영통구 망포동,경상사고,0,0,1,0,차대사람 - 횡단중,보행자보호의무위반,건조,흐림,교차로 - 교차로횡단보도내,승용,여,46세,상해없음,보행자,여,26세,경상
2021070500100446,2021년 7월 5일 18시,월요일,경기도 수원시 권선구 서둔동,부상신고사고,0,0,0,1,차대차 - 기타,안전거리미확보,건조,맑음,단일로 - 기타,화물,남,48세,상해없음,이륜,남,23세,부상신고
2021070500100536,2021년 7월 5일 21시,월요일,경기도 수원시 팔달구 지동,중상사고,0,1,0,0,차대차 - 기타,신호위반,건조,맑음,단일로 - 기타,승용,남,22세,상해없음,원동기,남,25세,중상
2021070500100572,2021년 7월 5일 22시,월요일,경기도 수원시 팔달구 인계동,경상사고,0,0,1,0,차대차 - 측면충돌,신호위반,건조,맑음,교차로 - 교차로안,승용,여,24세,상해없음,이륜,남,59세,경상
2021070600100029,2021년 7월 6일 02시,화요일,경기도 수원시 장안구 송죽동,경상사고,0,0,2,0,차대차 - 측면충돌,신호위반,건조,맑음,교차로 - 교차로안,승용,남,22세,상해없음,승용,남,57세,경상
2021070600100042,2021년 7월 6일 05시,화요일,경기도 수원시 팔달구 인계동,중상사고,0,1,0,0,차대차 - 측면충돌,신호위반,건조,맑음,교차로 - 교차로안,승용,남,39세,상해없음,승용,여,24세,중상
2021070600100467,2021년 7월 6일 19시,화요일,경기도 수원시 권선구 권선동,경상사고,0,0,2,0,차대차 - 추돌,안전운전불이행,건조,맑음,단일로 - 기타,승용,남,25세,상해없음,승용,남,46세,경상
2021070600100469,2021년 7월 6일 19시,화요일,경기도 수원시 권선구 금곡동,경상사고,0,0,1,0,차대차 - 기타,안전거리미확보,건조,맑음,단일로 - 기타,승용,남,45세,상해없음,승용,여,45세,경상
2021070600100470,2021년 7월 6일 19시,화요일,경기도 수원시 영통구 이의동,경상사고,0,0,2,0,차대차 - 추돌,안전운전불이행,건조,맑음,단일로 - 기타,승용,남,67세,상해없음,승용,남,38세,경상
2021070600100497,2021년 7월 6일 20시,화요일,경기도 수원시 권선구 세류동,경상사고,0,0,1,0,차대차 - 측면충돌,안전운전불이행,건조,맑음,단일로 - 기타,이륜,남,37세,경상,승용,남,43세,상해없음
2021070600100498,2021년 7월 6일 20시,화요일,경기도 수원시 영통구 영통동,경상사고,0,0,2,0,차대차 - 기타,안전운전불이행,건조,맑음,교차로 - 교차로부근,이륜,남,37세,경상,승용,여,42세,상해없음
2021070600100501,2021년 7월 6일 20시,화요일,경기도 수원시 팔달구 매산로1가,경상사고,0,0,1,0,차대차 - 기타,안전운전불이행,건조,맑음,교차로 - 교차로안,승합,남,27세,상해없음,승용,여,60세,경상
2021070600100570,2021년 7월 6일 22시,화요일,경기도 수원시 팔달구 우만동,경상사고,0,0,1,0,차대차 - 측면충돌,안전운전불이행,건조,맑음,단일로 - 기타,승용,남,23세,상해없음,승용,남,42세,경상
2021070600100587,2021년 7월 6일 23시,화요일,경기도 수원시 영통구 영통동,중상사고,0,1,0,0,차대차 - 정면충돌,신호위반,젖음/습기,비,교차로 - 교차로안,승용,남,63세,상해없음,이륜,남,47세,중상
2021070700100027,2021년 7월 7일 03시,수요일,경기도 수원시 영통구 영통동,경상사고,0,0,1,0,차량단독 - 기타,안전운전불이행,건조,흐림,기타 - 기타,이륜,남,20세,경상,,,,
2021070700100047,2021년 7월 7일 06시,수요일,경기도 수원시 영통구 이의동,경상사고,0,0,1,0,차대차 - 추돌,안전운전불이행,건조,맑음,단일로 - 기타,승용,남,60세,상해없음,승용,남,57세,경상
2021070700100067,2021년 7월 7일 07시,수요일,경기도 수원시 권선구 입북동,경상사고,0,0,1,0,차대차 - 추돌,안전운전불이행,건조,맑음,단일로 - 기타,승용,남,25세,상해없음,승용,여,39세,경상
2021070700100083,2021년 7월 7일 08시,수요일,경기도 수원시 장안구 파장동,경상사고,0,0,2,0,차대차 - 기타,신호위반,건조,맑음,단일로 - 기타,승용,여,38세,상해없음,승용,여,30세,경상
2021070700100124,2021년 7월 7일 09시,수요일,경기도 수원시 영통구 매탄동,경상사고,0,0,1,0,차대차 - 기타,안전거리미확보,건조,맑음,단일로 - 기타,화물,남,39세,상해없음,승용,남,56세,상해없음
2021070700100233,2021년 7월 7일 12시,수요일,경기도 수원시 장안구 파장동,경상사고,0,0,1,0,차대사람 - 횡단중,신호위반,건조,맑음,교차로 - 교차로안,승용,남,64세,상해없음,보행자,남,31세,경상
2021070700100265,2021년 7월 7일 13시,수요일,경기도 수원시 팔달구 화서동,경상사고,0,0,1,0,차대사람 - 기타,안전운전불이행,건조,맑음,단일로 - 기타,승용,여,27세,상해없음,보행자,남,31세,경상
2021070700100270,2021년 7월 7일 13시,수요일,경기도 수원시 권선구 세류동,경상사고,0,0,1,0,차대사람 - 기타,안전운전불이행,건조,맑음,교차로 - 교차로안,승용,여,64세,상해없음,보행자,남,60세,경상
2021070700100271,2021년 7월 7일 13시,수요일,경기도 수원시 권선구 오목천동,경상사고,0,0,1,0,차대차 - 기타,안전운전불이행,건조,맑음,단일로 - 기타,승용,여,24세,상해없음,이륜,남,45세,경상
2021070700100405,2021년 7월 7일 17시,수요일,경기도 수원시 장안구 영화동,경상사고,0,0,1,0,차대차 - 정면충돌,안전운전불이행,건조,맑음,교차로 - 교차로횡단보도내,이륜,남,58세,상해없음,자전거,여,10세,경상
2021070700100406,2021년 7월 7일 17시,수요일,경기도 수원시 팔달구 중동,경상사고,0,0,1,0,차대차 - 기타,안전운전불이행,건조,맑음,교차로 - 교차로안,승용,여,48세,상해없음,승용,여,56세,경상
2021070700100498,2021년 7월 7일 19시,수요일,경기도 수원시 팔달구 인계동,경상사고,0,0,1,0,차대차 - 측면충돌,안전운전불이행,건조,맑음,단일로 - 기타,승용,남,29세,상해없음,자전거,여,29세,경상
2021070700100538,2021년 7월 7일 20시,수요일,경기도 수원시 영통구 매탄동,중상사고,0,1,0,0,차대차 - 측면충돌,교차로운행방법위반,젖음/습기,흐림,교차로 - 교차로안,자전거,남,70세,기타불명,이륜,남,37세,중상
2021070700100581,2021년 7월 7일 21시,수요일,경기도 수원시 권선구 서둔동,중상사고,0,1,0,0,차대차 - 기타,신호위반,젖음/습기,비,교차로 - 교차로부근,특수,남,24세,상해없음,원동기,남,23세,중상
2021070700100582,2021년 7월 7일 21시,수요일,경기도 수원시 권선구 호매실동,경상사고,0,0,1,0,차대차 - 추돌,안전운전불이행,젖음/습기,비,교차로 - 교차로부근,승용,여,50세,상해없음,승용,남,44세,상해없음
2021070700100605,2021년 7월 7일 22시,수요일,경기도 수원시 장안구 조원동,경상사고,0,0,2,0,차대차 - 기타,신호위반,젖음/습기,비,교차로 - 교차로부근,승용,남,55세,기타불명,승용,남,19세,경상
2021070700100606,2021년 7월 7일 22시,수요일,경기도 수원시 팔달구 지동,경상사고,0,0,3,0,차대차 - 추돌,안전운전불이행,젖음/습기,비,교차로 - 교차로부근,승합,남,44세,상해없음,승용,남,56세,경상