사고번호,사고일시,요일,시군구,사고내용,사망자수,중상자수,경상자수,부상신고자수,사고유형,법규위반,노면상태,기상상태,도로형태,가해운전자 차종,가해운전자 성별,가해운전자 연령,가해운전자 상해정도,피해운전자 차종,피해운전자 성별,피해운전자 연령,피해운전자 상해정도
2021070700100607,2021년 7월 7일 22시,수요일,경기도 수원시 팔달구 우만동,경상사고,0,0,1,0,차대차 - 측면충돌,신호위반,건조,맑음,단일로 - 기타,승용,남,35세,기타불명,이륜,남,41세,경상
2021070700100642,2021년 7월 7일 23시,수요일,경기도 수원시 권선구 호매실동,경상사고,0,0,1,0,차대차 - 측면충돌,신호위반,젖음/습기,흐림,교차로 - 교차로부근,승용,남,34세,상해없음,승용,남,39세,경상
2021070800100019,2021년 7월 8일 01시,목요일,경기도 수원시 영통구 영통동,경상사고,0,0,2,0,차대차 - 추돌,안전운전불이행,젖음/습기,비,교차로 - 교차로부근,화물,남,41세,상해없음,승용,남,63세,경상
2021070800100081,2021년 7월 8일 08시,목요일,경기도 수원시 팔달구 우만동,경상사고,0,0,1,0,차량단독 - 기타,기타,건조,맑음,단일로 - 기타,승합,남,56세,상해없음,,,,
2021070800100091,2021년 7월 8일 08시,목요일,경기도 수원시 권선구 서둔동,경상사고,0,0,1,0,차대차 - 추돌,안전운전불이행,건조,맑음,단일로 - 기타,화물,남,67세,상해없음,승용,여,53세,경상
2021070800100134,2021년 7월 8일 09시,목요일,경기도 수원시 영통구 원천동,중상사고,0,1,0,0,차대사람 - 횡단중,안전운전불이행,건조,맑음,기타 - 기타,승용,여,49세,상해없음,보행자,남,35세,중상
2021070800100232,2021년 7월 8일 12시,목요일,경기도 수원시 장안구 영화동,중상사고,0,1,0,0,차대차 - 측면충돌,교차로운행방법위반,건조,맑음,교차로 - 교차로안,승용,남,36세,기타불명,이륜,남,37세,중상
2021070800100262,2021년 7월 8일 13시,목요일,경기도 수원시 장안구 조원동,경상사고,0,0,1,0,차대차 - 기타,기타,건조,맑음,교차로 - 교차로안,자전거,남,62세,경상,승합,남,45세,기타불명
2021070800100271,2021년 7월 8일 13시,목요일,경기도 수원시 권선구 오목천동,경상사고,0,0,1,3,차대차 - 추돌,안전운전불이행,건조,맑음,단일로 - 기타,승용,남,83세,부상신고,승용,남,65세,경상
2021070800100325,2021년 7월 8일 15시,목요일,경기도 수원시 장안구 율전동,경상사고,0,0,3,0,차대차 - 추돌,안전거리미확보,건조,맑음,단일로 - 기타,화물,남,56세,상해없음,승용,남,27세,경상
2021070800100362,2021년 7월 8일 16시,목요일,경기도 수원시 팔달구 화서동,경상사고,0,0,1,0,차대사람 - 기타,안전운전불이행,건조,맑음,단일로 - 기타,승용,여,57세,상해없음,보행자,여,26세,경상
2021070800100404,2021년 7월 8일 17시,목요일,경기도 수원시 영통구 영통동,부상신고사고,0,0,0,1,차대차 - 기타,중앙선침범,건조,맑음,단일로 - 기타,자전거,남,81세,부상신고,승용,남,22세,상해없음
2021070800100445,2021년 7월 8일 18시,목요일,경기도 수원시 영통구 원천동,경상사고,0,0,1,0,차대차 - 후진중충돌,안전운전불이행,건조,맑음,교차로 - 교차로부근,화물,남,60세,상해없음,승용,여,65세,경상
2021070800100539,2021년 7월 8일 21시,목요일,경기도 수원시 영통구 매탄동,경상사고,0,0,1,0,차대차 - 기타,안전운전불이행,건조,맑음,기타 - 기타,승용,여,46세,상해없음,승용,여,45세,경상
2021070800100568,2021년 7월 8일 22시,목요일,경기도 수원시 권선구 호매실동,경상사고,0,0,1,1,차대차 - 추돌,안전운전불이행,건조,맑음,교차로 - 교차로부근,승용,남,39세,부상신고,화물,여,40세,경상
2021070800100585,2021년 7월 8일 23시,목요일,경기도 수원시 영통구 영통동,경상사고,0,0,1,0,차대차 - 추돌,안전운전불이행,건조,맑음,단일로 - 기타,승용,남,27세,상해없음,승용,남,52세,경상
2021070900100035,2021년 7월 9일 05시,금요일,경기도 수원시 권선구 곡반정동,중상사고,0,1,0,0,차대사람 - 기타,신호위반,건조,맑음,교차로 - 교차로부근,이륜,남,22세,기타불명,보행자,여,60세,중상
2021070900100083,2021년 7월 9일 08시,금요일,경기도 수원시 권선구 세류동,경상사고,0,0,1,0,차대사람 - 기타,안전운전불이행,건조,맑음,교차로 - 교차로안,승용,여,40세,상해없음,보행자,여,25세,경상
2021070900100084,2021년 7월 9일 08시,금요일,경기도 수원시 권선구 당수동,경상사고,0,0,1,0,차대차 - 측면충돌,안전거리미확보,건조,맑음,단일로 - 기타,건설기계,남,54세,상해없음,승용,남,38세,경상
2021070900100136,2021년 7월 9일 10시,금요일,경기도 수원시 팔달구 인계동,경상사고,0,0,1,0,차대사람 - 횡단중,신호위반,건조,맑음,단일로 - 기타,승용,여,24세,상해없음,보행자,남,27세,경상
2021070900100200,2021년 7월 9일 12시,금요일,경기도 수원시 장안구 천천동,경상사고,0,0,1,0,차대사람 - 기타,신호위반,건조,맑음,교차로 - 교차로횡단보도내,승용,남,33세,상해없음,보행자,여,43세,경상
2021070900100204,2021년 7월 9일 12시,금요일,경기도 수원시 권선구 곡반정동,경상사고,0,0,1,0,차대차 - 측면충돌,안전운전불이행,건조,맑음,기타 - 기타,이륜,남,23세,경상,화물,남,43세,상해없음
2021070900100206,2021년 7월 9일 12시,금요일,경기도 수원시 권선구 서둔동,경상사고,0,0,1,0,차대차 - 측면충돌,안전운전불이행,건조,맑음,단일로 - 기타,승용,남,50세,상해없음,이륜,남,22세,경상
2021070900100233,2021년 7월 9일 13시,금요일,경기도 수원시 권선구 대황교동,경상사고,0,0,1,0,차대차 - 측면충돌,안전운전불이행,건조,맑음,단일로 - 기타,승용,남,23세,상해없음,이륜,남,54세,경상
2021070900100270,2021년 7월 9일 14시,금요일,경기도 수원시 팔달구 지동,중상사고,0,1,0,0,차량단독 - 기타,안전운전불이행,건조,맑음,단일로 - 기타,승합,남,46세,상해없음,,,,
2021070900100313,2021년 7월 9일 15시,금요일,경기도 수원시 팔달구 인계동,경상사고,0,0,3,0,차대차 - 추돌,안전운전불이행,기타,맑음,단일로 - 기타,승용,남,22세,기타불명,승용,여,35세,경상
2021070900100399,2021년 7월 9일 17시,금요일,경기도 수원시 권선구 권선동,경상사고,0,0,1,0,차대차 - 기타,안전운전불이행,건조,맑음,교차로 - 교차로부근,승용,남,28세,상해없음,이륜,남,26세,경상
2021070900100400,2021년 7월 9일 17시,금요일,경기도 수원시 영통구 원천동,경상사고,0,0,2,0,차대차 - 측면충돌,안전운전불이행,건조,맑음,교차로 - 교차로안,승용,남,56세,경상,화물,남,52세,경상
2021070900100401,2021년 7월 9일 17시,금요일,경기도 수원시 권선구 금곡동,경상사고,0,0,1,0,차대차 - 측면충돌,중앙선침범,건조,맑음,단일로 - 기타,승용,남,39세,상해없음,승용,남,40세,경상
2021070900100441,2021년 7월 9일 18시,금요일,경기도 수원시 영통구 이의동,경상사고,0,0,1,1,차대차 - 측면충돌,신호위반,건조,맑음,기타 - 기타,이륜,남,16세,부상신고,승용,남,42세,경상
2021070900100444,2021년 7월 9일 18시,금요일,경기도 수원시 권선구 고색동,사망사고,1,0,0,0,차대사람 - 기타,안전운전불이행,건조,맑음,교차로 - 교차로부근,승용,여,51세,상해없음,보행자,여,63세,사망
2021070900100495,2021년 7월 9일 19시,금요일,경기도 수원시 권선구 호매실동,중상사고,0,1,2,0,차대차 - 측면충돌,신호위반,건조,맑음,교차로 - 교차로부근,이륜,남,17세,중상,승용,남,30세,경상
2021070900100565,2021년 7월 9일 21시,금요일,경기도 수원시 영통구 매탄동,경상사고,0,0,1,0,차대사람 - 기타,안전운전불이행,건조,맑음,단일로 - 기타,승합,남,52세,상해없음,보행자,여,49세,경상
2021070900100628,2021년 7월 9일 23시,금요일,경기도 수원시 장안구 율전동,경상사고,0,0,1,0,차대사람 - 기타,안전운전불이행,건조,맑음,교차로 - 교차로부근,승용,남,25세,상해없음,보행자,남,18세,경상
2021070900100629,2021년 7월 9일 23시,금요일,경기도 수원시 팔달구 중동,경상사고,0,0,1,0,차대차 - 추돌,교차로운행방법위반,건조,흐림,교차로 - 교차로안,승용,여,53세,상해없음,개인형이동수단(PM),남,33세,경상
2021071000100098,2021년 7월 10일 08시,토요일,경기도 수원시 영통구 매탄동,경상사고,0,0,1,0,차대차 - 기타,신호위반,젖음/습기,흐림,기타 - 기타,이륜,남,33세,경상,승용,남,43세,상해없음
2021071000100099,2021년 7월 10일 08시,토요일,경기도 수원시 영통구 매탄동,경상사고,0,0,1,0,차대차 - 측면충돌,안전거리미확보,젖음/습기,비,단일로 - 기타,승용,남,37세,상해없음,승용,남,25세,경상
2021071000100123,2021년 7월 10일 09시,토요일,경기도 수원시 팔달구 인계동,경상사고,0,0,1,0,차대차 - 측면충돌,안전운전불이행,건조,맑음,교차로 - 교차로안,화물,남,60세,상해없음,자전거,남,56세,경상
2021071000100161,2021년 7월 10일 10시,토요일,경기도 수원시 영통구 이의동,경상사고,0,0,1,0,차대차 - 측면충돌,신호위반,건조,흐림,기타 - 기타,화물,남,44세,상해없음,승용,남,50세,경상
2021071000100162,2021년 7월 10일 10시,토요일,경기도 수원시 권선구 권선동,경상사고,0,0,2,0,차대차 - 기타,안전운전불이행,건조,맑음,기타 - 기타,승용,여,53세,경상,승용,남,41세,경상
2021071000100202,2021년 7월 10일 11시,토요일,경기도 수원시 영통구 매탄동,경상사고,0,0,1,0,차대차 - 측면충돌,안전운전불이행,건조,맑음,단일로 - 기타,승용,남,65세,상해없음,승용,여,59세,경상
2021071000100246,2021년 7월 10일 12시,토요일,경기도 수원시 팔달구 중동,경상사고,0,0,1,0,차대사람 - 차도통행중,안전운전불이행,건조,맑음,단일로 - 기타,승용,남,57세,상해없음,보행자,여,29세,경상
2021071000100250,2021년 7월 10일 12시,토요일,경기도 수원시 팔달구 인계동,경상사고,0,0,1,0,차대차 - 추돌,안전운전불이행,건조,맑음,교차로 - 교차로횡단보도내,기타불명,기타불명,미분류,기타불명,자전거,남,21세,경상
2021071000100251,2021년 7월 10일 12시,토요일,경기도 수원시 권선구 곡반정동,경상사고,0,0,1,0,차대차 - 측면충돌,안전거리미확보,건조,맑음,단일로 - 기타,승합,남,58세,상해없음,승용,남,54세,경상
2021071000100253,2021년 7월 10일 12시,토요일,경기도 수원시 권선구 고색동,중상사고,0,1,0,0,차대차 - 기타,안전운전불이행,건조,맑음,교차로 - 교차로안,승용,남,48세,상해없음,자전거,남,66세,중상
2021071000100322,2021년 7월 10일 14시,토요일,경기도 수원시 장안구 정자동,경상사고,0,0,3,0,차대차 - 기타,안전운전불이행,건조,흐림,교차로 - 교차로부근,승합,남,54세,상해없음,승용,여,43세,경상
2021071000100396,2021년 7월 10일 16시,토요일,경기도 수원시 장안구 영화동,경상사고,0,0,1,0,차대사람 - 횡단중,안전운전불이행,건조,맑음,단일로 - 기타,승용,남,67세,상해없음,보행자,남,7세,경상
2021071000100404,2021년 7월 10일 16시,토요일,경기도 수원시 권선구 구운동,경상사고,0,0,1,0,차대차 - 측면충돌,차로위반,건조,맑음,교차로 - 교차로부근,승용,남,41세,상해없음,건설기계,남,52세,경상
2021071000100439,2021년 7월 10일 17시,토요일,경기도 수원시 권선구 평동,경상사고,0,0,2,0,차대차 - 기타,안전거리미확보,건조,맑음,단일로 - 기타,승용,여,49세,경상,승용,남,41세,경상
2021071000100501,2021년 7월 10일 19시,토요일,경기도 수원시 권선구 구운동,경상사고,0,0,1,0,차대차 - 기타,안전운전불이행,건조,맑음,교차로 - 교차로안,승용,남,21세,경상,승용,여,61세,상해없음
2021071000100571,2021년 7월 10일 22시,토요일,경기도 수원시 장안구 율전동,경상사고,0,0,1,0,차대차 - 기타,안전운전불이행,젖음/습기,흐림,교차로 - 교차로부근,승용,남,52세,상해없음,개인형이동수단(PM),남,50세,경상
2021071000100572,2021년 7월 10일 22시,토요일,경기도 수원시 장안구 정자동,경상사고,0,0,1,0,차대차 - 기타,교차로운행방법위반,젖음/습기,비,교차로 - 교차로안,승용,여,48세,상해없음,개인형이동수단(PM),남,47세,경상
2021071000100580,2021년 7월 10일 22시,토요일,경기도 수원시 팔달구 인계동,경상사고,0,0,1,0,차대차 - 측면충돌,교차로운행방법위반,젖음/습기,비,교차로 - 교차로안,승용,남,27세,상해없음,승용,남,41세,경상
2021071000100581,2021년 7월 10일 22시,토요일,경기도 수원시 영통구 이의동,경상사고,0,0,2,0,차대차 - 기타,안전운전불이행,젖음/습기,비,기타 - 기타,화물,남,37세,경상,이륜,남,27세,경상
2021071100100040,2021년 7월 11일 08시,일요일,경기도 수원시 장안구 영화동,중상사고,0,1,0,0,차대차 - 기타,안전운전불이행,건조,맑음,단일로 - 기타,승용,여,40세,기타불명,자전거,남,12세,중상
2021071100100050,2021년 7월 11일 09시,일요일,경기도 수원시 권선구 세류동,중상사고,0,1,0,0,차대차 - 기타,안전운전불이행,건조,맑음,단일로 - 기타,자전거,남,55세,중상,승합,남,47세,상해없음
2021071100100066,2021년 7월 11일 10시,일요일,경기도 수원시 팔달구 남수동,경상사고,0,0,1,0,차대차 - 기타,교차로운행방법위반,건조,맑음,교차로 - 교차로안,화물,여,48세,상해없음,승용,남,61세,경상
2021071100100165,2021년 7월 11일 14시,일요일,경기도 수원시 권선구 금곡동,경상사고,0,0,1,0,차대차 - 기타,안전운전불이행,건조,맑음,교차로 - 교차로안,화물,남,58세,상해없음,승용,여,48세,경상
2021071100100232,2021년 7월 11일 16시,일요일,경기도 수원시 권선구 대황교동,경상사고,0,0,1,0,차대차 - 측면충돌,신호위반,건조,맑음,단일로 - 기타,화물,남,56세,상해없음,건설기계,남,58세,경상
2021071100100255,2021년 7월 11일 17시,일요일,경기도 수원시 영통구 원천동,경상사고,0,0,1,0,차대사람 - 기타,안전운전불이행,건조,흐림,기타 - 기타,승용,남,26세,상해없음,보행자,남,42세,경상
2021071100100346,2021년 7월 11일 20시,일요일,경기도 수원시 권선구 서둔동,중상사고,0,4,3,0,차대차 - 기타,신호위반,건조,맑음,교차로 - 교차로안,특수,남,23세,상해없음,승용,여,53세,중상
2021071100100392,2021년 7월 11일 22시,일요일,경기도 수원시 팔달구 인계동,경상사고,0,0,1,0,차대사람 - 기타,안전운전불이행,건조,맑음,기타 - 기타,승용,남,22세,기타불명,보행자,남,56세,경상
2021071100100407,2021년 7월 11일 23시,일요일,경기도 수원시 팔달구 매산로1가,경상사고,0,0,1,0,차대차 - 기타,신호위반,건조,맑음,교차로 - 교차로횡단보도내,개인형이동수단(PM),남,17세,상해없음,자전거,남,19세,경상
2021071200100008,2021년 7월 12일 01시,월요일,경기도 수원시 영통구 원천동,경상사고,0,0,2,0,차대차 - 측면충돌,교차로운행방법위반,건조,맑음,교차로 - 교차로안,이륜,남,20세,경상,승용,남,22세,경상
2021071200100015,2021년 7월 12일 04시,월요일,경기도 수원시 권선구 권선동,경상사고,0,0,2,0,차량단독 - 공작물충돌,안전운전불이행,건조,맑음,단일로 - 기타,이륜,남,15세,경상,,,,
2021071200100036,2021년 7월 12일 07시,월요일,경기도 수원시 영통구 이의동,경상사고,0,0,2,0,차대차 - 추돌,안전운전불이행,건조,맑음,단일로 - 기타,승용,남,28세,상해없음,승용,남,58세,경상
2021071200100122,2021년 7월 12일 10시,월요일,경기도 수원시 팔달구 매산로1가,경상사고,0,0,1,0,차대차 - 기타,안전거리미확보,건조,맑음,교차로 - 교차로안,승용,남,28세,상해없음,승합,남,54세,상해없음
2021071200100180,2021년 7월 12일 12시,월요일,경기도 수원시 팔달구 우만동,경상사고,0,0,2,0,차대차 - 정면충돌,안전운전불이행,건조,맑음,주차장 - 주차장,승용,남,33세,경상,승용,여,64세,경상
2021071200100184,2021년 7월 12일 12시,월요일,경기도 수원시 팔달구 인계동,경상사고,0,0,1,0,차대사람 - 횡단중,중앙선침범,건조,맑음,기타 - 기타,승용,남,70세,상해없음,보행자,남,25세,경상
2021071200100259,2021년 7월 12일 14시,월요일,경기도 수원시 팔달구 화서동,경상사고,0,0,1,0,차대차 - 측면충돌,안전운전불이행,건조,맑음,교차로 - 교차로안,승용,남,20세,상해없음,이륜,남,46세,경상
2021071200100260,2021년 7월 12일 14시,월요일,경기도 수원시 권선구 금곡동,경상사고,0,0,3,0,차대차 - 측면충돌,안전거리미확보,건조,맑음,교차로 - 교차로부근,이륜,남,18세,경상,승용,여,38세,경상
2021071200100293,2021년 7월 12일 15시,월요일,경기도 수원시 장안구 조원동,경상사고,0,0,1,0,차대차 - 정면충돌,신호위반,건조,맑음,교차로 - 교차로안,승용,여,48세,상해없음,승용,남,43세,경상
2021071200100336,2021년 7월 12일 16시,월요일,경기도 수원시 장안구 영화동,경상사고,0,0,1,0,차대차 - 기타,교차로운행방법위반,건조,맑음,교차로 - 교차로안,승용,여,40세,상해없음,승용,여,32세,경상
2021071200100344,2021년 7월 12일 16시,월요일,경기도 수원시 팔달구 매산로2가,경상사고,0,0,1,0,차대차 - 추돌,안전운전불이행,건조,맑음,단일로 - 기타,승용,남,74세,상해없음,이륜,남,44세,경상
2021071200100345,2021년 7월 12일 16시,월요일,경기도 수원시 권선구 고색동,부상신고사고,0,0,0,1,차대차 - 측면충돌,안전운전불이행,건조,맑음,단일로 - 기타,자전거,남,71세,부상신고,승용,남,35세,상해없음
2021071200100392,2021년 7월 12일 17시,월요일,경기도 수원시 장안구 송죽동,경상사고,0,0,1,0,차대차 - 추돌,안전운전불이행,건조,맑음,단일로 - 기타,승용,남,47세,상해없음,승용,남,33세,경상
2021071200100528,2021년 7월 12일 21시,월요일,경기도 수원시 권선구 서둔동,부상신고사고,0,0,0,1,차대차 - 추돌,신호위반,건조,맑음,교차로 - 교차로안,이륜,남,15세,부상신고,승합,남,66세,상해없음
2021071200100554,2021년 7월 12일 22시,월요일,경기도 수원시 영통구 영통동,중상사고,0,1,0,0,차대차 - 기타,신호위반,건조,맑음,교차로 - 교차로안,승용,여,43세,상해없음,이륜,남,29세,중상
2021071300100042,2021년 7월 13일 06시,화요일,경기도 수원시 영통구 매탄동,경상사고,0,0,1,0,차대차 - 추돌,안전운전불이행,건조,맑음,기타 - 기타,승용,여,64세,상해없음,승용,남,31세,경상
2021071300100065,2021년 7월 13일 07시,화요일,경기도 수원시 팔달구 매교동,경상사고,0,0,1,0,차대사람 - 기타,안전운전불이행,건조,맑음,교차로 - 교차로안,승용,여,50세,상해없음,보행자,남,94세,경상
2021071300100140,2021년 7월 13일 09시,화요일,경기도 수원시 권선구 권선동,중상사고,0,2,0,0,차대차 - 측면충돌,안전운전불이행,건조,맑음,단일로 - 기타,승용,남,35세,상해없음,승용,여,43세,중상
2021071300100202,2021년 7월 13일 11시,화요일,경기도 수원시 영통구 이의동,경상사고,0,0,1,0,차대차 - 측면충돌,신호위반,건조,맑음,교차로 - 교차로안,승용,여,67세,상해없음,승용,남,44세,경상
2021071300100303,2021년 7월 13일 14시,화요일,경기도 수원시 권선구 호매실동,경상사고,0,0,1,0,차대차 - 정면충돌,신호위반,건조,맑음,교차로 - 교차로안,특수,남,64세,상해없음,승용,남,31세,경상
2021071300100443,2021년 7월 13일 17시,화요일,경기도 수원시 영통구 매탄동,경상사고,0,0,1,0,차대사람 - 차도통행중,안전운전불이행,건조,맑음,기타 - 기타,화물,남,54세,상해없음,보행자,여,39세,경상
2021071300100564,2021년 7월 13일 20시,화요일,경기도 수원시 권선구 구운동,경상사고,0,0,1,0,차대차 - 정면충돌,신호위반,건조,맑음,교차로 - 교차로안,승용,남,68세,상해없음,이륜,남,37세,경상
2021071300100584,2021년 7월 13일 21시,화요일,경기도 수원시 장안구 정자동,경상사고,0,0,1,0,차대차 - 기타,교차로운행방법위반,건조,맑음,교차로 - 교차로안,승용,남,54세,상해없음,승용,남,35세,경상
2021071400100003,2021년 7월 14일 00시,수요일,경기도 수원시 팔달구 인계동,경상사고,0,0,2,0,차대차 - 측면충돌,신호위반,건조,맑음,교차로 - 교차로안,이륜,남,17세,상해없음,승용,남,60세,경상
2021071400100004,2021년 7월 14일 00시,수요일,경기도 수원시 영통구 이의동,경상사고,0,0,1,0,차대차 - 추돌,안전운전불이행,건조,맑음,기타 - 기타,승용,남,40세,상해없음,이륜,남,31세,경상
2021071400100042,2021년 7월 14일 05시,수요일,경기도 수원시 팔달구 화서동,중상사고,0,1,0,0,차대차 - 기타,기타,건조,맑음,단일로 - 기타,승용,남,72세,상해없음,승용,남,51세,중상
2021071400100043,2021년 7월 14일 05시,수요일,경기도 수원시 권선구 권선동,경상사고,0,0,8,0,차대차 - 추돌,안전운전불이행,건조,맑음,단일로 - 기타,승용,남,45세,상해없음,승용,남,50세,경상
2021071400100047,2021년 7월 14일 06시,수요일,경기도 수원시 장안구 천천동,경상사고,0,0,1,0,차대차 - 추돌,안전운전불이행,건조,맑음,교차로 - 교차로안,화물,남,52세,상해없음,승용,여,60세,경상
2021071400100179,2021년 7월 14일 11시,수요일,경기도 수원시 권선구 권선동,중상사고,0,1,2,1,차대차 - 측면충돌,교차로운행방법위반,건조,맑음,교차로 - 교차로안,승용,여,37세,상해없음,승용,남,33세,경상
2021071400100213,2021년 7월 14일 12시,수요일,경기도 수원시 장안구 정자동,중상사고,0,1,0,0,차대차 - 측면충돌,신호위반,건조,맑음,교차로 - 교차로부근,승합,남,61세,상해없음,자전거,남,80세,중상
2021071400100243,2021년 7월 14일 13시,수요일,경기도 수원시 장안구 천천동,경상사고,0,0,1,0,차량단독 - 기타,안전운전불이행,건조,맑음,기타 - 기타,승용,남,38세,상해없음,,,,
2021071400100279,2021년 7월 14일 14시,수요일,경기도 수원시 권선구 세류동,경상사고,0,0,1,0,차대차 - 측면충돌,직진우회전진행방해,건조,맑음,교차로 - 교차로안,승합,남,42세,상해없음,승용,여,52세,경상
2021071400100309,2021년 7월 14일 15시,수요일,경기도 수원시 팔달구 인계동,경상사고,0,0,1,0,차대차 - 측면충돌,안전운전불이행,건조,맑음,단일로 - 기타,승용,남,23세,상해없음,승용,여,49세,경상
2021071400100355,2021년 7월 14일 16시,수요일,경기도 수원시 팔달구 매산로1가,부상신고사고,0,0,0,1,차대차 - 기타,안전거리미확보,건조,맑음,교차로 - 교차로안,승용,남,56세,상해없음,승용,남,25세,부상신고
2021071400100396,2021년 7월 14일 17시,수요일,경기도 수원시 장안구 율전동,부상신고사고,0,0,0,1,차대사람 - 기타,기타,건조,맑음,단일로 - 기타,기타불명,기타불명,미분류,기타불명,보행자,남,27세,부상신고
2021071400100403,2021년 7월 14일 17시,수요일,경기도 수원시 팔달구 인계동,중상사고,0,1,1,0,차대차 - 기타,안전운전불이행,건조,맑음,단일로 - 기타,승용,남,67세,상해없음,이륜,남,56세,중상
2021071400100406,2021년 7월 14일 17시,수요일,경기도 수원시 권선구 서둔동,경상사고,0,0,2,0,차대차 - 기타,신호위반,건조,맑음,교차로 - 교차로안,이륜,남,67세,경상,승용,여,71세,경상
2021071400100442,2021년 7월 14일 18시,수요일,경기도 수원시 팔달구 지동,경상사고,0,0,1,0,차대사람 - 길가장자리구역통행중,안전운전불이행,건조,맑음,단일로 - 기타,승용,남,32세,상해없음,보행자,남,37세,경상
2021071400100449,2021년 7월 14일 18시,수요일,경기도 수원시 권선구 서둔동,중상사고,0,2,0,0,차대차 - 기타,기타,건조,맑음,기타 - 기타,승용,남,47세,상해없음,개인형이동수단(PM),남,49세,중상
2021071400100509,2021년 7월 14일 19시,수요일,경기도 수원시 권선구 평동,경상사고,0,0,1,0,차대차 - 추돌,안전운전불이행,건조,맑음,교차로 - 교차로부근,승용,여,23세,상해없음,승용,여,47세,경상
2021071400100615,2021년 7월 14일 23시,수요일,경기도 수원시 영통구 매탄동,중상사고,0,1,1,0,차대차 - 정면충돌,교차로운행방법위반,건조,맑음,교차로 - 교차로안,이륜,남,37세,중상,승용,남,55세,경상
2021071500100161,2021년 7월 15일 10시,목요일,경기도 수원시 팔달구 인계동,경상사고,0,0,4,0,차대차 - 측면충돌,안전거리미확보,기타,맑음,단일로 - 기타,승용,남,33세,경상,승용,여,31세,경상
2021071500100188,2021년 7월 15일 11시,목요일,경기도 수원시 권선구 세류동,중상사고,0,1,0,0,차대차 - 기타,안전운전불이행,건조,맑음,단일로 - 기타,특수,남,51세,상해없음,자전거,남,69세,중상
2021071500100224,2021년 7월 15일 12시,목요일,경기도 수원시 권선구 권선동,경상사고,0,0,3,0,차대차 - 측면충돌,안전운전불이행,건조,맑음,교차로 - 교차로안,승용,여,46세,경상,승용,남,35세,경상
2021071500100225,2021년 7월 15일 12시,목요일,경기도 수원시 권선구 권선동,경상사고,0,0,2,0,차대차 - 추돌,안전운전불이행,건조,맑음,단일로 - 기타,화물,남,61세,상해없음,승용,여,29세,경상
2021071500100261,2021년 7월 15일 13시,목요일,경기도 수원시 영통구 망포동,경상사고,0,0,1,0,차대차 - 측면충돌,신호위반,건조,맑음,교차로 - 교차로부근,이륜,남,50세,경상,승용,여,49세,상해없음
2021071500100262,2021년 7월 15일 13시,목요일,경기도 수원시 권선구 권선동,경상사고,0,0,1,0,차대차 - 기타,안전운전불이행,건조,맑음,단일로 - 기타,승용,여,41세,상해없음,이륜,남,38세,경상
2021071500100339,2021년 7월 15일 15시,목요일,경기도 수원시 팔달구 팔달로2가,경상사고,0,0,1,0,차대차 - 측면충돌,안전거리미확보,건조,맑음,교차로 - 교차로안,승용,남,65세,상해없음,승용,남,55세,경상
2021071500100366,2021년 7월 15일 16시,목요일,경기도 수원시 장안구 조원동,경상사고,0,0,1,0,차대차 - 측면충돌,안전운전불이행,건조,맑음,기타 - 기타,승합,남,27세,상해없음,자전거,남,9세,경상
2021071500100406,2021년 7월 15일 17시,목요일,경기도 수원시 영통구 매탄동,경상사고,0,0,1,0,차대차 - 측면충돌,교차로운행방법위반,건조,맑음,교차로 - 교차로안,승합,남,54세,상해없음,승합,남,59세,경상
2021071500100408,2021년 7월 15일 17시,목요일,경기도 수원시 권선구 고색동,중상사고,0,1,0,0,차량단독 - 기타,안전운전불이행,건조,맑음,단일로 - 기타,승합,남,70세,상해없음,,,,
2021071600100032,2021년 7월 16일 06시,금요일,경기도 수원시 장안구 연무동,경상사고,0,0,4,0,차대차 - 추돌,안전운전불이행,건조,맑음,단일로 - 기타,승용,남,25세,상해없음,승용,남,59세,상해없음
2021071600100075,2021년 7월 16일 08시,금요일,경기도 수원시 팔달구 매교동,경상사고,0,0,2,1,차대차 - 기타,신호위반,건조,맑음,교차로 - 교차로안,승용,남,44세,부상신고,승용,여,58세,경상
2021071600100111,2021년 7월 16일 09시,금요일,경기도 수원시 권선구 금곡동,경상사고,0,0,1,0,차대사람 - 기타,안전운전불이행,건조,맑음,교차로 - 교차로횡단보도내,승용,여,51세,상해없음,보행자,남,80세,경상
2021071600100149,2021년 7월 16일 10시,금요일,경기도 수원시 팔달구 화서동,경상사고,0,0,1,0,차대차 - 기타,안전운전불이행,건조,맑음,교차로 - 교차로부근,승용,여,54세,상해없음,승용,여,45세,경상
2021071600100472,2021년 7월 16일 18시,금요일,경기도 수원시 권선구 구운동,경상사고,0,0,2,0,차대차 - 기타,교차로운행방법위반,건조,맑음,교차로 - 교차로안,승용,여,42세,상해없음,화물,남,47세,경상
2021071600100530,2021년 7월 16일 19시,금요일,경기도 수원시 팔달구 인계동,경상사고,0,0,1,0,차대차 - 기타,신호위반,건조,맑음,교차로 - 교차로안,승용,여,21세,상해없음,이륜,남,46세,경상
2021071600100577,2021년 7월 16일 20시,금요일,경기도 수원시 팔달구 인계동,경상사고,0,0,1,1,차대차 - 측면충돌,안전운전불이행,젖음/습기,비,단일로 - 기타,승용,여,52세,부상신고,화물,남,47세,상해없음