사고번호,사고일시,요일,시군구,사고내용,사망자수,중상자수,경상자수,부상신고자수,사고유형,법규위반,노면상태,기상상태,도로형태,가해운전자 차종,가해운전자 성별,가해운전자 연령,가해운전자 상해정도,피해운전자 차종,피해운전자 성별,피해운전자 연령,피해운전자 상해정도
2021071600100610,2021년 7월 16일 21시,금요일,경기도 수원시 장안구 파장동,경상사고,0,0,1,0,차대차 - 기타,신호위반,젖음/습기,비,교차로 - 교차로안,승용,남,71세,상해없음,승용,남,63세,경상
2021071600100621,2021년 7월 16일 21시,금요일,경기도 수원시 영통구 원천동,경상사고,0,0,1,0,차대사람 - 횡단중,안전운전불이행,건조,맑음,교차로 - 교차로횡단보도내,승용,남,70세,상해없음,보행자,남,22세,경상
2021071600100622,2021년 7월 16일 21시,금요일,경기도 수원시 영통구 하동,중상사고,0,1,0,0,차대차 - 추돌,안전운전불이행,젖음/습기,비,단일로 - 기타,이륜,남,37세,중상,승용,남,27세,상해없음
2021071600100625,2021년 7월 16일 21시,금요일,경기도 수원시 권선구 고색동,경상사고,0,0,1,0,차대차 - 기타,안전거리미확보,젖음/습기,비,단일로 - 기타,화물,남,52세,상해없음,승용,여,61세,경상
2021071600100654,2021년 7월 16일 22시,금요일,경기도 수원시 장안구 천천동,중상사고,0,1,0,0,차대차 - 기타,안전거리미확보,젖음/습기,비,단일로 - 기타,승합,남,60세,상해없음,이륜,남,34세,중상
2021071600100661,2021년 7월 16일 22시,금요일,경기도 수원시 팔달구 매산로1가,경상사고,0,0,1,0,차대사람 - 기타,안전운전불이행,건조,맑음,단일로 - 기타,승용,남,47세,상해없음,보행자,남,23세,경상
2021071600100680,2021년 7월 16일 23시,금요일,경기도 수원시 영통구 하동,경상사고,0,0,1,0,차대사람 - 횡단중,신호위반,건조,맑음,교차로 - 교차로횡단보도내,승합,남,48세,상해없음,보행자,남,25세,경상
2021071700100109,2021년 7월 17일 09시,토요일,경기도 수원시 영통구 이의동,경상사고,0,0,2,0,차대차 - 추돌,안전거리미확보,건조,맑음,단일로 - 터널,승용,남,29세,상해없음,화물,남,51세,상해없음
2021071700100222,2021년 7월 17일 12시,토요일,경기도 수원시 팔달구 화서동,경상사고,0,0,1,0,차대차 - 기타,안전운전불이행,건조,맑음,교차로 - 교차로부근,승용,남,36세,상해없음,이륜,남,56세,경상
2021071700100257,2021년 7월 17일 13시,토요일,경기도 수원시 장안구 파장동,경상사고,0,0,1,0,차대차 - 측면충돌,안전운전불이행,건조,맑음,주차장 - 주차장,승용,여,71세,기타불명,승용,남,45세,경상
2021071700100297,2021년 7월 17일 14시,토요일,경기도 수원시 장안구 율전동,중상사고,0,1,1,0,차대차 - 추돌,안전운전불이행,건조,맑음,교차로 - 교차로안,이륜,남,27세,중상,승용,남,33세,경상
2021071700100300,2021년 7월 17일 14시,토요일,경기도 수원시 영통구 원천동,경상사고,0,0,1,0,차대차 - 추돌,안전거리미확보,건조,맑음,단일로 - 기타,이륜,남,40세,상해없음,이륜,남,33세,경상
2021071700100336,2021년 7월 17일 15시,토요일,경기도 수원시 장안구 정자동,경상사고,0,0,1,0,차대차 - 측면충돌,신호위반,젖음/습기,비,교차로 - 교차로안,승용,남,44세,상해없음,승용,여,36세,경상
2021071700100337,2021년 7월 17일 15시,토요일,경기도 수원시 장안구 영화동,경상사고,0,0,1,0,차대차 - 기타,교차로운행방법위반,건조,맑음,교차로 - 교차로안,승용,여,50세,상해없음,이륜,남,42세,경상
2021071700100338,2021년 7월 17일 15시,토요일,경기도 수원시 장안구 상광교동,경상사고,0,0,1,0,차대사람 - 기타,불법유턴,건조,맑음,기타 - 기타,승합,남,46세,상해없음,보행자,남,58세,경상
2021071700100418,2021년 7월 17일 17시,토요일,경기도 수원시 권선구 곡반정동,경상사고,0,0,1,0,차대사람 - 보도통행중,안전운전불이행,건조,맑음,교차로 - 교차로안,승용,남,59세,상해없음,보행자,남,53세,경상
2021071700100450,2021년 7월 17일 18시,토요일,경기도 수원시 팔달구 고등동,경상사고,0,0,1,0,차대차 - 기타,안전운전불이행,건조,맑음,교차로 - 교차로안,승용,남,41세,상해없음,기타불명,여,7세,경상
2021071700100553,2021년 7월 17일 21시,토요일,경기도 수원시 권선구 구운동,부상신고사고,0,0,0,1,차대차 - 기타,교차로운행방법위반,건조,흐림,교차로 - 교차로안,화물,남,46세,상해없음,이륜,남,39세,부상신고
2021071800100055,2021년 7월 18일 08시,일요일,경기도 수원시 팔달구 매산로2가,경상사고,0,0,1,0,차대차 - 기타,안전거리미확보,건조,맑음,교차로 - 교차로부근,승합,남,51세,상해없음,승용,남,68세,상해없음
2021071800100150,2021년 7월 18일 13시,일요일,경기도 수원시 장안구 파장동,중상사고,0,1,0,0,차대차 - 기타,차로위반,건조,맑음,단일로 - 기타,화물,남,54세,상해없음,승용,남,58세,상해없음
2021071800100258,2021년 7월 18일 16시,일요일,경기도 수원시 팔달구 매산로1가,경상사고,0,0,3,0,차대차 - 기타,안전거리미확보,건조,맑음,단일로 - 기타,승용,남,49세,상해없음,승용,남,30세,경상
2021071800100259,2021년 7월 18일 16시,일요일,경기도 수원시 권선구 호매실동,부상신고사고,0,0,0,1,차대차 - 측면충돌,교차로운행방법위반,건조,맑음,교차로 - 교차로안,승용,여,19세,상해없음,승용,남,28세,부상신고
2021071900100197,2021년 7월 19일 11시,월요일,경기도 수원시 권선구 호매실동,중상사고,0,1,0,0,차대차 - 측면충돌,신호위반,건조,맑음,교차로 - 교차로안,승용,여,22세,상해없음,이륜,남,40세,중상
2021071900100303,2021년 7월 19일 14시,월요일,경기도 수원시 권선구 곡반정동,경상사고,0,0,2,0,차대차 - 측면충돌,안전거리미확보,건조,맑음,단일로 - 기타,승용,남,42세,상해없음,승용,여,37세,경상
2021071900100304,2021년 7월 19일 14시,월요일,경기도 수원시 권선구 세류동,중상사고,0,1,0,0,차대사람 - 기타,안전운전불이행,건조,맑음,단일로 - 기타,화물,남,60세,상해없음,보행자,남,59세,중상
2021071900100450,2021년 7월 19일 18시,월요일,경기도 수원시 권선구 권선동,경상사고,0,0,1,0,차대차 - 기타,직진우회전진행방해,젖음/습기,비,교차로 - 교차로안,승용,여,31세,상해없음,자전거,남,13세,경상
2021071900100495,2021년 7월 19일 19시,월요일,경기도 수원시 영통구 하동,경상사고,0,0,1,0,차대차 - 측면충돌,안전운전불이행,건조,맑음,교차로 - 교차로부근,승용,남,29세,상해없음,승용,여,44세,경상
2021071900100526,2021년 7월 19일 20시,월요일,경기도 수원시 장안구 송죽동,경상사고,0,0,1,0,차대차 - 기타,신호위반,젖음/습기,비,교차로 - 교차로안,화물,남,44세,상해없음,승용,여,34세,경상
2021071900100530,2021년 7월 19일 20시,월요일,경기도 수원시 팔달구 인계동,경상사고,0,0,2,0,차대차 - 측면충돌,안전거리미확보,젖음/습기,비,교차로 - 교차로부근,승용,남,23세,상해없음,승용,남,30세,경상
2021071900100531,2021년 7월 19일 20시,월요일,경기도 수원시 팔달구 인계동,경상사고,0,0,1,0,차대차 - 후진중충돌,안전운전불이행,젖음/습기,흐림,단일로 - 기타,승용,남,39세,상해없음,승용,여,32세,경상
2021072000100064,2021년 7월 20일 08시,화요일,경기도 수원시 팔달구 교동,경상사고,0,0,1,0,차대차 - 측면충돌,신호위반,건조,맑음,교차로 - 교차로부근,승용,남,26세,상해없음,자전거,남,37세,경상
2021072000100065,2021년 7월 20일 08시,화요일,경기도 수원시 권선구 서둔동,부상신고사고,0,0,0,1,차대차 - 측면충돌,안전거리미확보,건조,맑음,단일로 - 기타,승용,여,53세,상해없음,승용,남,47세,부상신고
2021072000100098,2021년 7월 20일 09시,화요일,경기도 수원시 팔달구 지동,중상사고,0,1,0,0,차대사람 - 횡단중,보행자보호의무위반,건조,맑음,단일로 - 기타,승용,여,69세,상해없음,보행자,여,77세,중상
2021072000100198,2021년 7월 20일 12시,화요일,경기도 수원시 영통구 신동,중상사고,0,1,0,0,차대차 - 측면충돌,신호위반,건조,맑음,단일로 - 기타,승용,여,65세,상해없음,이륜,남,47세,중상
2021072000100267,2021년 7월 20일 14시,화요일,경기도 수원시 팔달구 인계동,경상사고,0,0,1,0,차대차 - 측면충돌,안전운전불이행,젖음/습기,비,교차로 - 교차로안,화물,남,57세,상해없음,이륜,남,34세,경상
2021072000100270,2021년 7월 20일 14시,화요일,경기도 수원시 권선구 서둔동,부상신고사고,0,0,0,1,차대차 - 후진중충돌,안전운전불이행,젖음/습기,비,단일로 - 기타,승용,여,59세,상해없음,승용,남,24세,부상신고
2021072000100296,2021년 7월 20일 15시,화요일,경기도 수원시 장안구 천천동,경상사고,0,0,1,0,차대차 - 추돌,안전운전불이행,건조,흐림,교차로 - 교차로안,승용,남,62세,상해없음,이륜,남,49세,경상
2021072000100297,2021년 7월 20일 15시,화요일,경기도 수원시 장안구 영화동,경상사고,0,0,1,0,차대차 - 기타,안전운전불이행,건조,맑음,단일로 - 기타,승용,남,54세,상해없음,승용,남,72세,경상
2021072000100301,2021년 7월 20일 15시,화요일,경기도 수원시 팔달구 고등동,경상사고,0,0,1,0,차대차 - 측면충돌,안전운전불이행,건조,맑음,교차로 - 교차로안,자전거,여,63세,경상,승용,남,52세,상해없음
2021072000100335,2021년 7월 20일 16시,화요일,경기도 수원시 팔달구 우만동,경상사고,0,0,2,0,차대차 - 추돌,안전운전불이행,건조,맑음,교차로 - 교차로안,화물,남,58세,상해없음,승용,여,52세,경상
2021072000100336,2021년 7월 20일 16시,화요일,경기도 수원시 영통구 영통동,경상사고,0,0,1,0,차대차 - 기타,안전운전불이행,건조,맑음,단일로 - 기타,승용,남,64세,상해없음,승용,여,44세,경상
2021072000100383,2021년 7월 20일 17시,화요일,경기도 수원시 팔달구 인계동,경상사고,0,0,1,0,차대차 - 측면충돌,안전운전불이행,건조,맑음,교차로 - 교차로안,이륜,남,53세,상해없음,자전거,여,19세,경상
2021072100100038,2021년 7월 21일 06시,수요일,경기도 수원시 영통구 망포동,경상사고,0,0,1,0,차대사람 - 기타,안전운전불이행,건조,맑음,단일로 - 기타,승합,남,63세,상해없음,보행자,여,31세,경상
2021072100100251,2021년 7월 21일 12시,수요일,경기도 수원시 영통구 매탄동,경상사고,0,0,1,0,차대차 - 측면충돌,차로위반,건조,맑음,교차로 - 교차로부근,화물,남,56세,상해없음,이륜,남,49세,경상
2021072100100286,2021년 7월 21일 13시,수요일,경기도 수원시 장안구 파장동,경상사고,0,0,1,0,차대차 - 기타,안전거리미확보,건조,맑음,단일로 - 기타,승용,남,61세,상해없음,승용,남,50세,경상
2021072100100325,2021년 7월 21일 14시,수요일,경기도 수원시 장안구 정자동,중상사고,0,1,0,1,차대차 - 추돌,안전거리미확보,건조,맑음,단일로 - 기타,이륜,남,25세,부상신고,이륜,남,39세,중상
2021072100100326,2021년 7월 21일 14시,수요일,경기도 수원시 장안구 영화동,경상사고,0,0,1,0,차대차 - 기타,기타,건조,맑음,교차로 - 교차로안,승용,남,60세,상해없음,승용,남,72세,경상
2021072100100333,2021년 7월 21일 14시,수요일,경기도 수원시 권선구 세류동,경상사고,0,0,1,0,차대차 - 정면충돌,안전운전불이행,건조,맑음,교차로 - 교차로안,승용,남,61세,상해없음,개인형이동수단(PM),남,40세,경상
2021072100100409,2021년 7월 21일 16시,수요일,경기도 수원시 권선구 권선동,중상사고,0,1,0,0,차대차 - 측면충돌,안전운전불이행,건조,맑음,단일로 - 기타,화물,남,42세,상해없음,이륜,남,48세,중상
2021072100100413,2021년 7월 21일 16시,수요일,경기도 수원시 권선구 세류동,경상사고,0,0,1,0,차대차 - 기타,안전운전불이행,건조,맑음,단일로 - 기타,승용,남,63세,상해없음,자전거,여,35세,경상
2021072100100455,2021년 7월 21일 17시,수요일,경기도 수원시 장안구 율전동,중상사고,0,1,1,0,차대차 - 기타,직진우회전진행방해,건조,맑음,교차로 - 교차로안,승용,남,33세,상해없음,이륜,남,17세,경상
2021072100100513,2021년 7월 21일 18시,수요일,경기도 수원시 팔달구 화서동,경상사고,0,0,1,0,차대차 - 기타,안전운전불이행,건조,맑음,교차로 - 교차로안,이륜,남,20세,경상,승용,남,25세,상해없음
2021072100100515,2021년 7월 21일 18시,수요일,경기도 수원시 팔달구 인계동,경상사고,0,0,1,0,차대사람 - 기타,안전운전불이행,건조,맑음,단일로 - 기타,승용,여,29세,상해없음,보행자,남,35세,경상
2021072100100519,2021년 7월 21일 18시,수요일,경기도 수원시 팔달구 고등동,경상사고,0,0,1,0,차대차 - 추돌,안전운전불이행,건조,맑음,단일로 - 기타,원동기,남,37세,상해없음,승용,남,48세,경상
2021072100100610,2021년 7월 21일 21시,수요일,경기도 수원시 장안구 영화동,경상사고,0,0,3,0,차대차 - 추돌,안전운전불이행,건조,맑음,단일로 - 기타,승용,여,29세,상해없음,승용,남,33세,경상
2021072100100643,2021년 7월 21일 22시,수요일,경기도 수원시 영통구 원천동,경상사고,0,0,1,0,차대차 - 측면충돌,안전운전불이행,건조,맑음,기타 - 기타,승용,남,51세,상해없음,승용,남,33세,경상
2021072200100055,2021년 7월 22일 07시,목요일,경기도 수원시 팔달구 우만동,경상사고,0,0,2,0,차대차 - 측면충돌,안전운전불이행,건조,맑음,교차로 - 교차로안,이륜,남,81세,경상,승용,남,46세,경상
2021072200100061,2021년 7월 22일 07시,목요일,경기도 수원시 권선구 당수동,경상사고,0,0,1,0,차대차 - 측면충돌,안전거리미확보,건조,맑음,단일로 - 기타,승용,남,55세,상해없음,승용,남,45세,경상
2021072200100062,2021년 7월 22일 07시,목요일,경기도 수원시 권선구 고색동,경상사고,0,0,1,0,차대차 - 기타,안전운전불이행,건조,맑음,교차로 - 교차로부근,승용,남,49세,상해없음,승용,여,39세,경상
2021072200100155,2021년 7월 22일 10시,목요일,경기도 수원시 영통구 이의동,부상신고사고,0,0,0,1,차대차 - 측면충돌,신호위반,건조,맑음,교차로 - 교차로안,승용,여,73세,상해없음,이륜,남,75세,부상신고
2021072200100156,2021년 7월 22일 10시,목요일,경기도 수원시 권선구 권선동,경상사고,0,0,1,0,차대차 - 측면충돌,안전운전불이행,건조,맑음,단일로 - 기타,승용,남,62세,상해없음,승용,남,67세,경상
2021072200100159,2021년 7월 22일 10시,목요일,경기도 수원시 권선구 서둔동,경상사고,0,0,4,0,차대차 - 기타,직진우회전진행방해,건조,맑음,교차로 - 교차로부근,승용,여,41세,상해없음,승용,여,51세,경상
2021072200100189,2021년 7월 22일 11시,목요일,경기도 수원시 장안구 천천동,부상신고사고,0,0,0,1,차대차 - 기타,신호위반,건조,맑음,교차로 - 교차로안,자전거,남,13세,부상신고,승용,남,51세,상해없음
2021072200100261,2021년 7월 22일 13시,목요일,경기도 수원시 장안구 조원동,경상사고,0,0,1,0,차대차 - 추돌,안전운전불이행,건조,맑음,교차로 - 교차로부근,승용,여,62세,기타불명,승용,여,53세,경상
2021072200100396,2021년 7월 22일 16시,목요일,경기도 수원시 권선구 권선동,중상사고,0,1,0,0,차대차 - 기타,안전거리미확보,건조,맑음,단일로 - 기타,승용,남,31세,상해없음,이륜,남,38세,중상
2021072200100479,2021년 7월 22일 18시,목요일,경기도 수원시 장안구 영화동,경상사고,0,0,1,0,차대사람 - 기타,안전운전불이행,건조,맑음,단일로 - 기타,승용,여,59세,상해없음,보행자,남,12세,경상
2021072200100526,2021년 7월 22일 19시,목요일,경기도 수원시 영통구 이의동,경상사고,0,0,1,0,차량단독 - 공작물충돌,안전운전불이행,건조,맑음,기타 - 기타,승용,여,50세,경상,,,,
2021072200100565,2021년 7월 22일 20시,목요일,경기도 수원시 장안구 율전동,부상신고사고,0,0,0,1,차대차 - 기타,교차로운행방법위반,건조,맑음,교차로 - 교차로안,개인형이동수단(PM),남,22세,부상신고,승용,남,51세,상해없음
2021072200100571,2021년 7월 22일 20시,목요일,경기도 수원시 권선구 곡반정동,경상사고,0,0,1,0,차대차 - 추돌,안전운전불이행,건조,맑음,교차로 - 교차로안,승용,남,24세,상해없음,승용,남,42세,경상
2021072200100572,2021년 7월 22일 20시,목요일,경기도 수원시 권선구 구운동,부상신고사고,0,0,0,1,차대차 - 후진중충돌,안전운전불이행,건조,맑음,교차로 - 교차로부근,화물,남,26세,상해없음,이륜,남,24세,부상신고
2021072200100594,2021년 7월 22일 21시,목요일,경기도 수원시 권선구 권선동,경상사고,0,0,1,0,차대차 - 측면충돌,교차로운행방법위반,건조,맑음,교차로 - 교차로안,승용,여,23세,상해없음,승용,남,33세,경상
2021072300100028,2021년 7월 23일 03시,금요일,경기도 수원시 장안구 파장동,경상사고,0,0,1,0,차대차 - 기타,신호위반,건조,맑음,교차로 - 교차로안,화물,남,54세,상해없음,승용,남,65세,경상
2021072300100037,2021년 7월 23일 05시,금요일,경기도 수원시 장안구 율전동,경상사고,0,0,1,0,차대차 - 기타,신호위반,건조,맑음,교차로 - 교차로안,승합,남,52세,상해없음,승용,남,37세,경상
2021072300100086,2021년 7월 23일 08시,금요일,경기도 수원시 영통구 이의동,경상사고,0,0,2,0,차대차 - 측면충돌,안전거리미확보,건조,맑음,단일로 - 기타,화물,남,45세,상해없음,승용,남,47세,경상
2021072300100149,2021년 7월 23일 10시,금요일,경기도 수원시 영통구 원천동,경상사고,0,0,2,0,차대차 - 추돌,안전운전불이행,건조,맑음,교차로 - 교차로부근,승용,남,41세,상해없음,승용,남,60세,경상
2021072300100183,2021년 7월 23일 11시,금요일,경기도 수원시 장안구 정자동,경상사고,0,0,1,0,차대차 - 기타,차로위반,건조,맑음,단일로 - 기타,화물,남,64세,상해없음,승용,여,67세,경상
2021072300100298,2021년 7월 23일 14시,금요일,경기도 수원시 권선구 권선동,중상사고,0,1,0,0,차대사람 - 횡단중,보행자보호의무위반,건조,맑음,교차로 - 교차로횡단보도내,승용,여,35세,상해없음,보행자,남,14세,중상
2021072300100331,2021년 7월 23일 15시,금요일,경기도 수원시 영통구 매탄동,부상신고사고,0,0,0,1,차대차 - 기타,안전운전불이행,건조,맑음,단일로 - 기타,승용,남,59세,기타불명,승용,여,40세,부상신고
2021072300100428,2021년 7월 23일 17시,금요일,경기도 수원시 장안구 정자동,부상신고사고,0,0,0,1,차대차 - 측면충돌,안전거리미확보,건조,맑음,교차로 - 교차로안,이륜,남,17세,부상신고,이륜,남,45세,상해없음
2021072300100535,2021년 7월 23일 19시,금요일,경기도 수원시 영통구 매탄동,경상사고,0,0,1,0,차대차 - 기타,안전운전불이행,건조,맑음,교차로 - 교차로부근,이륜,남,29세,상해없음,승합,남,42세,상해없음
2021072300100537,2021년 7월 23일 19시,금요일,경기도 수원시 권선구 오목천동,경상사고,0,0,2,0,차대차 - 기타,신호위반,건조,맑음,교차로 - 교차로안,승용,남,36세,상해없음,승용,남,24세,경상
2021072300100582,2021년 7월 23일 20시,금요일,경기도 수원시 권선구 탑동,경상사고,0,0,1,0,차대차 - 기타,교차로운행방법위반,건조,맑음,교차로 - 교차로부근,화물,남,48세,상해없음,이륜,남,43세,경상
2021072300100605,2021년 7월 23일 21시,금요일,경기도 수원시 팔달구 팔달로2가,경상사고,0,0,1,0,차대사람 - 기타,안전운전불이행,건조,맑음,교차로 - 교차로안,승용,남,38세,상해없음,보행자,여,69세,경상
2021072300100606,2021년 7월 23일 21시,금요일,경기도 수원시 영통구 이의동,중상사고,0,1,0,0,차대차 - 측면충돌,신호위반,건조,맑음,교차로 - 교차로안,승합,남,36세,상해없음,원동기,남,29세,중상
2021072300100627,2021년 7월 23일 22시,금요일,경기도 수원시 영통구 매탄동,중상사고,0,1,0,0,차대사람 - 차도통행중,안전운전불이행,건조,맑음,기타 - 기타,승용,남,52세,상해없음,보행자,여,69세,중상
2021072300100653,2021년 7월 23일 23시,금요일,경기도 수원시 팔달구 인계동,경상사고,0,0,3,0,차대차 - 측면충돌,안전거리미확보,건조,맑음,단일로 - 기타,승용,남,24세,상해없음,승용,남,52세,경상
2021072400100016,2021년 7월 24일 01시,토요일,경기도 수원시 영통구 매탄동,경상사고,0,0,1,0,차대차 - 측면충돌,중앙선침범,건조,맑음,단일로 - 기타,승용,남,51세,상해없음,이륜,남,39세,경상
2021072400100031,2021년 7월 24일 05시,토요일,경기도 수원시 팔달구 인계동,경상사고,0,0,2,0,차대사람 - 기타,안전운전불이행,건조,기타,기타 - 기타,승용,남,75세,경상,보행자,여,80세,경상
2021072400100041,2021년 7월 24일 06시,토요일,경기도 수원시 영통구 이의동,경상사고,0,0,1,0,차대차 - 기타,기타,건조,맑음,단일로 - 기타,특수,남,37세,상해없음,승용,남,56세,경상
2021072400100068,2021년 7월 24일 08시,토요일,경기도 수원시 팔달구 매산로2가,경상사고,0,0,1,0,차대사람 - 기타,신호위반,건조,맑음,교차로 - 교차로횡단보도내,화물,남,49세,상해없음,보행자,남,45세,경상
2021072400100084,2021년 7월 24일 09시,토요일,경기도 수원시 권선구 세류동,경상사고,0,0,1,0,차대사람 - 기타,안전운전불이행,건조,맑음,단일로 - 기타,승용,남,48세,상해없음,보행자,여,30세,경상
2021072400100152,2021년 7월 24일 11시,토요일,경기도 수원시 장안구 영화동,경상사고,0,0,1,0,차대차 - 추돌,안전운전불이행,건조,맑음,단일로 - 기타,승합,남,55세,상해없음,자전거,여,77세,경상
2021072400100153,2021년 7월 24일 11시,토요일,경기도 수원시 장안구 정자동,중상사고,0,1,0,0,차대차 - 정면충돌,안전운전불이행,건조,맑음,교차로 - 교차로안,승용,남,64세,상해없음,이륜,여,53세,중상
2021072400100157,2021년 7월 24일 11시,토요일,경기도 수원시 권선구 구운동,부상신고사고,0,0,0,1,차대차 - 추돌,직진우회전진행방해,건조,맑음,교차로 - 교차로안,이륜,남,21세,부상신고,승용,남,53세,상해없음
2021072400100241,2021년 7월 24일 13시,토요일,경기도 수원시 권선구 금곡동,경상사고,0,0,1,0,차대차 - 추돌,중앙선침범,건조,맑음,단일로 - 기타,승용,여,55세,상해없음,이륜,남,36세,경상
2021072400100284,2021년 7월 24일 14시,토요일,경기도 수원시 영통구 영통동,경상사고,0,0,1,0,차대차 - 측면충돌,안전운전불이행,건조,맑음,교차로 - 교차로안,승용,여,65세,상해없음,승용,여,48세,경상
2021072400100350,2021년 7월 24일 16시,토요일,경기도 수원시 장안구 율전동,중상사고,0,1,0,0,차대사람 - 횡단중,안전운전불이행,건조,맑음,단일로 - 기타,승용,여,57세,상해없음,보행자,남,6세,중상
2021072400100351,2021년 7월 24일 16시,토요일,경기도 수원시 장안구 조원동,경상사고,0,0,1,0,차대차 - 측면충돌,신호위반,건조,맑음,교차로 - 교차로안,화물,남,64세,상해없음,이륜,남,26세,경상
2021072400100355,2021년 7월 24일 16시,토요일,경기도 수원시 권선구 당수동,중상사고,0,2,2,0,차대차 - 추돌,안전거리미확보,건조,맑음,단일로 - 기타,승용,남,29세,상해없음,승용,남,43세,경상
2021072400100356,2021년 7월 24일 16시,토요일,경기도 수원시 권선구 당수동,중상사고,0,1,0,0,차대차 - 측면충돌,신호위반,건조,맑음,교차로 - 교차로안,승용,남,30세,상해없음,이륜,남,59세,중상
2021072400100430,2021년 7월 24일 18시,토요일,경기도 수원시 장안구 송죽동,중상사고,0,1,2,0,차대차 - 기타,안전거리미확보,건조,맑음,단일로 - 기타,승용,남,43세,상해없음,이륜,남,19세,중상
2021072400100471,2021년 7월 24일 19시,토요일,경기도 수원시 권선구 호매실동,경상사고,0,0,1,0,차대차 - 추돌,안전거리미확보,건조,맑음,단일로 - 기타,승용,남,40세,상해없음,이륜,남,26세,경상
2021072400100496,2021년 7월 24일 20시,토요일,경기도 수원시 영통구 매탄동,경상사고,0,0,1,0,차대차 - 측면충돌,안전거리미확보,건조,맑음,단일로 - 기타,승용,여,51세,상해없음,이륜,남,17세,경상
2021072400100497,2021년 7월 24일 20시,토요일,경기도 수원시 영통구 원천동,중상사고,0,1,0,0,차대차 - 측면충돌,신호위반,건조,맑음,교차로 - 교차로부근,승용,남,55세,상해없음,승용,남,38세,중상
2021072400100498,2021년 7월 24일 20시,토요일,경기도 수원시 권선구 권선동,경상사고,0,0,1,0,차대차 - 측면충돌,신호위반,건조,맑음,교차로 - 교차로안,개인형이동수단(PM),남,16세,기타불명,이륜,남,32세,경상
2021072500100024,2021년 7월 25일 02시,일요일,경기도 수원시 영통구 이의동,경상사고,0,0,5,0,차대차 - 측면충돌,안전운전불이행,건조,맑음,단일로 - 기타,승용,남,26세,상해없음,승용,남,25세,경상
2021072500100052,2021년 7월 25일 08시,일요일,경기도 수원시 팔달구 인계동,경상사고,0,0,1,0,차대차 - 측면충돌,안전거리미확보,건조,맑음,교차로 - 교차로안,화물,남,52세,상해없음,승용,남,33세,경상
2021072500100097,2021년 7월 25일 11시,일요일,경기도 수원시 권선구 권선동,부상신고사고,0,0,0,1,차량단독 - 공작물충돌,안전운전불이행,건조,맑음,단일로 - 기타,이륜,남,55세,부상신고,,,,
2021072500100098,2021년 7월 25일 11시,일요일,경기도 수원시 영통구 원천동,경상사고,0,0,1,1,차대차 - 기타,안전거리미확보,건조,맑음,단일로 - 기타,승용,여,32세,부상신고,승용,남,49세,경상
2021072500100099,2021년 7월 25일 11시,일요일,경기도 수원시 권선구 호매실동,중상사고,0,1,0,0,차대차 - 측면충돌,신호위반,건조,맑음,교차로 - 교차로안,승합,남,63세,상해없음,이륜,남,25세,중상
2021072500100152,2021년 7월 25일 13시,일요일,경기도 수원시 장안구 영화동,경상사고,0,0,1,0,차대차 - 기타,안전운전불이행,건조,맑음,교차로 - 교차로횡단보도내,자전거,남,74세,경상,승용,남,62세,상해없음
2021072500100158,2021년 7월 25일 13시,일요일,경기도 수원시 영통구 영통동,중상사고,0,1,0,0,차대차 - 측면충돌,신호위반,건조,맑음,교차로 - 교차로안,승용,남,37세,상해없음,이륜,남,48세,중상
2021072500100159,2021년 7월 25일 13시,일요일,경기도 수원시 권선구 호매실동,경상사고,0,0,1,0,차대차 - 추돌,안전운전불이행,건조,맑음,교차로 - 교차로부근,이륜,남,29세,경상,승용,남,50세,상해없음
2021072500100286,2021년 7월 25일 17시,일요일,경기도 수원시 팔달구 우만동,경상사고,0,0,2,1,차대차 - 기타,안전거리미확보,건조,맑음,교차로 - 교차로안,승용,남,62세,상해없음,승용,남,33세,경상
2021072500100318,2021년 7월 25일 18시,일요일,경기도 수원시 팔달구 우만동,경상사고,0,0,1,0,차대차 - 후진중충돌,불법유턴,건조,맑음,교차로 - 교차로부근,승용,남,58세,상해없음,승용,여,53세,경상
2021072500100380,2021년 7월 25일 20시,일요일,경기도 수원시 장안구 조원동,경상사고,0,0,1,0,차대차 - 추돌,안전운전불이행,건조,맑음,교차로 - 교차로부근,이륜,남,33세,기타불명,승용,남,25세,경상
2021072600100077,2021년 7월 26일 08시,월요일,경기도 수원시 권선구 세류동,경상사고,0,0,1,0,차대차 - 측면충돌,신호위반,건조,맑음,교차로 - 교차로안,승용,여,58세,상해없음,승용,남,31세,경상
2021072600100198,2021년 7월 26일 11시,월요일,경기도 수원시 권선구 세류동,중상사고,0,1,0,0,차대사람 - 횡단중,안전운전불이행,건조,맑음,교차로 - 교차로안,승용,남,51세,상해없음,보행자,남,80세,중상
2021072600100360,2021년 7월 26일 15시,월요일,경기도 수원시 장안구 송죽동,경상사고,0,0,1,0,차대차 - 기타,차로위반,건조,맑음,교차로 - 교차로부근,승용,여,73세,상해없음,승용,남,28세,경상
2021072600100364,2021년 7월 26일 15시,월요일,경기도 수원시 권선구 당수동,부상신고사고,0,0,0,1,차대차 - 추돌,안전운전불이행,건조,맑음,단일로 - 기타,화물,남,50세,상해없음,승용,남,62세,부상신고
2021072600100433,2021년 7월 26일 17시,월요일,경기도 수원시 권선구 서둔동,경상사고,0,0,1,0,차대차 - 기타,신호위반,건조,맑음,단일로 - 기타,승용,여,40세,상해없음,승용,남,67세,경상