사고번호,사고일시,요일,시군구,사고내용,사망자수,중상자수,경상자수,부상신고자수,사고유형,법규위반,노면상태,기상상태,도로형태,가해운전자 차종,가해운전자 성별,가해운전자 연령,가해운전자 상해정도,피해운전자 차종,피해운전자 성별,피해운전자 연령,피해운전자 상해정도
2021080600100329,2021년 8월 6일 15시,금요일,경기도 수원시 권선구 권선동,경상사고,0,0,1,0,차대차 - 측면충돌,신호위반,건조,맑음,단일로 - 고가도로위,승용,남,34세,상해없음,승용,남,67세,경상
2021080600100464,2021년 8월 6일 18시,금요일,경기도 수원시 영통구 하동,경상사고,0,0,1,0,차대사람 - 차도통행중,안전운전불이행,건조,맑음,기타 - 기타,자전거,남,48세,상해없음,보행자,여,53세,경상
2021080600100467,2021년 8월 6일 18시,금요일,경기도 수원시 권선구 호매실동,중상사고,0,1,0,0,차대차 - 측면충돌,신호위반,건조,맑음,교차로 - 교차로안,이륜,남,54세,상해없음,자전거,여,59세,중상
2021080600100513,2021년 8월 6일 19시,금요일,경기도 수원시 권선구 호매실동,경상사고,0,0,1,0,차대차 - 측면충돌,안전거리미확보,건조,맑음,단일로 - 기타,승용,여,37세,상해없음,승용,여,27세,경상
2021080600100553,2021년 8월 6일 20시,금요일,경기도 수원시 팔달구 인계동,경상사고,0,0,1,0,차대차 - 측면충돌,안전운전불이행,건조,맑음,교차로 - 교차로부근,승용,여,27세,상해없음,이륜,남,32세,경상
2021080700100004,2021년 8월 7일 00시,토요일,경기도 수원시 권선구 금곡동,중상사고,0,1,0,0,차대차 - 측면충돌,중앙선침범,건조,맑음,단일로 - 기타,승용,남,45세,상해없음,이륜,남,21세,중상
2021080700100064,2021년 8월 7일 08시,토요일,경기도 수원시 팔달구 우만동,중상사고,0,1,1,0,차대차 - 추돌,안전운전불이행,건조,맑음,교차로 - 교차로부근,승용,남,51세,상해없음,승용,여,48세,중상
2021080700100224,2021년 8월 7일 13시,토요일,경기도 수원시 장안구 조원동,경상사고,0,0,1,0,차대사람 - 기타,안전운전불이행,건조,맑음,교차로 - 교차로안,승용,여,36세,상해없음,보행자,남,76세,경상
2021080700100319,2021년 8월 7일 16시,토요일,경기도 수원시 영통구 매탄동,중상사고,0,1,0,0,차대차 - 측면충돌,기타,건조,맑음,단일로 - 기타,승용,남,63세,상해없음,이륜,남,42세,중상
2021080700100358,2021년 8월 7일 17시,토요일,경기도 수원시 권선구 구운동,경상사고,0,0,1,0,차대차 - 측면충돌,신호위반,건조,맑음,교차로 - 교차로횡단보도내,이륜,남,41세,상해없음,자전거,남,11세,경상
2021080700100434,2021년 8월 7일 19시,토요일,경기도 수원시 영통구 영통동,경상사고,0,0,1,0,차대차 - 측면충돌,직진우회전진행방해,건조,맑음,교차로 - 교차로안,승용,여,30세,상해없음,이륜,남,29세,경상
2021080700100435,2021년 8월 7일 19시,토요일,경기도 수원시 권선구 권선동,경상사고,0,0,1,0,차대차 - 측면충돌,신호위반,건조,맑음,교차로 - 교차로안,승용,여,60세,상해없음,승용,남,39세,경상
2021080700100503,2021년 8월 7일 21시,토요일,경기도 수원시 팔달구 인계동,경상사고,0,0,1,0,차대차 - 추돌,안전운전불이행,건조,맑음,단일로 - 기타,이륜,남,19세,상해없음,승용,남,38세,경상
2021080800100039,2021년 8월 8일 05시,일요일,경기도 수원시 영통구 매탄동,경상사고,0,0,1,0,차대차 - 기타,안전운전불이행,건조,맑음,교차로 - 교차로부근,이륜,남,45세,상해없음,자전거,남,54세,경상
2021080800100099,2021년 8월 8일 11시,일요일,경기도 수원시 영통구 하동,중상사고,0,2,0,0,차대차 - 측면충돌,안전거리미확보,건조,맑음,단일로 - 기타,승용,여,53세,중상,승용,여,50세,중상
2021080800100126,2021년 8월 8일 12시,일요일,경기도 수원시 권선구 고색동,중상사고,0,2,0,0,차대차 - 기타,신호위반,건조,맑음,교차로 - 교차로안,이륜,남,28세,중상,승용,여,33세,중상
2021080800100202,2021년 8월 8일 15시,일요일,경기도 수원시 팔달구 인계동,중상사고,0,1,0,0,차대차 - 측면충돌,신호위반,건조,맑음,교차로 - 교차로안,승용,여,49세,상해없음,승용,여,37세,중상
2021080800100228,2021년 8월 8일 16시,일요일,경기도 수원시 장안구 정자동,경상사고,0,0,1,0,차대차 - 측면충돌,안전운전불이행,건조,맑음,주차장 - 주차장,승용,남,31세,상해없음,승용,남,43세,경상
2021080800100254,2021년 8월 8일 17시,일요일,경기도 수원시 장안구 이목동,경상사고,0,0,1,0,차대차 - 기타,안전운전불이행,젖음/습기,맑음,단일로 - 기타,승합,남,60세,상해없음,승합,남,62세,상해없음
2021080800100291,2021년 8월 8일 18시,일요일,경기도 수원시 권선구 권선동,경상사고,0,0,1,0,차대차 - 측면충돌,안전거리미확보,건조,맑음,교차로 - 교차로안,승용,여,36세,상해없음,승용,남,27세,경상
2021080800100333,2021년 8월 8일 19시,일요일,경기도 수원시 영통구 매탄동,경상사고,0,0,1,0,차량단독 - 기타,안전운전불이행,건조,맑음,기타 - 기타,승용,여,29세,경상,,,,
2021080800100354,2021년 8월 8일 20시,일요일,경기도 수원시 장안구 율전동,경상사고,0,0,1,0,차대차 - 기타,기타,젖음/습기,비,단일로 - 기타,승용,남,41세,상해없음,원동기,남,35세,경상
2021080800100360,2021년 8월 8일 20시,일요일,경기도 수원시 팔달구 인계동,부상신고사고,0,0,0,1,차대차 - 측면충돌,신호위반,건조,맑음,교차로 - 교차로안,자전거,남,36세,부상신고,승용,여,41세,상해없음
2021080900100005,2021년 8월 9일 00시,월요일,경기도 수원시 권선구 호매실동,경상사고,0,0,1,0,차대차 - 측면충돌,교차로운행방법위반,건조,맑음,교차로 - 교차로안,화물,남,38세,상해없음,승용,남,27세,경상
2021080900100020,2021년 8월 9일 05시,월요일,경기도 수원시 장안구 영화동,경상사고,0,0,1,0,차대사람 - 차도통행중,안전운전불이행,건조,맑음,단일로 - 교량,승용,남,54세,상해없음,보행자,남,58세,경상
2021080900100029,2021년 8월 9일 06시,월요일,경기도 수원시 팔달구 매산로1가,경상사고,0,0,1,0,차대차 - 추돌,신호위반,건조,맑음,교차로 - 교차로안,승합,남,69세,상해없음,승용,남,65세,경상
2021080900100052,2021년 8월 9일 07시,월요일,경기도 수원시 장안구 영화동,경상사고,0,0,1,0,차대차 - 측면충돌,안전거리미확보,건조,맑음,교차로 - 교차로부근,화물,남,65세,상해없음,승용,남,23세,경상
2021080900100057,2021년 8월 9일 07시,월요일,경기도 수원시 권선구 평동,경상사고,0,0,1,0,차대차 - 기타,안전운전불이행,건조,맑음,교차로 - 교차로안,승용,남,31세,상해없음,승용,남,41세,경상
2021080900100161,2021년 8월 9일 10시,월요일,경기도 수원시 팔달구 인계동,경상사고,0,0,1,0,차대차 - 측면충돌,안전거리미확보,건조,맑음,기타 - 기타,승용,여,53세,상해없음,승용,여,29세,경상
2021080900100191,2021년 8월 9일 11시,월요일,경기도 수원시 장안구 영화동,경상사고,0,0,1,0,차대차 - 측면충돌,안전운전불이행,건조,맑음,교차로 - 교차로안,승용,남,29세,상해없음,이륜,남,61세,경상
2021080900100232,2021년 8월 9일 12시,월요일,경기도 수원시 장안구 영화동,경상사고,0,0,1,0,차대차 - 추돌,안전운전불이행,건조,맑음,교차로 - 교차로안,승용,여,33세,상해없음,자전거,여,60세,경상
2021080900100271,2021년 8월 9일 13시,월요일,경기도 수원시 팔달구 매교동,중상사고,0,1,0,0,차대사람 - 횡단중,신호위반,건조,맑음,단일로 - 기타,이륜,남,53세,상해없음,보행자,여,87세,중상
2021080900100338,2021년 8월 9일 15시,월요일,경기도 수원시 권선구 세류동,경상사고,0,0,1,0,차대차 - 측면충돌,불법유턴,건조,맑음,교차로 - 교차로안,자전거,남,86세,경상,화물,남,72세,상해없음
2021080900100372,2021년 8월 9일 16시,월요일,경기도 수원시 장안구 조원동,경상사고,0,0,1,0,차대차 - 기타,안전거리미확보,건조,맑음,단일로 - 기타,승용,남,62세,상해없음,승용,여,30세,경상
2021080900100377,2021년 8월 9일 16시,월요일,경기도 수원시 권선구 세류동,경상사고,0,0,1,0,차대차 - 측면충돌,안전거리미확보,건조,맑음,단일로 - 기타,승용,남,60세,상해없음,이륜,남,61세,경상
2021080900100535,2021년 8월 9일 20시,월요일,경기도 수원시 팔달구 지동,경상사고,0,0,2,0,차대차 - 기타,교차로운행방법위반,건조,맑음,교차로 - 교차로안,승용,남,41세,상해없음,승용,남,55세,경상
2021081000100028,2021년 8월 10일 06시,화요일,경기도 수원시 장안구 율전동,경상사고,0,0,1,0,차대차 - 기타,안전운전불이행,건조,맑음,교차로 - 교차로부근,승용,남,84세,상해없음,승용,남,46세,경상
2021081000100082,2021년 8월 10일 09시,화요일,경기도 수원시 영통구 영통동,경상사고,0,0,2,0,차대차 - 정면충돌,신호위반,건조,맑음,교차로 - 교차로안,승용,남,60세,상해없음,승용,여,55세,경상
2021081000100111,2021년 8월 10일 10시,화요일,경기도 수원시 권선구 권선동,경상사고,0,0,1,0,차대차 - 기타,불법유턴,건조,맑음,교차로 - 교차로부근,화물,남,64세,상해없음,승용,남,68세,상해없음
2021081000100147,2021년 8월 10일 11시,화요일,경기도 수원시 권선구 세류동,중상사고,0,1,0,0,차대차 - 측면충돌,직진우회전진행방해,건조,맑음,단일로 - 기타,자전거,여,28세,중상,승용,여,27세,상해없음
2021081000100188,2021년 8월 10일 12시,화요일,경기도 수원시 영통구 망포동,중상사고,0,1,0,0,차대차 - 측면충돌,안전운전불이행,건조,맑음,단일로 - 기타,승용,여,52세,상해없음,자전거,남,14세,중상
2021081000100227,2021년 8월 10일 13시,화요일,경기도 수원시 권선구 오목천동,경상사고,0,0,2,0,차대차 - 추돌,신호위반,건조,맑음,교차로 - 교차로안,승용,남,58세,상해없음,승용,남,58세,경상
2021081000100325,2021년 8월 10일 16시,화요일,경기도 수원시 권선구 권선동,경상사고,0,0,1,0,차대차 - 기타,안전운전불이행,건조,맑음,단일로 - 기타,승용,여,51세,상해없음,승용,여,32세,경상
2021081000100328,2021년 8월 10일 16시,화요일,경기도 수원시 권선구 탑동,부상신고사고,0,0,0,1,차대차 - 추돌,안전운전불이행,건조,맑음,단일로 - 기타,승용,여,44세,상해없음,화물,남,56세,기타불명
2021081000100432,2021년 8월 10일 19시,화요일,경기도 수원시 장안구 송죽동,경상사고,0,0,1,0,차대사람 - 기타,안전운전불이행,건조,맑음,단일로 - 기타,승용,여,52세,상해없음,보행자,남,60세,경상
2021081000100477,2021년 8월 10일 20시,화요일,경기도 수원시 권선구 고색동,경상사고,0,0,1,0,차대차 - 추돌,안전운전불이행,건조,맑음,단일로 - 기타,화물,남,61세,상해없음,이륜,남,52세,경상
2021081100100012,2021년 8월 11일 03시,수요일,경기도 수원시 권선구 서둔동,경상사고,0,0,2,0,차대차 - 추돌,안전운전불이행,건조,맑음,단일로 - 기타,승용,남,21세,상해없음,승용,남,60세,경상
2021081100100066,2021년 8월 11일 08시,수요일,경기도 수원시 장안구 정자동,경상사고,0,0,1,0,차대사람 - 기타,안전운전불이행,건조,맑음,주차장 - 주차장,승용,남,36세,상해없음,보행자,여,25세,경상
2021081100100104,2021년 8월 11일 09시,수요일,경기도 수원시 권선구 오목천동,중상사고,0,1,0,0,차대차 - 기타,기타,건조,맑음,기타 - 기타,승용,남,43세,상해없음,개인형이동수단(PM),남,61세,중상
2021081100100157,2021년 8월 11일 11시,수요일,경기도 수원시 영통구 매탄동,중상사고,0,1,0,0,차대차 - 측면충돌,신호위반,건조,맑음,교차로 - 교차로안,승용,남,61세,상해없음,승용,여,37세,중상
2021081100100160,2021년 8월 11일 11시,수요일,경기도 수원시 권선구 탑동,경상사고,0,0,1,0,차대사람 - 기타,안전운전불이행,건조,맑음,기타 - 기타,승합,남,63세,상해없음,보행자,여,16세,경상
2021081100100222,2021년 8월 11일 13시,수요일,경기도 수원시 영통구 이의동,경상사고,0,0,2,0,차대사람 - 횡단중,보행자보호의무위반,건조,맑음,교차로 - 교차로안,승용,남,59세,상해없음,보행자,여,30세,경상
2021081100100277,2021년 8월 11일 15시,수요일,경기도 수원시 장안구 영화동,경상사고,0,0,1,0,차대사람 - 기타,기타,건조,맑음,단일로 - 기타,특수,남,62세,상해없음,보행자,여,76세,경상
2021081100100321,2021년 8월 11일 16시,수요일,경기도 수원시 영통구 이의동,경상사고,0,0,4,0,차대차 - 기타,안전운전불이행,건조,맑음,단일로 - 기타,승용,남,59세,상해없음,승합,남,61세,상해없음
2021081100100389,2021년 8월 11일 18시,수요일,경기도 수원시 영통구 이의동,경상사고,0,0,2,0,차대차 - 추돌,안전거리미확보,건조,맑음,단일로 - 기타,승용,남,42세,상해없음,승용,여,47세,경상
2021081100100497,2021년 8월 11일 21시,수요일,경기도 수원시 영통구 이의동,경상사고,0,0,1,0,차대차 - 측면충돌,안전거리미확보,건조,맑음,단일로 - 기타,승용,남,75세,상해없음,승용,남,53세,경상
2021081100100499,2021년 8월 11일 21시,수요일,경기도 수원시 권선구 구운동,경상사고,0,0,1,0,차대차 - 측면충돌,안전운전불이행,건조,맑음,단일로 - 기타,승용,남,26세,상해없음,승용,여,48세,경상
2021081100100525,2021년 8월 11일 22시,수요일,경기도 수원시 권선구 호매실동,중상사고,0,1,0,0,차대사람 - 횡단중,신호위반,건조,맑음,교차로 - 교차로횡단보도내,승합,남,71세,상해없음,보행자,여,3세,중상
2021081200100114,2021년 8월 12일 09시,목요일,경기도 수원시 팔달구 화서동,경상사고,0,0,1,0,차대차 - 기타,안전운전불이행,건조,맑음,교차로 - 교차로안,화물,남,60세,상해없음,승용,남,62세,경상
2021081200100211,2021년 8월 12일 12시,목요일,경기도 수원시 영통구 영통동,경상사고,0,0,1,0,차대차 - 측면충돌,안전거리미확보,건조,맑음,단일로 - 기타,승용,여,47세,상해없음,승용,남,22세,상해없음
2021081200100212,2021년 8월 12일 12시,목요일,경기도 수원시 권선구 세류동,경상사고,0,0,1,0,차대차 - 측면충돌,안전운전불이행,건조,맑음,교차로 - 교차로안,화물,남,24세,상해없음,승용,여,50세,경상
2021081200100249,2021년 8월 12일 13시,목요일,경기도 수원시 권선구 세류동,부상신고사고,0,0,0,4,차대차 - 추돌,안전운전불이행,건조,맑음,단일로 - 기타,승용,남,42세,부상신고,승용,남,21세,상해없음
2021081200100273,2021년 8월 12일 14시,목요일,경기도 수원시 영통구 영통동,중상사고,0,1,0,0,차대차 - 측면충돌,차로위반,건조,맑음,단일로 - 기타,화물,남,21세,상해없음,승용,남,67세,중상
2021081200100301,2021년 8월 12일 15시,목요일,경기도 수원시 장안구 조원동,경상사고,0,0,1,0,차대사람 - 기타,안전운전불이행,건조,맑음,단일로 - 기타,승용,여,30세,기타불명,보행자,남,50세,경상
2021081200100341,2021년 8월 12일 16시,목요일,경기도 수원시 영통구 매탄동,경상사고,0,0,1,0,차대차 - 추돌,안전운전불이행,건조,맑음,기타 - 기타,화물,남,39세,상해없음,이륜,남,41세,경상
2021081200100373,2021년 8월 12일 17시,목요일,경기도 수원시 팔달구 우만동,경상사고,0,0,1,0,차대차 - 기타,안전운전불이행,건조,맑음,교차로 - 교차로부근,승용,남,79세,상해없음,승용,여,37세,경상
2021081200100381,2021년 8월 12일 17시,목요일,경기도 수원시 영통구 영통동,경상사고,0,0,1,0,차대사람 - 횡단중,보행자보호의무위반,건조,맑음,교차로 - 교차로횡단보도내,화물,남,60세,상해없음,보행자,남,24세,경상
2021081200100484,2021년 8월 12일 20시,목요일,경기도 수원시 권선구 세류동,경상사고,0,0,1,1,차대차 - 기타,안전운전불이행,건조,맑음,단일로 - 기타,승용,남,76세,상해없음,승용,남,37세,부상신고
2021081200100515,2021년 8월 12일 21시,목요일,경기도 수원시 영통구 망포동,경상사고,0,0,1,0,차대사람 - 기타,안전운전불이행,건조,맑음,단일로 - 기타,승용,남,40세,상해없음,보행자,여,75세,경상
2021081200100517,2021년 8월 12일 21시,목요일,경기도 수원시 영통구 이의동,경상사고,0,0,2,1,차대차 - 측면충돌,안전거리미확보,건조,맑음,단일로 - 기타,화물,남,39세,상해없음,승용,여,47세,경상
2021081300100020,2021년 8월 13일 03시,금요일,경기도 수원시 권선구 권선동,중상사고,0,1,0,0,차량단독 - 공작물충돌,안전운전불이행,건조,맑음,단일로 - 고가도로위,이륜,남,25세,중상,,,,
2021081300100058,2021년 8월 13일 08시,금요일,경기도 수원시 영통구 영통동,중상사고,0,2,0,0,차대사람 - 보도통행중,기타,건조,맑음,기타 - 기타,자전거,남,23세,중상,보행자,여,29세,중상
2021081300100095,2021년 8월 13일 09시,금요일,경기도 수원시 권선구 서둔동,경상사고,0,0,1,0,차대차 - 측면충돌,직진우회전진행방해,건조,맑음,교차로 - 교차로안,승용,여,51세,상해없음,화물,남,60세,경상
2021081300100182,2021년 8월 13일 12시,금요일,경기도 수원시 장안구 정자동,경상사고,0,0,1,1,차대차 - 기타,교차로운행방법위반,건조,맑음,교차로 - 교차로안,승용,여,61세,부상신고,이륜,남,49세,경상
2021081300100183,2021년 8월 13일 12시,금요일,경기도 수원시 장안구 율전동,경상사고,0,0,3,0,차대차 - 추돌,안전운전불이행,건조,맑음,단일로 - 기타,승용,남,54세,상해없음,화물,남,49세,경상
2021081300100252,2021년 8월 13일 14시,금요일,경기도 수원시 권선구 구운동,부상신고사고,0,0,0,1,차대차 - 기타,교차로운행방법위반,건조,맑음,교차로 - 교차로안,승용,여,47세,상해없음,이륜,남,26세,부상신고
2021081300100335,2021년 8월 13일 16시,금요일,경기도 수원시 권선구 당수동,중상사고,0,1,0,0,차대차 - 측면충돌,신호위반,건조,맑음,교차로 - 교차로안,승용,남,48세,상해없음,승용,남,36세,중상
2021081300100382,2021년 8월 13일 17시,금요일,경기도 수원시 팔달구 매산로1가,경상사고,0,0,1,0,차대차 - 기타,안전운전불이행,건조,맑음,단일로 - 기타,승용,남,60세,상해없음,승용,남,23세,경상
2021081300100431,2021년 8월 13일 18시,금요일,경기도 수원시 팔달구 지동,경상사고,0,0,2,0,차대차 - 후진중충돌,안전운전불이행,건조,맑음,단일로 - 기타,승용,남,69세,상해없음,화물,남,23세,경상
2021081300100522,2021년 8월 13일 21시,금요일,경기도 수원시 팔달구 우만동,경상사고,0,0,3,0,차대차 - 기타,직진우회전진행방해,건조,맑음,교차로 - 교차로안,승용,여,22세,기타불명,화물,남,23세,경상
2021081300100560,2021년 8월 13일 22시,금요일,경기도 수원시 영통구 매탄동,중상사고,0,2,3,0,차대차 - 측면충돌,교차로운행방법위반,건조,맑음,교차로 - 교차로안,승합,남,30세,상해없음,승용,남,40세,중상
2021081400100021,2021년 8월 14일 02시,토요일,경기도 수원시 권선구 구운동,사망사고,1,0,0,0,차량단독 - 기타,안전운전불이행,건조,맑음,단일로 - 기타,이륜,남,19세,사망,,,,
2021081400100088,2021년 8월 14일 09시,토요일,경기도 수원시 팔달구 화서동,중상사고,0,2,0,0,차대차 - 기타,중앙선침범,건조,맑음,교차로 - 교차로부근,승용,남,71세,상해없음,승용,남,53세,중상
2021081400100107,2021년 8월 14일 10시,토요일,경기도 수원시 장안구 정자동,중상사고,0,1,4,1,차대차 - 기타,교차로운행방법위반,건조,맑음,교차로 - 교차로안,이륜,남,81세,부상신고,승용,남,24세,중상
2021081400100124,2021년 8월 14일 11시,토요일,경기도 수원시 팔달구 우만동,경상사고,0,0,1,0,차대차 - 기타,기타,건조,맑음,교차로 - 교차로부근,승용,남,29세,상해없음,개인형이동수단(PM),여,27세,경상
2021081400100130,2021년 8월 14일 11시,토요일,경기도 수원시 팔달구 인계동,경상사고,0,0,1,0,차대차 - 측면충돌,안전운전불이행,건조,맑음,단일로 - 기타,자전거,여,52세,경상,승용,남,75세,상해없음
2021081400100131,2021년 8월 14일 11시,토요일,경기도 수원시 영통구 영통동,경상사고,0,0,3,0,차대차 - 측면충돌,직진우회전진행방해,건조,맑음,기타 - 기타,승용,남,43세,상해없음,승용,남,56세,경상
2021081400100188,2021년 8월 14일 13시,토요일,경기도 수원시 장안구 영화동,경상사고,0,0,1,0,차대차 - 추돌,안전거리미확보,건조,맑음,기타 - 기타,이륜,남,51세,상해없음,승합,남,50세,경상
2021081400100262,2021년 8월 14일 15시,토요일,경기도 수원시 장안구 율전동,경상사고,0,0,1,0,차대차 - 추돌,안전운전불이행,건조,맑음,교차로 - 교차로부근,승용,여,55세,상해없음,승용,남,52세,상해없음
2021081400100481,2021년 8월 14일 22시,토요일,경기도 수원시 팔달구 우만동,중상사고,0,1,0,0,차대차 - 기타,신호위반,건조,맑음,교차로 - 교차로횡단보도내,이륜,남,45세,상해없음,개인형이동수단(PM),남,31세,중상
2021081500100041,2021년 8월 15일 05시,일요일,경기도 수원시 팔달구 매산로1가,중상사고,0,2,2,0,차대차 - 기타,신호위반,젖음/습기,흐림,교차로 - 교차로안,승용,남,27세,중상,승용,남,78세,중상
2021081500100099,2021년 8월 15일 11시,일요일,경기도 수원시 장안구 이목동,경상사고,0,0,1,0,차대사람 - 기타,안전운전불이행,건조,맑음,단일로 - 고가도로위,화물,남,44세,상해없음,보행자,남,48세,경상
2021081500100100,2021년 8월 15일 11시,일요일,경기도 수원시 장안구 정자동,경상사고,0,0,3,0,차대차 - 정면충돌,기타,건조,맑음,교차로 - 교차로부근,승용,남,56세,상해없음,승용,남,53세,경상
2021081500100103,2021년 8월 15일 11시,일요일,경기도 수원시 권선구 세류동,중상사고,0,1,0,0,차대사람 - 횡단중,신호위반,건조,맑음,교차로 - 교차로횡단보도내,승용,여,26세,상해없음,보행자,여,26세,중상
2021081500100252,2021년 8월 15일 16시,일요일,경기도 수원시 영통구 영통동,경상사고,0,0,4,0,차대차 - 측면충돌,신호위반,건조,맑음,교차로 - 교차로안,승용,남,33세,상해없음,승용,남,22세,경상
2021081500100313,2021년 8월 15일 18시,일요일,경기도 수원시 권선구 구운동,경상사고,0,0,1,0,차대차 - 기타,교차로운행방법위반,건조,맑음,교차로 - 교차로안,승합,여,60세,상해없음,승용,남,34세,경상
2021081500100396,2021년 8월 15일 22시,일요일,경기도 수원시 장안구 영화동,경상사고,0,0,1,1,차대차 - 기타,교차로운행방법위반,건조,맑음,교차로 - 교차로안,이륜,남,24세,부상신고,승용,남,64세,경상
2021081500100411,2021년 8월 15일 23시,일요일,경기도 수원시 권선구 당수동,경상사고,0,0,1,0,차대차 - 기타,안전운전불이행,건조,맑음,교차로 - 교차로안,기타불명,기타불명,미분류,기타불명,개인형이동수단(PM),남,27세,경상
2021081600100239,2021년 8월 16일 15시,월요일,경기도 수원시 팔달구 팔달로2가,경상사고,0,0,1,0,차대차 - 기타,안전운전불이행,건조,맑음,단일로 - 기타,승용,여,30세,상해없음,승용,여,41세,경상
2021081600100242,2021년 8월 16일 15시,월요일,경기도 수원시 영통구 망포동,경상사고,0,0,2,0,차대차 - 측면충돌,안전운전불이행,건조,맑음,교차로 - 교차로부근,승용,여,25세,상해없음,건설기계,남,51세,경상
2021081600100346,2021년 8월 16일 18시,월요일,경기도 수원시 권선구 호매실동,경상사고,0,0,4,0,차대차 - 정면충돌,중앙선침범,젖음/습기,흐림,교차로 - 교차로부근,이륜,남,24세,경상,승용,여,51세,경상
2021081600100423,2021년 8월 16일 21시,월요일,경기도 수원시 장안구 영화동,중상사고,0,1,0,0,차대차 - 측면충돌,교차로운행방법위반,건조,맑음,교차로 - 교차로안,승용,남,26세,상해없음,이륜,남,41세,중상
2021081700100174,2021년 8월 17일 11시,화요일,경기도 수원시 권선구 고색동,경상사고,0,0,1,0,차대차 - 후진중충돌,불법유턴,건조,맑음,단일로 - 기타,승용,남,55세,상해없음,이륜,남,20세,경상
2021081700100312,2021년 8월 17일 15시,화요일,경기도 수원시 장안구 송죽동,경상사고,0,0,1,0,차대차 - 기타,교차로운행방법위반,건조,맑음,교차로 - 교차로안,화물,남,53세,상해없음,승용,남,45세,경상
2021081700100397,2021년 8월 17일 17시,화요일,경기도 수원시 권선구 곡반정동,중상사고,0,1,0,0,차대사람 - 횡단중,보행자보호의무위반,건조,맑음,단일로 - 기타,자전거,남,17세,상해없음,보행자,여,74세,중상
2021081700100399,2021년 8월 17일 17시,화요일,경기도 수원시 팔달구 매산로1가,경상사고,0,0,1,0,차대차 - 측면충돌,안전거리미확보,건조,맑음,단일로 - 기타,승합,남,58세,상해없음,승용,여,61세,경상
2021081700100439,2021년 8월 17일 18시,화요일,경기도 수원시 권선구 권선동,경상사고,0,0,1,0,차대차 - 측면충돌,신호위반,건조,맑음,교차로 - 교차로안,승합,남,58세,상해없음,승용,남,57세,경상
2021081700100565,2021년 8월 17일 22시,화요일,경기도 수원시 권선구 권선동,경상사고,0,0,1,0,차대차 - 측면충돌,안전운전불이행,건조,맑음,단일로 - 기타,승용,남,27세,상해없음,승용,남,37세,경상
2021081800100157,2021년 8월 18일 11시,수요일,경기도 수원시 영통구 영통동,경상사고,0,0,2,1,차대차 - 추돌,안전거리미확보,건조,맑음,교차로 - 교차로부근,승용,남,39세,부상신고,승용,남,50세,경상
2021081800100222,2021년 8월 18일 13시,수요일,경기도 수원시 팔달구 중동,경상사고,0,0,1,0,차량단독 - 기타,안전운전불이행,건조,맑음,교차로 - 교차로안,승용,남,25세,경상,,,,
2021081800100232,2021년 8월 18일 13시,수요일,경기도 수원시 권선구 고색동,경상사고,0,0,2,0,차대차 - 기타,안전운전불이행,건조,맑음,단일로 - 기타,건설기계,남,43세,상해없음,승용,남,57세,경상
2021081800100290,2021년 8월 18일 15시,수요일,경기도 수원시 영통구 영통동,중상사고,0,1,0,0,차대차 - 측면충돌,신호위반,건조,맑음,교차로 - 교차로안,승합,여,57세,상해없음,자전거,남,61세,중상
2021081800100408,2021년 8월 18일 18시,수요일,경기도 수원시 장안구 파장동,중상사고,0,1,0,0,차대사람 - 기타,안전운전불이행,건조,맑음,기타 - 기타,승용,남,60세,상해없음,보행자,여,82세,중상
2021081800100414,2021년 8월 18일 18시,수요일,경기도 수원시 권선구 권선동,부상신고사고,0,0,0,1,차대차 - 측면충돌,안전운전불이행,건조,맑음,교차로 - 교차로안,자전거,남,10세,부상신고,원동기,남,32세,상해없음
2021081800100462,2021년 8월 18일 19시,수요일,경기도 수원시 영통구 영통동,경상사고,0,0,1,0,차대차 - 측면충돌,안전운전불이행,건조,맑음,단일로 - 기타,승용,남,67세,상해없음,이륜,남,21세,경상
2021081800100463,2021년 8월 18일 19시,수요일,경기도 수원시 권선구 권선동,중상사고,0,1,0,0,차대차 - 측면충돌,신호위반,건조,맑음,단일로 - 기타,이륜,남,28세,중상,승용,남,53세,상해없음
2021081800100465,2021년 8월 18일 19시,수요일,경기도 수원시 팔달구 매산로2가,경상사고,0,0,1,0,차대사람 - 기타,보행자보호의무위반,건조,맑음,교차로 - 교차로부근,승용,여,41세,상해없음,보행자,남,32세,경상
2021081800100525,2021년 8월 18일 21시,수요일,경기도 수원시 팔달구 화서동,경상사고,0,0,1,0,차대차 - 기타,안전운전불이행,건조,맑음,단일로 - 기타,승용,남,32세,상해없음,이륜,남,44세,경상
2021081800100583,2021년 8월 18일 23시,수요일,경기도 수원시 팔달구 인계동,중상사고,0,1,0,0,차대사람 - 기타,안전운전불이행,건조,맑음,단일로 - 기타,승합,남,57세,상해없음,보행자,남,59세,중상
2021081900100095,2021년 8월 19일 09시,목요일,경기도 수원시 장안구 영화동,경상사고,0,0,1,0,차대차 - 추돌,안전운전불이행,건조,맑음,기타 - 기타,승용,남,33세,상해없음,승용,남,35세,경상
2021081900100096,2021년 8월 19일 09시,목요일,경기도 수원시 장안구 영화동,경상사고,0,0,1,0,차대차 - 기타,차로위반,건조,맑음,단일로 - 기타,화물,남,57세,상해없음,승용,남,28세,경상