사고번호,사고일시,요일,시군구,사고내용,사망자수,중상자수,경상자수,부상신고자수,사고유형,법규위반,노면상태,기상상태,도로형태,가해운전자 차종,가해운전자 성별,가해운전자 연령,가해운전자 상해정도,피해운전자 차종,피해운전자 성별,피해운전자 연령,피해운전자 상해정도
2021082800100461,2021년 8월 28일 20시,토요일,경기도 수원시 영통구 매탄동,중상사고,0,1,0,0,차대사람 - 횡단중,안전운전불이행,건조,맑음,단일로 - 기타,승용,여,40세,상해없음,보행자,남,60세,중상
2021082800100489,2021년 8월 28일 21시,토요일,경기도 수원시 권선구 고색동,중상사고,0,1,0,0,차대사람 - 기타,보행자보호의무위반,건조,흐림,교차로 - 교차로부근,승용,여,44세,상해없음,보행자,남,37세,중상
2021082800100490,2021년 8월 28일 21시,토요일,경기도 수원시 팔달구 매산로3가,경상사고,0,0,1,0,차대사람 - 횡단중,보행자보호의무위반,건조,맑음,교차로 - 교차로횡단보도내,승용,남,31세,상해없음,보행자,남,30세,경상
2021082900100018,2021년 8월 29일 04시,일요일,경기도 수원시 영통구 매탄동,경상사고,0,0,1,0,차대차 - 추돌,안전운전불이행,젖음/습기,비,단일로 - 기타,승용,남,31세,상해없음,승용,남,41세,경상
2021082900100025,2021년 8월 29일 06시,일요일,경기도 수원시 영통구 신동,경상사고,0,0,2,0,차대차 - 측면충돌,교차로운행방법위반,젖음/습기,비,교차로 - 교차로안,승용,여,53세,상해없음,화물,남,51세,경상
2021082900100151,2021년 8월 29일 14시,일요일,경기도 수원시 장안구 정자동,중상사고,0,1,0,0,차대차 - 기타,안전운전불이행,건조,맑음,교차로 - 교차로안,이륜,남,63세,중상,승용,남,62세,상해없음
2021082900100156,2021년 8월 29일 14시,일요일,경기도 수원시 팔달구 매산로1가,부상신고사고,0,0,0,1,차대차 - 측면충돌,안전거리미확보,건조,맑음,교차로 - 교차로부근,승용,여,64세,상해없음,승용,남,24세,부상신고
2021082900100190,2021년 8월 29일 15시,일요일,경기도 수원시 영통구 영통동,경상사고,0,0,3,0,차대차 - 측면충돌,안전운전불이행,건조,맑음,교차로 - 교차로부근,이륜,남,42세,기타불명,승용,남,24세,경상
2021082900100356,2021년 8월 29일 20시,일요일,경기도 수원시 권선구 금곡동,경상사고,0,0,3,1,차대차 - 기타,안전운전불이행,건조,맑음,교차로 - 교차로안,이륜,남,38세,경상,승용,남,42세,경상
2021082900100389,2021년 8월 29일 21시,일요일,경기도 수원시 권선구 고색동,경상사고,0,0,1,0,차대차 - 추돌,불법유턴,젖음/습기,비,단일로 - 지하차도(도로)내,승용,남,34세,상해없음,승용,남,38세,경상
2021083000100089,2021년 8월 30일 09시,월요일,경기도 수원시 권선구 세류동,경상사고,0,0,1,0,차대차 - 측면충돌,교차로운행방법위반,건조,맑음,교차로 - 교차로안,승용,남,46세,상해없음,자전거,남,72세,경상
2021083000100205,2021년 8월 30일 12시,월요일,경기도 수원시 팔달구 고등동,중상사고,0,1,0,1,차대사람 - 횡단중,신호위반,건조,맑음,교차로 - 교차로부근,이륜,남,60세,부상신고,보행자,여,56세,중상
2021083000100233,2021년 8월 30일 13시,월요일,경기도 수원시 영통구 매탄동,중상사고,0,1,1,0,차대차 - 기타,안전운전불이행,건조,맑음,단일로 - 기타,승용,남,28세,경상,승합,남,54세,중상
2021083000100257,2021년 8월 30일 14시,월요일,경기도 수원시 권선구 금곡동,경상사고,0,0,1,0,차대차 - 측면충돌,직진우회전진행방해,건조,맑음,교차로 - 교차로안,승용,남,42세,상해없음,이륜,남,48세,경상
2021083000100326,2021년 8월 30일 16시,월요일,경기도 수원시 장안구 정자동,경상사고,0,0,1,0,차대사람 - 횡단중,보행자보호의무위반,건조,맑음,단일로 - 기타,승용,여,39세,상해없음,보행자,남,7세,경상
2021083000100328,2021년 8월 30일 16시,월요일,경기도 수원시 권선구 세류동,중상사고,0,1,0,0,차대차 - 측면충돌,안전운전불이행,건조,맑음,단일로 - 기타,승용,여,60세,상해없음,자전거,여,48세,중상
2021083000100369,2021년 8월 30일 17시,월요일,경기도 수원시 권선구 호매실동,중상사고,0,1,4,0,차대차 - 측면충돌,교차로운행방법위반,건조,맑음,교차로 - 교차로안,승용,남,64세,경상,승합,남,54세,경상
2021083000100370,2021년 8월 30일 17시,월요일,경기도 수원시 권선구 입북동,경상사고,0,0,3,1,차대차 - 추돌,안전운전불이행,건조,맑음,단일로 - 기타,화물,남,69세,부상신고,승용,남,43세,경상
2021083000100396,2021년 8월 30일 18시,월요일,경기도 수원시 장안구 정자동,경상사고,0,0,1,0,차대차 - 기타,신호위반,건조,맑음,교차로 - 교차로안,이륜,남,76세,기타불명,이륜,남,25세,경상
2021083000100516,2021년 8월 30일 21시,월요일,경기도 수원시 권선구 곡반정동,경상사고,0,0,1,0,차대사람 - 기타,안전운전불이행,건조,맑음,단일로 - 기타,승용,여,37세,상해없음,보행자,여,29세,경상
2021083000100536,2021년 8월 30일 22시,월요일,경기도 수원시 권선구 권선동,경상사고,0,0,1,0,차대차 - 추돌,안전운전불이행,건조,맑음,교차로 - 교차로안,승용,여,46세,상해없음,승용,여,29세,경상
2021083100100028,2021년 8월 31일 05시,화요일,경기도 수원시 영통구 원천동,경상사고,0,0,1,1,차대차 - 측면충돌,신호위반,건조,맑음,교차로 - 교차로부근,승용,남,36세,부상신고,승용,남,59세,경상
2021083100100030,2021년 8월 31일 05시,화요일,경기도 수원시 권선구 고색동,중상사고,0,1,1,0,차대차 - 추돌,안전운전불이행,젖음/습기,비,단일로 - 기타,화물,남,43세,상해없음,승용,남,59세,경상
2021083100100044,2021년 8월 31일 07시,화요일,경기도 수원시 팔달구 화서동,경상사고,0,0,1,1,차대차 - 측면충돌,안전운전불이행,건조,맑음,교차로 - 교차로안,승용,남,38세,부상신고,승용,남,31세,경상
2021083100100063,2021년 8월 31일 08시,화요일,경기도 수원시 장안구 이목동,중상사고,0,1,1,0,차대차 - 측면충돌,안전거리미확보,젖음/습기,비,교차로 - 교차로부근,승용,남,46세,중상,승용,여,56세,경상
2021083100100112,2021년 8월 31일 09시,화요일,경기도 수원시 권선구 금곡동,경상사고,0,0,1,0,차대차 - 추돌,안전운전불이행,건조,맑음,교차로 - 교차로안,승용,남,34세,상해없음,승용,여,44세,경상
2021083100100170,2021년 8월 31일 11시,화요일,경기도 수원시 장안구 파장동,경상사고,0,0,1,0,차대차 - 후진중충돌,안전운전불이행,건조,맑음,교차로 - 교차로안,화물,남,57세,상해없음,승용,남,32세,경상
2021083100100174,2021년 8월 31일 11시,화요일,경기도 수원시 영통구 하동,경상사고,0,0,1,0,차대차 - 측면충돌,신호위반,젖음/습기,비,교차로 - 교차로안,이륜,남,45세,기타불명,승용,남,60세,경상
2021083100100280,2021년 8월 31일 14시,화요일,경기도 수원시 팔달구 인계동,중상사고,0,1,0,0,차대차 - 추돌,안전거리미확보,젖음/습기,비,단일로 - 기타,승용,남,23세,상해없음,승용,여,40세,중상
2021083100100329,2021년 8월 31일 15시,화요일,경기도 수원시 팔달구 인계동,경상사고,0,0,2,0,차대차 - 측면충돌,안전운전불이행,젖음/습기,비,교차로 - 교차로안,승용,여,64세,상해없음,승용,남,45세,경상
2021083100100450,2021년 8월 31일 18시,화요일,경기도 수원시 장안구 조원동,중상사고,0,1,0,0,차대사람 - 횡단중,보행자보호의무위반,젖음/습기,비,교차로 - 교차로안,승용,여,41세,상해없음,보행자,여,47세,중상
2021083100100451,2021년 8월 31일 18시,화요일,경기도 수원시 장안구 천천동,경상사고,0,0,1,0,차대사람 - 기타,보행자보호의무위반,젖음/습기,비,교차로 - 교차로안,승용,여,48세,상해없음,보행자,여,52세,경상
2021083100100461,2021년 8월 31일 18시,화요일,경기도 수원시 권선구 세류동,중상사고,0,1,1,0,차대차 - 측면충돌,신호위반,젖음/습기,비,교차로 - 교차로안,이륜,남,65세,경상,승용,여,46세,중상
2021083100100609,2021년 8월 31일 21시,화요일,경기도 수원시 권선구 곡반정동,경상사고,0,0,1,0,차대차 - 측면충돌,안전운전불이행,젖음/습기,비,교차로 - 교차로안,승용,남,45세,상해없음,승용,여,39세,경상
2021083100100644,2021년 8월 31일 22시,화요일,경기도 수원시 영통구 영통동,중상사고,0,1,0,0,차대차 - 기타,안전운전불이행,젖음/습기,맑음,단일로 - 기타,승용,여,39세,상해없음,이륜,남,38세,중상
2021090100100020,2021년 9월 1일 05시,수요일,경기도 수원시 권선구 구운동,중상사고,0,1,0,0,차대사람 - 차도통행중,안전운전불이행,젖음/습기,흐림,교차로 - 교차로부근,승용,남,32세,상해없음,보행자,남,56세,중상
2021090100100113,2021년 9월 1일 10시,수요일,경기도 수원시 장안구 천천동,경상사고,0,0,2,0,차대차 - 측면충돌,교차로운행방법위반,건조,흐림,교차로 - 교차로부근,승용,여,49세,기타불명,화물,남,22세,경상
2021090100100116,2021년 9월 1일 10시,수요일,경기도 수원시 영통구 이의동,경상사고,0,0,1,0,차대차 - 기타,안전운전불이행,건조,맑음,교차로 - 교차로안,승용,남,61세,상해없음,승용,여,32세,경상
2021090100100117,2021년 9월 1일 10시,수요일,경기도 수원시 영통구 원천동,경상사고,0,0,1,0,차대차 - 측면충돌,안전거리미확보,젖음/습기,비,단일로 - 기타,승용,남,38세,상해없음,승용,남,69세,경상
2021090100100208,2021년 9월 1일 13시,수요일,경기도 수원시 장안구 천천동,경상사고,0,0,1,0,차대차 - 기타,신호위반,건조,맑음,교차로 - 교차로안,이륜,남,30세,경상,승용,남,47세,상해없음
2021090100100213,2021년 9월 1일 13시,수요일,경기도 수원시 팔달구 인계동,경상사고,0,0,2,0,차대차 - 측면충돌,직진우회전진행방해,건조,맑음,교차로 - 교차로안,승용,남,55세,상해없음,승용,여,34세,경상
2021090100100280,2021년 9월 1일 15시,수요일,경기도 수원시 장안구 송죽동,경상사고,0,0,1,0,차대차 - 측면충돌,불법유턴,건조,맑음,교차로 - 교차로안,승용,여,27세,기타불명,화물,남,26세,경상
2021090100100315,2021년 9월 1일 16시,수요일,경기도 수원시 팔달구 매산로3가,경상사고,0,0,1,0,차대차 - 추돌,안전운전불이행,건조,맑음,단일로 - 기타,승용,남,61세,상해없음,승용,남,49세,경상
2021090100100377,2021년 9월 1일 18시,수요일,경기도 수원시 장안구 조원동,경상사고,0,0,2,0,차대차 - 기타,안전운전불이행,건조,맑음,교차로 - 교차로부근,승용,남,47세,상해없음,승용,여,55세,경상
2021090100100382,2021년 9월 1일 18시,수요일,경기도 수원시 영통구 이의동,경상사고,0,0,1,0,차대사람 - 횡단중,신호위반,건조,맑음,기타 - 기타,승용,남,54세,상해없음,보행자,남,28세,경상
2021090100100451,2021년 9월 1일 20시,수요일,경기도 수원시 장안구 영화동,경상사고,0,0,1,0,차대차 - 추돌,안전운전불이행,건조,흐림,교차로 - 교차로안,승용,남,42세,상해없음,이륜,남,58세,경상
2021090100100454,2021년 9월 1일 20시,수요일,경기도 수원시 영통구 망포동,경상사고,0,0,1,0,차대차 - 기타,안전운전불이행,건조,맑음,단일로 - 기타,승용,남,52세,상해없음,이륜,남,26세,경상
2021090100100490,2021년 9월 1일 21시,수요일,경기도 수원시 권선구 세류동,경상사고,0,0,1,0,차대차 - 추돌,안전운전불이행,젖음/습기,흐림,교차로 - 교차로안,개인형이동수단(PM),남,56세,경상,승용,남,45세,상해없음
2021090200100041,2021년 9월 2일 07시,목요일,경기도 수원시 권선구 세류동,경상사고,0,0,1,0,차대사람 - 기타,안전운전불이행,건조,맑음,교차로 - 교차로안,특수,남,46세,상해없음,보행자,여,71세,경상
2021090200100133,2021년 9월 2일 10시,목요일,경기도 수원시 권선구 금곡동,중상사고,0,1,0,0,차대사람 - 차도통행중,안전운전불이행,건조,맑음,단일로 - 기타,승용,여,49세,상해없음,보행자,여,72세,중상
2021090200100184,2021년 9월 2일 12시,목요일,경기도 수원시 장안구 조원동,부상신고사고,0,0,0,1,차대차 - 추돌,직진우회전진행방해,건조,흐림,교차로 - 교차로안,승용,남,58세,상해없음,승용,남,47세,부상신고
2021090200100189,2021년 9월 2일 12시,목요일,경기도 수원시 영통구 영통동,경상사고,0,0,1,0,차대사람 - 횡단중,안전운전불이행,건조,맑음,단일로 - 기타,화물,남,42세,상해없음,보행자,여,74세,경상
2021090200100344,2021년 9월 2일 17시,목요일,경기도 수원시 장안구 정자동,경상사고,0,0,2,0,차대차 - 기타,중앙선침범,건조,맑음,단일로 - 기타,이륜,남,23세,경상,이륜,남,18세,경상
2021090200100405,2021년 9월 2일 18시,목요일,경기도 수원시 팔달구 매산로1가,경상사고,0,0,1,0,차대차 - 기타,신호위반,건조,맑음,교차로 - 교차로안,승용,여,41세,상해없음,승용,남,56세,경상
2021090200100479,2021년 9월 2일 20시,목요일,경기도 수원시 팔달구 북수동,경상사고,0,0,1,0,차대사람 - 기타,안전운전불이행,건조,맑음,교차로 - 교차로부근,자전거,남,67세,상해없음,보행자,남,75세,경상
2021090200100514,2021년 9월 2일 21시,목요일,경기도 수원시 권선구 곡반정동,경상사고,0,0,2,0,차대차 - 측면충돌,안전거리미확보,건조,맑음,단일로 - 기타,승합,남,50세,상해없음,승용,남,35세,경상
2021090300100013,2021년 9월 3일 01시,금요일,경기도 수원시 권선구 권선동,중상사고,0,1,0,0,차대차 - 측면충돌,기타,건조,맑음,단일로 - 기타,승합,남,44세,상해없음,이륜,남,27세,중상
2021090300100049,2021년 9월 3일 07시,금요일,경기도 수원시 권선구 금곡동,경상사고,0,0,1,1,차대차 - 추돌,직진우회전진행방해,건조,맑음,교차로 - 교차로안,승용,남,57세,부상신고,승용,남,37세,경상
2021090300100071,2021년 9월 3일 08시,금요일,경기도 수원시 팔달구 지동,중상사고,0,1,0,0,차대차 - 측면충돌,안전운전불이행,건조,맑음,교차로 - 교차로안,승용,남,66세,상해없음,자전거,남,83세,중상
2021090300100112,2021년 9월 3일 09시,금요일,경기도 수원시 팔달구 화서동,중상사고,0,1,0,0,차대사람 - 기타,안전운전불이행,건조,맑음,단일로 - 기타,승용,남,79세,상해없음,보행자,남,88세,중상
2021090300100239,2021년 9월 3일 14시,금요일,경기도 수원시 장안구 영화동,경상사고,0,0,2,1,차대차 - 기타,중앙선침범,건조,맑음,단일로 - 기타,화물,남,78세,부상신고,승용,남,27세,경상
2021090300100315,2021년 9월 3일 16시,금요일,경기도 수원시 권선구 오목천동,경상사고,0,0,3,0,차대차 - 후진중충돌,안전운전불이행,건조,맑음,기타 - 기타,승용,여,50세,상해없음,승용,남,40세,경상
2021090300100356,2021년 9월 3일 17시,금요일,경기도 수원시 영통구 이의동,경상사고,0,0,4,0,차대차 - 추돌,안전운전불이행,건조,맑음,단일로 - 기타,화물,남,68세,상해없음,승용,여,39세,경상
2021090300100467,2021년 9월 3일 19시,금요일,경기도 수원시 영통구 매탄동,경상사고,0,0,1,0,차대차 - 기타,신호위반,건조,맑음,교차로 - 교차로안,승용,여,28세,상해없음,이륜,남,43세,경상
2021090400100105,2021년 9월 4일 10시,토요일,경기도 수원시 팔달구 화서동,경상사고,0,0,4,0,차대차 - 측면충돌,기타,건조,맑음,단일로 - 기타,화물,남,57세,경상,승용,여,22세,경상
2021090400100111,2021년 9월 4일 10시,토요일,경기도 수원시 권선구 세류동,경상사고,0,0,1,1,차대차 - 기타,안전운전불이행,건조,맑음,교차로 - 교차로부근,승용,남,35세,경상,승용,남,56세,부상신고
2021090400100288,2021년 9월 4일 15시,토요일,경기도 수원시 권선구 권선동,경상사고,0,0,1,0,차대차 - 측면충돌,신호위반,건조,맑음,교차로 - 교차로횡단보도내,승용,남,72세,상해없음,자전거,남,15세,경상
2021090400100342,2021년 9월 4일 17시,토요일,경기도 수원시 장안구 송죽동,경상사고,0,0,1,0,차대차 - 기타,안전운전불이행,건조,맑음,기타 - 기타,자전거,남,66세,경상,승용,남,48세,상해없음
2021090500100003,2021년 9월 5일 01시,일요일,경기도 수원시 영통구 영통동,중상사고,0,1,3,0,차대차 - 기타,중앙선침범,건조,맑음,교차로 - 교차로안,승용,남,30세,상해없음,이륜,남,25세,경상
2021090500100126,2021년 9월 5일 13시,일요일,경기도 수원시 영통구 매탄동,중상사고,0,1,0,0,차대차 - 측면충돌,안전운전불이행,건조,맑음,교차로 - 교차로부근,승용,남,45세,상해없음,자전거,남,34세,중상
2021090500100127,2021년 9월 5일 13시,일요일,경기도 수원시 권선구 곡반정동,경상사고,0,0,1,0,차대차 - 측면충돌,안전운전불이행,건조,맑음,교차로 - 교차로부근,승용,여,44세,상해없음,승용,여,47세,경상
2021090500100194,2021년 9월 5일 15시,일요일,경기도 수원시 영통구 원천동,중상사고,0,1,0,0,차대차 - 기타,안전운전불이행,건조,맑음,기타 - 기타,승용,남,47세,상해없음,승용,남,44세,중상
2021090500100231,2021년 9월 5일 16시,일요일,경기도 수원시 팔달구 지동,경상사고,0,0,1,0,차대차 - 기타,안전거리미확보,건조,맑음,단일로 - 기타,승용,남,32세,상해없음,개인형이동수단(PM),남,34세,경상
2021090500100233,2021년 9월 5일 16시,일요일,경기도 수원시 영통구 이의동,경상사고,0,0,4,0,차대차 - 측면충돌,교차로운행방법위반,건조,맑음,교차로 - 교차로안,승용,남,64세,상해없음,승용,남,42세,경상
2021090500100258,2021년 9월 5일 17시,일요일,경기도 수원시 권선구 구운동,경상사고,0,0,1,1,차대차 - 측면충돌,안전운전불이행,건조,맑음,단일로 - 기타,자전거,남,15세,부상신고,이륜,남,39세,경상
2021090500100310,2021년 9월 5일 19시,일요일,경기도 수원시 팔달구 인계동,중상사고,0,1,0,0,차대사람 - 횡단중,안전운전불이행,건조,맑음,교차로 - 교차로부근,승용,남,66세,상해없음,보행자,남,51세,중상
2021090500100354,2021년 9월 5일 20시,일요일,경기도 수원시 팔달구 우만동,경상사고,0,0,5,0,차대차 - 추돌,안전운전불이행,건조,맑음,단일로 - 기타,승용,남,31세,상해없음,승합,남,60세,경상
2021090500100356,2021년 9월 5일 20시,일요일,경기도 수원시 권선구 금곡동,경상사고,0,0,1,0,차대차 - 기타,안전운전불이행,건조,맑음,기타 - 기타,이륜,남,22세,상해없음,이륜,남,18세,경상
2021090500100388,2021년 9월 5일 21시,일요일,경기도 수원시 권선구 호매실동,중상사고,0,1,0,0,차대차 - 기타,안전운전불이행,건조,맑음,교차로 - 교차로부근,이륜,남,17세,상해없음,이륜,여,26세,중상
2021090500100402,2021년 9월 5일 22시,일요일,경기도 수원시 권선구 권선동,경상사고,0,0,1,0,차대차 - 기타,중앙선침범,건조,맑음,단일로 - 기타,승용,남,60세,상해없음,이륜,남,45세,경상
2021090600100027,2021년 9월 6일 05시,월요일,경기도 수원시 장안구 영화동,경상사고,0,0,1,0,차대차 - 측면충돌,안전운전불이행,건조,맑음,교차로 - 교차로안,승용,남,60세,기타불명,승용,남,48세,경상
2021090600100035,2021년 9월 6일 06시,월요일,경기도 수원시 팔달구 우만동,중상사고,0,1,0,0,차량단독 - 기타,기타,건조,맑음,단일로 - 기타,승합,남,37세,상해없음,,,,
2021090600100081,2021년 9월 6일 08시,월요일,경기도 수원시 팔달구 화서동,중상사고,0,1,0,0,차대사람 - 차도통행중,신호위반,건조,맑음,교차로 - 교차로안,원동기,여,68세,상해없음,보행자,여,47세,중상
2021090600100094,2021년 9월 6일 08시,월요일,경기도 수원시 권선구 세류동,경상사고,0,0,1,0,차대차 - 정면충돌,중앙선침범,건조,맑음,단일로 - 기타,승용,남,26세,상해없음,승용,여,26세,경상
2021090600100095,2021년 9월 6일 08시,월요일,경기도 수원시 권선구 구운동,경상사고,0,0,2,1,차대차 - 기타,안전운전불이행,건조,맑음,교차로 - 교차로안,승용,남,34세,상해없음,승합,남,61세,상해없음
2021090600100310,2021년 9월 6일 14시,월요일,경기도 수원시 권선구 구운동,경상사고,0,0,1,0,차대차 - 추돌,안전운전불이행,건조,맑음,교차로 - 교차로안,화물,남,59세,상해없음,승용,여,50세,경상
2021090600100333,2021년 9월 6일 15시,월요일,경기도 수원시 팔달구 인계동,경상사고,0,0,1,0,차대사람 - 기타,안전운전불이행,젖음/습기,비,교차로 - 교차로안,승용,남,24세,상해없음,보행자,남,49세,경상
2021090600100378,2021년 9월 6일 16시,월요일,경기도 수원시 권선구 서둔동,경상사고,0,0,1,0,차대차 - 추돌,안전운전불이행,건조,맑음,단일로 - 기타,승합,남,61세,상해없음,승용,여,58세,경상
2021090600100412,2021년 9월 6일 17시,월요일,경기도 수원시 장안구 정자동,중상사고,0,1,0,0,차대차 - 기타,기타,건조,맑음,교차로 - 교차로안,승용,남,47세,상해없음,자전거,여,17세,중상
2021090600100515,2021년 9월 6일 19시,월요일,경기도 수원시 권선구 권선동,중상사고,0,1,0,0,차대사람 - 횡단중,안전운전불이행,젖음/습기,비,교차로 - 교차로횡단보도내,화물,남,51세,상해없음,보행자,여,69세,중상
2021090600100516,2021년 9월 6일 19시,월요일,경기도 수원시 팔달구 인계동,경상사고,0,0,1,0,차대차 - 측면충돌,신호위반,젖음/습기,비,교차로 - 교차로안,승용,여,57세,상해없음,승용,남,47세,경상
2021090600100568,2021년 9월 6일 20시,월요일,경기도 수원시 장안구 연무동,경상사고,0,0,1,0,차대사람 - 횡단중,안전운전불이행,건조,맑음,교차로 - 교차로부근,승용,남,63세,상해없음,보행자,여,16세,경상
2021090600100644,2021년 9월 6일 22시,월요일,경기도 수원시 팔달구 인계동,중상사고,0,1,0,0,차대사람 - 횡단중,신호위반,젖음/습기,비,교차로 - 교차로횡단보도내,이륜,남,25세,상해없음,보행자,여,61세,중상
2021090600100669,2021년 9월 6일 23시,월요일,경기도 수원시 권선구 호매실동,부상신고사고,0,0,0,1,차량단독 - 공작물충돌,안전운전불이행,젖음/습기,비,단일로 - 기타,승용,남,65세,상해없음,,,,
2021090700100029,2021년 9월 7일 05시,화요일,경기도 수원시 팔달구 화서동,경상사고,0,0,1,0,차대사람 - 기타,보행자보호의무위반,젖음/습기,비,교차로 - 교차로횡단보도내,승용,남,48세,상해없음,보행자,남,69세,경상
2021090700100125,2021년 9월 7일 09시,화요일,경기도 수원시 영통구 이의동,경상사고,0,0,2,0,차대차 - 측면충돌,안전거리미확보,건조,흐림,단일로 - 기타,승용,여,22세,상해없음,승용,여,41세,경상
2021090700100126,2021년 9월 7일 09시,화요일,경기도 수원시 영통구 원천동,부상신고사고,0,0,0,1,차대차 - 추돌,안전거리미확보,젖음/습기,비,교차로 - 교차로부근,승용,남,79세,상해없음,승용,남,44세,부상신고
2021090700100161,2021년 9월 7일 10시,화요일,경기도 수원시 영통구 이의동,중상사고,0,1,0,0,차대차 - 추돌,직진우회전진행방해,젖음/습기,비,교차로 - 교차로안,승용,여,41세,상해없음,승용,여,42세,중상
2021090700100225,2021년 9월 7일 12시,화요일,경기도 수원시 팔달구 인계동,중상사고,0,1,3,1,차대차 - 기타,안전운전불이행,젖음/습기,비,교차로 - 교차로부근,승용,남,60세,중상,승용,남,64세,경상
2021090700100278,2021년 9월 7일 14시,화요일,경기도 수원시 장안구 영화동,경상사고,0,0,1,0,차대차 - 기타,안전거리미확보,젖음/습기,비,단일로 - 기타,승용,남,67세,상해없음,이륜,남,37세,경상
2021090700100283,2021년 9월 7일 14시,화요일,경기도 수원시 팔달구 인계동,경상사고,0,0,1,0,차량단독 - 기타,안전운전불이행,건조,맑음,단일로 - 기타,승합,남,51세,상해없음,,,,
2021090700100311,2021년 9월 7일 15시,화요일,경기도 수원시 장안구 연무동,경상사고,0,0,1,0,차대사람 - 기타,안전운전불이행,건조,맑음,기타 - 기타,화물,남,31세,상해없음,보행자,남,33세,경상
2021090700100352,2021년 9월 7일 16시,화요일,경기도 수원시 권선구 고색동,경상사고,0,0,1,0,차대차 - 측면충돌,안전운전불이행,건조,흐림,단일로 - 기타,승용,남,63세,상해없음,승용,남,35세,경상
2021090700100455,2021년 9월 7일 19시,화요일,경기도 수원시 영통구 망포동,경상사고,0,0,1,0,차대차 - 측면충돌,신호위반,젖음/습기,비,교차로 - 교차로안,승용,여,52세,상해없음,승용,남,27세,경상
2021090700100527,2021년 9월 7일 21시,화요일,경기도 수원시 장안구 조원동,중상사고,0,1,0,0,차대사람 - 횡단중,안전운전불이행,젖음/습기,비,단일로 - 기타,승용,여,51세,상해없음,보행자,남,50세,중상
2021090700100528,2021년 9월 7일 21시,화요일,경기도 수원시 팔달구 팔달로2가,경상사고,0,0,3,0,차대차 - 기타,안전거리미확보,젖음/습기,비,단일로 - 기타,승용,여,66세,상해없음,승용,남,21세,경상
2021090700100563,2021년 9월 7일 22시,화요일,경기도 수원시 장안구 정자동,경상사고,0,0,1,0,차대사람 - 횡단중,안전운전불이행,젖음/습기,비,교차로 - 교차로안,승용,남,38세,상해없음,보행자,남,46세,경상
2021090700100570,2021년 9월 7일 22시,화요일,경기도 수원시 권선구 세류동,중상사고,0,1,1,0,차대차 - 측면충돌,안전운전불이행,젖음/습기,비,단일로 - 기타,승용,남,33세,상해없음,승용,남,59세,경상
2021090700100588,2021년 9월 7일 23시,화요일,경기도 수원시 장안구 천천동,부상신고사고,0,0,0,1,차대사람 - 횡단중,안전운전불이행,젖음/습기,흐림,교차로 - 교차로안,이륜,남,47세,상해없음,보행자,남,57세,부상신고
2021090800100003,2021년 9월 8일 00시,수요일,경기도 수원시 장안구 조원동,경상사고,0,0,2,0,차대차 - 기타,신호위반,건조,맑음,교차로 - 교차로안,화물,남,59세,상해없음,승용,남,40세,경상
2021090800100038,2021년 9월 8일 06시,수요일,경기도 수원시 팔달구 매향동,경상사고,0,0,1,0,차대사람 - 차도통행중,안전운전불이행,젖음/습기,흐림,교차로 - 교차로안,승용,여,56세,상해없음,보행자,여,79세,경상
2021090800100173,2021년 9월 8일 10시,수요일,경기도 수원시 영통구 원천동,경상사고,0,0,1,0,차대차 - 측면충돌,안전운전불이행,건조,맑음,교차로 - 교차로부근,승용,여,24세,상해없음,승용,여,44세,경상
2021090800100268,2021년 9월 8일 13시,수요일,경기도 수원시 장안구 정자동,경상사고,0,0,1,0,차대차 - 측면충돌,신호위반,건조,맑음,교차로 - 교차로안,승용,남,79세,상해없음,승용,남,48세,경상
2021090800100273,2021년 9월 8일 13시,수요일,경기도 수원시 권선구 권선동,경상사고,0,0,1,0,차대차 - 측면충돌,안전운전불이행,건조,맑음,교차로 - 교차로부근,승용,남,19세,상해없음,승용,여,36세,경상
2021090800100274,2021년 9월 8일 13시,수요일,경기도 수원시 영통구 매탄동,경상사고,0,0,1,0,차대사람 - 기타,안전운전불이행,건조,맑음,교차로 - 교차로부근,승용,여,29세,상해없음,보행자,남,57세,경상
2021090800100276,2021년 9월 8일 13시,수요일,경기도 수원시 팔달구 매산로1가,경상사고,0,0,1,0,차대사람 - 기타,안전운전불이행,건조,맑음,단일로 - 기타,승용,여,52세,상해없음,보행자,남,39세,경상
2021090800100313,2021년 9월 8일 14시,수요일,경기도 수원시 팔달구 인계동,경상사고,0,0,1,0,차대차 - 측면충돌,안전거리미확보,건조,맑음,단일로 - 기타,승용,남,43세,상해없음,승용,남,69세,경상
2021090800100344,2021년 9월 8일 15시,수요일,경기도 수원시 장안구 파장동,중상사고,0,1,0,1,차대차 - 정면충돌,직진우회전진행방해,건조,맑음,교차로 - 교차로안,이륜,남,59세,부상신고,이륜,남,53세,중상
2021090800100393,2021년 9월 8일 16시,수요일,경기도 수원시 장안구 영화동,경상사고,0,0,1,0,차대차 - 기타,안전거리미확보,건조,맑음,단일로 - 기타,승용,남,80세,상해없음,승용,남,26세,경상
2021090800100397,2021년 9월 8일 16시,수요일,경기도 수원시 영통구 하동,경상사고,0,0,3,0,차대차 - 측면충돌,안전거리미확보,건조,맑음,단일로 - 기타,승용,남,67세,경상,승용,남,61세,경상