사고번호,사고일시,요일,시군구,사고내용,사망자수,중상자수,경상자수,부상신고자수,사고유형,법규위반,노면상태,기상상태,도로형태,가해운전자 차종,가해운전자 성별,가해운전자 연령,가해운전자 상해정도,피해운전자 차종,피해운전자 성별,피해운전자 연령,피해운전자 상해정도
2021090800100398,2021년 9월 8일 16시,수요일,경기도 수원시 영통구 원천동,중상사고,0,1,0,0,차대차 - 추돌,안전거리미확보,건조,맑음,단일로 - 기타,승용,여,50세,상해없음,승용,남,44세,중상
2021090800100399,2021년 9월 8일 16시,수요일,경기도 수원시 영통구 이의동,중상사고,0,1,0,0,차대차 - 측면충돌,안전운전불이행,건조,맑음,단일로 - 기타,이륜,남,50세,상해없음,자전거,남,59세,중상
2021090800100400,2021년 9월 8일 16시,수요일,경기도 수원시 영통구 영통동,경상사고,0,0,1,0,차대차 - 측면충돌,안전운전불이행,건조,맑음,교차로 - 교차로부근,화물,남,54세,상해없음,이륜,남,62세,경상
2021090800100450,2021년 9월 8일 17시,수요일,경기도 수원시 권선구 권선동,경상사고,0,0,1,0,차대차 - 기타,안전운전불이행,건조,맑음,단일로 - 기타,승용,여,70세,상해없음,승용,여,39세,경상
2021090800100453,2021년 9월 8일 17시,수요일,경기도 수원시 권선구 금곡동,부상신고사고,0,0,0,1,차대차 - 기타,안전운전불이행,건조,맑음,단일로 - 기타,승용,남,48세,상해없음,이륜,남,28세,부상신고
2021090800100507,2021년 9월 8일 18시,수요일,경기도 수원시 영통구 매탄동,경상사고,0,0,1,0,차대차 - 측면충돌,신호위반,건조,맑음,교차로 - 교차로안,승용,여,55세,상해없음,이륜,남,53세,경상
2021090800100508,2021년 9월 8일 18시,수요일,경기도 수원시 권선구 권선동,경상사고,0,0,1,0,차대사람 - 차도통행중,안전운전불이행,건조,맑음,교차로 - 교차로안,승용,여,61세,상해없음,보행자,남,6세,경상
2021090800100631,2021년 9월 8일 22시,수요일,경기도 수원시 장안구 연무동,중상사고,0,1,0,0,차대차 - 기타,신호위반,건조,흐림,교차로 - 교차로안,승용,남,54세,상해없음,이륜,남,47세,중상
2021090900100015,2021년 9월 9일 02시,목요일,경기도 수원시 영통구 매탄동,경상사고,0,0,2,0,차대차 - 추돌,안전운전불이행,건조,맑음,교차로 - 교차로부근,원동기,남,16세,경상,승용,남,37세,경상
2021090900100019,2021년 9월 9일 04시,목요일,경기도 수원시 영통구 매탄동,경상사고,0,0,1,0,차대차 - 기타,안전운전불이행,건조,맑음,단일로 - 기타,승용,남,62세,상해없음,자전거,남,37세,경상
2021090900100025,2021년 9월 9일 05시,목요일,경기도 수원시 팔달구 팔달로2가,중상사고,0,1,0,0,차대차 - 기타,교차로운행방법위반,건조,흐림,교차로 - 교차로안,승용,남,63세,상해없음,자전거,남,64세,중상
2021090900100048,2021년 9월 9일 07시,목요일,경기도 수원시 권선구 세류동,경상사고,0,0,1,0,차대차 - 기타,안전운전불이행,건조,맑음,교차로 - 교차로안,승용,남,47세,상해없음,승용,남,28세,경상
2021090900100085,2021년 9월 9일 08시,목요일,경기도 수원시 권선구 세류동,경상사고,0,0,1,0,차대차 - 기타,안전운전불이행,건조,맑음,교차로 - 교차로안,승용,여,46세,기타불명,승용,여,62세,경상
2021090900100086,2021년 9월 9일 08시,목요일,경기도 수원시 권선구 고색동,경상사고,0,0,2,0,차대차 - 측면충돌,안전거리미확보,건조,맑음,단일로 - 기타,승용,여,48세,경상,승용,여,49세,경상
2021090900100364,2021년 9월 9일 16시,목요일,경기도 수원시 장안구 정자동,경상사고,0,0,1,0,차대차 - 기타,안전거리미확보,건조,맑음,단일로 - 기타,승용,여,60세,상해없음,승용,남,56세,경상
2021090900100447,2021년 9월 9일 18시,목요일,경기도 수원시 영통구 신동,경상사고,0,0,1,0,차대차 - 추돌,안전운전불이행,건조,맑음,교차로 - 교차로부근,승용,남,22세,상해없음,승용,여,32세,경상
2021090900100449,2021년 9월 9일 18시,목요일,경기도 수원시 권선구 서둔동,경상사고,0,0,2,0,차대차 - 측면충돌,안전운전불이행,건조,맑음,교차로 - 교차로부근,승용,남,64세,상해없음,승용,여,34세,경상
2021090900100562,2021년 9월 9일 22시,목요일,경기도 수원시 팔달구 화서동,경상사고,0,0,1,0,차대사람 - 보도통행중,보행자보호의무위반,건조,맑음,교차로 - 교차로횡단보도내,승합,남,67세,상해없음,보행자,여,22세,경상
2021090900100563,2021년 9월 9일 22시,목요일,경기도 수원시 팔달구 남수동,경상사고,0,0,1,0,차대차 - 측면충돌,안전운전불이행,건조,맑음,교차로 - 교차로안,자전거,남,17세,경상,화물,남,28세,상해없음
2021091000100018,2021년 9월 10일 02시,금요일,경기도 수원시 팔달구 인계동,경상사고,0,0,2,0,차대차 - 측면충돌,신호위반,건조,맑음,교차로 - 교차로안,승용,여,26세,상해없음,승용,남,43세,경상
2021091000100118,2021년 9월 10일 09시,금요일,경기도 수원시 영통구 망포동,경상사고,0,0,1,0,차대차 - 기타,안전거리미확보,건조,맑음,기타 - 기타,승합,남,50세,상해없음,승용,남,28세,경상
2021091000100221,2021년 9월 10일 12시,금요일,경기도 수원시 영통구 원천동,경상사고,0,0,1,0,차대사람 - 보도통행중,기타,건조,맑음,기타 - 기타,개인형이동수단(PM),여,20세,상해없음,보행자,남,7세,경상
2021091000100223,2021년 9월 10일 12시,금요일,경기도 수원시 팔달구 고등동,중상사고,0,1,0,0,차대차 - 측면충돌,안전운전불이행,건조,맑음,교차로 - 교차로안,이륜,남,18세,상해없음,이륜,남,26세,중상
2021091000100224,2021년 9월 10일 12시,금요일,경기도 수원시 권선구 고색동,경상사고,0,0,2,0,차대차 - 측면충돌,안전운전불이행,건조,맑음,단일로 - 기타,화물,남,62세,상해없음,승용,남,78세,경상
2021091000100246,2021년 9월 10일 13시,금요일,경기도 수원시 권선구 권선동,경상사고,0,0,1,0,차대차 - 측면충돌,안전운전불이행,건조,맑음,교차로 - 교차로안,이륜,남,74세,상해없음,이륜,남,39세,경상
2021091000100408,2021년 9월 10일 17시,금요일,경기도 수원시 영통구 이의동,경상사고,0,0,1,0,차대차 - 기타,안전거리미확보,건조,맑음,기타 - 기타,승용,남,76세,상해없음,승용,여,38세,경상
2021091000100461,2021년 9월 10일 18시,금요일,경기도 수원시 팔달구 화서동,부상신고사고,0,0,0,1,차대차 - 기타,안전운전불이행,건조,맑음,교차로 - 교차로안,자전거,남,74세,부상신고,승용,남,34세,상해없음
2021091000100467,2021년 9월 10일 18시,금요일,경기도 수원시 권선구 당수동,중상사고,0,1,0,0,차대차 - 추돌,안전거리미확보,건조,맑음,단일로 - 기타,승용,남,32세,상해없음,승용,남,41세,중상
2021091000100468,2021년 9월 10일 18시,금요일,경기도 수원시 권선구 구운동,경상사고,0,0,1,0,차대차 - 측면충돌,신호위반,건조,맑음,교차로 - 교차로부근,승용,남,28세,상해없음,승용,여,25세,경상
2021091000100515,2021년 9월 10일 19시,금요일,경기도 수원시 권선구 권선동,경상사고,0,0,2,1,차대차 - 기타,차로위반,건조,맑음,단일로 - 기타,승합,남,58세,상해없음,승용,남,46세,부상신고
2021091000100631,2021년 9월 10일 22시,금요일,경기도 수원시 팔달구 고등동,경상사고,0,0,2,0,차대차 - 추돌,안전운전불이행,건조,맑음,교차로 - 교차로부근,승용,남,36세,상해없음,승용,남,58세,경상
2021091100100031,2021년 9월 11일 04시,토요일,경기도 수원시 팔달구 우만동,중상사고,0,1,0,0,차량단독 - 기타,안전운전불이행,건조,맑음,단일로 - 고가도로위,이륜,남,41세,중상,,,,
2021091100100042,2021년 9월 11일 06시,토요일,경기도 수원시 권선구 권선동,경상사고,0,0,1,0,차대차 - 측면충돌,안전운전불이행,건조,맑음,교차로 - 교차로안,승용,남,59세,상해없음,자전거,남,58세,경상
2021091100100094,2021년 9월 11일 09시,토요일,경기도 수원시 장안구 영화동,경상사고,0,0,1,0,차대차 - 기타,교차로운행방법위반,건조,맑음,교차로 - 교차로안,화물,남,56세,상해없음,승용,남,63세,경상
2021091100100164,2021년 9월 11일 11시,토요일,경기도 수원시 장안구 정자동,경상사고,0,0,1,1,차대차 - 기타,불법유턴,건조,맑음,단일로 - 기타,승용,남,54세,부상신고,승용,여,48세,경상
2021091100100220,2021년 9월 11일 12시,토요일,경기도 수원시 팔달구 매산로2가,경상사고,0,0,1,0,차대차 - 측면충돌,교차로운행방법위반,건조,맑음,교차로 - 교차로부근,원동기,남,34세,경상,승용,남,55세,상해없음
2021091100100275,2021년 9월 11일 13시,토요일,경기도 수원시 장안구 조원동,경상사고,0,0,1,0,차대차 - 기타,안전운전불이행,건조,맑음,단일로 - 기타,승용,남,53세,상해없음,개인형이동수단(PM),남,36세,경상
2021091100100276,2021년 9월 11일 13시,토요일,경기도 수원시 팔달구 우만동,부상신고사고,0,0,0,1,차대차 - 기타,교차로운행방법위반,건조,맑음,교차로 - 교차로안,자전거,남,9세,부상신고,승용,남,45세,상해없음
2021091100100384,2021년 9월 11일 15시,토요일,경기도 수원시 권선구 탑동,경상사고,0,0,1,0,차대차 - 기타,안전운전불이행,건조,맑음,단일로 - 기타,승용,여,56세,상해없음,화물,남,47세,경상
2021091100100425,2021년 9월 11일 16시,토요일,경기도 수원시 장안구 연무동,경상사고,0,0,1,0,차대사람 - 기타,안전운전불이행,건조,맑음,교차로 - 교차로안,승합,남,27세,상해없음,보행자,남,73세,경상
2021091100100470,2021년 9월 11일 17시,토요일,경기도 수원시 권선구 평동,경상사고,0,0,1,0,차대차 - 기타,안전거리미확보,건조,맑음,단일로 - 기타,승용,남,31세,상해없음,승용,여,57세,경상
2021091100100597,2021년 9월 11일 20시,토요일,경기도 수원시 팔달구 우만동,경상사고,0,0,1,0,차대차 - 측면충돌,중앙선침범,건조,맑음,단일로 - 기타,이륜,남,32세,상해없음,승용,남,60세,경상
2021091100100633,2021년 9월 11일 21시,토요일,경기도 수원시 팔달구 우만동,경상사고,0,0,1,0,차대차 - 추돌,안전운전불이행,건조,맑음,단일로 - 기타,승용,남,28세,상해없음,승용,남,60세,경상
2021091100100635,2021년 9월 11일 21시,토요일,경기도 수원시 팔달구 매산로1가,경상사고,0,0,2,2,차대차 - 추돌,안전운전불이행,건조,맑음,교차로 - 교차로부근,승합,남,58세,상해없음,승용,남,58세,경상
2021091100100665,2021년 9월 11일 22시,토요일,경기도 수원시 장안구 조원동,중상사고,0,1,0,0,차량단독 - 공작물충돌,안전운전불이행,건조,맑음,교차로 - 교차로안,화물,남,65세,상해없음,,,,
2021091200100010,2021년 9월 12일 01시,일요일,경기도 수원시 권선구 권선동,경상사고,0,0,2,0,차대차 - 추돌,안전운전불이행,건조,맑음,교차로 - 교차로부근,이륜,남,18세,경상,화물,남,53세,경상
2021091200100011,2021년 9월 12일 01시,일요일,경기도 수원시 팔달구 인계동,경상사고,0,0,1,0,차대차 - 기타,신호위반,건조,맑음,교차로 - 교차로안,승용,남,66세,상해없음,이륜,남,26세,경상
2021091200100093,2021년 9월 12일 11시,일요일,경기도 수원시 권선구 권선동,중상사고,0,1,0,0,차대차 - 측면충돌,안전운전불이행,건조,맑음,교차로 - 교차로안,화물,남,58세,상해없음,자전거,여,8세,중상
2021091200100108,2021년 9월 12일 12시,일요일,경기도 수원시 권선구 오목천동,중상사고,0,2,2,0,차대차 - 측면충돌,신호위반,건조,맑음,단일로 - 기타,화물,남,60세,경상,승용,남,37세,경상
2021091200100147,2021년 9월 12일 13시,일요일,경기도 수원시 영통구 하동,경상사고,0,0,4,0,차대차 - 정면충돌,안전운전불이행,건조,맑음,교차로 - 교차로안,승용,여,60세,상해없음,승용,남,24세,경상
2021091200100148,2021년 9월 12일 13시,일요일,경기도 수원시 권선구 권선동,경상사고,0,0,1,0,차대차 - 기타,안전운전불이행,건조,맑음,교차로 - 교차로부근,승용,여,60세,상해없음,승용,남,30세,상해없음
2021091200100182,2021년 9월 12일 14시,일요일,경기도 수원시 장안구 천천동,경상사고,0,0,1,0,차대차 - 기타,신호위반,건조,맑음,교차로 - 교차로부근,이륜,남,17세,기타불명,승용,남,24세,경상
2021091200100183,2021년 9월 12일 14시,일요일,경기도 수원시 팔달구 남수동,경상사고,0,0,1,0,차대사람 - 기타,안전운전불이행,건조,맑음,단일로 - 기타,승용,남,72세,상해없음,보행자,여,17세,경상
2021091200100365,2021년 9월 12일 19시,일요일,경기도 수원시 장안구 정자동,경상사고,0,0,2,3,차대차 - 기타,기타,건조,흐림,교차로 - 교차로안,승용,남,39세,상해없음,승합,남,49세,경상
2021091200100368,2021년 9월 12일 19시,일요일,경기도 수원시 팔달구 인계동,경상사고,0,0,2,0,차대사람 - 차도통행중,안전운전불이행,건조,맑음,단일로 - 기타,승용,남,62세,상해없음,보행자,여,19세,경상
2021091300100080,2021년 9월 13일 08시,월요일,경기도 수원시 권선구 권선동,중상사고,0,1,0,0,차대사람 - 기타,보행자보호의무위반,건조,맑음,교차로 - 교차로횡단보도내,승용,남,47세,상해없음,보행자,남,42세,중상
2021091300100123,2021년 9월 13일 09시,월요일,경기도 수원시 권선구 권선동,경상사고,0,0,1,0,차대차 - 측면충돌,안전거리미확보,건조,맑음,단일로 - 기타,화물,남,60세,상해없음,승용,여,50세,경상
2021091300100125,2021년 9월 13일 09시,월요일,경기도 수원시 권선구 세류동,경상사고,0,0,1,0,차대차 - 추돌,안전운전불이행,건조,맑음,교차로 - 교차로부근,화물,남,64세,상해없음,승용,남,27세,상해없음
2021091300100235,2021년 9월 13일 12시,월요일,경기도 수원시 장안구 조원동,중상사고,0,1,2,0,차대차 - 기타,신호위반,건조,맑음,교차로 - 교차로부근,이륜,남,28세,중상,승합,남,34세,경상
2021091300100238,2021년 9월 13일 12시,월요일,경기도 수원시 권선구 세류동,중상사고,0,1,0,0,차대차 - 기타,신호위반,건조,맑음,교차로 - 교차로안,승용,남,62세,상해없음,승용,남,55세,중상
2021091300100334,2021년 9월 13일 14시,월요일,경기도 수원시 권선구 권선동,중상사고,0,1,0,0,차대차 - 측면충돌,교차로운행방법위반,건조,맑음,교차로 - 교차로부근,화물,남,51세,상해없음,승용,여,47세,중상
2021091300100447,2021년 9월 13일 17시,월요일,경기도 수원시 영통구 이의동,중상사고,0,1,0,0,차대차 - 추돌,안전운전불이행,기타,맑음,단일로 - 기타,승용,남,38세,상해없음,승용,남,61세,중상
2021091300100448,2021년 9월 13일 17시,월요일,경기도 수원시 영통구 매탄동,경상사고,0,0,1,0,차대사람 - 기타,안전운전불이행,건조,맑음,교차로 - 교차로부근,승합,남,41세,상해없음,보행자,여,51세,경상
2021091300100488,2021년 9월 13일 18시,월요일,경기도 수원시 장안구 조원동,경상사고,0,0,1,0,차대차 - 추돌,안전운전불이행,건조,맑음,교차로 - 교차로부근,승용,남,33세,상해없음,이륜,남,20세,경상
2021091300100489,2021년 9월 13일 18시,월요일,경기도 수원시 장안구 정자동,경상사고,0,0,1,0,차대사람 - 기타,안전운전불이행,건조,맑음,교차로 - 교차로안,승용,남,78세,기타불명,보행자,여,44세,경상
2021091300100502,2021년 9월 13일 18시,월요일,경기도 수원시 영통구 망포동,경상사고,0,0,1,0,차대사람 - 기타,안전운전불이행,건조,맑음,기타 - 기타,자전거,남,10세,기타불명,보행자,여,33세,경상
2021091300100538,2021년 9월 13일 19시,월요일,경기도 수원시 권선구 세류동,부상신고사고,0,0,0,1,차대차 - 추돌,안전운전불이행,건조,맑음,단일로 - 지하차도(도로)내,이륜,남,29세,부상신고,승용,여,46세,상해없음
2021091300100583,2021년 9월 13일 20시,월요일,경기도 수원시 팔달구 인계동,경상사고,0,0,2,0,차대차 - 측면충돌,안전운전불이행,건조,맑음,교차로 - 교차로안,승용,남,48세,상해없음,승용,남,33세,경상
2021091300100586,2021년 9월 13일 20시,월요일,경기도 수원시 권선구 오목천동,경상사고,0,0,2,0,차대차 - 기타,안전거리미확보,건조,맑음,기타 - 기타,이륜,남,17세,상해없음,승합,남,61세,경상
2021091300100637,2021년 9월 13일 22시,월요일,경기도 수원시 장안구 천천동,경상사고,0,0,2,0,차대차 - 정면충돌,신호위반,건조,맑음,단일로 - 기타,승용,남,59세,상해없음,자전거,남,42세,경상
2021091300100639,2021년 9월 13일 22시,월요일,경기도 수원시 영통구 영통동,경상사고,0,0,1,0,차대차 - 기타,교차로운행방법위반,건조,맑음,교차로 - 교차로안,승용,남,45세,상해없음,이륜,남,28세,경상
2021091300100640,2021년 9월 13일 22시,월요일,경기도 수원시 권선구 탑동,경상사고,0,0,1,1,차대차 - 기타,안전운전불이행,건조,맑음,기타 - 기타,승용,여,37세,상해없음,승용,여,45세,경상
2021091400100060,2021년 9월 14일 07시,화요일,경기도 수원시 권선구 고색동,경상사고,0,0,1,0,차대차 - 추돌,안전운전불이행,건조,맑음,교차로 - 교차로부근,건설기계,남,53세,상해없음,화물,남,42세,상해없음
2021091400100187,2021년 9월 14일 10시,화요일,경기도 수원시 팔달구 고등동,경상사고,0,0,1,0,차대차 - 기타,안전운전불이행,건조,맑음,단일로 - 기타,승용,남,57세,상해없음,승용,남,30세,경상
2021091400100362,2021년 9월 14일 14시,화요일,경기도 수원시 권선구 탑동,경상사고,0,0,1,0,차대차 - 기타,안전거리미확보,건조,맑음,단일로 - 기타,승합,남,27세,상해없음,승용,남,43세,경상
2021091400100397,2021년 9월 14일 15시,화요일,경기도 수원시 영통구 매탄동,경상사고,0,0,1,0,차대차 - 측면충돌,신호위반,건조,맑음,교차로 - 교차로부근,승용,남,64세,상해없음,승용,여,56세,경상
2021091400100398,2021년 9월 14일 15시,화요일,경기도 수원시 권선구 권선동,경상사고,0,0,1,0,차대차 - 측면충돌,안전운전불이행,건조,맑음,교차로 - 교차로안,승용,남,59세,상해없음,승용,남,44세,경상
2021091400100401,2021년 9월 14일 15시,화요일,경기도 수원시 권선구 호매실동,경상사고,0,0,1,0,차대차 - 기타,직진우회전진행방해,건조,맑음,교차로 - 교차로안,승용,남,36세,상해없음,승용,남,41세,경상
2021091400100455,2021년 9월 14일 16시,화요일,경기도 수원시 권선구 권선동,경상사고,0,0,3,0,차대차 - 측면충돌,신호위반,기타,맑음,교차로 - 교차로안,승용,여,50세,경상,이륜,남,28세,경상
2021091400100456,2021년 9월 14일 16시,화요일,경기도 수원시 영통구 영통동,경상사고,0,0,2,0,차대차 - 측면충돌,안전거리미확보,건조,맑음,교차로 - 교차로부근,승용,여,58세,경상,승용,여,50세,경상
2021091400100458,2021년 9월 14일 16시,화요일,경기도 수원시 권선구 입북동,경상사고,0,0,1,0,차대차 - 추돌,안전운전불이행,건조,맑음,단일로 - 기타,승용,남,30세,상해없음,승용,남,62세,경상
2021091400100500,2021년 9월 14일 17시,화요일,경기도 수원시 장안구 정자동,경상사고,0,0,1,0,차대차 - 기타,안전거리미확보,건조,맑음,단일로 - 기타,화물,남,61세,상해없음,승용,남,51세,경상
2021091400100552,2021년 9월 14일 18시,화요일,경기도 수원시 장안구 율전동,경상사고,0,0,1,0,차대사람 - 기타,안전운전불이행,건조,맑음,단일로 - 기타,승용,남,48세,상해없음,보행자,여,63세,경상
2021091400100677,2021년 9월 14일 21시,화요일,경기도 수원시 장안구 율전동,중상사고,0,1,0,0,차대사람 - 횡단중,안전운전불이행,건조,맑음,단일로 - 기타,이륜,남,40세,상해없음,보행자,여,59세,중상
2021091400100682,2021년 9월 14일 21시,화요일,경기도 수원시 팔달구 고등동,경상사고,0,0,1,0,차대사람 - 기타,안전운전불이행,건조,맑음,단일로 - 기타,승합,남,75세,상해없음,보행자,남,43세,경상
2021091500100003,2021년 9월 15일 00시,수요일,경기도 수원시 장안구 영화동,중상사고,0,1,0,0,차대사람 - 기타,안전운전불이행,건조,맑음,교차로 - 교차로안,승용,남,27세,상해없음,보행자,남,57세,중상
2021091500100157,2021년 9월 15일 09시,수요일,경기도 수원시 권선구 오목천동,경상사고,0,0,1,0,차대차 - 기타,기타,건조,맑음,교차로 - 교차로부근,화물,남,46세,상해없음,개인형이동수단(PM),남,25세,경상
2021091500100189,2021년 9월 15일 10시,수요일,경기도 수원시 장안구 송죽동,경상사고,0,0,1,0,차대차 - 기타,직진우회전진행방해,건조,맑음,교차로 - 교차로안,승용,남,61세,상해없음,이륜,남,58세,경상
2021091500100272,2021년 9월 15일 12시,수요일,경기도 수원시 장안구 송죽동,경상사고,0,0,1,0,차대사람 - 횡단중,보행자보호의무위반,건조,맑음,단일로 - 기타,승용,여,35세,상해없음,보행자,남,73세,경상
2021091500100303,2021년 9월 15일 13시,수요일,경기도 수원시 팔달구 화서동,경상사고,0,0,1,0,차대차 - 측면충돌,안전운전불이행,건조,맑음,단일로 - 기타,승용,여,20세,상해없음,이륜,남,18세,경상
2021091500100304,2021년 9월 15일 13시,수요일,경기도 수원시 장안구 정자동,경상사고,0,0,2,0,차대차 - 기타,신호위반,건조,맑음,교차로 - 교차로부근,승용,남,64세,상해없음,승합,남,69세,상해없음
2021091500100309,2021년 9월 15일 13시,수요일,경기도 수원시 팔달구 인계동,경상사고,0,0,1,0,차대차 - 측면충돌,안전거리미확보,건조,맑음,단일로 - 기타,승용,여,49세,상해없음,승용,남,65세,경상
2021091500100345,2021년 9월 15일 14시,수요일,경기도 수원시 팔달구 팔달로2가,경상사고,0,0,1,0,차대차 - 기타,차로위반,건조,맑음,교차로 - 교차로안,승용,남,74세,상해없음,승용,남,34세,경상
2021091500100402,2021년 9월 15일 15시,수요일,경기도 수원시 권선구 권선동,경상사고,0,0,1,0,차대차 - 측면충돌,차로위반,건조,맑음,단일로 - 기타,승용,남,62세,상해없음,승용,남,43세,경상
2021091500100451,2021년 9월 15일 16시,수요일,경기도 수원시 장안구 파장동,중상사고,0,1,0,0,차대사람 - 횡단중,신호위반,건조,맑음,단일로 - 기타,승용,남,19세,상해없음,보행자,여,68세,중상
2021091500100516,2021년 9월 15일 17시,수요일,경기도 수원시 팔달구 인계동,경상사고,0,0,1,0,차대차 - 측면충돌,교차로운행방법위반,건조,맑음,교차로 - 교차로안,승용,남,41세,상해없음,원동기,남,26세,경상
2021091500100518,2021년 9월 15일 17시,수요일,경기도 수원시 권선구 구운동,경상사고,0,0,1,1,차대차 - 기타,안전거리미확보,건조,맑음,단일로 - 기타,승용,여,42세,부상신고,이륜,남,32세,경상
2021091500100571,2021년 9월 15일 18시,수요일,경기도 수원시 영통구 매탄동,중상사고,0,1,0,0,차대차 - 측면충돌,중앙선침범,건조,맑음,단일로 - 기타,승용,여,62세,상해없음,이륜,남,36세,중상
2021091500100575,2021년 9월 15일 18시,수요일,경기도 수원시 권선구 구운동,경상사고,0,0,2,0,차대차 - 정면충돌,신호위반,건조,맑음,교차로 - 교차로안,승용,남,64세,상해없음,승용,남,63세,경상
2021091500100698,2021년 9월 15일 21시,수요일,경기도 수원시 장안구 정자동,경상사고,0,0,2,0,차대차 - 측면충돌,안전거리미확보,건조,맑음,교차로 - 교차로부근,승용,남,49세,상해없음,승용,여,32세,경상
2021091500100726,2021년 9월 15일 22시,수요일,경기도 수원시 장안구 송죽동,경상사고,0,0,1,0,차대차 - 추돌,안전운전불이행,건조,맑음,단일로 - 기타,화물,남,30세,상해없음,승용,여,44세,경상
2021091500100749,2021년 9월 15일 23시,수요일,경기도 수원시 권선구 서둔동,경상사고,0,0,1,0,차대사람 - 기타,안전운전불이행,건조,흐림,교차로 - 교차로횡단보도내,승용,남,39세,상해없음,보행자,남,29세,경상
2021091600100003,2021년 9월 16일 00시,목요일,경기도 수원시 영통구 이의동,경상사고,0,0,1,0,차대차 - 추돌,안전운전불이행,건조,맑음,단일로 - 기타,승용,남,28세,상해없음,승용,남,50세,경상
2021091600100131,2021년 9월 16일 09시,목요일,경기도 수원시 팔달구 우만동,중상사고,0,1,0,0,차대사람 - 횡단중,신호위반,건조,맑음,교차로 - 교차로횡단보도내,화물,남,67세,상해없음,보행자,남,44세,중상
2021091600100194,2021년 9월 16일 11시,목요일,경기도 수원시 장안구 정자동,경상사고,0,0,1,0,차대차 - 추돌,안전운전불이행,건조,맑음,교차로 - 교차로부근,승용,남,53세,상해없음,승용,남,54세,경상
2021091600100236,2021년 9월 16일 12시,목요일,경기도 수원시 영통구 원천동,경상사고,0,0,2,0,차대차 - 측면충돌,안전거리미확보,건조,맑음,교차로 - 교차로부근,이륜,남,31세,경상,이륜,남,39세,경상
2021091600100279,2021년 9월 16일 13시,목요일,경기도 수원시 권선구 곡반정동,중상사고,0,1,0,0,차대차 - 기타,교차로운행방법위반,건조,맑음,교차로 - 교차로안,승용,남,42세,상해없음,이륜,남,31세,중상
2021091600100371,2021년 9월 16일 15시,목요일,경기도 수원시 장안구 영화동,경상사고,0,0,2,0,차대차 - 정면충돌,교차로운행방법위반,건조,맑음,교차로 - 교차로부근,이륜,남,45세,경상,승용,여,68세,경상
2021091600100377,2021년 9월 16일 15시,목요일,경기도 수원시 영통구 이의동,경상사고,0,0,1,1,차대차 - 추돌,안전운전불이행,건조,맑음,단일로 - 터널,승용,남,70세,상해없음,승용,남,47세,경상
2021091600100418,2021년 9월 16일 16시,목요일,경기도 수원시 영통구 이의동,경상사고,0,0,2,0,차대차 - 측면충돌,안전거리미확보,건조,맑음,단일로 - 기타,승용,남,56세,경상,승용,여,69세,경상
2021091600100465,2021년 9월 16일 17시,목요일,경기도 수원시 영통구 매탄동,경상사고,0,0,1,0,차대사람 - 횡단중,신호위반,건조,맑음,교차로 - 교차로횡단보도내,화물,남,23세,상해없음,보행자,여,28세,경상
2021091600100466,2021년 9월 16일 17시,목요일,경기도 수원시 권선구 탑동,경상사고,0,0,2,0,차대차 - 정면충돌,안전운전불이행,건조,맑음,교차로 - 교차로안,이륜,남,24세,경상,승용,남,68세,경상
2021091600100638,2021년 9월 16일 21시,목요일,경기도 수원시 권선구 곡반정동,경상사고,0,0,1,0,차대차 - 정면충돌,안전거리미확보,건조,맑음,기타 - 기타,승용,여,53세,상해없음,승용,남,34세,경상
2021091600100668,2021년 9월 16일 22시,목요일,경기도 수원시 장안구 정자동,경상사고,0,0,1,0,차대사람 - 보도통행중,기타,건조,맑음,기타 - 기타,승용,남,38세,상해없음,보행자,남,25세,경상
2021091700100026,2021년 9월 17일 03시,금요일,경기도 수원시 권선구 세류동,경상사고,0,0,1,0,차대차 - 측면충돌,안전거리미확보,건조,맑음,교차로 - 교차로부근,승용,남,59세,상해없음,이륜,남,41세,경상
2021091700100085,2021년 9월 17일 08시,금요일,경기도 수원시 권선구 세류동,경상사고,0,0,6,0,차대차 - 추돌,안전운전불이행,건조,맑음,교차로 - 교차로부근,승용,여,53세,상해없음,승용,여,68세,경상
2021091700100132,2021년 9월 17일 09시,금요일,경기도 수원시 장안구 정자동,경상사고,0,0,1,0,차대사람 - 기타,안전운전불이행,건조,맑음,단일로 - 기타,승합,남,54세,상해없음,보행자,남,34세,경상
2021091700100170,2021년 9월 17일 10시,금요일,경기도 수원시 장안구 송죽동,경상사고,0,0,1,0,차대차 - 기타,직진우회전진행방해,건조,맑음,교차로 - 교차로안,화물,여,64세,상해없음,승용,남,54세,경상
2021091700100209,2021년 9월 17일 11시,금요일,경기도 수원시 장안구 연무동,경상사고,0,0,1,0,차대차 - 기타,신호위반,건조,맑음,교차로 - 교차로안,승용,여,35세,상해없음,승용,남,48세,경상
2021091700100270,2021년 9월 17일 12시,금요일,경기도 수원시 팔달구 인계동,경상사고,0,0,1,0,차대차 - 후진중충돌,안전운전불이행,건조,맑음,교차로 - 교차로안,승용,여,51세,상해없음,승용,여,57세,경상
2021091700100271,2021년 9월 17일 12시,금요일,경기도 수원시 권선구 곡반정동,경상사고,0,0,1,0,차대차 - 기타,안전운전불이행,건조,맑음,단일로 - 기타,승용,남,70세,기타불명,승용,남,29세,경상