사고번호,사고일시,요일,시군구,사고내용,사망자수,중상자수,경상자수,부상신고자수,사고유형,법규위반,노면상태,기상상태,도로형태,가해운전자 차종,가해운전자 성별,가해운전자 연령,가해운전자 상해정도,피해운전자 차종,피해운전자 성별,피해운전자 연령,피해운전자 상해정도
2021091700100372,2021년 9월 17일 14시,금요일,경기도 수원시 권선구 권선동,경상사고,0,0,1,0,차대차 - 추돌,안전운전불이행,건조,맑음,교차로 - 교차로부근,화물,남,73세,상해없음,승용,여,47세,경상
2021091700100422,2021년 9월 17일 15시,금요일,경기도 수원시 영통구 영통동,경상사고,0,0,1,0,차대차 - 측면충돌,안전운전불이행,건조,맑음,교차로 - 교차로부근,승용,여,48세,경상,승용,여,40세,상해없음
2021091700100481,2021년 9월 17일 16시,금요일,경기도 수원시 영통구 매탄동,경상사고,0,0,1,0,차대차 - 측면충돌,안전운전불이행,건조,맑음,단일로 - 기타,승용,남,58세,상해없음,자전거,여,31세,경상
2021091700100530,2021년 9월 17일 17시,금요일,경기도 수원시 장안구 천천동,경상사고,0,0,4,0,차대차 - 측면충돌,안전운전불이행,건조,맑음,교차로 - 교차로안,승합,남,68세,상해없음,승용,남,36세,경상
2021091700100546,2021년 9월 17일 17시,금요일,경기도 수원시 권선구 탑동,경상사고,0,0,1,0,차대사람 - 횡단중,안전운전불이행,건조,맑음,교차로 - 교차로안,승용,남,68세,상해없음,보행자,여,86세,경상
2021091700100547,2021년 9월 17일 17시,금요일,경기도 수원시 권선구 금곡동,중상사고,0,1,1,0,차대차 - 측면충돌,신호위반,건조,맑음,교차로 - 교차로안,승용,여,34세,상해없음,승용,남,35세,중상
2021091700100596,2021년 9월 17일 18시,금요일,경기도 수원시 장안구 조원동,경상사고,0,0,1,0,차대사람 - 횡단중,안전운전불이행,건조,맑음,교차로 - 교차로횡단보도내,승용,남,43세,상해없음,보행자,남,60세,경상
2021091700100603,2021년 9월 17일 18시,금요일,경기도 수원시 영통구 매탄동,경상사고,0,0,1,0,차대차 - 측면충돌,안전운전불이행,건조,맑음,단일로 - 기타,승합,남,53세,상해없음,이륜,남,42세,경상
2021091700100663,2021년 9월 17일 19시,금요일,경기도 수원시 팔달구 매산로1가,경상사고,0,0,1,0,차대사람 - 기타,안전운전불이행,건조,맑음,단일로 - 기타,승용,남,78세,상해없음,보행자,여,60세,경상
2021091700100748,2021년 9월 17일 21시,금요일,경기도 수원시 영통구 망포동,경상사고,0,0,1,0,차대차 - 측면충돌,신호위반,건조,맑음,교차로 - 교차로안,이륜,남,41세,기타불명,승용,남,53세,경상
2021091800100018,2021년 9월 18일 02시,토요일,경기도 수원시 권선구 구운동,중상사고,0,1,0,0,차대차 - 추돌,안전운전불이행,건조,맑음,교차로 - 교차로부근,승용,남,15세,상해없음,승용,남,43세,중상
2021091800100039,2021년 9월 18일 06시,토요일,경기도 수원시 권선구 권선동,경상사고,0,0,1,0,차대사람 - 기타,안전운전불이행,건조,맑음,단일로 - 기타,이륜,남,24세,기타불명,보행자,여,56세,경상
2021091800100061,2021년 9월 18일 08시,토요일,경기도 수원시 장안구 천천동,경상사고,0,0,1,0,차대차 - 측면충돌,교차로운행방법위반,건조,맑음,교차로 - 교차로부근,승용,남,60세,상해없음,승용,여,69세,경상
2021091800100134,2021년 9월 18일 10시,토요일,경기도 수원시 장안구 영화동,경상사고,0,0,1,0,차대차 - 측면충돌,신호위반,건조,맑음,교차로 - 교차로안,승용,남,42세,상해없음,승용,남,25세,경상
2021091800100192,2021년 9월 18일 11시,토요일,경기도 수원시 장안구 정자동,경상사고,0,0,1,0,차대사람 - 기타,안전운전불이행,건조,맑음,기타 - 기타,승용,남,70세,상해없음,보행자,여,71세,경상
2021091800100241,2021년 9월 18일 12시,토요일,경기도 수원시 장안구 천천동,경상사고,0,0,2,0,차대사람 - 기타,안전운전불이행,건조,맑음,교차로 - 교차로안,이륜,남,24세,경상,보행자,여,21세,경상
2021091800100242,2021년 9월 18일 12시,토요일,경기도 수원시 팔달구 지동,경상사고,0,0,1,0,차대차 - 추돌,안전거리미확보,건조,맑음,단일로 - 기타,이륜,남,53세,기타불명,승용,여,55세,경상
2021091800100341,2021년 9월 18일 14시,토요일,경기도 수원시 권선구 평동,중상사고,0,1,1,0,차대차 - 기타,직진우회전진행방해,건조,맑음,교차로 - 교차로안,승용,여,46세,상해없음,승용,남,37세,경상
2021091800100375,2021년 9월 18일 15시,토요일,경기도 수원시 영통구 매탄동,중상사고,0,1,0,0,차대차 - 측면충돌,안전운전불이행,건조,맑음,기타 - 기타,개인형이동수단(PM),남,19세,상해없음,이륜,남,46세,중상
2021091800100470,2021년 9월 18일 17시,토요일,경기도 수원시 권선구 당수동,중상사고,0,1,0,0,차대차 - 추돌,안전운전불이행,건조,맑음,단일로 - 기타,승용,남,55세,상해없음,이륜,남,30세,중상
2021091800100661,2021년 9월 18일 22시,토요일,경기도 수원시 장안구 정자동,경상사고,0,0,1,0,차대차 - 기타,신호위반,건조,흐림,교차로 - 교차로안,승용,남,23세,상해없음,이륜,남,19세,경상
2021091800100662,2021년 9월 18일 22시,토요일,경기도 수원시 장안구 정자동,경상사고,0,0,1,0,차대차 - 기타,차로위반,건조,맑음,교차로 - 교차로안,승용,남,23세,상해없음,승용,남,22세,경상
2021091800100666,2021년 9월 18일 22시,토요일,경기도 수원시 영통구 이의동,경상사고,0,0,1,0,차대차 - 기타,안전운전불이행,건조,맑음,교차로 - 교차로횡단보도내,승용,남,34세,기타불명,승용,여,32세,경상
2021091900100051,2021년 9월 19일 08시,일요일,경기도 수원시 권선구 금곡동,경상사고,0,0,1,0,차대차 - 기타,신호위반,건조,맑음,교차로 - 교차로안,승용,여,69세,상해없음,승용,남,62세,경상
2021091900100084,2021년 9월 19일 10시,일요일,경기도 수원시 권선구 호매실동,경상사고,0,0,1,0,차대차 - 측면충돌,신호위반,건조,맑음,교차로 - 교차로안,승용,남,27세,상해없음,승용,여,31세,경상
2021091900100115,2021년 9월 19일 11시,일요일,경기도 수원시 권선구 구운동,경상사고,0,0,1,0,차대사람 - 횡단중,안전운전불이행,건조,맑음,교차로 - 교차로횡단보도내,승용,남,75세,상해없음,보행자,여,74세,경상
2021092000100050,2021년 9월 20일 08시,월요일,경기도 수원시 장안구 정자동,중상사고,0,1,0,0,차대사람 - 길가장자리구역통행중,안전운전불이행,건조,맑음,단일로 - 기타,승용,여,41세,상해없음,보행자,여,70세,중상
2021092000100078,2021년 9월 20일 10시,월요일,경기도 수원시 팔달구 팔달로3가,경상사고,0,0,3,0,차대차 - 추돌,안전운전불이행,건조,맑음,교차로 - 교차로부근,승용,남,47세,상해없음,승용,남,50세,경상
2021092000100143,2021년 9월 20일 12시,월요일,경기도 수원시 팔달구 인계동,경상사고,0,0,1,0,차대사람 - 기타,보행자보호의무위반,건조,맑음,기타 - 기타,자전거,남,63세,상해없음,보행자,남,70세,경상
2021092000100144,2021년 9월 20일 12시,월요일,경기도 수원시 영통구 망포동,경상사고,0,0,4,0,차대차 - 기타,안전거리미확보,건조,맑음,단일로 - 기타,승용,남,58세,상해없음,승용,남,59세,경상
2021092000100147,2021년 9월 20일 12시,월요일,경기도 수원시 권선구 탑동,경상사고,0,0,1,0,차대차 - 기타,안전운전불이행,건조,맑음,교차로 - 교차로부근,승용,남,50세,상해없음,이륜,남,25세,경상
2021092000100220,2021년 9월 20일 14시,월요일,경기도 수원시 권선구 세류동,경상사고,0,0,1,0,차대차 - 측면충돌,안전운전불이행,건조,맑음,교차로 - 교차로부근,화물,남,64세,상해없음,이륜,남,24세,경상
2021092000100253,2021년 9월 20일 15시,월요일,경기도 수원시 권선구 세류동,경상사고,0,0,1,0,차대차 - 후진중충돌,안전운전불이행,건조,맑음,기타 - 기타,승용,여,61세,상해없음,승용,여,69세,경상
2021092000100367,2021년 9월 20일 19시,월요일,경기도 수원시 영통구 영통동,경상사고,0,0,3,0,차대차 - 측면충돌,안전운전불이행,건조,맑음,교차로 - 교차로안,승용,남,37세,상해없음,승용,여,41세,경상
2021092000100368,2021년 9월 20일 19시,월요일,경기도 수원시 팔달구 매산로2가,경상사고,0,0,1,0,차대사람 - 기타,안전운전불이행,건조,맑음,단일로 - 기타,승용,남,69세,상해없음,보행자,여,40세,경상
2021092100100020,2021년 9월 21일 04시,화요일,경기도 수원시 영통구 신동,경상사고,0,0,1,0,차대차 - 정면충돌,신호위반,젖음/습기,비,교차로 - 교차로안,승용,남,33세,상해없음,화물,남,44세,경상
2021092100100023,2021년 9월 21일 05시,화요일,경기도 수원시 장안구 정자동,중상사고,0,1,0,0,차량단독 - 기타,안전운전불이행,젖음/습기,비,단일로 - 기타,이륜,남,35세,중상,,,,
2021092100100031,2021년 9월 21일 08시,화요일,경기도 수원시 장안구 영화동,경상사고,0,0,2,0,차대차 - 기타,직진우회전진행방해,건조,맑음,교차로 - 교차로부근,승용,남,53세,상해없음,승용,남,54세,경상
2021092100100088,2021년 9월 21일 12시,화요일,경기도 수원시 영통구 영통동,경상사고,0,0,1,0,차대차 - 기타,신호위반,건조,맑음,교차로 - 교차로부근,승용,여,29세,상해없음,이륜,남,39세,경상
2021092100100170,2021년 9월 21일 15시,화요일,경기도 수원시 장안구 정자동,경상사고,0,0,1,0,차대차 - 기타,직진우회전진행방해,건조,맑음,교차로 - 교차로안,이륜,남,19세,경상,승용,남,56세,상해없음
2021092100100194,2021년 9월 21일 16시,화요일,경기도 수원시 장안구 송죽동,경상사고,0,0,1,0,차대차 - 기타,신호위반,건조,맑음,교차로 - 교차로안,승용,남,71세,상해없음,이륜,남,26세,경상
2021092100100281,2021년 9월 21일 19시,화요일,경기도 수원시 권선구 세류동,중상사고,0,1,0,0,차대사람 - 횡단중,안전운전불이행,건조,맑음,교차로 - 교차로횡단보도내,승용,여,54세,상해없음,보행자,남,39세,중상
2021092100100323,2021년 9월 21일 21시,화요일,경기도 수원시 팔달구 인계동,중상사고,0,1,0,0,차대사람 - 횡단중,안전운전불이행,젖음/습기,흐림,단일로 - 기타,승합,남,57세,상해없음,보행자,남,40세,중상
2021092200100111,2021년 9월 22일 12시,수요일,경기도 수원시 영통구 신동,중상사고,0,1,0,0,차대차 - 정면충돌,안전운전불이행,건조,맑음,단일로 - 기타,이륜,남,33세,중상,승용,남,50세,상해없음
2021092200100144,2021년 9월 22일 13시,수요일,경기도 수원시 장안구 정자동,중상사고,0,1,0,0,차대차 - 추돌,신호위반,건조,맑음,교차로 - 교차로부근,승용,남,66세,상해없음,이륜,남,28세,중상
2021092200100146,2021년 9월 22일 13시,수요일,경기도 수원시 영통구 매탄동,경상사고,0,0,2,0,차대차 - 추돌,안전운전불이행,건조,맑음,단일로 - 기타,승용,남,64세,상해없음,승용,남,34세,상해없음
2021092200100209,2021년 9월 22일 15시,수요일,경기도 수원시 권선구 권선동,중상사고,0,2,0,0,차대차 - 측면충돌,안전운전불이행,건조,맑음,단일로 - 기타,승용,남,41세,상해없음,이륜,남,41세,중상
2021092200100260,2021년 9월 22일 17시,수요일,경기도 수원시 장안구 송죽동,경상사고,0,0,1,0,차대사람 - 차도통행중,안전운전불이행,건조,맑음,단일로 - 기타,이륜,남,41세,상해없음,보행자,남,12세,경상
2021092200100264,2021년 9월 22일 17시,수요일,경기도 수원시 권선구 세류동,중상사고,0,1,0,0,차대차 - 기타,안전거리미확보,건조,맑음,단일로 - 기타,승용,여,36세,상해없음,원동기,남,54세,중상
2021092200100293,2021년 9월 22일 18시,수요일,경기도 수원시 팔달구 우만동,부상신고사고,0,0,0,1,차대차 - 기타,교차로운행방법위반,건조,맑음,교차로 - 교차로안,승용,남,66세,상해없음,이륜,남,44세,부상신고
2021092200100348,2021년 9월 22일 20시,수요일,경기도 수원시 장안구 송죽동,부상신고사고,0,0,0,1,차대차 - 추돌,안전운전불이행,건조,맑음,교차로 - 교차로부근,원동기,남,64세,상해없음,승용,여,32세,부상신고
2021092200100365,2021년 9월 22일 21시,수요일,경기도 수원시 권선구 권선동,경상사고,0,0,1,0,차대차 - 측면충돌,안전거리미확보,건조,맑음,교차로 - 교차로안,승용,남,58세,상해없음,승용,남,30세,경상
2021092200100394,2021년 9월 22일 22시,수요일,경기도 수원시 팔달구 인계동,경상사고,0,0,2,0,차대차 - 측면충돌,안전운전불이행,건조,맑음,기타 - 기타,승용,남,25세,상해없음,승용,남,39세,경상
2021092200100396,2021년 9월 22일 22시,수요일,경기도 수원시 팔달구 매산로1가,경상사고,0,0,1,0,차대사람 - 기타,안전운전불이행,건조,맑음,단일로 - 기타,기타불명,기타불명,미분류,기타불명,보행자,남,45세,경상
2021092300100018,2021년 9월 23일 04시,목요일,경기도 수원시 권선구 금곡동,경상사고,0,0,1,0,차대차 - 추돌,안전거리미확보,건조,기타,기타 - 기타,화물,남,39세,상해없음,승용,남,52세,경상
2021092300100074,2021년 9월 23일 08시,목요일,경기도 수원시 권선구 권선동,경상사고,0,0,1,0,차대차 - 측면충돌,안전거리미확보,건조,맑음,기타 - 기타,승용,남,50세,상해없음,승용,남,34세,경상
2021092300100107,2021년 9월 23일 09시,목요일,경기도 수원시 권선구 구운동,부상신고사고,0,0,0,1,차대차 - 기타,안전거리미확보,건조,맑음,단일로 - 기타,화물,남,59세,상해없음,승용,남,66세,부상신고
2021092300100182,2021년 9월 23일 11시,목요일,경기도 수원시 팔달구 인계동,경상사고,0,0,1,0,차대차 - 추돌,안전거리미확보,건조,맑음,단일로 - 기타,건설기계,남,44세,상해없음,승용,남,45세,경상
2021092300100216,2021년 9월 23일 12시,목요일,경기도 수원시 영통구 이의동,부상신고사고,0,0,0,1,차대차 - 기타,안전운전불이행,건조,맑음,단일로 - 기타,승용,남,57세,상해없음,승용,남,24세,부상신고
2021092300100246,2021년 9월 23일 13시,목요일,경기도 수원시 팔달구 인계동,중상사고,0,1,0,0,차대차 - 측면충돌,안전운전불이행,건조,맑음,단일로 - 기타,승용,남,37세,상해없음,이륜,남,43세,중상
2021092300100247,2021년 9월 23일 13시,목요일,경기도 수원시 권선구 권선동,경상사고,0,0,1,0,차대차 - 기타,안전운전불이행,건조,맑음,단일로 - 기타,승용,남,32세,상해없음,개인형이동수단(PM),남,53세,경상
2021092300100328,2021년 9월 23일 15시,목요일,경기도 수원시 권선구 탑동,경상사고,0,0,1,0,차대차 - 정면충돌,안전운전불이행,건조,맑음,기타 - 기타,승용,여,23세,상해없음,승용,여,33세,경상
2021092300100365,2021년 9월 23일 16시,목요일,경기도 수원시 영통구 매탄동,경상사고,0,0,1,0,차대차 - 정면충돌,신호위반,건조,맑음,교차로 - 교차로안,개인형이동수단(PM),여,30세,경상,승용,남,41세,상해없음
2021092300100407,2021년 9월 23일 17시,목요일,경기도 수원시 장안구 율전동,중상사고,0,1,0,0,차대사람 - 기타,보행자보호의무위반,건조,맑음,단일로 - 기타,승합,남,52세,상해없음,보행자,여,58세,중상
2021092300100408,2021년 9월 23일 17시,목요일,경기도 수원시 팔달구 중동,경상사고,0,0,2,0,차대차 - 측면충돌,안전운전불이행,건조,맑음,교차로 - 교차로안,승용,남,45세,경상,승용,남,43세,경상
2021092300100413,2021년 9월 23일 17시,목요일,경기도 수원시 영통구 매탄동,중상사고,0,1,0,0,차대차 - 측면충돌,안전운전불이행,건조,맑음,교차로 - 교차로안,승용,남,43세,상해없음,이륜,남,17세,중상
2021092300100447,2021년 9월 23일 18시,목요일,경기도 수원시 팔달구 우만동,경상사고,0,0,1,0,차대사람 - 기타,안전운전불이행,건조,맑음,교차로 - 교차로부근,승용,남,50세,상해없음,보행자,남,71세,경상
2021092300100448,2021년 9월 23일 18시,목요일,경기도 수원시 팔달구 화서동,중상사고,0,1,2,0,차대차 - 정면충돌,신호위반,건조,맑음,교차로 - 교차로안,승용,여,50세,상해없음,승합,남,33세,중상
2021092300100451,2021년 9월 23일 18시,목요일,경기도 수원시 영통구 매탄동,경상사고,0,0,1,0,차대차 - 기타,안전운전불이행,건조,맑음,단일로 - 기타,승용,여,41세,상해없음,승용,여,27세,경상
2021092300100498,2021년 9월 23일 19시,목요일,경기도 수원시 장안구 송죽동,경상사고,0,0,1,0,차대차 - 기타,안전거리미확보,건조,맑음,교차로 - 교차로안,승합,남,39세,상해없음,이륜,남,66세,경상
2021092300100508,2021년 9월 23일 19시,목요일,경기도 수원시 권선구 호매실동,중상사고,0,1,0,0,차대차 - 기타,안전운전불이행,건조,맑음,교차로 - 교차로안,기타불명,기타불명,미분류,기타불명,이륜,남,38세,중상
2021092300100556,2021년 9월 23일 21시,목요일,경기도 수원시 영통구 매탄동,경상사고,0,0,2,1,차대차 - 추돌,신호위반,건조,맑음,기타 - 기타,승용,여,50세,부상신고,승용,남,37세,경상
2021092300100572,2021년 9월 23일 22시,목요일,경기도 수원시 권선구 권선동,중상사고,0,2,0,0,차대차 - 추돌,안전운전불이행,건조,맑음,기타 - 기타,승용,남,27세,상해없음,승용,여,57세,중상
2021092300100575,2021년 9월 23일 22시,목요일,경기도 수원시 팔달구 고등동,경상사고,0,0,1,0,차대차 - 기타,안전거리미확보,건조,맑음,단일로 - 기타,승용,여,23세,상해없음,이륜,남,43세,경상
2021092400100027,2021년 9월 24일 06시,금요일,경기도 수원시 권선구 오목천동,경상사고,0,0,1,0,차대사람 - 횡단중,보행자보호의무위반,건조,맑음,교차로 - 교차로부근,승용,남,69세,상해없음,보행자,여,38세,경상
2021092400100078,2021년 9월 24일 08시,금요일,경기도 수원시 권선구 세류동,중상사고,0,1,0,0,차대사람 - 기타,안전운전불이행,건조,맑음,기타 - 기타,화물,남,54세,상해없음,보행자,여,78세,중상
2021092400100104,2021년 9월 24일 09시,금요일,경기도 수원시 팔달구 북수동,경상사고,0,0,1,0,차량단독 - 기타,기타,건조,맑음,단일로 - 기타,승합,남,62세,상해없음,,,,
2021092400100140,2021년 9월 24일 10시,금요일,경기도 수원시 팔달구 인계동,경상사고,0,0,1,0,차대차 - 측면충돌,안전운전불이행,건조,맑음,단일로 - 기타,승용,여,39세,상해없음,승용,여,52세,경상
2021092400100197,2021년 9월 24일 12시,금요일,경기도 수원시 장안구 정자동,중상사고,0,1,0,0,차대사람 - 차도통행중,안전운전불이행,건조,맑음,단일로 - 기타,승용,여,44세,상해없음,보행자,여,53세,중상
2021092400100271,2021년 9월 24일 14시,금요일,경기도 수원시 권선구 금곡동,경상사고,0,0,2,0,차대차 - 기타,안전운전불이행,건조,맑음,교차로 - 교차로안,승용,여,28세,상해없음,승용,여,35세,경상
2021092400100306,2021년 9월 24일 15시,금요일,경기도 수원시 권선구 세류동,경상사고,0,0,1,0,차대사람 - 기타,안전운전불이행,건조,맑음,기타 - 기타,화물,남,61세,상해없음,보행자,여,30세,경상
2021092400100307,2021년 9월 24일 15시,금요일,경기도 수원시 영통구 매탄동,중상사고,0,3,4,0,차대차 - 추돌,신호위반,건조,맑음,교차로 - 교차로횡단보도내,승용,여,48세,상해없음,승용,여,53세,경상
2021092400100308,2021년 9월 24일 15시,금요일,경기도 수원시 권선구 세류동,경상사고,0,0,2,0,차대차 - 측면충돌,직진우회전진행방해,건조,맑음,교차로 - 교차로안,승용,여,52세,경상,승용,남,59세,경상
2021092400100309,2021년 9월 24일 15시,금요일,경기도 수원시 권선구 권선동,경상사고,0,0,1,0,차대차 - 기타,신호위반,건조,맑음,교차로 - 교차로부근,승용,여,50세,상해없음,승용,남,32세,경상
2021092400100427,2021년 9월 24일 18시,금요일,경기도 수원시 영통구 영통동,경상사고,0,0,2,0,차대차 - 추돌,안전거리미확보,건조,맑음,단일로 - 기타,승용,남,22세,상해없음,화물,남,42세,경상
2021092400100428,2021년 9월 24일 18시,금요일,경기도 수원시 영통구 매탄동,경상사고,0,0,1,0,차대차 - 측면충돌,안전거리미확보,건조,맑음,교차로 - 교차로안,승용,여,73세,상해없음,승용,여,35세,경상
2021092400100533,2021년 9월 24일 21시,금요일,경기도 수원시 장안구 송죽동,경상사고,0,0,1,0,차대차 - 기타,교차로운행방법위반,건조,맑음,교차로 - 교차로안,승용,남,50세,상해없음,이륜,남,17세,경상
2021092500100003,2021년 9월 25일 00시,토요일,경기도 수원시 권선구 권선동,중상사고,0,1,0,0,차대사람 - 차도통행중,안전운전불이행,건조,맑음,단일로 - 기타,승용,남,43세,상해없음,보행자,남,30세,중상
2021092500100027,2021년 9월 25일 05시,토요일,경기도 수원시 권선구 오목천동,사망사고,1,0,0,0,차량단독 - 기타,안전운전불이행,건조,맑음,단일로 - 기타,승합,남,60세,상해없음,,,,
2021092500100035,2021년 9월 25일 07시,토요일,경기도 수원시 권선구 평동,경상사고,0,0,1,0,차대차 - 기타,안전운전불이행,건조,맑음,단일로 - 교량,승합,남,66세,상해없음,자전거,남,59세,경상
2021092500100116,2021년 9월 25일 11시,토요일,경기도 수원시 권선구 권선동,경상사고,0,0,1,0,차대차 - 측면충돌,안전운전불이행,건조,맑음,교차로 - 교차로안,이륜,남,48세,경상,승용,여,59세,상해없음
2021092500100119,2021년 9월 25일 11시,토요일,경기도 수원시 팔달구 매산로1가,경상사고,0,0,1,0,차대차 - 측면충돌,신호위반,건조,맑음,교차로 - 교차로부근,이륜,남,20세,경상,승용,남,46세,상해없음
2021092500100201,2021년 9월 25일 14시,토요일,경기도 수원시 장안구 영화동,경상사고,0,0,2,0,차대차 - 기타,신호위반,건조,맑음,단일로 - 교량,승용,여,45세,상해없음,승용,여,27세,경상
2021092500100375,2021년 9월 25일 19시,토요일,경기도 수원시 권선구 세류동,경상사고,0,0,1,0,차대차 - 추돌,안전운전불이행,건조,맑음,단일로 - 기타,승용,남,54세,상해없음,승용,남,48세,경상
2021092500100448,2021년 9월 25일 22시,토요일,경기도 수원시 장안구 영화동,경상사고,0,0,1,0,차대차 - 기타,신호위반,건조,맑음,교차로 - 교차로안,승용,여,53세,상해없음,승용,남,28세,경상
2021092500100456,2021년 9월 25일 22시,토요일,경기도 수원시 팔달구 인계동,경상사고,0,0,1,0,차대사람 - 기타,안전운전불이행,건조,맑음,교차로 - 교차로안,승용,여,23세,상해없음,보행자,남,30세,경상
2021092600100149,2021년 9월 26일 13시,일요일,경기도 수원시 권선구 권선동,경상사고,0,0,1,0,차대차 - 정면충돌,중앙선침범,건조,맑음,교차로 - 교차로안,개인형이동수단(PM),남,22세,상해없음,이륜,남,38세,경상
2021092600100150,2021년 9월 26일 13시,일요일,경기도 수원시 영통구 매탄동,중상사고,0,1,0,0,차대사람 - 횡단중,안전운전불이행,건조,맑음,교차로 - 교차로안,승용,남,40세,상해없음,보행자,남,12세,중상
2021092600100151,2021년 9월 26일 13시,일요일,경기도 수원시 권선구 평동,경상사고,0,0,1,0,차대차 - 기타,안전운전불이행,건조,맑음,단일로 - 기타,승용,여,57세,경상,승합,남,54세,상해없음
2021092600100209,2021년 9월 26일 15시,일요일,경기도 수원시 권선구 호매실동,경상사고,0,0,2,0,차대차 - 추돌,안전운전불이행,건조,맑음,교차로 - 교차로부근,승용,남,43세,상해없음,승용,여,69세,경상
2021092600100210,2021년 9월 26일 15시,일요일,경기도 수원시 권선구 구운동,경상사고,0,0,1,0,차대차 - 추돌,신호위반,건조,맑음,교차로 - 교차로안,승합,남,48세,상해없음,승용,남,49세,경상
2021092600100299,2021년 9월 26일 18시,일요일,경기도 수원시 권선구 호매실동,경상사고,0,0,1,0,차대차 - 기타,안전운전불이행,건조,맑음,교차로 - 교차로안,승용,여,53세,상해없음,화물,남,72세,경상
2021092600100327,2021년 9월 26일 19시,일요일,경기도 수원시 장안구 율전동,경상사고,0,0,1,0,차대사람 - 기타,안전운전불이행,건조,맑음,교차로 - 교차로안,승용,여,46세,상해없음,보행자,남,20세,경상
2021092600100328,2021년 9월 26일 19시,일요일,경기도 수원시 장안구 정자동,부상신고사고,0,0,0,1,차대차 - 기타,기타,건조,맑음,단일로 - 기타,기타불명,기타불명,미분류,기타불명,원동기,남,18세,부상신고
2021092600100333,2021년 9월 26일 19시,일요일,경기도 수원시 권선구 권선동,경상사고,0,0,1,0,차대차 - 측면충돌,안전거리미확보,건조,맑음,단일로 - 기타,승용,여,37세,상해없음,이륜,남,34세,경상
2021092600100370,2021년 9월 26일 21시,일요일,경기도 수원시 장안구 정자동,중상사고,0,1,0,0,차대차 - 기타,신호위반,건조,맑음,교차로 - 교차로안,화물,여,50세,상해없음,이륜,남,27세,중상
2021092700100022,2021년 9월 27일 05시,월요일,경기도 수원시 권선구 고색동,경상사고,0,0,2,0,차대차 - 기타,안전거리미확보,건조,맑음,단일로 - 기타,승용,남,57세,상해없음,승용,남,64세,경상
2021092700100107,2021년 9월 27일 09시,월요일,경기도 수원시 장안구 율전동,경상사고,0,0,1,0,차대차 - 추돌,안전운전불이행,건조,맑음,단일로 - 기타,승용,여,61세,상해없음,승용,남,45세,경상
2021092700100136,2021년 9월 27일 10시,월요일,경기도 수원시 영통구 영통동,중상사고,0,1,0,0,차대차 - 측면충돌,차로위반,건조,맑음,교차로 - 교차로안,승용,남,85세,상해없음,승합,남,53세,상해없음
2021092700100209,2021년 9월 27일 12시,월요일,경기도 수원시 권선구 금곡동,경상사고,0,0,1,0,차대사람 - 횡단중,보행자보호의무위반,건조,맑음,단일로 - 기타,이륜,남,23세,상해없음,보행자,여,31세,경상
2021092700100233,2021년 9월 27일 13시,월요일,경기도 수원시 장안구 천천동,중상사고,0,1,0,0,차대차 - 기타,안전운전불이행,건조,맑음,단일로 - 기타,승용,남,28세,상해없음,자전거,여,52세,중상
2021092700100302,2021년 9월 27일 15시,월요일,경기도 수원시 권선구 고색동,경상사고,0,0,1,0,차대차 - 기타,신호위반,건조,맑음,교차로 - 교차로부근,승용,여,56세,상해없음,특수,남,46세,경상
2021092700100303,2021년 9월 27일 15시,월요일,경기도 수원시 권선구 고색동,경상사고,0,0,1,0,차대차 - 기타,안전운전불이행,건조,맑음,단일로 - 기타,승용,남,39세,상해없음,개인형이동수단(PM),남,19세,경상
2021092700100374,2021년 9월 27일 17시,월요일,경기도 수원시 권선구 서둔동,중상사고,0,1,0,0,차대차 - 측면충돌,안전거리미확보,건조,흐림,단일로 - 기타,화물,남,51세,상해없음,이륜,남,38세,중상
2021092700100455,2021년 9월 27일 19시,월요일,경기도 수원시 팔달구 팔달로2가,중상사고,0,1,0,0,차대사람 - 횡단중,안전운전불이행,건조,흐림,단일로 - 기타,승용,여,51세,상해없음,보행자,여,61세,중상
2021092700100489,2021년 9월 27일 20시,월요일,경기도 수원시 팔달구 지동,경상사고,0,0,1,0,차대사람 - 기타,안전운전불이행,건조,맑음,단일로 - 기타,이륜,남,60세,상해없음,보행자,여,26세,경상
2021092700100511,2021년 9월 27일 21시,월요일,경기도 수원시 권선구 권선동,경상사고,0,0,1,0,차대차 - 추돌,안전운전불이행,건조,맑음,단일로 - 기타,승용,남,64세,상해없음,이륜,남,53세,경상
2021092700100512,2021년 9월 27일 21시,월요일,경기도 수원시 팔달구 인계동,경상사고,0,0,1,0,차대차 - 측면충돌,신호위반,건조,맑음,교차로 - 교차로안,이륜,여,20세,상해없음,이륜,남,18세,경상
2021092700100515,2021년 9월 27일 21시,월요일,경기도 수원시 권선구 구운동,경상사고,0,0,1,0,차대차 - 기타,신호위반,건조,맑음,교차로 - 교차로부근,이륜,남,34세,경상,승용,남,59세,상해없음
2021092800100045,2021년 9월 28일 07시,화요일,경기도 수원시 영통구 매탄동,중상사고,0,1,0,0,차대차 - 측면충돌,안전운전불이행,건조,맑음,단일로 - 기타,자전거,남,57세,상해없음,자전거,남,69세,중상