사고번호,사고일시,요일,시군구,사고내용,사망자수,중상자수,경상자수,부상신고자수,사고유형,법규위반,노면상태,기상상태,도로형태,가해운전자 차종,가해운전자 성별,가해운전자 연령,가해운전자 상해정도,피해운전자 차종,피해운전자 성별,피해운전자 연령,피해운전자 상해정도
2021092800100165,2021년 9월 28일 11시,화요일,경기도 수원시 장안구 이목동,경상사고,0,0,2,0,차대차 - 추돌,안전거리미확보,건조,맑음,단일로 - 기타,건설기계,남,48세,기타불명,승용,남,70세,경상
2021092800100255,2021년 9월 28일 14시,화요일,경기도 수원시 장안구 하광교동,경상사고,0,0,3,0,차대차 - 추돌,안전운전불이행,건조,맑음,단일로 - 기타,승합,여,38세,상해없음,승용,여,43세,경상
2021092800100261,2021년 9월 28일 14시,화요일,경기도 수원시 팔달구 인계동,중상사고,0,1,3,0,차대차 - 측면충돌,신호위반,건조,맑음,교차로 - 교차로안,화물,남,63세,상해없음,승합,남,62세,경상
2021092800100320,2021년 9월 28일 16시,화요일,경기도 수원시 권선구 고색동,중상사고,0,1,0,0,차대차 - 기타,신호위반,건조,맑음,교차로 - 교차로안,승용,여,53세,상해없음,자전거,남,30세,중상
2021092800100345,2021년 9월 28일 17시,화요일,경기도 수원시 장안구 조원동,경상사고,0,0,1,0,차대차 - 기타,안전운전불이행,젖음/습기,비,교차로 - 교차로안,승용,여,54세,상해없음,화물,남,56세,경상
2021092800100392,2021년 9월 28일 18시,화요일,경기도 수원시 장안구 정자동,경상사고,0,0,1,0,차대차 - 기타,안전운전불이행,건조,맑음,교차로 - 교차로안,승용,여,54세,상해없음,승용,남,24세,경상
2021092800100393,2021년 9월 28일 18시,화요일,경기도 수원시 장안구 이목동,경상사고,0,0,2,0,차대차 - 기타,안전거리미확보,젖음/습기,비,단일로 - 기타,승합,남,68세,상해없음,승용,남,56세,경상
2021092800100403,2021년 9월 28일 18시,화요일,경기도 수원시 팔달구 매산로1가,경상사고,0,0,2,0,차대차 - 측면충돌,안전운전불이행,건조,맑음,단일로 - 기타,화물,남,54세,상해없음,승용,남,32세,경상
2021092800100472,2021년 9월 28일 19시,화요일,경기도 수원시 영통구 매탄동,중상사고,0,1,0,0,차대사람 - 차도통행중,안전운전불이행,건조,맑음,교차로 - 교차로안,승용,남,54세,상해없음,보행자,여,63세,중상
2021092800100475,2021년 9월 28일 19시,화요일,경기도 수원시 권선구 고색동,경상사고,0,0,1,0,차대차 - 기타,안전운전불이행,젖음/습기,비,단일로 - 기타,이륜,남,18세,경상,승용,여,45세,상해없음
2021092800100476,2021년 9월 28일 19시,화요일,경기도 수원시 권선구 오목천동,부상신고사고,0,0,0,1,차대차 - 추돌,안전운전불이행,젖음/습기,비,단일로 - 기타,이륜,남,41세,부상신고,승용,남,45세,상해없음
2021092800100548,2021년 9월 28일 21시,화요일,경기도 수원시 팔달구 교동,경상사고,0,0,1,0,차대사람 - 횡단중,신호위반,젖음/습기,비,교차로 - 교차로안,승용,남,49세,상해없음,보행자,남,27세,경상
2021092800100549,2021년 9월 28일 21시,화요일,경기도 수원시 권선구 서둔동,경상사고,0,0,1,0,차대차 - 측면충돌,교차로운행방법위반,건조,맑음,교차로 - 교차로부근,승합,남,55세,상해없음,승용,남,50세,경상
2021092800100611,2021년 9월 28일 23시,화요일,경기도 수원시 영통구 이의동,경상사고,0,0,1,0,차대차 - 측면충돌,신호위반,건조,맑음,교차로 - 교차로안,승용,여,41세,상해없음,승용,여,27세,경상
2021092900100034,2021년 9월 29일 05시,수요일,경기도 수원시 영통구 원천동,경상사고,0,0,2,0,차대차 - 추돌,신호위반,건조,맑음,교차로 - 교차로안,승용,남,62세,상해없음,승합,남,67세,경상
2021092900100078,2021년 9월 29일 08시,수요일,경기도 수원시 영통구 매탄동,경상사고,0,0,1,0,차대차 - 측면충돌,신호위반,젖음/습기,비,교차로 - 교차로안,승합,남,36세,상해없음,승용,여,31세,경상
2021092900100121,2021년 9월 29일 09시,수요일,경기도 수원시 팔달구 매산로3가,경상사고,0,0,1,0,차대차 - 측면충돌,안전운전불이행,젖음/습기,비,교차로 - 교차로안,승용,여,51세,상해없음,승용,여,44세,경상
2021092900100214,2021년 9월 29일 12시,수요일,경기도 수원시 권선구 금곡동,경상사고,0,0,1,1,차대차 - 측면충돌,신호위반,젖음/습기,비,교차로 - 교차로안,이륜,남,38세,부상신고,승용,남,34세,경상
2021092900100246,2021년 9월 29일 13시,수요일,경기도 수원시 영통구 하동,경상사고,0,0,1,0,차대차 - 후진중충돌,안전운전불이행,건조,맑음,교차로 - 교차로안,승용,남,63세,상해없음,승용,여,48세,경상
2021092900100248,2021년 9월 29일 13시,수요일,경기도 수원시 권선구 고색동,경상사고,0,0,1,0,차대차 - 측면충돌,안전운전불이행,젖음/습기,비,교차로 - 교차로부근,이륜,남,22세,경상,승용,남,50세,상해없음
2021092900100249,2021년 9월 29일 13시,수요일,경기도 수원시 팔달구 매산로1가,경상사고,0,0,2,0,차대차 - 측면충돌,차로위반,건조,맑음,교차로 - 교차로안,승용,남,85세,상해없음,승용,남,24세,경상
2021092900100375,2021년 9월 29일 17시,수요일,경기도 수원시 팔달구 팔달로3가,중상사고,0,1,2,0,차대차 - 측면충돌,안전운전불이행,젖음/습기,비,교차로 - 교차로안,승용,남,50세,기타불명,승용,남,25세,경상
2021092900100423,2021년 9월 29일 18시,수요일,경기도 수원시 장안구 영화동,경상사고,0,0,1,0,차대사람 - 기타,안전운전불이행,젖음/습기,비,단일로 - 기타,화물,남,57세,상해없음,보행자,여,64세,경상
2021092900100433,2021년 9월 29일 18시,수요일,경기도 수원시 영통구 원천동,중상사고,0,1,0,0,차량단독 - 기타,기타,젖음/습기,비,단일로 - 기타,승합,남,67세,상해없음,,,,
2021092900100434,2021년 9월 29일 18시,수요일,경기도 수원시 영통구 매탄동,경상사고,0,0,1,0,차대차 - 추돌,안전운전불이행,젖음/습기,비,단일로 - 기타,화물,남,54세,상해없음,이륜,남,42세,경상
2021092900100438,2021년 9월 29일 18시,수요일,경기도 수원시 권선구 고색동,경상사고,0,0,1,0,차대차 - 추돌,안전거리미확보,젖음/습기,흐림,단일로 - 기타,화물,남,44세,상해없음,승용,남,63세,경상
2021092900100491,2021년 9월 29일 19시,수요일,경기도 수원시 장안구 율전동,경상사고,0,0,3,0,차대차 - 추돌,안전운전불이행,건조,흐림,단일로 - 기타,승용,남,70세,상해없음,승용,여,36세,경상
2021092900100492,2021년 9월 29일 19시,수요일,경기도 수원시 장안구 송죽동,경상사고,0,0,1,0,차대차 - 기타,교차로운행방법위반,건조,맑음,교차로 - 교차로안,승용,남,46세,상해없음,이륜,남,41세,경상
2021092900100532,2021년 9월 29일 20시,수요일,경기도 수원시 장안구 정자동,경상사고,0,0,1,0,차대차 - 기타,교차로운행방법위반,건조,흐림,교차로 - 교차로안,승용,남,36세,상해없음,승용,여,24세,경상
2021092900100630,2021년 9월 29일 23시,수요일,경기도 수원시 장안구 정자동,경상사고,0,0,1,0,차대차 - 측면충돌,안전거리미확보,건조,맑음,교차로 - 교차로부근,승용,남,56세,상해없음,이륜,남,25세,경상
2021092900100633,2021년 9월 29일 23시,수요일,경기도 수원시 영통구 이의동,중상사고,0,1,0,0,차대차 - 추돌,안전운전불이행,건조,맑음,단일로 - 기타,승용,여,23세,중상,화물,남,66세,상해없음
2021093000100063,2021년 9월 30일 07시,목요일,경기도 수원시 장안구 파장동,경상사고,0,0,1,0,차대사람 - 기타,안전운전불이행,건조,맑음,단일로 - 기타,승용,남,77세,상해없음,보행자,남,31세,경상
2021093000100137,2021년 9월 30일 09시,목요일,경기도 수원시 장안구 영화동,경상사고,0,0,1,0,차대차 - 추돌,안전운전불이행,건조,맑음,교차로 - 교차로안,승용,여,33세,상해없음,승용,여,44세,경상
2021093000100138,2021년 9월 30일 09시,목요일,경기도 수원시 장안구 율전동,경상사고,0,0,1,0,차대차 - 기타,안전운전불이행,건조,맑음,교차로 - 교차로부근,특수,남,40세,상해없음,자전거,남,35세,경상
2021093000100143,2021년 9월 30일 09시,목요일,경기도 수원시 권선구 구운동,중상사고,0,1,0,0,차대사람 - 기타,안전운전불이행,건조,맑음,단일로 - 기타,이륜,남,35세,상해없음,보행자,여,68세,중상
2021093000100192,2021년 9월 30일 11시,목요일,경기도 수원시 장안구 조원동,경상사고,0,0,1,0,차대차 - 기타,교차로운행방법위반,건조,맑음,교차로 - 교차로부근,승용,남,70세,상해없음,승용,남,52세,경상
2021093000100275,2021년 9월 30일 13시,목요일,경기도 수원시 영통구 망포동,경상사고,0,0,1,0,차대차 - 측면충돌,안전운전불이행,건조,맑음,기타 - 기타,승합,남,50세,상해없음,이륜,남,17세,경상
2021093000100276,2021년 9월 30일 13시,목요일,경기도 수원시 권선구 오목천동,경상사고,0,0,2,0,차대차 - 추돌,안전거리미확보,건조,맑음,교차로 - 교차로부근,승용,남,68세,상해없음,승용,남,25세,경상
2021093000100390,2021년 9월 30일 16시,목요일,경기도 수원시 장안구 연무동,중상사고,0,1,0,0,차대사람 - 기타,기타,건조,맑음,교차로 - 교차로부근,승용,남,63세,상해없음,보행자,여,90세,중상
2021093000100396,2021년 9월 30일 16시,목요일,경기도 수원시 영통구 망포동,경상사고,0,0,1,0,차대차 - 측면충돌,기타,기타,맑음,단일로 - 기타,승용,여,63세,상해없음,자전거,남,10세,경상
2021093000100398,2021년 9월 30일 16시,목요일,경기도 수원시 권선구 세류동,부상신고사고,0,0,0,1,차량단독 - 기타,기타,건조,맑음,단일로 - 기타,승합,남,51세,상해없음,,,,
2021093000100442,2021년 9월 30일 17시,목요일,경기도 수원시 팔달구 구천동,경상사고,0,0,1,0,차대차 - 기타,안전운전불이행,건조,맑음,기타 - 기타,승용,남,31세,상해없음,승용,남,27세,경상
2021093000100448,2021년 9월 30일 17시,목요일,경기도 수원시 권선구 권선동,경상사고,0,0,1,0,차대차 - 기타,안전운전불이행,건조,맑음,교차로 - 교차로안,자전거,여,62세,상해없음,이륜,남,31세,경상
2021093000100450,2021년 9월 30일 17시,목요일,경기도 수원시 권선구 세류동,경상사고,0,0,1,0,차대차 - 기타,안전운전불이행,건조,맑음,교차로 - 교차로횡단보도내,승용,여,44세,상해없음,자전거,남,57세,경상
2021093000100554,2021년 9월 30일 19시,목요일,경기도 수원시 장안구 파장동,경상사고,0,0,1,0,차대차 - 기타,안전거리미확보,건조,맑음,교차로 - 교차로부근,승합,남,37세,상해없음,승용,여,71세,경상
2021093000100560,2021년 9월 30일 19시,목요일,경기도 수원시 권선구 곡반정동,경상사고,0,0,1,0,차대차 - 기타,안전운전불이행,건조,맑음,단일로 - 기타,승합,남,62세,상해없음,승용,남,45세,경상
2021093000100590,2021년 9월 30일 20시,목요일,경기도 수원시 권선구 고색동,경상사고,0,0,1,0,차대차 - 기타,차로위반,건조,맑음,단일로 - 기타,기타불명,기타불명,미분류,기타불명,승합,남,60세,기타불명
2021093000100591,2021년 9월 30일 20시,목요일,경기도 수원시 권선구 서둔동,경상사고,0,0,1,0,차대차 - 기타,안전운전불이행,건조,맑음,교차로 - 교차로부근,자전거,여,70세,경상,승용,남,58세,상해없음
2021100100100040,2021년 10월 1일 06시,금요일,경기도 수원시 영통구 원천동,경상사고,0,0,2,0,차대차 - 추돌,안전운전불이행,건조,맑음,기타 - 기타,승용,남,23세,경상,이륜,남,71세,경상
2021100100100155,2021년 10월 1일 10시,금요일,경기도 수원시 영통구 원천동,중상사고,0,1,0,0,차량단독 - 기타,안전운전불이행,건조,맑음,단일로 - 기타,승합,남,58세,상해없음,,,,
2021100100100303,2021년 10월 1일 14시,금요일,경기도 수원시 권선구 세류동,경상사고,0,0,1,0,차대차 - 측면충돌,안전운전불이행,건조,맑음,교차로 - 교차로횡단보도내,승용,남,28세,상해없음,개인형이동수단(PM),남,47세,경상
2021100100100342,2021년 10월 1일 15시,금요일,경기도 수원시 장안구 송죽동,경상사고,0,0,1,0,차대차 - 측면충돌,직진우회전진행방해,건조,맑음,교차로 - 교차로안,승용,남,27세,상해없음,승용,남,62세,경상
2021100100100445,2021년 10월 1일 17시,금요일,경기도 수원시 장안구 연무동,경상사고,0,0,1,0,차대사람 - 기타,교차로운행방법위반,건조,맑음,교차로 - 교차로안,승용,남,51세,상해없음,보행자,여,23세,경상
2021100100100446,2021년 10월 1일 17시,금요일,경기도 수원시 팔달구 우만동,경상사고,0,0,1,0,차대사람 - 횡단중,신호위반,건조,맑음,교차로 - 교차로부근,승용,남,38세,상해없음,보행자,여,70세,경상
2021100100100483,2021년 10월 1일 18시,금요일,경기도 수원시 팔달구 우만동,경상사고,0,0,1,0,차대차 - 기타,차로위반,건조,맑음,단일로 - 기타,승용,남,48세,상해없음,원동기,남,40세,경상
2021100100100492,2021년 10월 1일 18시,금요일,경기도 수원시 권선구 구운동,경상사고,0,0,1,0,차대차 - 측면충돌,신호위반,건조,맑음,교차로 - 교차로안,승용,남,45세,상해없음,승용,여,36세,경상
2021100100100559,2021년 10월 1일 19시,금요일,경기도 수원시 팔달구 매향동,중상사고,0,1,0,0,차대차 - 추돌,안전운전불이행,건조,맑음,교차로 - 교차로부근,승용,남,78세,상해없음,이륜,남,34세,중상
2021100100100563,2021년 10월 1일 19시,금요일,경기도 수원시 장안구 파장동,부상신고사고,0,0,0,1,차대차 - 측면충돌,안전거리미확보,건조,맑음,기타 - 기타,승합,남,51세,상해없음,승용,남,28세,부상신고
2021100100100600,2021년 10월 1일 20시,금요일,경기도 수원시 권선구 고색동,경상사고,0,0,2,0,차대차 - 추돌,안전운전불이행,건조,맑음,교차로 - 교차로부근,승용,남,49세,상해없음,승용,남,62세,경상
2021100100100658,2021년 10월 1일 22시,금요일,경기도 수원시 장안구 영화동,경상사고,0,0,1,0,차대사람 - 기타,안전운전불이행,젖음/습기,비,단일로 - 기타,승합,남,56세,상해없음,보행자,남,38세,경상
2021100100100661,2021년 10월 1일 22시,금요일,경기도 수원시 권선구 호매실동,경상사고,0,0,1,0,차대사람 - 기타,안전운전불이행,젖음/습기,비,단일로 - 기타,승용,남,47세,상해없음,보행자,남,64세,경상
2021100100100699,2021년 10월 1일 23시,금요일,경기도 수원시 팔달구 중동,경상사고,0,0,4,0,차대차 - 기타,안전거리미확보,건조,맑음,교차로 - 교차로안,승용,남,31세,상해없음,승용,남,40세,경상
2021100100100705,2021년 10월 1일 23시,금요일,경기도 수원시 권선구 세류동,경상사고,0,0,2,0,차대차 - 기타,안전운전불이행,젖음/습기,비,단일로 - 기타,승용,남,43세,상해없음,승용,남,31세,경상
2021100200100039,2021년 10월 2일 06시,토요일,경기도 수원시 권선구 구운동,경상사고,0,0,2,0,차대차 - 추돌,안전운전불이행,젖음/습기,흐림,교차로 - 교차로안,승용,남,74세,경상,승용,남,70세,경상
2021100200100061,2021년 10월 2일 08시,토요일,경기도 수원시 장안구 파장동,중상사고,0,1,1,1,차대차 - 추돌,기타,건조,맑음,교차로 - 교차로부근,승용,남,35세,중상,승합,여,57세,경상
2021100200100120,2021년 10월 2일 10시,토요일,경기도 수원시 권선구 곡반정동,중상사고,0,1,0,0,차대차 - 측면충돌,안전운전불이행,건조,맑음,단일로 - 기타,승용,여,30세,상해없음,이륜,남,39세,중상
2021100200100165,2021년 10월 2일 11시,토요일,경기도 수원시 영통구 매탄동,중상사고,0,1,1,0,차대차 - 추돌,안전거리미확보,건조,맑음,단일로 - 기타,승용,남,30세,상해없음,승용,여,46세,중상
2021100200100168,2021년 10월 2일 11시,토요일,경기도 수원시 권선구 탑동,경상사고,0,0,1,0,차대사람 - 기타,안전운전불이행,건조,맑음,교차로 - 교차로부근,승용,남,68세,상해없음,보행자,남,54세,경상
2021100200100256,2021년 10월 2일 13시,토요일,경기도 수원시 권선구 곡반정동,경상사고,0,0,1,0,차대차 - 측면충돌,안전운전불이행,건조,맑음,기타 - 기타,승용,여,54세,상해없음,승용,여,51세,경상
2021100200100260,2021년 10월 2일 13시,토요일,경기도 수원시 팔달구 매산로1가,경상사고,0,0,2,0,차대차 - 기타,안전거리미확보,건조,맑음,단일로 - 기타,승용,남,71세,상해없음,승합,남,56세,경상
2021100200100288,2021년 10월 2일 14시,토요일,경기도 수원시 장안구 정자동,경상사고,0,0,1,1,차대차 - 정면충돌,기타,건조,맑음,교차로 - 교차로안,이륜,남,22세,부상신고,승용,남,25세,경상
2021100200100325,2021년 10월 2일 15시,토요일,경기도 수원시 권선구 세류동,경상사고,0,0,1,1,차대차 - 기타,안전운전불이행,건조,맑음,기타 - 기타,승용,남,40세,경상,승용,여,42세,상해없음
2021100200100377,2021년 10월 2일 16시,토요일,경기도 수원시 영통구 원천동,경상사고,0,0,1,0,차대차 - 기타,교차로운행방법위반,건조,맑음,교차로 - 교차로안,원동기,기타불명,미분류,기타불명,승합,남,54세,상해없음
2021100200100379,2021년 10월 2일 16시,토요일,경기도 수원시 팔달구 매산로1가,경상사고,0,0,1,1,차대차 - 측면충돌,교차로운행방법위반,건조,맑음,교차로 - 교차로안,승용,남,29세,상해없음,승용,남,27세,경상
2021100200100380,2021년 10월 2일 16시,토요일,경기도 수원시 권선구 오목천동,경상사고,0,0,1,0,차대차 - 기타,신호위반,건조,맑음,교차로 - 교차로안,화물,남,61세,상해없음,화물,남,40세,경상
2021100200100627,2021년 10월 2일 23시,토요일,경기도 수원시 권선구 세류동,경상사고,0,0,2,0,차대차 - 기타,신호위반,건조,맑음,교차로 - 교차로안,승용,남,29세,상해없음,승용,남,29세,경상
2021100200100628,2021년 10월 2일 23시,토요일,경기도 수원시 팔달구 인계동,경상사고,0,0,1,0,차대사람 - 기타,안전운전불이행,건조,맑음,단일로 - 기타,이륜,남,22세,상해없음,보행자,남,50세,경상
2021100300100057,2021년 10월 3일 08시,일요일,경기도 수원시 영통구 원천동,경상사고,0,0,1,0,차대차 - 측면충돌,신호위반,건조,맑음,교차로 - 교차로부근,승용,남,51세,상해없음,승용,남,65세,경상
2021100300100110,2021년 10월 3일 11시,일요일,경기도 수원시 팔달구 화서동,경상사고,0,0,3,0,차대차 - 기타,신호위반,건조,맑음,교차로 - 교차로부근,승용,여,40세,경상,승용,남,40세,경상
2021100300100115,2021년 10월 3일 11시,일요일,경기도 수원시 권선구 오목천동,경상사고,0,0,1,0,차대차 - 추돌,신호위반,건조,맑음,교차로 - 교차로안,승용,여,59세,상해없음,이륜,남,42세,경상
2021100300100149,2021년 10월 3일 12시,일요일,경기도 수원시 팔달구 중동,경상사고,0,0,1,0,차대차 - 기타,안전운전불이행,건조,맑음,교차로 - 교차로부근,화물,여,70세,상해없음,승합,남,53세,상해없음
2021100300100218,2021년 10월 3일 14시,일요일,경기도 수원시 권선구 권선동,경상사고,0,0,4,0,차대차 - 측면충돌,중앙선침범,건조,맑음,교차로 - 교차로안,승용,남,30세,상해없음,승용,남,39세,경상
2021100300100362,2021년 10월 3일 18시,일요일,경기도 수원시 권선구 곡반정동,경상사고,0,0,2,0,차대차 - 측면충돌,중앙선침범,건조,맑음,단일로 - 기타,화물,남,34세,상해없음,이륜,남,20세,경상
2021100300100397,2021년 10월 3일 19시,일요일,경기도 수원시 장안구 조원동,경상사고,0,0,1,0,차대차 - 측면충돌,신호위반,건조,맑음,교차로 - 교차로안,승용,남,69세,상해없음,이륜,남,30세,경상
2021100300100405,2021년 10월 3일 19시,일요일,경기도 수원시 영통구 망포동,경상사고,0,0,6,0,차대차 - 측면충돌,안전운전불이행,건조,맑음,단일로 - 기타,화물,남,59세,상해없음,승용,남,58세,경상
2021100300100474,2021년 10월 3일 21시,일요일,경기도 수원시 권선구 세류동,경상사고,0,0,2,0,차대차 - 측면충돌,안전거리미확보,건조,맑음,단일로 - 기타,승용,여,52세,상해없음,승용,남,26세,경상
2021100300100496,2021년 10월 3일 22시,일요일,경기도 수원시 영통구 이의동,경상사고,0,0,1,0,차대차 - 측면충돌,안전운전불이행,건조,맑음,교차로 - 교차로안,승용,남,66세,상해없음,자전거,남,28세,경상
2021100300100513,2021년 10월 3일 23시,일요일,경기도 수원시 팔달구 고등동,경상사고,0,0,1,0,차대차 - 추돌,안전운전불이행,건조,맑음,교차로 - 교차로안,승용,남,29세,상해없음,이륜,남,46세,경상
2021100400100030,2021년 10월 4일 05시,월요일,경기도 수원시 장안구 영화동,경상사고,0,0,6,1,차대차 - 측면충돌,안전운전불이행,건조,맑음,단일로 - 기타,화물,남,40세,상해없음,승용,남,56세,경상
2021100400100115,2021년 10월 4일 11시,월요일,경기도 수원시 영통구 영통동,중상사고,0,1,1,0,차대차 - 기타,안전운전불이행,건조,맑음,교차로 - 교차로부근,이륜,남,27세,중상,이륜,남,37세,경상
2021100400100138,2021년 10월 4일 12시,월요일,경기도 수원시 장안구 연무동,중상사고,0,1,0,0,차대사람 - 기타,안전운전불이행,건조,맑음,기타 - 기타,승용,남,72세,상해없음,보행자,남,38세,중상
2021100400100139,2021년 10월 4일 12시,월요일,경기도 수원시 팔달구 화서동,경상사고,0,0,1,1,차대차 - 기타,기타,건조,맑음,교차로 - 교차로안,승용,남,46세,부상신고,이륜,남,40세,경상
2021100400100207,2021년 10월 4일 14시,월요일,경기도 수원시 팔달구 매교동,중상사고,0,1,1,0,차대차 - 측면충돌,신호위반,건조,맑음,교차로 - 교차로안,이륜,남,27세,중상,화물,남,29세,경상
2021100400100231,2021년 10월 4일 15시,월요일,경기도 수원시 장안구 영화동,경상사고,0,0,3,2,차대차 - 기타,신호위반,건조,맑음,교차로 - 교차로안,승용,여,56세,상해없음,승합,남,53세,경상
2021100400100270,2021년 10월 4일 16시,월요일,경기도 수원시 장안구 연무동,경상사고,0,0,1,0,차대차 - 추돌,안전거리미확보,건조,맑음,교차로 - 교차로안,건설기계,남,64세,상해없음,승용,남,23세,경상
2021100400100275,2021년 10월 4일 16시,월요일,경기도 수원시 영통구 망포동,경상사고,0,0,1,0,차대차 - 기타,신호위반,건조,맑음,교차로 - 교차로횡단보도내,승용,여,58세,상해없음,자전거,남,15세,경상
2021100400100311,2021년 10월 4일 17시,월요일,경기도 수원시 팔달구 인계동,경상사고,0,0,1,0,차대사람 - 횡단중,안전운전불이행,건조,맑음,교차로 - 교차로횡단보도내,승용,여,22세,상해없음,보행자,여,51세,경상
2021100400100349,2021년 10월 4일 18시,월요일,경기도 수원시 권선구 구운동,경상사고,0,0,4,0,차대차 - 측면충돌,안전거리미확보,건조,맑음,단일로 - 기타,승용,남,29세,상해없음,화물,남,31세,경상
2021100500100002,2021년 10월 5일 00시,화요일,경기도 수원시 권선구 세류동,중상사고,0,1,0,0,차대차 - 측면충돌,신호위반,건조,맑음,교차로 - 교차로안,승용,남,63세,상해없음,이륜,남,31세,중상
2021100500100019,2021년 10월 5일 05시,화요일,경기도 수원시 팔달구 인계동,경상사고,0,0,1,0,차대차 - 측면충돌,안전운전불이행,건조,맑음,단일로 - 기타,특수,남,30세,상해없음,승용,남,40세,경상
2021100500100077,2021년 10월 5일 08시,화요일,경기도 수원시 영통구 영통동,경상사고,0,0,1,0,차대차 - 측면충돌,교차로운행방법위반,건조,맑음,교차로 - 교차로안,승용,여,51세,상해없음,승용,여,35세,경상
2021100500100183,2021년 10월 5일 11시,화요일,경기도 수원시 팔달구 매교동,경상사고,0,0,1,0,차대사람 - 차도통행중,안전운전불이행,건조,맑음,단일로 - 기타,승용,여,57세,상해없음,보행자,남,55세,경상
2021100500100299,2021년 10월 5일 14시,화요일,경기도 수원시 장안구 영화동,경상사고,0,0,1,0,차대차 - 추돌,안전운전불이행,건조,맑음,단일로 - 기타,특수,남,57세,상해없음,승용,여,30세,경상
2021100500100300,2021년 10월 5일 14시,화요일,경기도 수원시 장안구 파장동,경상사고,0,0,1,0,차대차 - 기타,직진우회전진행방해,건조,맑음,교차로 - 교차로안,승용,남,45세,상해없음,승용,남,29세,경상
2021100500100306,2021년 10월 5일 14시,화요일,경기도 수원시 권선구 호매실동,경상사고,0,0,1,0,차대차 - 기타,안전운전불이행,건조,맑음,교차로 - 교차로안,승용,남,34세,상해없음,승용,여,45세,경상
2021100500100347,2021년 10월 5일 15시,화요일,경기도 수원시 권선구 입북동,경상사고,0,0,1,0,차대차 - 기타,안전거리미확보,건조,맑음,단일로 - 기타,승용,남,31세,상해없음,화물,남,60세,경상
2021100500100385,2021년 10월 5일 16시,화요일,경기도 수원시 팔달구 인계동,중상사고,0,1,0,0,차대사람 - 기타,안전운전불이행,건조,맑음,교차로 - 교차로안,승용,남,69세,상해없음,보행자,남,74세,중상
2021100500100482,2021년 10월 5일 18시,화요일,경기도 수원시 팔달구 인계동,경상사고,0,0,1,0,차대사람 - 보도통행중,보행자보호의무위반,건조,맑음,교차로 - 교차로안,승용,남,60세,상해없음,보행자,남,30세,경상
2021100500100483,2021년 10월 5일 18시,화요일,경기도 수원시 영통구 영통동,경상사고,0,0,1,0,차대차 - 기타,안전운전불이행,건조,맑음,단일로 - 기타,승용,여,65세,상해없음,승용,남,56세,경상
2021100500100575,2021년 10월 5일 20시,화요일,경기도 수원시 장안구 천천동,경상사고,0,0,1,0,차대사람 - 기타,보행자보호의무위반,건조,맑음,교차로 - 교차로안,이륜,남,18세,기타불명,보행자,여,20세,경상
2021100500100605,2021년 10월 5일 21시,화요일,경기도 수원시 장안구 조원동,중상사고,0,1,0,0,차대사람 - 차도통행중,안전운전불이행,건조,맑음,단일로 - 기타,이륜,남,21세,상해없음,보행자,여,68세,중상
2021100600100002,2021년 10월 6일 00시,수요일,경기도 수원시 팔달구 인계동,경상사고,0,0,2,0,차대차 - 측면충돌,안전운전불이행,젖음/습기,비,교차로 - 교차로안,이륜,남,44세,경상,승용,남,69세,경상
2021100600100011,2021년 10월 6일 04시,수요일,경기도 수원시 권선구 권선동,사망사고,1,0,0,0,차대차 - 측면충돌,신호위반,건조,흐림,교차로 - 교차로안,자전거,남,69세,사망,승용,남,56세,상해없음
2021100600100056,2021년 10월 6일 07시,수요일,경기도 수원시 장안구 정자동,경상사고,0,0,1,0,차대차 - 기타,안전운전불이행,건조,맑음,단일로 - 기타,승용,여,44세,상해없음,승합,남,57세,경상
2021100600100061,2021년 10월 6일 07시,수요일,경기도 수원시 권선구 평동,경상사고,0,0,1,0,차대차 - 기타,안전거리미확보,젖음/습기,비,기타 - 기타,승용,여,21세,상해없음,승용,남,45세,경상
2021100600100083,2021년 10월 6일 08시,수요일,경기도 수원시 팔달구 팔달로2가,경상사고,0,0,1,0,차대사람 - 횡단중,안전운전불이행,건조,맑음,교차로 - 교차로부근,승용,남,79세,상해없음,보행자,남,25세,경상
2021100600100284,2021년 10월 6일 14시,수요일,경기도 수원시 팔달구 매교동,경상사고,0,0,1,0,차대차 - 기타,안전운전불이행,건조,맑음,기타 - 기타,승용,남,74세,상해없음,승용,남,54세,경상
2021100600100318,2021년 10월 6일 15시,수요일,경기도 수원시 권선구 고색동,중상사고,0,1,1,0,차대차 - 기타,신호위반,건조,맑음,교차로 - 교차로안,승용,남,40세,경상,승용,여,54세,중상
2021100600100365,2021년 10월 6일 16시,수요일,경기도 수원시 권선구 탑동,경상사고,0,0,1,0,차대차 - 기타,안전운전불이행,건조,맑음,교차로 - 교차로안,화물,남,60세,상해없음,이륜,남,18세,경상
2021100600100440,2021년 10월 6일 18시,수요일,경기도 수원시 장안구 송죽동,중상사고,0,1,0,0,차대차 - 기타,안전거리미확보,건조,맑음,단일로 - 기타,화물,여,39세,상해없음,승용,남,27세,중상
2021100600100450,2021년 10월 6일 18시,수요일,경기도 수원시 영통구 영통동,경상사고,0,0,1,0,차대차 - 측면충돌,안전운전불이행,건조,맑음,교차로 - 교차로안,승용,남,73세,상해없음,자전거,남,33세,경상