사고번호,사고일시,요일,시군구,사고내용,사망자수,중상자수,경상자수,부상신고자수,사고유형,법규위반,노면상태,기상상태,도로형태,가해운전자 차종,가해운전자 성별,가해운전자 연령,가해운전자 상해정도,피해운전자 차종,피해운전자 성별,피해운전자 연령,피해운전자 상해정도
2021110900100270,2021년 11월 9일 13시,화요일,경기도 수원시 영통구 매탄동,경상사고,0,0,1,0,차대차 - 추돌,안전운전불이행,젖음/습기,비,단일로 - 기타,이륜,남,26세,상해없음,승용,남,64세,경상
2021110900100365,2021년 11월 9일 16시,화요일,경기도 수원시 장안구 율전동,경상사고,0,0,1,0,차대차 - 추돌,신호위반,젖음/습기,비,교차로 - 교차로안,승용,여,25세,상해없음,승용,여,31세,경상
2021110900100377,2021년 11월 9일 16시,화요일,경기도 수원시 권선구 금곡동,경상사고,0,0,1,0,차대차 - 측면충돌,신호위반,젖음/습기,비,단일로 - 기타,승용,남,69세,상해없음,승용,여,33세,경상
2021110900100413,2021년 11월 9일 17시,화요일,경기도 수원시 팔달구 구천동,경상사고,0,0,1,0,차대차 - 기타,안전운전불이행,젖음/습기,비,단일로 - 기타,자전거,남,52세,경상,승용,남,50세,상해없음
2021110900100419,2021년 11월 9일 17시,화요일,경기도 수원시 팔달구 인계동,중상사고,0,1,0,0,차대차 - 측면충돌,안전운전불이행,젖음/습기,비,교차로 - 교차로부근,승용,여,30세,상해없음,승용,남,57세,중상
2021110900100474,2021년 11월 9일 18시,화요일,경기도 수원시 장안구 조원동,경상사고,0,0,1,0,차대사람 - 기타,안전운전불이행,젖음/습기,비,교차로 - 교차로안,승용,남,25세,상해없음,보행자,남,21세,경상
2021110900100480,2021년 11월 9일 18시,화요일,경기도 수원시 권선구 권선동,경상사고,0,0,2,0,차대차 - 측면충돌,교차로운행방법위반,젖음/습기,비,교차로 - 교차로안,승용,남,28세,상해없음,승용,남,29세,경상
2021110900100483,2021년 11월 9일 18시,화요일,경기도 수원시 권선구 서둔동,경상사고,0,0,1,0,차대차 - 추돌,안전운전불이행,건조,맑음,단일로 - 기타,승용,여,37세,상해없음,승용,여,59세,경상
2021110900100542,2021년 11월 9일 19시,화요일,경기도 수원시 팔달구 우만동,경상사고,0,0,1,0,차대차 - 기타,안전거리미확보,젖음/습기,비,단일로 - 기타,승용,남,36세,상해없음,승용,여,39세,경상
2021110900100551,2021년 11월 9일 19시,화요일,경기도 수원시 영통구 매탄동,경상사고,0,0,1,1,차대차 - 측면충돌,안전거리미확보,젖음/습기,비,단일로 - 기타,승용,남,28세,부상신고,승용,남,37세,경상
2021110900100585,2021년 11월 9일 20시,화요일,경기도 수원시 장안구 영화동,경상사고,0,0,1,0,차대사람 - 기타,안전운전불이행,젖음/습기,비,단일로 - 기타,승합,남,50세,상해없음,보행자,여,67세,경상
2021110900100586,2021년 11월 9일 20시,화요일,경기도 수원시 팔달구 우만동,경상사고,0,0,1,0,차대차 - 기타,안전거리미확보,젖음/습기,비,단일로 - 기타,승용,여,50세,상해없음,승용,남,32세,경상
2021110900100645,2021년 11월 9일 22시,화요일,경기도 수원시 권선구 권선동,중상사고,0,1,0,0,차대사람 - 횡단중,안전운전불이행,젖음/습기,비,단일로 - 기타,승용,남,38세,상해없음,보행자,남,43세,중상
2021111000100004,2021년 11월 10일 00시,수요일,경기도 수원시 장안구 조원동,경상사고,0,0,3,0,차대차 - 기타,안전운전불이행,건조,맑음,교차로 - 교차로부근,승용,여,57세,상해없음,승용,남,40세,경상
2021111000100006,2021년 11월 10일 00시,수요일,경기도 수원시 팔달구 인계동,경상사고,0,0,1,0,차대사람 - 길가장자리구역통행중,안전운전불이행,젖음/습기,비,교차로 - 교차로안,승용,남,44세,상해없음,보행자,남,41세,경상
2021111000100029,2021년 11월 10일 02시,수요일,경기도 수원시 팔달구 고등동,부상신고사고,0,0,0,1,차대차 - 측면충돌,직진우회전진행방해,젖음/습기,흐림,교차로 - 교차로안,개인형이동수단(PM),남,20세,부상신고,승용,남,19세,상해없음
2021111000100081,2021년 11월 10일 07시,수요일,경기도 수원시 영통구 매탄동,경상사고,0,0,1,0,차대차 - 기타,신호위반,건조,맑음,교차로 - 교차로안,화물,남,64세,상해없음,승용,남,39세,경상
2021111000100180,2021년 11월 10일 10시,수요일,경기도 수원시 권선구 구운동,부상신고사고,0,0,0,1,차대사람 - 기타,안전운전불이행,건조,맑음,단일로 - 지하차도(도로)내,화물,남,51세,상해없음,보행자,여,94세,부상신고
2021111000100230,2021년 11월 10일 12시,수요일,경기도 수원시 권선구 곡반정동,경상사고,0,0,1,0,차대차 - 측면충돌,차로위반,건조,맑음,단일로 - 기타,승용,여,21세,상해없음,화물,남,51세,경상
2021111000100315,2021년 11월 10일 15시,수요일,경기도 수원시 팔달구 팔달로1가,경상사고,0,0,1,0,차대사람 - 기타,안전운전불이행,건조,맑음,기타 - 기타,승용,남,71세,상해없음,보행자,여,60세,경상
2021111000100320,2021년 11월 10일 15시,수요일,경기도 수원시 팔달구 인계동,중상사고,0,1,0,0,차대차 - 측면충돌,신호위반,건조,맑음,단일로 - 기타,승용,여,54세,기타불명,승용,여,60세,중상
2021111000100321,2021년 11월 10일 15시,수요일,경기도 수원시 팔달구 인계동,경상사고,0,0,3,0,차대차 - 측면충돌,교차로운행방법위반,건조,맑음,교차로 - 교차로안,자전거,남,30세,경상,승용,남,24세,경상
2021111000100402,2021년 11월 10일 17시,수요일,경기도 수원시 팔달구 매산로3가,경상사고,0,0,1,0,차대차 - 기타,안전운전불이행,건조,맑음,단일로 - 기타,승용,남,59세,상해없음,승용,남,45세,경상
2021111000100445,2021년 11월 10일 18시,수요일,경기도 수원시 권선구 호매실동,중상사고,0,1,0,0,차대차 - 기타,안전거리미확보,건조,맑음,단일로 - 기타,승용,여,37세,상해없음,이륜,남,44세,중상
2021111000100501,2021년 11월 10일 19시,수요일,경기도 수원시 팔달구 지동,부상신고사고,0,0,0,1,차대차 - 추돌,안전거리미확보,건조,맑음,단일로 - 기타,승용,여,24세,상해없음,화물,남,42세,부상신고
2021111000100502,2021년 11월 10일 19시,수요일,경기도 수원시 팔달구 우만동,경상사고,0,0,3,0,차대차 - 추돌,안전운전불이행,건조,맑음,단일로 - 기타,승용,남,23세,상해없음,승용,남,70세,경상
2021111000100509,2021년 11월 10일 19시,수요일,경기도 수원시 영통구 영통동,경상사고,0,0,1,0,차대차 - 추돌,안전거리미확보,건조,맑음,단일로 - 기타,승용,여,45세,상해없음,이륜,남,26세,경상
2021111000100580,2021년 11월 10일 21시,수요일,경기도 수원시 영통구 신동,경상사고,0,0,3,0,차대차 - 추돌,안전운전불이행,건조,맑음,단일로 - 기타,승용,남,27세,상해없음,승용,남,22세,경상
2021111000100601,2021년 11월 10일 22시,수요일,경기도 수원시 장안구 정자동,중상사고,0,1,0,0,차대사람 - 횡단중,안전운전불이행,건조,맑음,교차로 - 교차로횡단보도내,이륜,남,18세,상해없음,보행자,남,34세,중상
2021111000100631,2021년 11월 10일 23시,수요일,경기도 수원시 권선구 권선동,경상사고,0,0,1,0,차대차 - 측면충돌,안전운전불이행,건조,맑음,교차로 - 교차로안,승용,남,28세,상해없음,승용,남,25세,경상
2021111100100042,2021년 11월 11일 05시,목요일,경기도 수원시 영통구 원천동,경상사고,0,0,1,0,차대차 - 측면충돌,신호위반,건조,맑음,교차로 - 교차로부근,승용,남,65세,상해없음,승용,남,51세,경상
2021111100100047,2021년 11월 11일 06시,목요일,경기도 수원시 권선구 구운동,경상사고,0,0,2,0,차대차 - 측면충돌,신호위반,건조,맑음,교차로 - 교차로안,승용,남,63세,상해없음,승용,남,51세,경상
2021111100100074,2021년 11월 11일 07시,목요일,경기도 수원시 장안구 하광교동,부상신고사고,0,0,0,1,차량단독 - 공작물충돌,안전운전불이행,건조,맑음,단일로 - 기타,승용,남,21세,부상신고,,,,
2021111100100080,2021년 11월 11일 07시,목요일,경기도 수원시 권선구 권선동,중상사고,0,1,0,0,차대차 - 측면충돌,안전운전불이행,건조,맑음,교차로 - 교차로안,이륜,남,72세,중상,승용,남,31세,상해없음
2021111100100219,2021년 11월 11일 11시,목요일,경기도 수원시 권선구 권선동,경상사고,0,0,1,0,차대사람 - 횡단중,보행자보호의무위반,젖음/습기,맑음,교차로 - 교차로횡단보도내,승용,여,46세,상해없음,보행자,남,22세,경상
2021111100100309,2021년 11월 11일 14시,목요일,경기도 수원시 팔달구 화서동,경상사고,0,0,1,0,차대차 - 추돌,안전운전불이행,건조,맑음,단일로 - 기타,화물,남,54세,상해없음,화물,남,73세,상해없음
2021111100100315,2021년 11월 11일 14시,목요일,경기도 수원시 권선구 호매실동,중상사고,0,1,0,0,차대차 - 추돌,신호위반,건조,맑음,교차로 - 교차로안,화물,남,60세,상해없음,이륜,남,38세,중상
2021111100100423,2021년 11월 11일 17시,목요일,경기도 수원시 영통구 이의동,경상사고,0,0,2,0,차대차 - 정면충돌,안전운전불이행,건조,흐림,교차로 - 교차로부근,승용,남,69세,상해없음,승용,여,34세,경상
2021111100100433,2021년 11월 11일 17시,목요일,경기도 수원시 권선구 금곡동,경상사고,0,0,2,0,차대차 - 추돌,안전거리미확보,건조,맑음,단일로 - 기타,승용,남,67세,상해없음,화물,남,25세,경상
2021111100100480,2021년 11월 11일 18시,목요일,경기도 수원시 권선구 고색동,경상사고,0,0,1,0,차대사람 - 기타,안전운전불이행,젖음/습기,비,단일로 - 기타,승용,여,37세,상해없음,보행자,남,77세,경상
2021111100100569,2021년 11월 11일 20시,목요일,경기도 수원시 팔달구 우만동,경상사고,0,0,3,0,차대차 - 기타,신호위반,건조,맑음,교차로 - 교차로안,승용,여,44세,상해없음,승용,남,63세,경상
2021111100100574,2021년 11월 11일 20시,목요일,경기도 수원시 권선구 오목천동,부상신고사고,0,0,0,1,차대차 - 측면충돌,안전거리미확보,건조,맑음,교차로 - 교차로안,승용,남,38세,상해없음,승합,남,58세,부상신고
2021111100100645,2021년 11월 11일 23시,목요일,경기도 수원시 영통구 원천동,경상사고,0,0,1,0,차량단독 - 공작물충돌,안전운전불이행,건조,맑음,단일로 - 기타,승합,남,62세,상해없음,,,,
2021111200100074,2021년 11월 12일 07시,금요일,경기도 수원시 팔달구 매산로1가,경상사고,0,0,1,0,차대차 - 기타,안전운전불이행,건조,맑음,교차로 - 교차로안,승용,남,70세,상해없음,승용,남,63세,경상
2021111200100095,2021년 11월 12일 08시,금요일,경기도 수원시 권선구 권선동,경상사고,0,0,3,0,차대차 - 측면충돌,안전운전불이행,건조,맑음,교차로 - 교차로안,승용,남,54세,상해없음,승용,남,35세,경상
2021111200100138,2021년 11월 12일 09시,금요일,경기도 수원시 장안구 영화동,부상신고사고,0,0,0,1,차대차 - 기타,신호위반,건조,맑음,교차로 - 교차로안,이륜,남,83세,부상신고,승용,여,39세,상해없음
2021111200100141,2021년 11월 12일 09시,금요일,경기도 수원시 영통구 매탄동,경상사고,0,0,1,0,차대사람 - 횡단중,보행자보호의무위반,건조,맑음,교차로 - 교차로횡단보도내,승용,남,21세,상해없음,보행자,여,38세,경상
2021111200100168,2021년 11월 12일 10시,금요일,경기도 수원시 영통구 영통동,중상사고,0,1,0,0,차대차 - 측면충돌,안전운전불이행,건조,맑음,교차로 - 교차로횡단보도내,승용,남,69세,상해없음,자전거,여,22세,중상
2021111200100238,2021년 11월 12일 12시,금요일,경기도 수원시 장안구 율전동,부상신고사고,0,0,0,1,차대사람 - 기타,기타,건조,맑음,교차로 - 교차로부근,승용,여,66세,상해없음,보행자,남,86세,부상신고
2021111200100275,2021년 11월 12일 13시,금요일,경기도 수원시 팔달구 인계동,경상사고,0,0,1,0,차대차 - 측면충돌,안전거리미확보,건조,맑음,기타 - 기타,승용,남,54세,상해없음,이륜,남,48세,경상
2021111200100313,2021년 11월 12일 14시,금요일,경기도 수원시 권선구 금곡동,경상사고,0,0,1,0,차대차 - 기타,차로위반,건조,맑음,교차로 - 교차로부근,승용,남,66세,상해없음,승용,남,37세,경상
2021111200100390,2021년 11월 12일 16시,금요일,경기도 수원시 팔달구 우만동,경상사고,0,0,1,0,차대차 - 측면충돌,안전운전불이행,건조,맑음,교차로 - 교차로부근,승용,남,33세,상해없음,승용,남,69세,경상
2021111200100434,2021년 11월 12일 17시,금요일,경기도 수원시 팔달구 고등동,중상사고,0,1,0,0,차대차 - 기타,중앙선침범,건조,맑음,단일로 - 기타,승용,남,49세,상해없음,이륜,남,26세,중상
2021111200100537,2021년 11월 12일 19시,금요일,경기도 수원시 장안구 천천동,경상사고,0,0,3,0,차대차 - 정면충돌,안전운전불이행,건조,맑음,단일로 - 기타,승용,여,23세,경상,이륜,남,37세,경상
2021111200100592,2021년 11월 12일 20시,금요일,경기도 수원시 권선구 세류동,중상사고,0,1,0,0,차대차 - 측면충돌,신호위반,건조,맑음,교차로 - 교차로안,승용,남,39세,상해없음,승용,남,50세,중상
2021111200100643,2021년 11월 12일 22시,금요일,경기도 수원시 팔달구 지동,중상사고,0,1,0,0,차대차 - 정면충돌,중앙선침범,건조,맑음,단일로 - 기타,승용,여,61세,상해없음,승용,남,69세,중상
2021111200100668,2021년 11월 12일 23시,금요일,경기도 수원시 팔달구 우만동,경상사고,0,0,1,0,차대차 - 정면충돌,중앙선침범,건조,맑음,교차로 - 교차로부근,승용,남,57세,상해없음,승용,남,53세,경상
2021111300100077,2021년 11월 13일 06시,토요일,경기도 수원시 영통구 이의동,경상사고,0,0,1,0,차대차 - 측면충돌,교차로운행방법위반,건조,맑음,기타 - 기타,승용,남,22세,상해없음,승합,남,47세,경상
2021111300100091,2021년 11월 13일 07시,토요일,경기도 수원시 권선구 세류동,경상사고,0,0,2,0,차대차 - 기타,안전운전불이행,건조,맑음,교차로 - 교차로부근,승용,남,22세,상해없음,승용,남,55세,경상
2021111300100132,2021년 11월 13일 09시,토요일,경기도 수원시 장안구 이목동,경상사고,0,0,1,0,차대차 - 기타,안전거리미확보,건조,맑음,단일로 - 기타,승용,남,53세,상해없음,이륜,남,41세,경상
2021111300100133,2021년 11월 13일 09시,토요일,경기도 수원시 장안구 파장동,경상사고,0,0,2,0,차대차 - 기타,교차로운행방법위반,건조,맑음,교차로 - 교차로안,승용,여,64세,상해없음,승용,남,54세,경상
2021111300100161,2021년 11월 13일 10시,토요일,경기도 수원시 팔달구 우만동,부상신고사고,0,0,0,1,차대차 - 추돌,직진우회전진행방해,건조,맑음,교차로 - 교차로안,이륜,남,76세,부상신고,승용,남,27세,상해없음
2021111300100167,2021년 11월 13일 10시,토요일,경기도 수원시 권선구 구운동,경상사고,0,0,2,0,차대차 - 측면충돌,직진우회전진행방해,건조,맑음,교차로 - 교차로안,이륜,남,51세,경상,승용,남,28세,경상
2021111300100201,2021년 11월 13일 11시,토요일,경기도 수원시 장안구 정자동,경상사고,0,0,2,0,차대차 - 기타,안전운전불이행,건조,맑음,기타 - 기타,승용,여,65세,경상,승용,여,32세,경상
2021111300100204,2021년 11월 13일 11시,토요일,경기도 수원시 권선구 권선동,중상사고,0,1,0,0,차대차 - 측면충돌,안전운전불이행,기타,맑음,교차로 - 교차로안,승용,남,32세,상해없음,이륜,남,36세,중상
2021111300100205,2021년 11월 13일 11시,토요일,경기도 수원시 팔달구 인계동,중상사고,0,2,0,0,차대차 - 측면충돌,안전거리미확보,건조,맑음,단일로 - 기타,특수,남,45세,상해없음,승용,남,28세,중상
2021111300100247,2021년 11월 13일 12시,토요일,경기도 수원시 장안구 송죽동,중상사고,0,1,0,0,차대차 - 측면충돌,신호위반,건조,맑음,교차로 - 교차로안,승용,남,69세,상해없음,이륜,남,29세,중상
2021111300100282,2021년 11월 13일 13시,토요일,경기도 수원시 팔달구 매산로3가,경상사고,0,0,4,0,차대차 - 정면충돌,신호위반,건조,맑음,교차로 - 교차로안,승용,남,35세,상해없음,승용,남,68세,경상
2021111300100324,2021년 11월 13일 14시,토요일,경기도 수원시 영통구 신동,경상사고,0,0,1,0,차대차 - 측면충돌,안전운전불이행,건조,맑음,주차장 - 주차장,승용,여,32세,상해없음,승용,여,33세,상해없음
2021111300100325,2021년 11월 13일 14시,토요일,경기도 수원시 권선구 권선동,경상사고,0,0,1,1,차대차 - 측면충돌,안전거리미확보,기타,맑음,단일로 - 기타,승용,여,23세,부상신고,승용,남,20세,경상
2021111300100363,2021년 11월 13일 15시,토요일,경기도 수원시 팔달구 인계동,경상사고,0,0,2,0,차대차 - 측면충돌,신호위반,건조,맑음,교차로 - 교차로안,건설기계,남,65세,상해없음,승용,남,61세,경상
2021111300100364,2021년 11월 13일 15시,토요일,경기도 수원시 권선구 세류동,중상사고,0,1,0,0,차대차 - 측면충돌,안전운전불이행,건조,맑음,교차로 - 교차로안,승용,남,58세,상해없음,이륜,남,38세,중상
2021111300100399,2021년 11월 13일 16시,토요일,경기도 수원시 장안구 정자동,경상사고,0,0,1,0,차대사람 - 기타,안전운전불이행,건조,맑음,단일로 - 기타,승용,여,56세,상해없음,보행자,여,40세,경상
2021111300100446,2021년 11월 13일 17시,토요일,경기도 수원시 권선구 금곡동,경상사고,0,0,1,0,차대차 - 기타,안전운전불이행,건조,맑음,단일로 - 기타,원동기,남,19세,상해없음,자전거,여,19세,경상
2021111300100476,2021년 11월 13일 18시,토요일,경기도 수원시 장안구 정자동,경상사고,0,0,2,0,차대사람 - 횡단중,보행자보호의무위반,건조,맑음,교차로 - 교차로부근,승용,남,28세,상해없음,보행자,여,31세,경상
2021111300100586,2021년 11월 13일 21시,토요일,경기도 수원시 장안구 파장동,경상사고,0,0,1,0,차대사람 - 기타,안전운전불이행,건조,맑음,교차로 - 교차로안,승용,남,58세,상해없음,보행자,남,55세,경상
2021111300100587,2021년 11월 13일 21시,토요일,경기도 수원시 장안구 정자동,중상사고,0,1,0,0,차대차 - 기타,교차로운행방법위반,건조,맑음,교차로 - 교차로안,승용,여,66세,상해없음,이륜,남,30세,중상
2021111300100588,2021년 11월 13일 21시,토요일,경기도 수원시 팔달구 팔달로2가,경상사고,0,0,1,0,차량단독 - 기타,안전운전불이행,건조,맑음,단일로 - 기타,승합,남,56세,상해없음,,,,
2021111300100644,2021년 11월 13일 23시,토요일,경기도 수원시 권선구 권선동,경상사고,0,0,2,0,차대차 - 기타,안전거리미확보,건조,맑음,단일로 - 기타,승용,남,26세,상해없음,승용,남,39세,경상
2021111400100005,2021년 11월 14일 00시,일요일,경기도 수원시 장안구 정자동,중상사고,0,1,0,0,차대사람 - 기타,기타,건조,맑음,교차로 - 교차로부근,승용,남,67세,상해없음,보행자,여,23세,중상
2021111400100022,2021년 11월 14일 01시,일요일,경기도 수원시 팔달구 매산로1가,경상사고,0,0,2,0,차대차 - 추돌,안전운전불이행,건조,맑음,교차로 - 교차로안,승용,남,50세,상해없음,승용,남,66세,경상
2021111400100098,2021년 11월 14일 09시,일요일,경기도 수원시 팔달구 화서동,경상사고,0,0,3,0,차대차 - 기타,안전운전불이행,건조,맑음,단일로 - 기타,승용,남,52세,경상,화물,남,54세,경상
2021111400100113,2021년 11월 14일 10시,일요일,경기도 수원시 팔달구 매교동,경상사고,0,0,1,0,차대차 - 기타,안전거리미확보,건조,맑음,교차로 - 교차로부근,건설기계,남,68세,상해없음,승용,남,64세,경상
2021111400100139,2021년 11월 14일 11시,일요일,경기도 수원시 권선구 권선동,경상사고,0,0,3,0,차대차 - 측면충돌,차로위반,건조,맑음,단일로 - 기타,승용,남,29세,상해없음,승용,남,36세,경상
2021111400100162,2021년 11월 14일 12시,일요일,경기도 수원시 장안구 송죽동,경상사고,0,0,1,0,차대차 - 기타,차로위반,건조,흐림,단일로 - 기타,승용,남,74세,상해없음,승합,남,53세,경상
2021111400100188,2021년 11월 14일 13시,일요일,경기도 수원시 권선구 입북동,중상사고,0,1,0,0,차대차 - 추돌,안전운전불이행,건조,맑음,단일로 - 기타,기타불명,기타불명,미분류,기타불명,승용,남,59세,상해없음
2021111400100251,2021년 11월 14일 15시,일요일,경기도 수원시 권선구 고색동,경상사고,0,0,1,1,차대차 - 추돌,안전운전불이행,건조,맑음,교차로 - 교차로안,화물,남,50세,상해없음,승용,여,31세,부상신고
2021111400100308,2021년 11월 14일 17시,일요일,경기도 수원시 장안구 조원동,경상사고,0,0,1,0,차대사람 - 보도통행중,안전운전불이행,건조,맑음,단일로 - 기타,화물,남,58세,상해없음,보행자,여,34세,경상
2021111400100309,2021년 11월 14일 17시,일요일,경기도 수원시 장안구 연무동,경상사고,0,0,1,0,차대차 - 기타,교차로운행방법위반,건조,맑음,교차로 - 교차로안,승용,여,38세,상해없음,승용,여,26세,경상
2021111400100318,2021년 11월 14일 17시,일요일,경기도 수원시 팔달구 고등동,부상신고사고,0,0,0,1,차대사람 - 기타,안전운전불이행,건조,맑음,기타 - 기타,승합,남,44세,상해없음,보행자,남,64세,부상신고
2021111400100319,2021년 11월 14일 17시,일요일,경기도 수원시 권선구 호매실동,경상사고,0,0,1,0,차대차 - 측면충돌,신호위반,건조,맑음,교차로 - 교차로안,이륜,남,69세,상해없음,승용,남,34세,상해없음
2021111400100359,2021년 11월 14일 18시,일요일,경기도 수원시 영통구 영통동,경상사고,0,0,2,0,차대차 - 측면충돌,안전운전불이행,건조,맑음,교차로 - 교차로부근,승용,여,30세,상해없음,승용,남,43세,경상
2021111400100391,2021년 11월 14일 19시,일요일,경기도 수원시 장안구 조원동,중상사고,0,1,0,0,차대차 - 후진중충돌,안전운전불이행,건조,맑음,단일로 - 기타,승용,남,62세,상해없음,원동기,남,41세,중상
2021111500100012,2021년 11월 15일 01시,월요일,경기도 수원시 영통구 원천동,경상사고,0,0,1,0,차대사람 - 횡단중,보행자보호의무위반,건조,맑음,교차로 - 교차로부근,화물,남,26세,상해없음,보행자,여,28세,경상
2021111500100052,2021년 11월 15일 06시,월요일,경기도 수원시 팔달구 매산로1가,경상사고,0,0,1,0,차대차 - 측면충돌,안전운전불이행,건조,맑음,교차로 - 교차로안,승용,남,68세,상해없음,승용,남,64세,경상
2021111500100096,2021년 11월 15일 08시,월요일,경기도 수원시 팔달구 인계동,경상사고,0,0,1,0,차대차 - 측면충돌,교차로운행방법위반,건조,맑음,교차로 - 교차로안,승용,여,55세,상해없음,자전거,남,28세,경상
2021111500100128,2021년 11월 15일 09시,월요일,경기도 수원시 장안구 영화동,경상사고,0,0,1,0,차대사람 - 기타,안전운전불이행,건조,맑음,교차로 - 교차로부근,승용,여,49세,상해없음,보행자,여,64세,경상
2021111500100133,2021년 11월 15일 09시,월요일,경기도 수원시 팔달구 인계동,경상사고,0,0,1,0,차대사람 - 기타,안전운전불이행,건조,맑음,단일로 - 기타,승용,여,44세,상해없음,보행자,남,69세,경상
2021111500100196,2021년 11월 15일 11시,월요일,경기도 수원시 권선구 권선동,경상사고,0,0,1,0,차대차 - 측면충돌,안전운전불이행,건조,맑음,단일로 - 기타,승용,여,26세,상해없음,승용,남,52세,경상
2021111500100369,2021년 11월 15일 16시,월요일,경기도 수원시 팔달구 화서동,부상신고사고,0,0,0,1,차대차 - 측면충돌,불법유턴,건조,맑음,교차로 - 교차로횡단보도내,자전거,남,51세,부상신고,승용,여,49세,상해없음
2021111500100371,2021년 11월 15일 16시,월요일,경기도 수원시 권선구 세류동,경상사고,0,0,4,0,차대차 - 추돌,안전거리미확보,건조,맑음,단일로 - 기타,화물,남,46세,상해없음,승용,남,32세,경상
2021111500100464,2021년 11월 15일 18시,월요일,경기도 수원시 팔달구 팔달로2가,경상사고,0,0,2,0,차대차 - 후진중충돌,안전운전불이행,건조,맑음,교차로 - 교차로안,승용,남,67세,상해없음,승용,여,41세,경상
2021111500100563,2021년 11월 15일 20시,월요일,경기도 수원시 장안구 조원동,중상사고,0,1,1,0,차대차 - 측면충돌,신호위반,건조,맑음,교차로 - 교차로안,승용,여,46세,상해없음,승용,여,39세,중상
2021111500100622,2021년 11월 15일 22시,월요일,경기도 수원시 팔달구 인계동,경상사고,0,0,2,0,차대차 - 측면충돌,안전운전불이행,건조,맑음,단일로 - 기타,승용,남,50세,상해없음,승용,남,45세,경상
2021111600100043,2021년 11월 16일 05시,화요일,경기도 수원시 팔달구 중동,경상사고,0,0,2,1,차대차 - 기타,차로위반,건조,맑음,교차로 - 교차로안,승용,남,57세,부상신고,승용,여,38세,경상
2021111600100044,2021년 11월 16일 05시,화요일,경기도 수원시 영통구 매탄동,경상사고,0,0,4,0,차대차 - 추돌,안전운전불이행,건조,맑음,단일로 - 기타,화물,남,48세,상해없음,승용,남,30세,경상
2021111600100045,2021년 11월 16일 05시,화요일,경기도 수원시 권선구 입북동,경상사고,0,0,1,0,차대차 - 기타,교차로운행방법위반,건조,맑음,교차로 - 교차로안,화물,남,50세,상해없음,승용,남,79세,경상
2021111600100057,2021년 11월 16일 06시,화요일,경기도 수원시 권선구 평동,경상사고,0,0,4,0,차대차 - 측면충돌,신호위반,건조,맑음,교차로 - 교차로안,승용,여,47세,경상,화물,남,46세,경상
2021111600100079,2021년 11월 16일 07시,화요일,경기도 수원시 팔달구 화서동,중상사고,0,1,0,0,차대사람 - 횡단중,보행자보호의무위반,건조,맑음,교차로 - 교차로안,화물,남,57세,상해없음,보행자,여,59세,중상
2021111600100256,2021년 11월 16일 12시,화요일,경기도 수원시 장안구 송죽동,경상사고,0,0,1,0,차대차 - 기타,교차로운행방법위반,건조,맑음,교차로 - 교차로안,승용,남,30세,상해없음,승용,남,53세,경상
2021111600100265,2021년 11월 16일 12시,화요일,경기도 수원시 권선구 고색동,경상사고,0,0,1,0,차대차 - 측면충돌,중앙선침범,건조,맑음,단일로 - 기타,자전거,남,29세,경상,승용,남,61세,상해없음
2021111600100299,2021년 11월 16일 13시,화요일,경기도 수원시 장안구 영화동,경상사고,0,0,1,0,차대차 - 기타,안전운전불이행,건조,맑음,단일로 - 기타,승용,남,66세,상해없음,자전거,남,8세,경상
2021111600100300,2021년 11월 16일 13시,화요일,경기도 수원시 팔달구 지동,경상사고,0,0,1,0,차대사람 - 횡단중,안전운전불이행,건조,맑음,교차로 - 교차로횡단보도내,승용,여,44세,상해없음,보행자,여,62세,경상
2021111600100301,2021년 11월 16일 13시,화요일,경기도 수원시 권선구 세류동,중상사고,0,1,0,0,차대차 - 측면충돌,안전운전불이행,건조,맑음,교차로 - 교차로안,화물,남,52세,상해없음,이륜,남,40세,중상
2021111600100303,2021년 11월 16일 13시,화요일,경기도 수원시 권선구 고색동,중상사고,0,3,0,0,차대차 - 기타,신호위반,건조,맑음,교차로 - 교차로부근,이륜,남,64세,상해없음,승용,여,34세,중상
2021111600100304,2021년 11월 16일 13시,화요일,경기도 수원시 권선구 평동,경상사고,0,0,2,0,차대차 - 측면충돌,차로위반,건조,맑음,교차로 - 교차로안,승용,남,67세,상해없음,승용,남,48세,경상
2021111600100365,2021년 11월 16일 15시,화요일,경기도 수원시 팔달구 인계동,경상사고,0,0,6,0,차대차 - 추돌,안전거리미확보,건조,맑음,단일로 - 고가도로위,승용,남,68세,상해없음,승용,남,52세,경상
2021111600100399,2021년 11월 16일 16시,화요일,경기도 수원시 영통구 신동,경상사고,0,0,1,0,차대차 - 정면충돌,안전운전불이행,건조,맑음,교차로 - 교차로안,승용,여,38세,상해없음,승용,여,35세,경상
2021111600100436,2021년 11월 16일 17시,화요일,경기도 수원시 장안구 영화동,중상사고,0,1,3,0,차대차 - 추돌,안전운전불이행,건조,맑음,단일로 - 지하차도(도로)내,승용,남,53세,상해없음,이륜,남,56세,경상