사고번호,사고일시,요일,시군구,사고내용,사망자수,중상자수,경상자수,부상신고자수,사고유형,법규위반,노면상태,기상상태,도로형태,가해운전자 차종,가해운전자 성별,가해운전자 연령,가해운전자 상해정도,피해운전자 차종,피해운전자 성별,피해운전자 연령,피해운전자 상해정도
2021112400100360,2021년 11월 24일 17시,수요일,경기도 수원시 권선구 고색동,경상사고,0,0,1,0,차대차 - 기타,안전운전불이행,건조,맑음,단일로 - 기타,승용,남,63세,상해없음,승용,남,24세,경상
2021112400100416,2021년 11월 24일 18시,수요일,경기도 수원시 영통구 이의동,경상사고,0,0,1,0,차대차 - 기타,안전운전불이행,건조,맑음,기타 - 기타,승용,여,56세,상해없음,승용,남,26세,경상
2021112400100417,2021년 11월 24일 18시,수요일,경기도 수원시 영통구 이의동,경상사고,0,0,2,0,차대차 - 추돌,안전운전불이행,젖음/습기,맑음,교차로 - 교차로횡단보도내,승합,남,47세,상해없음,승용,남,34세,경상
2021112400100513,2021년 11월 24일 20시,수요일,경기도 수원시 영통구 매탄동,경상사고,0,0,1,0,차대사람 - 기타,안전운전불이행,건조,맑음,교차로 - 교차로안,승용,남,47세,상해없음,보행자,남,59세,경상
2021112500100099,2021년 11월 25일 08시,목요일,경기도 수원시 장안구 영화동,경상사고,0,0,1,0,차대차 - 기타,안전거리미확보,건조,맑음,단일로 - 기타,승용,남,52세,상해없음,승용,남,30세,경상
2021112500100106,2021년 11월 25일 08시,목요일,경기도 수원시 팔달구 인계동,경상사고,0,0,1,0,차대차 - 측면충돌,교차로운행방법위반,건조,맑음,교차로 - 교차로안,승용,여,42세,상해없음,이륜,남,54세,경상
2021112500100107,2021년 11월 25일 08시,목요일,경기도 수원시 권선구 곡반정동,경상사고,0,0,1,0,차대차 - 측면충돌,차로위반,건조,맑음,단일로 - 기타,승용,여,49세,상해없음,승용,남,72세,경상
2021112500100141,2021년 11월 25일 09시,목요일,경기도 수원시 팔달구 화서동,경상사고,0,0,1,0,차대차 - 추돌,안전거리미확보,젖음/습기,맑음,교차로 - 교차로안,승용,여,33세,상해없음,승용,남,44세,경상
2021112500100218,2021년 11월 25일 11시,목요일,경기도 수원시 영통구 하동,중상사고,0,1,0,0,차대차 - 측면충돌,안전운전불이행,건조,맑음,교차로 - 교차로안,승용,남,31세,상해없음,원동기,남,45세,중상
2021112500100405,2021년 11월 25일 16시,목요일,경기도 수원시 장안구 율전동,경상사고,0,0,1,0,차량단독 - 기타,안전운전불이행,건조,맑음,단일로 - 기타,승합,남,64세,상해없음,,,,
2021112500100498,2021년 11월 25일 18시,목요일,경기도 수원시 팔달구 화서동,경상사고,0,0,2,0,차대차 - 추돌,교차로운행방법위반,건조,맑음,교차로 - 교차로부근,승용,남,55세,상해없음,승용,여,49세,경상
2021112500100564,2021년 11월 25일 19시,목요일,경기도 수원시 권선구 권선동,경상사고,0,0,1,0,차대차 - 측면충돌,안전운전불이행,건조,맑음,교차로 - 교차로부근,이륜,남,55세,상해없음,승용,여,40세,경상
2021112500100598,2021년 11월 25일 20시,목요일,경기도 수원시 권선구 호매실동,경상사고,0,0,3,0,차대차 - 추돌,안전운전불이행,건조,맑음,단일로 - 기타,화물,남,43세,상해없음,승용,여,25세,경상
2021112500100650,2021년 11월 25일 22시,목요일,경기도 수원시 권선구 고색동,경상사고,0,0,1,0,차대차 - 기타,안전운전불이행,건조,맑음,단일로 - 기타,승용,남,40세,상해없음,승용,여,48세,경상
2021112500100668,2021년 11월 25일 23시,목요일,경기도 수원시 권선구 평동,경상사고,0,0,1,0,차대차 - 추돌,신호위반,건조,맑음,교차로 - 교차로안,화물,여,48세,상해없음,승용,여,43세,경상
2021112600100023,2021년 11월 26일 01시,금요일,경기도 수원시 팔달구 우만동,경상사고,0,0,5,0,차대차 - 기타,안전운전불이행,건조,맑음,교차로 - 교차로안,승용,남,27세,상해없음,승용,남,51세,경상
2021112600100037,2021년 11월 26일 03시,금요일,경기도 수원시 권선구 평동,부상신고사고,0,0,0,3,차대차 - 추돌,안전운전불이행,건조,맑음,교차로 - 교차로부근,이륜,남,30세,부상신고,이륜,남,21세,부상신고
2021112600100056,2021년 11월 26일 06시,금요일,경기도 수원시 영통구 원천동,경상사고,0,0,1,0,차대차 - 기타,안전운전불이행,건조,맑음,단일로 - 기타,승용,남,53세,경상,건설기계,남,46세,상해없음
2021112600100078,2021년 11월 26일 07시,금요일,경기도 수원시 팔달구 인계동,경상사고,0,0,2,0,차대차 - 추돌,안전운전불이행,건조,맑음,교차로 - 교차로부근,승용,남,53세,상해없음,승용,남,35세,경상
2021112600100200,2021년 11월 26일 10시,금요일,경기도 수원시 장안구 정자동,경상사고,0,0,1,0,차대차 - 기타,차로위반,건조,맑음,교차로 - 교차로안,승용,여,66세,상해없음,승용,남,64세,경상
2021112600100260,2021년 11월 26일 12시,금요일,경기도 수원시 팔달구 화서동,경상사고,0,0,1,0,차대사람 - 길가장자리구역통행중,안전운전불이행,건조,맑음,단일로 - 기타,승용,남,42세,상해없음,보행자,남,79세,경상
2021112600100267,2021년 11월 26일 12시,금요일,경기도 수원시 권선구 권선동,경상사고,0,0,1,0,차대차 - 측면충돌,안전운전불이행,건조,맑음,기타 - 기타,승용,여,27세,상해없음,승용,여,47세,경상
2021112600100337,2021년 11월 26일 14시,금요일,경기도 수원시 권선구 세류동,경상사고,0,0,1,0,차대차 - 정면충돌,중앙선침범,건조,맑음,단일로 - 기타,승용,남,61세,상해없음,이륜,남,51세,경상
2021112600100382,2021년 11월 26일 15시,금요일,경기도 수원시 권선구 서둔동,경상사고,0,0,1,0,차대차 - 기타,차로위반,건조,맑음,단일로 - 기타,승용,남,60세,상해없음,화물,남,31세,상해없음
2021112600100420,2021년 11월 26일 16시,금요일,경기도 수원시 장안구 율전동,경상사고,0,0,3,0,차대차 - 기타,안전거리미확보,건조,맑음,단일로 - 기타,승용,남,29세,경상,승용,여,36세,경상
2021112600100424,2021년 11월 26일 16시,금요일,경기도 수원시 영통구 이의동,부상신고사고,0,0,0,1,차대차 - 측면충돌,안전운전불이행,건조,맑음,교차로 - 교차로안,승용,여,67세,부상신고,승합,남,59세,상해없음
2021112600100484,2021년 11월 26일 17시,금요일,경기도 수원시 팔달구 고등동,부상신고사고,0,0,0,1,차대차 - 기타,교차로운행방법위반,건조,맑음,교차로 - 교차로안,승용,남,59세,상해없음,이륜,남,33세,부상신고
2021112600100554,2021년 11월 26일 18시,금요일,경기도 수원시 권선구 구운동,부상신고사고,0,0,0,1,차대차 - 기타,직진우회전진행방해,건조,맑음,교차로 - 교차로안,화물,남,49세,상해없음,이륜,남,23세,부상신고
2021112600100555,2021년 11월 26일 18시,금요일,경기도 수원시 권선구 평리동,중상사고,0,1,0,0,차대사람 - 횡단중,안전운전불이행,건조,맑음,교차로 - 교차로안,승용,남,58세,상해없음,보행자,남,53세,중상
2021112600100556,2021년 11월 26일 18시,금요일,경기도 수원시 팔달구 고등동,경상사고,0,0,1,0,차대차 - 측면충돌,신호위반,건조,흐림,교차로 - 교차로부근,화물,남,59세,상해없음,승용,남,25세,경상
2021112600100557,2021년 11월 26일 18시,금요일,경기도 수원시 권선구 오목천동,경상사고,0,0,1,1,차대차 - 추돌,안전운전불이행,건조,맑음,교차로 - 교차로안,승용,여,33세,상해없음,승용,여,63세,경상
2021112600100617,2021년 11월 26일 19시,금요일,경기도 수원시 장안구 정자동,중상사고,0,1,0,0,차대차 - 정면충돌,신호위반,건조,맑음,교차로 - 교차로안,승용,남,42세,상해없음,이륜,남,61세,중상
2021112600100618,2021년 11월 26일 19시,금요일,경기도 수원시 장안구 율전동,경상사고,0,0,2,0,차대차 - 추돌,안전운전불이행,건조,맑음,단일로 - 기타,승용,남,63세,상해없음,승용,남,54세,경상
2021112700100004,2021년 11월 27일 00시,토요일,경기도 수원시 팔달구 화서동,경상사고,0,0,1,0,차대차 - 기타,안전운전불이행,건조,맑음,교차로 - 교차로안,승용,남,34세,상해없음,승용,여,57세,경상
2021112700100005,2021년 11월 27일 00시,토요일,경기도 수원시 팔달구 인계동,중상사고,0,1,0,0,차대차 - 기타,신호위반,건조,맑음,교차로 - 교차로안,승용,남,38세,상해없음,이륜,남,30세,중상
2021112700100058,2021년 11월 27일 06시,토요일,경기도 수원시 권선구 서둔동,경상사고,0,0,1,0,차대차 - 기타,안전운전불이행,건조,맑음,교차로 - 교차로부근,승용,여,30세,경상,승합,남,53세,상해없음
2021112700100095,2021년 11월 27일 09시,토요일,경기도 수원시 권선구 입북동,경상사고,0,0,1,1,차대차 - 추돌,안전거리미확보,건조,맑음,단일로 - 기타,건설기계,남,46세,상해없음,화물,남,74세,경상
2021112700100136,2021년 11월 27일 10시,토요일,경기도 수원시 영통구 영통동,중상사고,0,1,0,0,차대차 - 기타,안전운전불이행,건조,맑음,교차로 - 교차로안,승용,남,64세,상해없음,이륜,남,30세,중상
2021112700100159,2021년 11월 27일 11시,토요일,경기도 수원시 장안구 정자동,경상사고,0,0,1,0,차대차 - 정면충돌,신호위반,건조,맑음,단일로 - 기타,승용,여,55세,상해없음,이륜,남,29세,경상
2021112700100164,2021년 11월 27일 11시,토요일,경기도 수원시 영통구 이의동,경상사고,0,0,2,0,차대차 - 측면충돌,안전운전불이행,건조,맑음,단일로 - 기타,승용,남,58세,상해없음,승용,남,50세,경상
2021112700100165,2021년 11월 27일 11시,토요일,경기도 수원시 영통구 매탄동,경상사고,0,0,1,0,차대차 - 측면충돌,안전거리미확보,건조,맑음,단일로 - 기타,이륜,남,46세,상해없음,승용,남,37세,경상
2021112700100169,2021년 11월 27일 11시,토요일,경기도 수원시 팔달구 매산로1가,경상사고,0,0,1,0,차대사람 - 기타,안전운전불이행,건조,맑음,교차로 - 교차로안,승용,남,20세,상해없음,보행자,남,55세,경상
2021112700100204,2021년 11월 27일 12시,토요일,경기도 수원시 영통구 신동,중상사고,0,1,0,0,차대차 - 측면충돌,안전거리미확보,건조,맑음,단일로 - 기타,승용,여,47세,상해없음,원동기,남,50세,중상
2021112700100283,2021년 11월 27일 14시,토요일,경기도 수원시 장안구 정자동,경상사고,0,0,1,0,차대사람 - 횡단중,보행자보호의무위반,건조,맑음,교차로 - 교차로횡단보도내,승용,남,27세,상해없음,보행자,남,30세,경상
2021112700100284,2021년 11월 27일 14시,토요일,경기도 수원시 장안구 정자동,중상사고,0,1,0,0,차대사람 - 보도통행중,기타,건조,맑음,단일로 - 기타,개인형이동수단(PM),남,18세,상해없음,보행자,여,77세,중상
2021112700100285,2021년 11월 27일 14시,토요일,경기도 수원시 장안구 천천동,경상사고,0,0,1,0,차대차 - 측면충돌,신호위반,건조,맑음,교차로 - 교차로안,승용,남,29세,상해없음,이륜,남,40세,경상
2021112700100286,2021년 11월 27일 14시,토요일,경기도 수원시 팔달구 팔달로3가,경상사고,0,0,4,0,차대차 - 측면충돌,안전거리미확보,건조,맑음,교차로 - 교차로안,승합,남,60세,기타불명,승용,남,47세,경상
2021112700100293,2021년 11월 27일 14시,토요일,경기도 수원시 권선구 서둔동,경상사고,0,0,2,0,차대차 - 추돌,안전운전불이행,건조,맑음,교차로 - 교차로부근,승용,남,28세,상해없음,승용,남,35세,경상
2021112700100330,2021년 11월 27일 15시,토요일,경기도 수원시 권선구 권선동,경상사고,0,0,1,0,차대차 - 측면충돌,안전운전불이행,건조,맑음,단일로 - 기타,이륜,남,31세,상해없음,승용,여,46세,경상
2021112700100333,2021년 11월 27일 15시,토요일,경기도 수원시 팔달구 교동,경상사고,0,0,1,0,차대차 - 기타,기타,건조,맑음,기타 - 기타,이륜,남,58세,상해없음,승용,남,53세,경상
2021112700100463,2021년 11월 27일 18시,토요일,경기도 수원시 권선구 탑동,경상사고,0,0,1,0,차대차 - 기타,안전거리미확보,건조,맑음,교차로 - 교차로부근,승용,여,53세,상해없음,이륜,남,22세,경상
2021112700100512,2021년 11월 27일 19시,토요일,경기도 수원시 팔달구 우만동,경상사고,0,0,1,0,차대차 - 추돌,안전운전불이행,건조,맑음,교차로 - 교차로부근,이륜,남,56세,상해없음,승용,남,58세,경상
2021112700100515,2021년 11월 27일 19시,토요일,경기도 수원시 영통구 망포동,경상사고,0,0,1,0,차대차 - 기타,안전거리미확보,건조,맑음,단일로 - 기타,승용,남,68세,상해없음,이륜,남,38세,경상
2021112700100580,2021년 11월 27일 22시,토요일,경기도 수원시 팔달구 인계동,경상사고,0,0,1,0,차대사람 - 기타,안전운전불이행,건조,맑음,단일로 - 기타,승용,여,24세,상해없음,보행자,여,28세,경상
2021112700100581,2021년 11월 27일 22시,토요일,경기도 수원시 권선구 서둔동,경상사고,0,0,1,0,차대차 - 측면충돌,직진우회전진행방해,건조,맑음,교차로 - 교차로안,승용,남,20세,상해없음,승용,여,59세,경상
2021112800100022,2021년 11월 28일 01시,일요일,경기도 수원시 권선구 권선동,경상사고,0,0,1,0,차대차 - 측면충돌,안전거리미확보,건조,맑음,단일로 - 기타,승용,남,48세,상해없음,승용,남,58세,경상
2021112800100024,2021년 11월 28일 01시,일요일,경기도 수원시 권선구 호매실동,경상사고,0,0,3,0,차대차 - 추돌,안전운전불이행,건조,맑음,단일로 - 기타,승용,남,31세,상해없음,승용,남,52세,경상
2021112800100048,2021년 11월 28일 04시,일요일,경기도 수원시 장안구 정자동,경상사고,0,0,2,0,차대차 - 기타,직진우회전진행방해,건조,맑음,교차로 - 교차로안,원동기,남,38세,경상,화물,남,57세,상해없음
2021112800100061,2021년 11월 28일 06시,일요일,경기도 수원시 장안구 영화동,중상사고,0,1,0,0,차대사람 - 기타,신호위반,건조,흐림,교차로 - 교차로안,승용,남,59세,상해없음,보행자,여,80세,중상
2021112800100067,2021년 11월 28일 07시,일요일,경기도 수원시 장안구 정자동,경상사고,0,0,2,0,차대차 - 기타,신호위반,건조,맑음,교차로 - 교차로안,승용,여,52세,상해없음,승용,여,53세,경상
2021112800100068,2021년 11월 28일 07시,일요일,경기도 수원시 권선구 오목천동,경상사고,0,0,3,0,차대차 - 기타,신호위반,건조,맑음,교차로 - 교차로부근,승용,남,63세,상해없음,승용,여,25세,경상
2021112800100108,2021년 11월 28일 10시,일요일,경기도 수원시 팔달구 영동,경상사고,0,0,1,0,차대사람 - 기타,보행자보호의무위반,건조,맑음,교차로 - 교차로횡단보도내,승용,남,48세,상해없음,보행자,남,51세,경상
2021112800100258,2021년 11월 28일 15시,일요일,경기도 수원시 팔달구 장안동,경상사고,0,0,1,0,차대사람 - 기타,안전운전불이행,건조,맑음,단일로 - 기타,승용,여,24세,상해없음,보행자,여,72세,경상
2021112800100288,2021년 11월 28일 16시,일요일,경기도 수원시 장안구 율전동,중상사고,0,1,0,0,차대차 - 측면충돌,안전운전불이행,건조,맑음,교차로 - 교차로안,승용,남,63세,상해없음,승용,여,44세,중상
2021112800100345,2021년 11월 28일 18시,일요일,경기도 수원시 영통구 원천동,경상사고,0,0,2,0,차대차 - 추돌,안전운전불이행,건조,맑음,교차로 - 교차로부근,승용,남,66세,상해없음,승용,남,45세,경상
2021112800100413,2021년 11월 28일 20시,일요일,경기도 수원시 팔달구 북수동,경상사고,0,0,2,0,차대차 - 정면충돌,중앙선침범,건조,맑음,교차로 - 교차로부근,승용,여,25세,상해없음,승용,여,28세,경상
2021112800100445,2021년 11월 28일 21시,일요일,경기도 수원시 권선구 평동,중상사고,0,1,1,0,차대차 - 측면충돌,교차로운행방법위반,건조,맑음,교차로 - 교차로안,승용,남,51세,중상,승용,남,44세,경상
2021112900100032,2021년 11월 29일 06시,월요일,경기도 수원시 장안구 연무동,경상사고,0,0,1,0,차대차 - 측면충돌,직진우회전진행방해,건조,맑음,교차로 - 교차로안,이륜,남,43세,상해없음,화물,남,39세,상해없음
2021112900100037,2021년 11월 29일 06시,월요일,경기도 수원시 권선구 곡반정동,부상신고사고,0,0,0,1,차대사람 - 횡단중,안전운전불이행,건조,맑음,단일로 - 기타,화물,남,24세,상해없음,보행자,남,84세,부상신고
2021112900100153,2021년 11월 29일 09시,월요일,경기도 수원시 팔달구 장안동,경상사고,0,0,3,0,차대차 - 추돌,교차로운행방법위반,건조,맑음,교차로 - 교차로안,승용,여,27세,경상,승용,여,36세,경상
2021112900100182,2021년 11월 29일 10시,월요일,경기도 수원시 팔달구 우만동,경상사고,0,0,1,0,차대차 - 후진중충돌,안전운전불이행,건조,맑음,교차로 - 교차로부근,승용,남,44세,상해없음,승용,남,57세,경상
2021112900100237,2021년 11월 29일 12시,월요일,경기도 수원시 영통구 원천동,경상사고,0,0,1,0,차대차 - 측면충돌,교차로운행방법위반,건조,맑음,교차로 - 교차로안,승용,여,53세,상해없음,승용,여,57세,경상
2021112900100267,2021년 11월 29일 13시,월요일,경기도 수원시 영통구 이의동,경상사고,0,0,1,1,차대차 - 기타,교차로운행방법위반,건조,맑음,교차로 - 교차로안,승용,여,32세,부상신고,승용,여,46세,경상
2021112900100300,2021년 11월 29일 14시,월요일,경기도 수원시 장안구 이목동,경상사고,0,0,1,0,차대차 - 추돌,안전운전불이행,건조,맑음,단일로 - 기타,승용,남,63세,상해없음,화물,남,40세,경상
2021112900100304,2021년 11월 29일 14시,월요일,경기도 수원시 영통구 하동,중상사고,0,1,5,0,차대차 - 측면충돌,신호위반,건조,맑음,단일로 - 기타,승용,남,50세,경상,승합,남,52세,경상
2021112900100307,2021년 11월 29일 14시,월요일,경기도 수원시 권선구 구운동,경상사고,0,0,1,0,차대차 - 기타,안전운전불이행,건조,맑음,교차로 - 교차로부근,승용,남,24세,상해없음,이륜,남,26세,경상
2021112900100350,2021년 11월 29일 15시,월요일,경기도 수원시 팔달구 지동,경상사고,0,0,1,0,차대차 - 추돌,안전운전불이행,건조,흐림,단일로 - 기타,승용,남,54세,상해없음,승용,남,32세,경상
2021112900100392,2021년 11월 29일 16시,월요일,경기도 수원시 장안구 정자동,경상사고,0,0,1,0,차대사람 - 보도통행중,보행자보호의무위반,건조,맑음,단일로 - 기타,이륜,남,20세,상해없음,보행자,여,8세,경상
2021112900100432,2021년 11월 29일 17시,월요일,경기도 수원시 팔달구 우만동,경상사고,0,0,1,0,차량단독 - 기타,기타,건조,맑음,단일로 - 기타,승합,남,58세,상해없음,,,,
2021112900100437,2021년 11월 29일 17시,월요일,경기도 수원시 장안구 율전동,중상사고,0,1,0,0,차대차 - 측면충돌,중앙선침범,건조,맑음,교차로 - 교차로부근,승용,남,46세,상해없음,이륜,남,23세,중상
2021112900100438,2021년 11월 29일 17시,월요일,경기도 수원시 팔달구 매산로1가,경상사고,0,0,2,0,차대차 - 추돌,안전거리미확보,건조,맑음,단일로 - 고가도로위,승용,여,53세,경상,승용,남,27세,상해없음
2021112900100492,2021년 11월 29일 18시,월요일,경기도 수원시 권선구 구운동,경상사고,0,0,1,0,차대차 - 측면충돌,교차로운행방법위반,건조,맑음,교차로 - 교차로안,승용,여,44세,상해없음,이륜,남,20세,경상
2021112900100566,2021년 11월 29일 20시,월요일,경기도 수원시 장안구 정자동,경상사고,0,0,3,0,차대차 - 추돌,안전운전불이행,건조,맑음,단일로 - 기타,승용,남,27세,상해없음,승용,남,56세,경상
2021112900100592,2021년 11월 29일 21시,월요일,경기도 수원시 팔달구 매산로2가,경상사고,0,0,1,0,차대사람 - 횡단중,보행자보호의무위반,건조,맑음,교차로 - 교차로횡단보도내,승용,남,59세,상해없음,보행자,남,23세,경상
2021113000100004,2021년 11월 30일 00시,화요일,경기도 수원시 영통구 매탄동,경상사고,0,0,1,0,차대차 - 기타,중앙선침범,건조,맑음,단일로 - 기타,승용,남,40세,상해없음,승용,남,37세,경상
2021113000100030,2021년 11월 30일 05시,화요일,경기도 수원시 팔달구 고등동,부상신고사고,0,0,0,5,차대차 - 측면충돌,안전운전불이행,젖음/습기,비,단일로 - 기타,화물,남,56세,부상신고,승용,남,50세,부상신고
2021113000100050,2021년 11월 30일 06시,화요일,경기도 수원시 팔달구 매산로1가,경상사고,0,0,1,0,차대차 - 추돌,안전운전불이행,젖음/습기,비,교차로 - 교차로부근,승합,남,65세,상해없음,승용,남,52세,경상
2021113000100051,2021년 11월 30일 06시,화요일,경기도 수원시 권선구 고색동,경상사고,0,0,1,0,차대차 - 측면충돌,안전거리미확보,젖음/습기,비,단일로 - 기타,승용,남,57세,상해없음,승용,남,54세,경상
2021113000100126,2021년 11월 30일 08시,화요일,경기도 수원시 권선구 평동,경상사고,0,0,1,0,차대차 - 추돌,안전거리미확보,젖음/습기,비,교차로 - 교차로부근,승합,남,66세,상해없음,승용,남,56세,상해없음
2021113000100175,2021년 11월 30일 09시,화요일,경기도 수원시 권선구 금곡동,경상사고,0,0,2,0,차대차 - 추돌,안전운전불이행,건조,맑음,단일로 - 기타,화물,남,59세,상해없음,승용,여,35세,경상
2021113000100205,2021년 11월 30일 10시,화요일,경기도 수원시 장안구 영화동,경상사고,0,0,2,0,차대차 - 추돌,안전운전불이행,젖음/습기,비,단일로 - 기타,승용,남,27세,상해없음,승용,남,44세,경상
2021113000100244,2021년 11월 30일 11시,화요일,경기도 수원시 권선구 금곡동,경상사고,0,0,1,0,차대차 - 추돌,안전운전불이행,건조,맑음,단일로 - 기타,승용,남,63세,상해없음,화물,남,34세,경상
2021113000100271,2021년 11월 30일 12시,화요일,경기도 수원시 영통구 원천동,중상사고,0,1,0,0,차대차 - 측면충돌,차로위반,젖음/습기,비,단일로 - 기타,화물,남,35세,상해없음,이륜,남,21세,중상
2021113000100272,2021년 11월 30일 12시,화요일,경기도 수원시 영통구 매탄동,경상사고,0,0,1,0,차대차 - 측면충돌,안전거리미확보,젖음/습기,비,단일로 - 기타,승용,여,39세,상해없음,승용,남,39세,경상
2021113000100299,2021년 11월 30일 13시,화요일,경기도 수원시 팔달구 화서동,중상사고,0,1,0,0,차대차 - 추돌,안전운전불이행,건조,맑음,단일로 - 기타,화물,남,53세,상해없음,승합,여,59세,중상
2021113000100328,2021년 11월 30일 14시,화요일,경기도 수원시 권선구 세류동,경상사고,0,0,1,0,차대차 - 측면충돌,안전운전불이행,젖음/습기,흐림,교차로 - 교차로안,이륜,남,61세,경상,승용,여,33세,상해없음
2021113000100392,2021년 11월 30일 16시,화요일,경기도 수원시 영통구 영통동,경상사고,0,0,1,0,차대차 - 측면충돌,안전운전불이행,건조,맑음,단일로 - 기타,승용,남,54세,상해없음,개인형이동수단(PM),남,29세,경상
2021113000100393,2021년 11월 30일 16시,화요일,경기도 수원시 팔달구 인계동,경상사고,0,0,1,0,차대차 - 측면충돌,안전운전불이행,건조,맑음,단일로 - 기타,승용,남,57세,상해없음,승용,여,35세,경상
2021113000100428,2021년 11월 30일 17시,화요일,경기도 수원시 팔달구 우만동,경상사고,0,0,1,0,차대사람 - 횡단중,보행자보호의무위반,젖음/습기,맑음,교차로 - 교차로횡단보도내,승용,남,35세,상해없음,보행자,남,17세,경상
2021113000100438,2021년 11월 30일 17시,화요일,경기도 수원시 권선구 호매실동,경상사고,0,0,1,0,차대차 - 측면충돌,안전거리미확보,건조,맑음,단일로 - 기타,승용,여,59세,상해없음,승용,남,40세,경상
2021113000100543,2021년 11월 30일 19시,화요일,경기도 수원시 장안구 영화동,경상사고,0,0,2,0,차대차 - 후진중충돌,안전운전불이행,건조,맑음,기타 - 기타,승용,남,59세,상해없음,승용,남,28세,상해없음
2021113000100580,2021년 11월 30일 20시,화요일,경기도 수원시 영통구 영통동,경상사고,0,0,1,1,차대차 - 측면충돌,안전운전불이행,건조,맑음,교차로 - 교차로부근,이륜,남,37세,부상신고,이륜,남,43세,경상
2021113000100582,2021년 11월 30일 20시,화요일,경기도 수원시 권선구 세류동,경상사고,0,0,1,0,차대차 - 추돌,안전운전불이행,건조,맑음,교차로 - 교차로부근,승용,남,31세,상해없음,승용,남,52세,경상
2021120100100018,2021년 12월 1일 01시,수요일,경기도 수원시 팔달구 인계동,중상사고,0,2,0,0,차대차 - 측면충돌,신호위반,건조,맑음,기타 - 기타,승용,여,66세,상해없음,승용,남,50세,중상
2021120100100052,2021년 12월 1일 06시,수요일,경기도 수원시 영통구 망포동,중상사고,0,1,0,0,차대사람 - 횡단중,신호위반,건조,맑음,교차로 - 교차로안,승용,여,24세,상해없음,보행자,여,71세,중상
2021120100100053,2021년 12월 1일 06시,수요일,경기도 수원시 권선구 권선동,경상사고,0,0,1,0,차대사람 - 횡단중,안전운전불이행,건조,맑음,단일로 - 기타,화물,남,61세,상해없음,보행자,여,74세,경상
2021120100100098,2021년 12월 1일 08시,수요일,경기도 수원시 팔달구 매교동,경상사고,0,0,1,0,차대사람 - 기타,안전운전불이행,건조,맑음,기타 - 기타,승용,남,41세,상해없음,보행자,남,46세,경상
2021120100100099,2021년 12월 1일 08시,수요일,경기도 수원시 장안구 파장동,경상사고,0,0,8,0,차대차 - 기타,안전운전불이행,건조,맑음,단일로 - 기타,승용,남,30세,경상,승용,남,56세,경상
2021120100100141,2021년 12월 1일 09시,수요일,경기도 수원시 팔달구 매산로3가,경상사고,0,0,1,0,차대차 - 측면충돌,불법유턴,건조,맑음,교차로 - 교차로안,자전거,남,36세,경상,승용,여,53세,상해없음
2021120100100181,2021년 12월 1일 10시,수요일,경기도 수원시 영통구 이의동,경상사고,0,0,2,0,차대차 - 측면충돌,안전거리미확보,건조,맑음,단일로 - 기타,화물,남,58세,상해없음,승용,남,41세,경상
2021120100100207,2021년 12월 1일 11시,수요일,경기도 수원시 장안구 이목동,경상사고,0,0,1,0,차대차 - 정면충돌,신호위반,건조,맑음,교차로 - 교차로부근,승용,여,15세,상해없음,승용,남,31세,경상
2021120100100266,2021년 12월 1일 13시,수요일,경기도 수원시 권선구 구운동,경상사고,0,0,1,0,차대차 - 측면충돌,안전거리미확보,건조,맑음,교차로 - 교차로부근,승용,여,56세,상해없음,승용,여,52세,경상
2021120100100299,2021년 12월 1일 14시,수요일,경기도 수원시 권선구 구운동,경상사고,0,0,1,0,차대차 - 측면충돌,신호위반,건조,맑음,교차로 - 교차로부근,승용,남,38세,상해없음,화물,남,44세,경상
2021120100100330,2021년 12월 1일 15시,수요일,경기도 수원시 팔달구 고등동,경상사고,0,0,1,0,차대차 - 기타,안전거리미확보,건조,맑음,단일로 - 기타,승용,여,30세,상해없음,승합,남,65세,경상
2021120100100363,2021년 12월 1일 16시,수요일,경기도 수원시 장안구 영화동,경상사고,0,0,2,0,차대차 - 기타,안전거리미확보,건조,맑음,단일로 - 기타,승용,여,45세,상해없음,승용,남,59세,경상
2021120100100365,2021년 12월 1일 16시,수요일,경기도 수원시 영통구 원천동,경상사고,0,0,1,0,차대차 - 추돌,안전운전불이행,건조,맑음,기타 - 기타,화물,남,61세,상해없음,승합,남,59세,경상
2021120100100401,2021년 12월 1일 17시,수요일,경기도 수원시 권선구 세류동,경상사고,0,0,2,0,차대차 - 측면충돌,교차로운행방법위반,건조,맑음,교차로 - 교차로안,승용,여,20세,상해없음,승용,여,57세,경상
2021120100100468,2021년 12월 1일 18시,수요일,경기도 수원시 영통구 신동,경상사고,0,0,1,0,차대차 - 측면충돌,안전운전불이행,건조,맑음,교차로 - 교차로부근,승용,남,47세,상해없음,승용,여,31세,경상
2021120100100586,2021년 12월 1일 21시,수요일,경기도 수원시 영통구 이의동,경상사고,0,0,1,0,차대차 - 측면충돌,안전거리미확보,건조,맑음,교차로 - 교차로안,승용,남,54세,기타불명,승용,남,47세,경상