사고번호,사고일시,요일,시군구,사고내용,사망자수,중상자수,경상자수,부상신고자수,사고유형,법규위반,노면상태,기상상태,도로형태,가해운전자 차종,가해운전자 성별,가해운전자 연령,가해운전자 상해정도,피해운전자 차종,피해운전자 성별,피해운전자 연령,피해운전자 상해정도
2021120100100588,2021년 12월 1일 21시,수요일,경기도 수원시 권선구 탑동,경상사고,0,0,1,0,차대차 - 기타,안전운전불이행,건조,맑음,교차로 - 교차로부근,이륜,남,32세,경상,승용,남,49세,상해없음
2021120100100605,2021년 12월 1일 22시,수요일,경기도 수원시 장안구 연무동,경상사고,0,0,1,0,차대차 - 기타,안전거리미확보,건조,맑음,단일로 - 기타,승용,여,34세,상해없음,승용,여,28세,경상
2021120200100009,2021년 12월 2일 00시,목요일,경기도 수원시 영통구 영통동,경상사고,0,0,1,0,차대차 - 추돌,안전운전불이행,건조,맑음,교차로 - 교차로안,승용,남,54세,상해없음,승용,남,58세,경상
2021120200100105,2021년 12월 2일 08시,목요일,경기도 수원시 영통구 원천동,경상사고,0,0,1,0,차대사람 - 횡단중,신호위반,건조,맑음,교차로 - 교차로부근,승용,남,61세,상해없음,보행자,여,29세,경상
2021120200100106,2021년 12월 2일 08시,목요일,경기도 수원시 권선구 권선동,경상사고,0,0,3,0,차대차 - 측면충돌,교차로운행방법위반,건조,맑음,교차로 - 교차로안,승용,여,38세,경상,승용,남,29세,경상
2021120200100213,2021년 12월 2일 11시,목요일,경기도 수원시 권선구 고색동,경상사고,0,0,1,0,차대차 - 측면충돌,안전거리미확보,건조,맑음,단일로 - 기타,화물,여,73세,상해없음,승용,남,28세,경상
2021120200100341,2021년 12월 2일 15시,목요일,경기도 수원시 장안구 송죽동,중상사고,0,2,3,0,차대차 - 기타,안전운전불이행,건조,맑음,단일로 - 기타,승용,남,38세,경상,승합,남,56세,경상
2021120200100380,2021년 12월 2일 16시,목요일,경기도 수원시 영통구 원천동,경상사고,0,0,1,0,차대차 - 추돌,안전운전불이행,건조,맑음,교차로 - 교차로부근,화물,남,68세,상해없음,승용,남,40세,경상
2021120200100417,2021년 12월 2일 17시,목요일,경기도 수원시 영통구 원천동,경상사고,0,0,1,0,차대사람 - 횡단중,안전운전불이행,건조,맑음,기타 - 기타,개인형이동수단(PM),남,16세,상해없음,보행자,여,60세,경상
2021120200100418,2021년 12월 2일 17시,목요일,경기도 수원시 영통구 이의동,경상사고,0,0,2,0,차대차 - 측면충돌,안전거리미확보,건조,맑음,교차로 - 교차로안,승용,남,69세,상해없음,승용,여,36세,경상
2021120200100419,2021년 12월 2일 17시,목요일,경기도 수원시 권선구 구운동,경상사고,0,0,1,0,차대차 - 기타,안전운전불이행,건조,맑음,단일로 - 기타,승용,여,57세,상해없음,승용,남,43세,경상
2021120200100472,2021년 12월 2일 18시,목요일,경기도 수원시 권선구 곡반정동,경상사고,0,0,1,0,차대차 - 정면충돌,차로위반,건조,맑음,단일로 - 기타,승용,여,59세,상해없음,승용,여,53세,경상
2021120200100547,2021년 12월 2일 20시,목요일,경기도 수원시 장안구 천천동,경상사고,0,0,4,0,차대차 - 측면충돌,안전운전불이행,건조,맑음,교차로 - 교차로안,승용,여,54세,경상,승용,남,20세,경상
2021120200100550,2021년 12월 2일 20시,목요일,경기도 수원시 영통구 이의동,경상사고,0,0,1,0,차대차 - 측면충돌,안전거리미확보,젖음/습기,비,단일로 - 기타,승용,여,47세,상해없음,이륜,남,46세,경상
2021120300100006,2021년 12월 3일 00시,금요일,경기도 수원시 권선구 곡반정동,경상사고,0,0,2,0,차대차 - 측면충돌,안전운전불이행,건조,맑음,교차로 - 교차로안,승용,남,16세,상해없음,화물,남,61세,경상
2021120300100027,2021년 12월 3일 02시,금요일,경기도 수원시 권선구 세류동,경상사고,0,0,1,0,차대차 - 기타,직진우회전진행방해,젖음/습기,비,교차로 - 교차로안,승용,여,52세,상해없음,이륜,남,53세,경상
2021120300100065,2021년 12월 3일 06시,금요일,경기도 수원시 팔달구 화서동,중상사고,0,1,0,0,차대차 - 추돌,신호위반,건조,맑음,교차로 - 교차로안,건설기계,남,73세,상해없음,승용,남,62세,중상
2021120300100089,2021년 12월 3일 07시,금요일,경기도 수원시 장안구 조원동,부상신고사고,0,0,0,1,차대차 - 기타,안전거리미확보,서리/결빙,눈,교차로 - 교차로부근,이륜,남,63세,부상신고,승용,남,52세,상해없음
2021120300100108,2021년 12월 3일 07시,금요일,경기도 수원시 영통구 하동,경상사고,0,0,2,0,차대차 - 기타,안전운전불이행,서리/결빙,맑음,단일로 - 기타,승용,남,55세,상해없음,승용,남,24세,경상
2021120300100193,2021년 12월 3일 09시,금요일,경기도 수원시 권선구 권선동,중상사고,0,1,0,0,차대차 - 측면충돌,차로위반,건조,맑음,단일로 - 기타,승용,여,43세,상해없음,승용,여,26세,중상
2021120300100299,2021년 12월 3일 12시,금요일,경기도 수원시 팔달구 우만동,경상사고,0,0,1,0,차대사람 - 기타,안전운전불이행,건조,맑음,단일로 - 기타,승용,남,40세,상해없음,보행자,남,24세,경상
2021120300100335,2021년 12월 3일 13시,금요일,경기도 수원시 영통구 이의동,경상사고,0,0,1,0,차대사람 - 보도통행중,신호위반,건조,맑음,기타 - 기타,승용,여,26세,상해없음,보행자,남,29세,경상
2021120300100543,2021년 12월 3일 18시,금요일,경기도 수원시 장안구 정자동,경상사고,0,0,1,0,차량단독 - 기타,교차로운행방법위반,건조,맑음,단일로 - 기타,승용,남,57세,상해없음,,,,
2021120300100613,2021년 12월 3일 19시,금요일,경기도 수원시 영통구 신동,경상사고,0,0,1,0,차대차 - 후진중충돌,안전운전불이행,건조,맑음,단일로 - 기타,승용,남,63세,상해없음,이륜,남,36세,경상
2021120300100712,2021년 12월 3일 22시,금요일,경기도 수원시 권선구 금곡동,중상사고,0,1,1,0,차대차 - 측면충돌,안전운전불이행,건조,맑음,교차로 - 교차로안,승용,남,52세,상해없음,승용,남,64세,중상
2021120300100732,2021년 12월 3일 23시,금요일,경기도 수원시 영통구 매탄동,경상사고,0,0,1,0,차대사람 - 기타,안전운전불이행,건조,맑음,단일로 - 기타,승용,남,28세,상해없음,보행자,남,37세,경상
2021120400100156,2021년 12월 4일 11시,토요일,경기도 수원시 권선구 세류동,경상사고,0,0,2,0,차대차 - 측면충돌,신호위반,건조,맑음,교차로 - 교차로안,승용,남,51세,상해없음,승용,남,57세,경상
2021120400100195,2021년 12월 4일 12시,토요일,경기도 수원시 영통구 영통동,경상사고,0,0,2,1,차대차 - 측면충돌,안전운전불이행,건조,맑음,교차로 - 교차로안,승용,여,25세,부상신고,승용,남,25세,경상
2021120400100260,2021년 12월 4일 14시,토요일,경기도 수원시 팔달구 팔달로3가,중상사고,0,1,5,0,차량단독 - 기타,안전운전불이행,건조,맑음,단일로 - 기타,승합,남,57세,상해없음,,,,
2021120400100358,2021년 12월 4일 17시,토요일,경기도 수원시 권선구 세류동,경상사고,0,0,1,0,차대차 - 기타,직진우회전진행방해,건조,맑음,교차로 - 교차로안,개인형이동수단(PM),여,20세,경상,승용,남,55세,상해없음
2021120400100359,2021년 12월 4일 17시,토요일,경기도 수원시 권선구 평동,경상사고,0,0,1,0,차대차 - 측면충돌,신호위반,건조,맑음,교차로 - 교차로부근,승용,남,53세,상해없음,승용,남,47세,경상
2021120400100360,2021년 12월 4일 17시,토요일,경기도 수원시 권선구 입북동,경상사고,0,0,3,0,차대차 - 측면충돌,신호위반,건조,맑음,단일로 - 기타,승용,남,57세,경상,승용,여,59세,경상
2021120400100448,2021년 12월 4일 19시,토요일,경기도 수원시 영통구 영통동,경상사고,0,0,1,0,차대차 - 측면충돌,안전운전불이행,건조,맑음,기타 - 기타,이륜,남,48세,상해없음,승용,남,40세,경상
2021120400100473,2021년 12월 4일 20시,토요일,경기도 수원시 권선구 권선동,중상사고,0,1,0,0,차대사람 - 기타,안전운전불이행,건조,맑음,단일로 - 기타,승용,남,20세,상해없음,보행자,남,30세,중상
2021120400100474,2021년 12월 4일 20시,토요일,경기도 수원시 권선구 세류동,경상사고,0,0,1,0,차대차 - 측면충돌,안전운전불이행,건조,맑음,단일로 - 기타,승용,남,82세,상해없음,승용,남,31세,경상
2021120400100475,2021년 12월 4일 20시,토요일,경기도 수원시 권선구 호매실동,경상사고,0,0,1,0,차대차 - 기타,신호위반,건조,맑음,교차로 - 교차로안,이륜,남,30세,상해없음,이륜,남,32세,경상
2021120400100492,2021년 12월 4일 21시,토요일,경기도 수원시 장안구 파장동,경상사고,0,0,1,0,차대사람 - 기타,안전운전불이행,건조,맑음,단일로 - 기타,승용,남,59세,상해없음,보행자,여,40세,경상
2021120400100493,2021년 12월 4일 21시,토요일,경기도 수원시 장안구 율전동,경상사고,0,0,1,1,차대차 - 기타,교차로운행방법위반,건조,맑음,교차로 - 교차로안,이륜,남,17세,부상신고,승용,남,31세,경상
2021120400100552,2021년 12월 4일 23시,토요일,경기도 수원시 영통구 영통동,경상사고,0,0,1,0,차대차 - 측면충돌,신호위반,건조,맑음,교차로 - 교차로안,이륜,남,37세,상해없음,자전거,남,30세,경상
2021120500100030,2021년 12월 5일 02시,일요일,경기도 수원시 권선구 권선동,경상사고,0,0,5,0,차대차 - 측면충돌,교차로운행방법위반,건조,맑음,기타 - 기타,승용,남,67세,상해없음,승용,남,54세,경상
2021120500100056,2021년 12월 5일 06시,일요일,경기도 수원시 권선구 권선동,경상사고,0,0,2,0,차대차 - 측면충돌,신호위반,건조,맑음,교차로 - 교차로안,승용,여,48세,경상,승용,남,39세,경상
2021120500100065,2021년 12월 5일 07시,일요일,경기도 수원시 팔달구 인계동,사망사고,1,0,0,0,차대사람 - 기타,안전운전불이행,건조,맑음,단일로 - 기타,승용,남,51세,상해없음,보행자,남,66세,사망
2021120500100213,2021년 12월 5일 14시,일요일,경기도 수원시 장안구 천천동,경상사고,0,0,1,0,차대차 - 기타,안전운전불이행,건조,맑음,교차로 - 교차로부근,승합,남,55세,상해없음,승용,여,47세,상해없음
2021120500100239,2021년 12월 5일 15시,일요일,경기도 수원시 장안구 정자동,경상사고,0,0,1,0,차대차 - 기타,안전운전불이행,건조,맑음,교차로 - 교차로부근,승용,남,31세,기타불명,이륜,남,41세,경상
2021120500100265,2021년 12월 5일 16시,일요일,경기도 수원시 팔달구 화서동,부상신고사고,0,0,0,1,차대차 - 기타,안전운전불이행,건조,맑음,교차로 - 교차로안,자전거,남,44세,상해없음,승용,여,28세,상해없음
2021120500100303,2021년 12월 5일 17시,일요일,경기도 수원시 권선구 입북동,경상사고,0,0,9,0,차대차 - 추돌,안전거리미확보,젖음/습기,맑음,단일로 - 기타,승용,남,41세,경상,승용,남,27세,경상
2021120500100326,2021년 12월 5일 18시,일요일,경기도 수원시 팔달구 화서동,경상사고,0,0,1,0,차대사람 - 기타,안전운전불이행,건조,맑음,교차로 - 교차로부근,승용,남,41세,상해없음,보행자,남,40세,경상
2021120500100395,2021년 12월 5일 20시,일요일,경기도 수원시 권선구 구운동,경상사고,0,0,1,0,차대차 - 기타,기타,건조,맑음,단일로 - 기타,자전거,여,53세,경상,승용,남,53세,상해없음
2021120600100015,2021년 12월 6일 05시,월요일,경기도 수원시 장안구 송죽동,부상신고사고,0,0,0,1,차대차 - 기타,교차로운행방법위반,건조,흐림,교차로 - 교차로안,승용,남,65세,상해없음,승용,남,46세,부상신고
2021120600100016,2021년 12월 6일 05시,월요일,경기도 수원시 팔달구 인계동,경상사고,0,0,1,0,차대차 - 추돌,기타,건조,맑음,단일로 - 기타,승용,남,29세,상해없음,승용,남,71세,경상
2021120600100111,2021년 12월 6일 09시,월요일,경기도 수원시 장안구 영화동,경상사고,0,0,1,0,차대차 - 기타,교차로운행방법위반,건조,맑음,교차로 - 교차로안,자전거,남,60세,경상,승용,남,26세,상해없음
2021120600100171,2021년 12월 6일 11시,월요일,경기도 수원시 권선구 평동,경상사고,0,0,1,1,차량단독 - 기타,안전운전불이행,건조,맑음,단일로 - 기타,승합,남,51세,상해없음,,,,
2021120600100210,2021년 12월 6일 12시,월요일,경기도 수원시 권선구 고색동,사망사고,1,0,0,0,차대차 - 기타,신호위반,건조,맑음,교차로 - 교차로안,화물,남,62세,상해없음,원동기,남,67세,사망
2021120600100265,2021년 12월 6일 14시,월요일,경기도 수원시 장안구 연무동,중상사고,0,1,0,0,차량단독 - 기타,기타,건조,맑음,단일로 - 기타,승합,남,63세,상해없음,,,,
2021120600100290,2021년 12월 6일 15시,월요일,경기도 수원시 팔달구 우만동,경상사고,0,0,1,0,차대차 - 기타,안전운전불이행,건조,맑음,단일로 - 기타,승용,남,46세,상해없음,이륜,남,28세,경상
2021120600100291,2021년 12월 6일 15시,월요일,경기도 수원시 팔달구 팔달로2가,경상사고,0,0,1,0,차대사람 - 기타,기타,건조,맑음,단일로 - 기타,기타불명,기타불명,미분류,기타불명,보행자,여,78세,경상
2021120600100367,2021년 12월 6일 17시,월요일,경기도 수원시 권선구 호매실동,경상사고,0,0,2,0,차대차 - 측면충돌,안전운전불이행,건조,맑음,교차로 - 교차로안,승용,남,67세,상해없음,건설기계,남,55세,상해없음
2021120600100414,2021년 12월 6일 18시,월요일,경기도 수원시 팔달구 인계동,중상사고,0,1,1,0,차대차 - 추돌,안전거리미확보,건조,맑음,단일로 - 기타,이륜,남,45세,중상,화물,남,64세,경상
2021120600100415,2021년 12월 6일 18시,월요일,경기도 수원시 장안구 조원동,경상사고,0,0,1,0,차대차 - 후진중충돌,안전운전불이행,건조,맑음,주차장 - 주차장,승용,남,59세,상해없음,승용,남,46세,경상
2021120600100424,2021년 12월 6일 18시,월요일,경기도 수원시 팔달구 고등동,경상사고,0,0,1,0,차대차 - 기타,안전운전불이행,건조,맑음,단일로 - 기타,승용,여,53세,상해없음,승용,남,27세,경상
2021120600100467,2021년 12월 6일 19시,월요일,경기도 수원시 영통구 원천동,부상신고사고,0,0,0,1,차대차 - 기타,기타,건조,맑음,단일로 - 기타,승용,남,54세,상해없음,자전거,남,60세,부상신고
2021120600100547,2021년 12월 6일 22시,월요일,경기도 수원시 권선구 세류동,경상사고,0,0,1,0,차대차 - 측면충돌,안전운전불이행,건조,맑음,교차로 - 교차로안,이륜,남,28세,상해없음,승용,여,42세,경상
2021120600100569,2021년 12월 6일 23시,월요일,경기도 수원시 팔달구 인계동,경상사고,0,0,5,0,차대차 - 기타,안전운전불이행,건조,맑음,교차로 - 교차로부근,승용,남,39세,상해없음,승용,남,18세,경상
2021120700100002,2021년 12월 7일 00시,화요일,경기도 수원시 장안구 연무동,중상사고,0,1,1,0,차대차 - 추돌,신호위반,건조,맑음,교차로 - 교차로안,승용,남,62세,상해없음,승용,남,46세,경상
2021120700100048,2021년 12월 7일 06시,화요일,경기도 수원시 영통구 영통동,중상사고,0,1,0,0,차대사람 - 차도통행중,안전운전불이행,건조,맑음,교차로 - 교차로부근,승용,남,60세,상해없음,보행자,여,30세,중상
2021120700100050,2021년 12월 7일 06시,화요일,경기도 수원시 권선구 고색동,경상사고,0,0,1,0,차대사람 - 기타,기타,건조,맑음,교차로 - 교차로안,승합,남,60세,상해없음,보행자,여,50세,경상
2021120700100068,2021년 12월 7일 07시,화요일,경기도 수원시 권선구 호매실동,경상사고,0,0,1,0,차대차 - 추돌,안전거리미확보,건조,맑음,단일로 - 기타,승용,남,24세,상해없음,승용,남,27세,상해없음
2021120700100093,2021년 12월 7일 08시,화요일,경기도 수원시 팔달구 인계동,중상사고,0,1,0,0,차대사람 - 기타,안전운전불이행,건조,맑음,단일로 - 기타,승용,남,36세,상해없음,보행자,남,69세,중상
2021120700100094,2021년 12월 7일 08시,화요일,경기도 수원시 권선구 권선동,경상사고,0,0,1,0,차대사람 - 기타,안전운전불이행,건조,맑음,단일로 - 기타,승용,여,43세,상해없음,보행자,여,11세,경상
2021120700100126,2021년 12월 7일 09시,화요일,경기도 수원시 장안구 연무동,중상사고,0,1,1,0,차대차 - 기타,교차로운행방법위반,건조,맑음,교차로 - 교차로안,승용,남,35세,상해없음,승용,남,57세,중상
2021120700100211,2021년 12월 7일 12시,화요일,경기도 수원시 팔달구 우만동,중상사고,0,1,1,0,차대차 - 기타,중앙선침범,건조,맑음,교차로 - 교차로안,이륜,남,33세,중상,승용,남,29세,경상
2021120700100217,2021년 12월 7일 12시,화요일,경기도 수원시 팔달구 인계동,경상사고,0,0,2,0,차대차 - 추돌,안전운전불이행,건조,맑음,단일로 - 기타,승용,남,26세,상해없음,승용,여,38세,경상
2021120700100258,2021년 12월 7일 13시,화요일,경기도 수원시 장안구 송죽동,경상사고,0,0,1,3,차대차 - 기타,안전운전불이행,건조,맑음,교차로 - 교차로부근,승용,여,61세,부상신고,승용,남,43세,경상
2021120700100368,2021년 12월 7일 16시,화요일,경기도 수원시 권선구 권선동,사망사고,1,0,0,0,차대차 - 측면충돌,안전운전불이행,건조,맑음,기타 - 기타,화물,남,62세,상해없음,자전거,남,91세,사망
2021120700100369,2021년 12월 7일 16시,화요일,경기도 수원시 영통구 영통동,경상사고,0,0,1,0,차대차 - 추돌,안전운전불이행,건조,맑음,단일로 - 기타,화물,남,62세,상해없음,승용,남,36세,경상
2021120700100464,2021년 12월 7일 18시,화요일,경기도 수원시 장안구 영화동,경상사고,0,0,1,0,차대차 - 기타,안전운전불이행,건조,맑음,단일로 - 기타,자전거,남,21세,경상,승용,남,52세,상해없음
2021120700100505,2021년 12월 7일 19시,화요일,경기도 수원시 장안구 이목동,경상사고,0,0,2,0,차대차 - 추돌,안전운전불이행,건조,맑음,단일로 - 기타,승용,남,46세,상해없음,승용,남,68세,경상
2021120800100053,2021년 12월 8일 06시,수요일,경기도 수원시 권선구 고색동,부상신고사고,0,0,0,1,차대차 - 기타,중앙선침범,건조,맑음,단일로 - 기타,자전거,남,73세,부상신고,승용,여,54세,상해없음
2021120800100069,2021년 12월 8일 07시,수요일,경기도 수원시 장안구 조원동,경상사고,0,0,1,0,차대사람 - 기타,보행자보호의무위반,건조,맑음,교차로 - 교차로횡단보도내,승용,남,25세,기타불명,보행자,여,29세,경상
2021120800100138,2021년 12월 8일 09시,수요일,경기도 수원시 장안구 정자동,경상사고,0,0,1,0,차대차 - 기타,차로위반,건조,흐림,교차로 - 교차로부근,이륜,남,23세,경상,승용,여,63세,상해없음
2021120800100139,2021년 12월 8일 09시,수요일,경기도 수원시 장안구 정자동,경상사고,0,0,1,0,차대차 - 추돌,안전운전불이행,건조,맑음,단일로 - 기타,승용,여,41세,상해없음,승용,남,57세,경상
2021120800100157,2021년 12월 8일 10시,수요일,경기도 수원시 팔달구 우만동,경상사고,0,0,1,0,차대차 - 추돌,안전거리미확보,건조,맑음,교차로 - 교차로부근,승용,남,46세,상해없음,승용,여,64세,경상
2021120800100215,2021년 12월 8일 12시,수요일,경기도 수원시 팔달구 지동,경상사고,0,0,2,0,차대차 - 추돌,안전거리미확보,건조,맑음,단일로 - 기타,승용,남,24세,상해없음,승용,남,26세,경상
2021120800100218,2021년 12월 8일 12시,수요일,경기도 수원시 영통구 원천동,중상사고,0,1,0,0,차대차 - 측면충돌,교차로운행방법위반,건조,맑음,교차로 - 교차로안,승용,여,67세,상해없음,건설기계,남,40세,중상
2021120800100294,2021년 12월 8일 14시,수요일,경기도 수원시 팔달구 인계동,경상사고,0,0,1,0,차대차 - 측면충돌,안전운전불이행,건조,맑음,교차로 - 교차로안,승용,남,70세,상해없음,승합,남,52세,상해없음
2021120800100326,2021년 12월 8일 15시,수요일,경기도 수원시 장안구 조원동,경상사고,0,0,1,0,차대차 - 추돌,안전운전불이행,건조,맑음,교차로 - 교차로부근,승용,남,46세,상해없음,화물,남,65세,경상
2021120800100363,2021년 12월 8일 16시,수요일,경기도 수원시 장안구 정자동,부상신고사고,0,0,0,1,차대차 - 측면충돌,안전거리미확보,건조,맑음,단일로 - 기타,승용,여,68세,상해없음,승용,여,37세,부상신고
2021120800100369,2021년 12월 8일 16시,수요일,경기도 수원시 영통구 망포동,경상사고,0,0,8,0,차대차 - 기타,교차로운행방법위반,건조,맑음,교차로 - 교차로안,승용,남,45세,상해없음,승합,남,59세,상해없음
2021120800100459,2021년 12월 8일 18시,수요일,경기도 수원시 팔달구 우만동,경상사고,0,0,1,0,차대차 - 기타,안전거리미확보,건조,맑음,교차로 - 교차로안,승용,여,52세,상해없음,승용,여,40세,경상
2021120800100460,2021년 12월 8일 18시,수요일,경기도 수원시 장안구 송죽동,경상사고,0,0,1,0,차대사람 - 기타,안전운전불이행,건조,맑음,교차로 - 교차로안,승합,남,58세,상해없음,보행자,남,47세,경상
2021120800100464,2021년 12월 8일 18시,수요일,경기도 수원시 영통구 매탄동,경상사고,0,0,1,0,차대사람 - 보도통행중,기타,건조,맑음,기타 - 기타,이륜,남,58세,상해없음,보행자,여,5세,경상
2021120800100465,2021년 12월 8일 18시,수요일,경기도 수원시 팔달구 인계동,경상사고,0,0,1,0,차대차 - 측면충돌,안전운전불이행,건조,맑음,교차로 - 교차로부근,기타불명,남,미분류,상해없음,자전거,남,22세,경상
2021120800100520,2021년 12월 8일 19시,수요일,경기도 수원시 권선구 금곡동,경상사고,0,0,1,0,차대차 - 기타,차로위반,건조,맑음,교차로 - 교차로부근,승용,남,52세,상해없음,승용,남,27세,경상
2021120800100589,2021년 12월 8일 22시,수요일,경기도 수원시 팔달구 인계동,경상사고,0,0,1,0,차대차 - 추돌,안전운전불이행,건조,맑음,기타 - 기타,승용,남,30세,상해없음,승용,남,65세,경상
2021120800100592,2021년 12월 8일 22시,수요일,경기도 수원시 팔달구 매산로1가,부상신고사고,0,0,0,1,차대차 - 기타,안전거리미확보,건조,맑음,교차로 - 교차로안,승용,남,46세,상해없음,승용,남,20세,부상신고
2021120900100033,2021년 12월 9일 05시,목요일,경기도 수원시 팔달구 매산로1가,경상사고,0,0,1,0,차대차 - 측면충돌,중앙선침범,건조,맑음,교차로 - 교차로안,승용,남,61세,상해없음,승용,남,67세,경상
2021120900100080,2021년 12월 9일 08시,목요일,경기도 수원시 팔달구 우만동,경상사고,0,0,2,0,차대차 - 측면충돌,불법유턴,건조,맑음,단일로 - 기타,승용,여,42세,상해없음,승용,여,40세,경상
2021120900100211,2021년 12월 9일 13시,목요일,경기도 수원시 권선구 구운동,경상사고,0,0,1,0,차대차 - 추돌,안전거리미확보,건조,맑음,교차로 - 교차로안,승용,여,59세,상해없음,승용,여,54세,경상
2021120900100290,2021년 12월 9일 16시,목요일,경기도 수원시 권선구 호매실동,경상사고,0,0,2,0,차대차 - 기타,안전거리미확보,건조,맑음,교차로 - 교차로부근,승용,남,51세,상해없음,승용,여,54세,경상
2021120900100458,2021년 12월 9일 20시,목요일,경기도 수원시 권선구 탑동,부상신고사고,0,0,0,1,차대차 - 측면충돌,신호위반,건조,맑음,교차로 - 교차로안,이륜,남,16세,부상신고,승용,남,44세,상해없음
2021120900100482,2021년 12월 9일 21시,목요일,경기도 수원시 장안구 정자동,경상사고,0,0,1,0,차대차 - 기타,신호위반,건조,맑음,교차로 - 교차로부근,승용,여,53세,상해없음,승용,남,31세,경상
2021120900100510,2021년 12월 9일 22시,목요일,경기도 수원시 권선구 호매실동,경상사고,0,0,1,0,차대차 - 정면충돌,신호위반,건조,맑음,교차로 - 교차로안,승용,남,20세,상해없음,이륜,남,26세,경상
2021121000100080,2021년 12월 10일 07시,금요일,경기도 수원시 영통구 매탄동,경상사고,0,0,1,0,차대차 - 측면충돌,안전운전불이행,건조,맑음,단일로 - 기타,화물,남,75세,상해없음,승합,남,56세,경상
2021121000100106,2021년 12월 10일 08시,금요일,경기도 수원시 장안구 조원동,경상사고,0,0,1,0,차대사람 - 횡단중,안전운전불이행,건조,맑음,교차로 - 교차로안,승용,남,39세,상해없음,보행자,남,54세,경상
2021121000100110,2021년 12월 10일 08시,금요일,경기도 수원시 권선구 권선동,경상사고,0,0,1,0,차대사람 - 횡단중,보행자보호의무위반,건조,맑음,단일로 - 기타,원동기,남,38세,상해없음,보행자,여,41세,경상
2021121000100140,2021년 12월 10일 09시,금요일,경기도 수원시 권선구 서둔동,중상사고,0,1,4,1,차대차 - 측면충돌,기타,젖음/습기,비,단일로 - 기타,화물,남,36세,상해없음,승용,남,66세,경상
2021121000100163,2021년 12월 10일 10시,금요일,경기도 수원시 장안구 송죽동,경상사고,0,0,1,0,차량단독 - 기타,기타,젖음/습기,비,단일로 - 기타,승합,남,61세,상해없음,,,,
2021121000100190,2021년 12월 10일 11시,금요일,경기도 수원시 장안구 정자동,중상사고,0,1,0,0,차대차 - 기타,교차로운행방법위반,건조,맑음,교차로 - 교차로안,승용,남,78세,상해없음,이륜,남,40세,중상
2021121000100191,2021년 12월 10일 11시,금요일,경기도 수원시 장안구 조원동,경상사고,0,0,1,0,차대차 - 추돌,안전운전불이행,젖음/습기,흐림,교차로 - 교차로부근,승용,여,40세,상해없음,승용,남,27세,경상
2021121000100260,2021년 12월 10일 13시,금요일,경기도 수원시 권선구 세류동,경상사고,0,0,1,0,차대차 - 기타,안전운전불이행,건조,맑음,단일로 - 기타,이륜,남,56세,경상,승용,남,31세,상해없음
2021121000100325,2021년 12월 10일 15시,금요일,경기도 수원시 영통구 원천동,경상사고,0,0,1,0,차대차 - 측면충돌,안전거리미확보,건조,맑음,단일로 - 기타,승용,여,50세,기타불명,승용,여,33세,경상
2021121000100394,2021년 12월 10일 17시,금요일,경기도 수원시 권선구 호매실동,경상사고,0,0,1,0,차대차 - 기타,안전운전불이행,건조,맑음,교차로 - 교차로부근,승용,남,35세,상해없음,승용,남,75세,상해없음
2021121000100395,2021년 12월 10일 17시,금요일,경기도 수원시 권선구 호매실동,경상사고,0,0,1,0,차대차 - 기타,안전거리미확보,건조,맑음,단일로 - 기타,승용,남,23세,상해없음,승용,남,44세,경상
2021121000100443,2021년 12월 10일 18시,금요일,경기도 수원시 팔달구 화서동,경상사고,0,0,2,0,차대차 - 측면충돌,안전운전불이행,건조,맑음,교차로 - 교차로횡단보도내,개인형이동수단(PM),남,72세,경상,이륜,남,44세,경상
2021121000100453,2021년 12월 10일 18시,금요일,경기도 수원시 영통구 하동,경상사고,0,0,7,0,차대차 - 기타,안전거리미확보,건조,맑음,단일로 - 기타,승용,여,60세,상해없음,승용,여,62세,경상
2021121000100457,2021년 12월 10일 18시,금요일,경기도 수원시 권선구 고색동,부상신고사고,0,0,0,1,차대차 - 추돌,직진우회전진행방해,건조,맑음,교차로 - 교차로안,승용,남,47세,부상신고,승용,남,58세,상해없음
2021121000100516,2021년 12월 10일 19시,금요일,경기도 수원시 장안구 율전동,중상사고,0,1,0,0,차대차 - 정면충돌,신호위반,건조,맑음,교차로 - 교차로안,승용,여,31세,상해없음,이륜,남,18세,중상
2021121000100526,2021년 12월 10일 19시,금요일,경기도 수원시 권선구 권선동,중상사고,0,1,0,0,차대차 - 측면충돌,불법유턴,건조,맑음,단일로 - 기타,화물,남,42세,상해없음,이륜,남,31세,중상
2021121000100527,2021년 12월 10일 19시,금요일,경기도 수원시 팔달구 지동,경상사고,0,0,2,0,차대차 - 추돌,안전운전불이행,건조,맑음,단일로 - 기타,화물,남,71세,상해없음,승용,남,25세,경상
2021121000100592,2021년 12월 10일 21시,금요일,경기도 수원시 권선구 당수동,경상사고,0,0,1,0,차대차 - 측면충돌,교차로운행방법위반,건조,맑음,교차로 - 교차로안,승용,남,36세,상해없음,이륜,남,32세,경상
2021121000100619,2021년 12월 10일 22시,금요일,경기도 수원시 권선구 호매실동,경상사고,0,0,2,0,차대차 - 측면충돌,안전운전불이행,건조,맑음,교차로 - 교차로부근,승용,남,40세,상해없음,승합,여,51세,경상