사고번호,사고일시,요일,시군구,사고내용,사망자수,중상자수,경상자수,부상신고자수,사고유형,법규위반,노면상태,기상상태,도로형태,가해운전자 차종,가해운전자 성별,가해운전자 연령,가해운전자 상해정도,피해운전자 차종,피해운전자 성별,피해운전자 연령,피해운전자 상해정도
2021121000100639,2021년 12월 10일 23시,금요일,경기도 수원시 팔달구 중동,중상사고,0,1,4,0,차대차 - 기타,안전운전불이행,건조,맑음,단일로 - 기타,승용,남,35세,상해없음,승합,남,59세,경상
2021121100100014,2021년 12월 11일 00시,토요일,경기도 수원시 영통구 매탄동,경상사고,0,0,2,0,차대차 - 기타,신호위반,젖음/습기,흐림,교차로 - 교차로안,승용,남,53세,상해없음,승용,남,57세,경상
2021121100100040,2021년 12월 11일 02시,토요일,경기도 수원시 권선구 권선동,사망사고,1,0,0,0,차대차 - 추돌,기타,건조,맑음,기타 - 기타,승용,남,31세,상해없음,개인형이동수단(PM),남,38세,사망
2021121100100060,2021년 12월 11일 05시,토요일,경기도 수원시 팔달구 인계동,경상사고,0,0,1,0,차대차 - 측면충돌,신호위반,젖음/습기,흐림,단일로 - 기타,이륜,남,29세,경상,승용,남,65세,상해없음
2021121100100068,2021년 12월 11일 06시,토요일,경기도 수원시 팔달구 우만동,중상사고,0,1,0,0,차대사람 - 횡단중,보행자보호의무위반,건조,맑음,교차로 - 교차로횡단보도내,승용,남,36세,상해없음,보행자,여,51세,중상
2021121100100131,2021년 12월 11일 10시,토요일,경기도 수원시 팔달구 인계동,경상사고,0,0,1,0,차대차 - 측면충돌,교차로운행방법위반,건조,맑음,교차로 - 교차로안,승용,여,53세,상해없음,승용,여,25세,경상
2021121100100157,2021년 12월 11일 11시,토요일,경기도 수원시 장안구 영화동,중상사고,0,1,0,0,차대사람 - 횡단중,보행자보호의무위반,건조,맑음,교차로 - 교차로횡단보도내,이륜,남,44세,상해없음,보행자,여,60세,중상
2021121100100185,2021년 12월 11일 12시,토요일,경기도 수원시 장안구 연무동,경상사고,0,0,1,0,차대사람 - 기타,안전운전불이행,건조,맑음,교차로 - 교차로안,승용,남,45세,상해없음,보행자,여,79세,경상
2021121100100193,2021년 12월 11일 12시,토요일,경기도 수원시 팔달구 인계동,경상사고,0,0,1,0,차대차 - 측면충돌,중앙선침범,건조,맑음,단일로 - 기타,승용,남,56세,상해없음,이륜,남,34세,경상
2021121100100195,2021년 12월 11일 12시,토요일,경기도 수원시 권선구 금곡동,부상신고사고,0,0,0,1,차대차 - 추돌,안전거리미확보,건조,맑음,단일로 - 기타,이륜,남,23세,부상신고,승용,남,26세,상해없음
2021121100100223,2021년 12월 11일 13시,토요일,경기도 수원시 팔달구 팔달로1가,부상신고사고,0,0,0,1,차대차 - 기타,안전거리미확보,건조,맑음,단일로 - 기타,화물,남,49세,상해없음,승용,여,44세,상해없음
2021121100100291,2021년 12월 11일 15시,토요일,경기도 수원시 권선구 구운동,중상사고,0,1,0,0,차대차 - 기타,안전운전불이행,건조,맑음,교차로 - 교차로부근,승합,남,54세,상해없음,승용,여,29세,상해없음
2021121100100354,2021년 12월 11일 17시,토요일,경기도 수원시 팔달구 매산로1가,경상사고,0,0,1,0,차대차 - 측면충돌,신호위반,건조,맑음,교차로 - 교차로안,승용,남,66세,상해없음,승용,여,47세,경상
2021121100100355,2021년 12월 11일 17시,토요일,경기도 수원시 권선구 금곡동,경상사고,0,0,5,0,차대차 - 추돌,안전운전불이행,건조,맑음,교차로 - 교차로부근,승용,남,59세,상해없음,승용,남,59세,경상
2021121100100395,2021년 12월 11일 18시,토요일,경기도 수원시 권선구 세류동,경상사고,0,0,1,0,차대차 - 측면충돌,안전운전불이행,건조,맑음,교차로 - 교차로안,개인형이동수단(PM),여,15세,상해없음,승용,남,32세,상해없음
2021121100100397,2021년 12월 11일 18시,토요일,경기도 수원시 권선구 고색동,경상사고,0,0,1,0,차대차 - 기타,안전거리미확보,건조,맑음,교차로 - 교차로부근,승용,남,33세,상해없음,화물,남,74세,경상
2021121100100443,2021년 12월 11일 19시,토요일,경기도 수원시 팔달구 인계동,경상사고,0,0,1,0,차대차 - 측면충돌,중앙선침범,건조,맑음,교차로 - 교차로안,승용,남,34세,상해없음,이륜,남,18세,경상
2021121100100496,2021년 12월 11일 21시,토요일,경기도 수원시 권선구 탑동,경상사고,0,0,1,0,차대사람 - 기타,안전운전불이행,건조,맑음,단일로 - 기타,승용,여,52세,상해없음,보행자,남,29세,경상
2021121200100008,2021년 12월 12일 00시,일요일,경기도 수원시 권선구 세류동,경상사고,0,0,1,0,차대사람 - 보도통행중,안전운전불이행,건조,맑음,단일로 - 기타,승용,남,60세,상해없음,보행자,여,27세,경상
2021121200100039,2021년 12월 12일 02시,일요일,경기도 수원시 팔달구 우만동,경상사고,0,0,1,0,차대차 - 기타,중앙선침범,건조,맑음,교차로 - 교차로안,승용,남,27세,상해없음,승용,남,32세,경상
2021121200100088,2021년 12월 12일 10시,일요일,경기도 수원시 팔달구 우만동,중상사고,0,1,0,0,차대차 - 측면충돌,안전운전불이행,건조,맑음,단일로 - 기타,승용,남,23세,상해없음,이륜,남,47세,중상
2021121200100105,2021년 12월 12일 11시,일요일,경기도 수원시 장안구 정자동,경상사고,0,0,1,0,차대차 - 기타,차로위반,건조,맑음,교차로 - 교차로안,승용,남,73세,상해없음,승용,여,26세,경상
2021121200100155,2021년 12월 12일 13시,일요일,경기도 수원시 권선구 평동,경상사고,0,0,3,0,차대차 - 추돌,기타,건조,맑음,교차로 - 교차로부근,승합,남,65세,상해없음,승용,남,26세,경상
2021121200100178,2021년 12월 12일 14시,일요일,경기도 수원시 권선구 세류동,중상사고,0,2,1,0,차대차 - 측면충돌,신호위반,건조,맑음,교차로 - 교차로안,승용,남,26세,상해없음,승용,남,28세,경상
2021121200100203,2021년 12월 12일 15시,일요일,경기도 수원시 장안구 정자동,경상사고,0,0,1,0,차대차 - 기타,교차로운행방법위반,건조,맑음,교차로 - 교차로안,승용,남,60세,상해없음,이륜,남,39세,경상
2021121200100409,2021년 12월 12일 23시,일요일,경기도 수원시 영통구 이의동,경상사고,0,0,1,0,차대차 - 추돌,안전운전불이행,건조,맑음,기타 - 기타,승용,남,46세,상해없음,승용,여,52세,경상
2021121300100002,2021년 12월 13일 00시,월요일,경기도 수원시 팔달구 인계동,경상사고,0,0,1,0,차대차 - 추돌,안전운전불이행,건조,맑음,교차로 - 교차로부근,승용,남,57세,상해없음,이륜,남,38세,경상
2021121300100023,2021년 12월 13일 04시,월요일,경기도 수원시 권선구 세류동,중상사고,0,1,0,0,차대차 - 측면충돌,안전운전불이행,건조,맑음,단일로 - 기타,자전거,남,66세,중상,화물,남,36세,상해없음
2021121300100066,2021년 12월 13일 07시,월요일,경기도 수원시 권선구 세류동,사망사고,1,0,0,0,차대차 - 측면충돌,신호위반,건조,맑음,기타 - 기타,승용,남,67세,상해없음,이륜,남,48세,사망
2021121300100067,2021년 12월 13일 07시,월요일,경기도 수원시 권선구 권선동,경상사고,0,0,2,1,차대차 - 추돌,안전운전불이행,건조,맑음,기타 - 기타,화물,남,42세,부상신고,화물,남,44세,경상
2021121300100103,2021년 12월 13일 08시,월요일,경기도 수원시 권선구 세류동,경상사고,0,0,1,0,차대차 - 측면충돌,안전운전불이행,건조,맑음,교차로 - 교차로안,승용,남,42세,상해없음,승용,여,41세,경상
2021121300100146,2021년 12월 13일 09시,월요일,경기도 수원시 권선구 권선동,경상사고,0,0,2,0,차대차 - 기타,기타,건조,맑음,단일로 - 기타,승합,남,62세,상해없음,이륜,남,52세,경상
2021121300100150,2021년 12월 13일 09시,월요일,경기도 수원시 권선구 평동,경상사고,0,0,1,0,차대차 - 추돌,안전운전불이행,건조,맑음,교차로 - 교차로부근,승용,남,43세,상해없음,승용,여,73세,경상
2021121300100221,2021년 12월 13일 11시,월요일,경기도 수원시 장안구 영화동,경상사고,0,0,1,0,차량단독 - 기타,안전운전불이행,건조,맑음,단일로 - 기타,승합,남,58세,상해없음,,,,
2021121300100229,2021년 12월 13일 11시,월요일,경기도 수원시 권선구 세류동,경상사고,0,0,1,0,차대차 - 추돌,안전운전불이행,건조,맑음,교차로 - 교차로부근,승용,남,60세,상해없음,승용,여,44세,경상
2021121300100318,2021년 12월 13일 14시,월요일,경기도 수원시 장안구 영화동,경상사고,0,0,1,0,차대사람 - 기타,안전운전불이행,건조,맑음,단일로 - 기타,승용,남,63세,상해없음,보행자,남,10세,경상
2021121300100324,2021년 12월 13일 14시,월요일,경기도 수원시 팔달구 매산로1가,경상사고,0,0,1,0,차대차 - 기타,안전거리미확보,건조,맑음,단일로 - 기타,승용,남,68세,상해없음,승용,여,58세,경상
2021121300100382,2021년 12월 13일 16시,월요일,경기도 수원시 영통구 원천동,경상사고,0,0,1,0,차대차 - 측면충돌,안전거리미확보,건조,맑음,교차로 - 교차로안,승용,남,62세,상해없음,승용,여,45세,경상
2021121300100507,2021년 12월 13일 19시,월요일,경기도 수원시 팔달구 우만동,경상사고,0,0,1,0,차대차 - 기타,안전운전불이행,건조,맑음,교차로 - 교차로안,승합,남,65세,기타불명,승용,남,30세,경상
2021121300100511,2021년 12월 13일 19시,월요일,경기도 수원시 팔달구 교동,경상사고,0,0,5,0,차대차 - 추돌,안전운전불이행,건조,맑음,교차로 - 교차로부근,승용,남,36세,상해없음,승용,남,72세,경상
2021121300100535,2021년 12월 13일 20시,월요일,경기도 수원시 팔달구 매산로1가,경상사고,0,0,2,0,차대차 - 추돌,안전운전불이행,건조,맑음,단일로 - 기타,승용,남,24세,상해없음,승용,남,20세,경상
2021121400100003,2021년 12월 14일 00시,화요일,경기도 수원시 팔달구 매산로3가,부상신고사고,0,0,0,1,차대차 - 기타,안전운전불이행,건조,맑음,교차로 - 교차로안,승용,남,66세,상해없음,자전거,남,62세,상해없음
2021121400100013,2021년 12월 14일 01시,화요일,경기도 수원시 팔달구 인계동,중상사고,0,1,0,0,차대사람 - 기타,안전운전불이행,건조,맑음,교차로 - 교차로안,이륜,남,24세,상해없음,보행자,남,45세,중상
2021121400100018,2021년 12월 14일 02시,화요일,경기도 수원시 권선구 권선동,중상사고,0,1,0,0,차대차 - 측면충돌,신호위반,건조,맑음,교차로 - 교차로안,승용,남,30세,상해없음,승용,남,51세,중상
2021121400100034,2021년 12월 14일 06시,화요일,경기도 수원시 권선구 세류동,중상사고,0,1,0,0,차대차 - 측면충돌,신호위반,건조,맑음,교차로 - 교차로안,화물,남,62세,상해없음,승용,남,35세,중상
2021121400100157,2021년 12월 14일 11시,화요일,경기도 수원시 팔달구 인계동,경상사고,0,0,1,0,차대사람 - 기타,보행자보호의무위반,건조,맑음,교차로 - 교차로횡단보도내,승합,남,37세,상해없음,보행자,남,50세,경상
2021121400100186,2021년 12월 14일 12시,화요일,경기도 수원시 팔달구 교동,부상신고사고,0,0,0,1,차대차 - 추돌,안전거리미확보,건조,맑음,단일로 - 기타,이륜,남,30세,부상신고,승합,여,35세,상해없음
2021121400100230,2021년 12월 14일 14시,화요일,경기도 수원시 권선구 구운동,경상사고,0,0,2,0,차대차 - 측면충돌,신호위반,건조,맑음,교차로 - 교차로부근,승용,남,58세,상해없음,승용,남,61세,경상
2021121400100290,2021년 12월 14일 16시,화요일,경기도 수원시 영통구 이의동,경상사고,0,0,1,0,차대차 - 기타,안전거리미확보,건조,맑음,단일로 - 기타,이륜,여,53세,상해없음,승용,여,26세,경상
2021121400100388,2021년 12월 14일 18시,화요일,경기도 수원시 팔달구 남수동,경상사고,0,0,1,0,차대차 - 추돌,안전운전불이행,젖음/습기,비,교차로 - 교차로횡단보도내,승용,남,26세,상해없음,이륜,여,76세,경상
2021121400100400,2021년 12월 14일 18시,화요일,경기도 수원시 권선구 권선동,경상사고,0,0,1,0,차대차 - 측면충돌,신호위반,젖음/습기,비,교차로 - 교차로안,승용,남,66세,상해없음,승용,여,58세,경상
2021121400100405,2021년 12월 14일 18시,화요일,경기도 수원시 권선구 오목천동,중상사고,0,1,0,0,차대차 - 기타,안전운전불이행,젖음/습기,흐림,교차로 - 교차로안,승용,남,76세,상해없음,자전거,남,8세,중상
2021121400100406,2021년 12월 14일 18시,화요일,경기도 수원시 권선구 오목천동,중상사고,0,1,0,0,차대사람 - 기타,중앙선침범,젖음/습기,비,교차로 - 교차로안,승용,여,63세,상해없음,보행자,여,62세,중상
2021121400100453,2021년 12월 14일 19시,화요일,경기도 수원시 영통구 매탄동,중상사고,0,1,0,0,차대사람 - 횡단중,보행자보호의무위반,젖음/습기,비,교차로 - 교차로안,승용,남,32세,상해없음,보행자,남,66세,중상
2021121400100529,2021년 12월 14일 22시,화요일,경기도 수원시 장안구 정자동,경상사고,0,0,3,0,차대차 - 추돌,안전운전불이행,젖음/습기,비,교차로 - 교차로부근,화물,남,34세,상해없음,승용,남,48세,경상
2021121400100532,2021년 12월 14일 22시,화요일,경기도 수원시 팔달구 인계동,경상사고,0,0,1,0,차대차 - 측면충돌,안전거리미확보,젖음/습기,비,단일로 - 기타,승용,남,28세,상해없음,이륜,남,44세,경상
2021121400100534,2021년 12월 14일 22시,화요일,경기도 수원시 권선구 당수동,경상사고,0,0,1,0,차대차 - 측면충돌,안전거리미확보,젖음/습기,비,교차로 - 교차로안,승용,남,28세,상해없음,승용,여,57세,상해없음
2021121500100038,2021년 12월 15일 04시,수요일,경기도 수원시 영통구 하동,경상사고,0,0,2,0,차대차 - 추돌,안전운전불이행,젖음/습기,비,교차로 - 교차로부근,승용,남,44세,상해없음,승용,남,32세,경상
2021121500100181,2021년 12월 15일 10시,수요일,경기도 수원시 팔달구 매산로3가,부상신고사고,0,0,0,1,차대차 - 기타,안전거리미확보,젖음/습기,비,교차로 - 교차로안,승합,남,48세,기타불명,승합,남,46세,상해없음
2021121500100206,2021년 12월 15일 11시,수요일,경기도 수원시 영통구 신동,경상사고,0,0,2,0,차대차 - 측면충돌,차로위반,건조,맑음,단일로 - 기타,승합,남,49세,상해없음,승용,남,40세,경상
2021121500100264,2021년 12월 15일 13시,수요일,경기도 수원시 영통구 영통동,부상신고사고,0,0,0,1,차대차 - 측면충돌,직진우회전진행방해,건조,맑음,교차로 - 교차로안,이륜,남,25세,부상신고,승용,여,47세,상해없음
2021121500100323,2021년 12월 15일 15시,수요일,경기도 수원시 권선구 구운동,경상사고,0,0,1,0,차대사람 - 보도통행중,안전운전불이행,건조,맑음,기타 - 기타,자전거,여,25세,기타불명,보행자,여,15세,경상
2021121500100376,2021년 12월 15일 17시,수요일,경기도 수원시 권선구 세류동,경상사고,0,0,2,0,차대차 - 추돌,안전운전불이행,건조,맑음,단일로 - 기타,화물,남,58세,상해없음,승용,남,29세,경상
2021121500100435,2021년 12월 15일 18시,수요일,경기도 수원시 팔달구 매산로1가,부상신고사고,0,0,0,1,차대차 - 기타,안전운전불이행,건조,맑음,교차로 - 교차로부근,승용,남,28세,부상신고,승용,남,68세,상해없음
2021121500100440,2021년 12월 15일 18시,수요일,경기도 수원시 영통구 망포동,경상사고,0,0,1,0,차대차 - 기타,신호위반,건조,맑음,교차로 - 교차로안,승용,여,65세,기타불명,승용,남,25세,경상
2021121500100496,2021년 12월 15일 19시,수요일,경기도 수원시 팔달구 인계동,중상사고,0,1,0,0,차대사람 - 횡단중,보행자보호의무위반,건조,맑음,교차로 - 교차로횡단보도내,승용,남,65세,상해없음,보행자,여,21세,중상
2021121500100546,2021년 12월 15일 20시,수요일,경기도 수원시 팔달구 인계동,중상사고,0,1,3,0,차대차 - 측면충돌,신호위반,건조,맑음,교차로 - 교차로안,이륜,남,24세,중상,승용,여,46세,경상
2021121500100567,2021년 12월 15일 21시,수요일,경기도 수원시 권선구 세류동,경상사고,0,0,1,0,차대사람 - 기타,안전운전불이행,건조,맑음,단일로 - 기타,승용,남,56세,상해없음,보행자,남,55세,경상
2021121500100605,2021년 12월 15일 23시,수요일,경기도 수원시 권선구 권선동,경상사고,0,0,2,0,차대차 - 측면충돌,안전운전불이행,건조,맑음,단일로 - 기타,승용,남,61세,상해없음,승용,남,54세,경상
2021121500100606,2021년 12월 15일 23시,수요일,경기도 수원시 권선구 입북동,중상사고,0,1,0,0,차대차 - 측면충돌,안전운전불이행,건조,맑음,단일로 - 기타,승용,여,43세,상해없음,승용,남,27세,중상
2021121600100089,2021년 12월 16일 08시,목요일,경기도 수원시 영통구 이의동,경상사고,0,0,1,0,차대차 - 측면충돌,안전거리미확보,건조,맑음,기타 - 기타,승용,여,30세,경상,화물,남,52세,기타불명
2021121600100170,2021년 12월 16일 11시,목요일,경기도 수원시 팔달구 우만동,경상사고,0,0,1,0,차대차 - 측면충돌,안전거리미확보,건조,맑음,교차로 - 교차로부근,이륜,남,28세,상해없음,승용,남,38세,경상
2021121600100202,2021년 12월 16일 12시,목요일,경기도 수원시 권선구 세류동,경상사고,0,0,1,0,차대차 - 후진중충돌,안전운전불이행,건조,맑음,단일로 - 기타,승용,남,63세,상해없음,승용,남,34세,경상
2021121600100224,2021년 12월 16일 13시,목요일,경기도 수원시 팔달구 우만동,경상사고,0,0,1,0,차대차 - 기타,교차로운행방법위반,건조,맑음,교차로 - 교차로안,승용,여,58세,상해없음,승용,남,28세,경상
2021121600100225,2021년 12월 16일 13시,목요일,경기도 수원시 장안구 영화동,경상사고,0,0,1,0,차대차 - 기타,중앙선침범,건조,맑음,교차로 - 교차로부근,승용,남,28세,상해없음,승용,남,56세,경상
2021121600100335,2021년 12월 16일 17시,목요일,경기도 수원시 팔달구 우만동,경상사고,0,0,2,0,차대차 - 측면충돌,안전거리미확보,건조,맑음,교차로 - 교차로부근,승용,남,40세,상해없음,승용,남,22세,경상
2021121600100386,2021년 12월 16일 18시,목요일,경기도 수원시 장안구 정자동,경상사고,0,0,1,0,차대차 - 기타,안전운전불이행,건조,맑음,단일로 - 기타,화물,남,69세,상해없음,이륜,남,27세,경상
2021121600100428,2021년 12월 16일 19시,목요일,경기도 수원시 팔달구 팔달로1가,경상사고,0,0,1,0,차대차 - 추돌,안전운전불이행,건조,맑음,단일로 - 기타,승용,남,70세,상해없음,승용,여,30세,경상
2021121600100516,2021년 12월 16일 23시,목요일,경기도 수원시 팔달구 인계동,중상사고,0,1,0,0,차대사람 - 횡단중,신호위반,건조,맑음,단일로 - 기타,승용,남,50세,상해없음,보행자,남,23세,중상
2021121600100517,2021년 12월 16일 23시,목요일,경기도 수원시 영통구 영통동,중상사고,0,1,0,1,차대차 - 측면충돌,신호위반,건조,맑음,단일로 - 기타,이륜,남,35세,부상신고,개인형이동수단(PM),남,50세,중상
2021121700100034,2021년 12월 17일 03시,금요일,경기도 수원시 권선구 세류동,경상사고,0,0,2,0,차대차 - 측면충돌,신호위반,건조,맑음,기타 - 기타,승용,여,34세,상해없음,승용,남,54세,경상
2021121700100177,2021년 12월 17일 11시,금요일,경기도 수원시 장안구 영화동,경상사고,0,0,1,0,차대차 - 추돌,안전거리미확보,건조,맑음,단일로 - 기타,승용,남,27세,상해없음,승용,남,29세,경상
2021121700100285,2021년 12월 17일 14시,금요일,경기도 수원시 팔달구 인계동,경상사고,0,0,1,0,차대사람 - 기타,안전운전불이행,건조,맑음,단일로 - 기타,승용,남,56세,상해없음,보행자,여,29세,경상
2021121700100316,2021년 12월 17일 15시,금요일,경기도 수원시 팔달구 화서동,경상사고,0,0,1,0,차대차 - 기타,안전운전불이행,건조,맑음,교차로 - 교차로안,승용,여,41세,상해없음,자전거,남,11세,경상
2021121700100318,2021년 12월 17일 15시,금요일,경기도 수원시 권선구 탑동,경상사고,0,0,1,0,차대차 - 기타,교차로운행방법위반,건조,맑음,교차로 - 교차로안,승용,남,51세,상해없음,승용,남,26세,경상
2021121700100366,2021년 12월 17일 16시,금요일,경기도 수원시 영통구 매탄동,중상사고,0,1,0,0,차대차 - 추돌,안전운전불이행,건조,맑음,단일로 - 기타,승용,여,39세,상해없음,승용,여,52세,중상
2021121700100398,2021년 12월 17일 17시,금요일,경기도 수원시 장안구 파장동,경상사고,0,0,1,0,차대차 - 측면충돌,교차로운행방법위반,건조,맑음,교차로 - 교차로안,원동기,남,48세,경상,승합,남,73세,상해없음
2021121700100399,2021년 12월 17일 17시,금요일,경기도 수원시 장안구 영화동,중상사고,0,1,0,0,차대사람 - 기타,보행자보호의무위반,건조,맑음,교차로 - 교차로안,승용,여,27세,상해없음,보행자,여,58세,중상
2021121700100409,2021년 12월 17일 17시,금요일,경기도 수원시 권선구 권선동,경상사고,0,0,1,0,차대차 - 기타,교차로운행방법위반,건조,맑음,교차로 - 교차로안,화물,남,26세,상해없음,이륜,남,24세,경상
2021121700100410,2021년 12월 17일 17시,금요일,경기도 수원시 영통구 매탄동,경상사고,0,0,2,0,차대차 - 측면충돌,안전거리미확보,건조,맑음,단일로 - 기타,승용,남,45세,상해없음,승용,여,71세,경상
2021121700100472,2021년 12월 17일 18시,금요일,경기도 수원시 장안구 천천동,경상사고,0,0,1,0,차대차 - 측면충돌,신호위반,건조,맑음,교차로 - 교차로부근,승용,여,54세,상해없음,승용,남,23세,경상
2021121700100550,2021년 12월 17일 19시,금요일,경기도 수원시 장안구 정자동,경상사고,0,0,1,0,차대차 - 기타,안전운전불이행,건조,맑음,교차로 - 교차로횡단보도내,승용,여,44세,상해없음,자전거,남,13세,경상
2021121700100581,2021년 12월 17일 20시,금요일,경기도 수원시 장안구 율전동,경상사고,0,0,1,0,차대차 - 기타,차로위반,건조,맑음,교차로 - 교차로부근,승용,남,26세,상해없음,승용,남,34세,경상
2021121700100588,2021년 12월 17일 20시,금요일,경기도 수원시 영통구 매탄동,경상사고,0,0,1,0,차대차 - 측면충돌,교차로운행방법위반,건조,맑음,교차로 - 교차로안,승용,남,45세,상해없음,승용,남,28세,경상
2021121800100055,2021년 12월 18일 02시,토요일,경기도 수원시 영통구 매탄동,경상사고,0,0,2,0,차대차 - 측면충돌,교차로운행방법위반,건조,맑음,교차로 - 교차로부근,승용,남,26세,상해없음,승용,남,71세,경상
2021121800100056,2021년 12월 18일 02시,토요일,경기도 수원시 권선구 서둔동,경상사고,0,0,1,0,차량단독 - 공작물충돌,안전운전불이행,건조,맑음,단일로 - 기타,승용,남,35세,경상,,,,
2021121800100072,2021년 12월 18일 05시,토요일,경기도 수원시 팔달구 매산로3가,중상사고,0,1,0,0,차대사람 - 횡단중,안전운전불이행,건조,맑음,단일로 - 기타,승용,남,47세,상해없음,보행자,여,77세,중상
2021121800100141,2021년 12월 18일 10시,토요일,경기도 수원시 영통구 원천동,중상사고,0,1,4,0,차대차 - 정면충돌,신호위반,건조,맑음,교차로 - 교차로안,승용,남,62세,경상,승합,남,62세,경상
2021121800100197,2021년 12월 18일 12시,토요일,경기도 수원시 팔달구 우만동,중상사고,0,1,0,0,차대사람 - 기타,안전운전불이행,건조,맑음,교차로 - 교차로안,승용,남,43세,상해없음,보행자,여,76세,중상
2021121800100256,2021년 12월 18일 14시,토요일,경기도 수원시 장안구 천천동,경상사고,0,0,1,0,차대차 - 기타,안전운전불이행,적설,눈,교차로 - 교차로안,승용,남,46세,상해없음,승용,남,55세,경상
2021121800100328,2021년 12월 18일 15시,토요일,경기도 수원시 권선구 권선동,중상사고,0,1,0,0,차대차 - 기타,안전거리미확보,젖음/습기,눈,교차로 - 교차로안,승용,여,53세,상해없음,승용,남,26세,중상
2021121800100370,2021년 12월 18일 16시,토요일,경기도 수원시 장안구 천천동,경상사고,0,0,1,0,차대차 - 기타,불법유턴,젖음/습기,눈,교차로 - 교차로안,승용,여,50세,상해없음,이륜,남,32세,경상
2021121800100371,2021년 12월 18일 16시,토요일,경기도 수원시 팔달구 우만동,경상사고,0,0,3,0,차대차 - 추돌,안전운전불이행,서리/결빙,흐림,교차로 - 교차로안,승합,남,60세,경상,승용,남,65세,경상
2021121800100462,2021년 12월 18일 18시,토요일,경기도 수원시 권선구 구운동,경상사고,0,0,1,0,차대차 - 추돌,안전운전불이행,건조,맑음,교차로 - 교차로부근,승용,남,70세,상해없음,승용,남,36세,경상
2021121800100526,2021년 12월 18일 20시,토요일,경기도 수원시 권선구 권선동,경상사고,0,0,1,0,차대차 - 측면충돌,안전운전불이행,적설,맑음,단일로 - 기타,승용,남,49세,상해없음,승용,남,50세,경상
2021121800100565,2021년 12월 18일 21시,토요일,경기도 수원시 권선구 권선동,경상사고,0,0,1,0,차대차 - 추돌,안전운전불이행,서리/결빙,흐림,교차로 - 교차로부근,화물,남,52세,상해없음,특수,남,25세,경상
2021121800100591,2021년 12월 18일 22시,토요일,경기도 수원시 권선구 권선동,중상사고,0,1,0,0,차대차 - 기타,교차로운행방법위반,서리/결빙,흐림,교차로 - 교차로부근,승용,남,23세,상해없음,이륜,남,51세,중상
2021121900100048,2021년 12월 19일 08시,일요일,경기도 수원시 팔달구 매교동,경상사고,0,0,1,0,차대차 - 기타,안전운전불이행,젖음/습기,흐림,단일로 - 기타,승합,남,52세,상해없음,승용,여,49세,경상
2021121900100060,2021년 12월 19일 09시,일요일,경기도 수원시 권선구 곡반정동,경상사고,0,0,2,0,차대차 - 기타,안전운전불이행,서리/결빙,눈,단일로 - 기타,승용,여,44세,상해없음,승용,남,36세,경상
2021121900100061,2021년 12월 19일 09시,일요일,경기도 수원시 권선구 금곡동,경상사고,0,0,2,0,차대차 - 추돌,안전운전불이행,건조,맑음,교차로 - 교차로부근,승용,여,54세,상해없음,승용,남,54세,경상
2021121900100191,2021년 12월 19일 15시,일요일,경기도 수원시 팔달구 매산로1가,중상사고,0,2,1,0,차대차 - 추돌,신호위반,건조,맑음,교차로 - 교차로안,승용,남,39세,상해없음,승용,여,57세,중상
2021121900100209,2021년 12월 19일 16시,일요일,경기도 수원시 영통구 매탄동,경상사고,0,0,1,0,차대차 - 측면충돌,안전거리미확보,건조,맑음,단일로 - 기타,화물,남,64세,상해없음,이륜,남,33세,경상
2021121900100245,2021년 12월 19일 18시,일요일,경기도 수원시 장안구 영화동,중상사고,0,1,0,0,차대사람 - 기타,안전운전불이행,건조,맑음,단일로 - 기타,승용,남,64세,상해없음,보행자,남,31세,중상
2021121900100328,2021년 12월 19일 21시,일요일,경기도 수원시 팔달구 북수동,중상사고,0,1,0,0,차대사람 - 기타,안전운전불이행,건조,맑음,단일로 - 기타,승용,남,26세,상해없음,보행자,여,60세,중상
2021121900100329,2021년 12월 19일 21시,일요일,경기도 수원시 장안구 영화동,경상사고,0,0,2,0,차대차 - 기타,안전거리미확보,건조,맑음,단일로 - 기타,승용,남,56세,상해없음,승용,남,31세,경상
2021121900100335,2021년 12월 19일 21시,일요일,경기도 수원시 팔달구 매산로3가,경상사고,0,0,1,0,차대사람 - 횡단중,보행자보호의무위반,건조,맑음,교차로 - 교차로횡단보도내,승용,남,55세,상해없음,보행자,남,60세,경상
2021121900100348,2021년 12월 19일 22시,일요일,경기도 수원시 권선구 권선동,경상사고,0,0,2,0,차대차 - 기타,신호위반,젖음/습기,흐림,교차로 - 교차로안,승용,남,62세,경상,승용,여,52세,경상
2021122000100003,2021년 12월 20일 00시,월요일,경기도 수원시 팔달구 인계동,경상사고,0,0,1,0,차대차 - 기타,안전운전불이행,젖음/습기,흐림,교차로 - 교차로횡단보도내,자전거,남,21세,경상,승용,남,24세,상해없음
2021122000100005,2021년 12월 20일 02시,월요일,경기도 수원시 팔달구 교동,경상사고,0,0,1,0,차대차 - 추돌,신호위반,건조,맑음,교차로 - 교차로안,화물,남,51세,상해없음,승용,남,45세,경상