사고번호,사고일시,요일,시군구,사고내용,사망자수,중상자수,경상자수,부상신고자수,사고유형,법규위반,노면상태,기상상태,도로형태,가해운전자 차종,가해운전자 성별,가해운전자 연령,가해운전자 상해정도,피해운전자 차종,피해운전자 성별,피해운전자 연령,피해운전자 상해정도
2021122800100121,2021년 12월 28일 09시,화요일,경기도 수원시 장안구 율전동,경상사고,0,0,1,0,차대차 - 기타,교차로운행방법위반,건조,맑음,교차로 - 교차로부근,승용,남,61세,상해없음,승용,여,42세,경상
2021122800100181,2021년 12월 28일 11시,화요일,경기도 수원시 영통구 이의동,중상사고,0,1,0,0,차대차 - 기타,안전거리미확보,건조,맑음,교차로 - 교차로부근,승용,여,57세,상해없음,이륜,남,37세,중상
2021122800100252,2021년 12월 28일 14시,화요일,경기도 수원시 권선구 금곡동,경상사고,0,0,1,0,차대차 - 기타,교차로운행방법위반,건조,맑음,교차로 - 교차로부근,승용,여,32세,상해없음,승용,남,37세,경상
2021122800100449,2021년 12월 28일 20시,화요일,경기도 수원시 장안구 조원동,경상사고,0,0,1,1,차대차 - 추돌,안전운전불이행,건조,맑음,단일로 - 기타,승용,남,54세,상해없음,승용,남,22세,부상신고
2021122800100450,2021년 12월 28일 20시,화요일,경기도 수원시 장안구 조원동,경상사고,0,0,1,0,차대차 - 추돌,안전거리미확보,건조,맑음,교차로 - 교차로부근,이륜,남,55세,상해없음,승용,남,31세,경상
2021122800100483,2021년 12월 28일 21시,화요일,경기도 수원시 장안구 영화동,경상사고,0,0,1,0,차대사람 - 기타,안전운전불이행,건조,맑음,단일로 - 기타,승용,남,51세,상해없음,보행자,남,32세,경상
2021122800100492,2021년 12월 28일 21시,화요일,경기도 수원시 권선구 평동,경상사고,0,0,2,0,차대차 - 측면충돌,신호위반,건조,맑음,교차로 - 교차로부근,승용,남,23세,상해없음,승용,남,26세,경상
2021122800100527,2021년 12월 28일 22시,화요일,경기도 수원시 영통구 망포동,경상사고,0,0,2,0,차대차 - 측면충돌,안전운전불이행,건조,맑음,교차로 - 교차로안,승용,남,60세,상해없음,승용,여,48세,경상
2021122900100205,2021년 12월 29일 13시,수요일,경기도 수원시 권선구 세류동,경상사고,0,0,1,0,차대차 - 측면충돌,안전운전불이행,건조,맑음,단일로 - 기타,승용,남,39세,상해없음,특수,남,32세,경상
2021122900100237,2021년 12월 29일 14시,수요일,경기도 수원시 팔달구 매산로1가,경상사고,0,0,1,0,차대사람 - 기타,안전운전불이행,건조,맑음,단일로 - 기타,승용,여,46세,상해없음,보행자,여,21세,경상
2021122900100303,2021년 12월 29일 16시,수요일,경기도 수원시 장안구 조원동,부상신고사고,0,0,0,1,차대차 - 측면충돌,안전운전불이행,건조,맑음,단일로 - 기타,자전거,남,65세,부상신고,승합,남,74세,상해없음
2021122900100348,2021년 12월 29일 17시,수요일,경기도 수원시 영통구 원천동,경상사고,0,0,1,0,차대차 - 측면충돌,안전거리미확보,건조,맑음,단일로 - 기타,건설기계,남,57세,상해없음,승용,남,32세,경상
2021122900100483,2021년 12월 29일 20시,수요일,경기도 수원시 장안구 이목동,경상사고,0,0,2,0,차대차 - 추돌,안전운전불이행,건조,맑음,교차로 - 교차로안,승용,남,58세,상해없음,승용,남,59세,경상
2021122900100487,2021년 12월 29일 20시,수요일,경기도 수원시 팔달구 인계동,경상사고,0,0,1,0,차대사람 - 차도통행중,안전운전불이행,젖음/습기,맑음,단일로 - 기타,승용,여,22세,상해없음,보행자,남,53세,경상
2021122900100519,2021년 12월 29일 21시,수요일,경기도 수원시 영통구 원천동,경상사고,0,0,1,0,차대차 - 측면충돌,직진우회전진행방해,건조,맑음,교차로 - 교차로안,승용,남,21세,상해없음,승용,남,70세,경상
2021123000100004,2021년 12월 30일 00시,목요일,경기도 수원시 권선구 당수동,부상신고사고,0,0,0,1,차량단독 - 전도전복 - 전도,안전운전불이행,젖음/습기,흐림,단일로 - 기타,이륜,남,37세,부상신고,,,,
2021123000100064,2021년 12월 30일 08시,목요일,경기도 수원시 장안구 정자동,중상사고,0,1,0,0,차대사람 - 기타,보행자보호의무위반,건조,맑음,교차로 - 교차로안,승용,남,55세,상해없음,보행자,여,44세,중상
2021123000100065,2021년 12월 30일 08시,목요일,경기도 수원시 장안구 천천동,경상사고,0,0,1,0,차대차 - 기타,안전운전불이행,건조,맑음,교차로 - 교차로횡단보도내,화물,남,43세,상해없음,자전거,남,15세,경상
2021123000100190,2021년 12월 30일 12시,목요일,경기도 수원시 권선구 구운동,경상사고,0,0,2,0,차대차 - 추돌,신호위반,건조,맑음,교차로 - 교차로부근,원동기,남,43세,상해없음,승용,여,29세,경상
2021123000100271,2021년 12월 30일 15시,목요일,경기도 수원시 장안구 이목동,경상사고,0,0,1,0,차대차 - 기타,안전거리미확보,건조,맑음,교차로 - 교차로안,승용,여,41세,상해없음,승용,남,30세,상해없음
2021123000100307,2021년 12월 30일 16시,목요일,경기도 수원시 영통구 망포동,경상사고,0,0,1,0,차대차 - 측면충돌,안전거리미확보,건조,맑음,단일로 - 기타,화물,남,56세,상해없음,승용,남,55세,경상
2021123000100551,2021년 12월 30일 21시,목요일,경기도 수원시 팔달구 우만동,경상사고,0,0,1,0,차대사람 - 길가장자리구역통행중,안전운전불이행,건조,맑음,단일로 - 기타,승용,남,56세,상해없음,보행자,남,49세,경상
2021123000100614,2021년 12월 30일 23시,목요일,경기도 수원시 권선구 호매실동,경상사고,0,0,1,1,차대차 - 측면충돌,안전운전불이행,건조,맑음,교차로 - 교차로부근,이륜,남,16세,부상신고,승용,여,24세,경상
2021123100100018,2021년 12월 31일 04시,금요일,경기도 수원시 권선구 탑동,경상사고,0,0,4,0,차대차 - 기타,안전운전불이행,건조,맑음,기타 - 기타,승용,남,69세,상해없음,승용,남,23세,경상
2021123100100030,2021년 12월 31일 06시,금요일,경기도 수원시 권선구 권선동,중상사고,0,1,0,0,차대차 - 측면충돌,안전운전불이행,건조,맑음,교차로 - 교차로횡단보도내,승용,남,33세,상해없음,자전거,남,22세,중상
2021123100100031,2021년 12월 31일 06시,금요일,경기도 수원시 권선구 호매실동,경상사고,0,0,1,0,차대차 - 정면충돌,신호위반,건조,맑음,교차로 - 교차로안,승용,여,48세,상해없음,승용,남,71세,경상
2021123100100099,2021년 12월 31일 10시,금요일,경기도 수원시 장안구 정자동,중상사고,0,1,0,0,차대사람 - 보도통행중,기타,건조,맑음,단일로 - 기타,개인형이동수단(PM),여,19세,상해없음,보행자,여,74세,중상
2021123100100286,2021년 12월 31일 15시,금요일,경기도 수원시 장안구 정자동,경상사고,0,0,2,0,차대차 - 측면충돌,신호위반,건조,맑음,교차로 - 교차로안,승합,남,43세,상해없음,승용,남,33세,경상
2021123100100323,2021년 12월 31일 16시,금요일,경기도 수원시 영통구 이의동,경상사고,0,0,1,0,차대차 - 추돌,안전운전불이행,건조,맑음,기타 - 기타,승용,남,51세,상해없음,승용,여,52세,경상
2021123100100373,2021년 12월 31일 17시,금요일,경기도 수원시 영통구 영통동,경상사고,0,0,1,0,차대차 - 측면충돌,안전운전불이행,건조,맑음,교차로 - 교차로횡단보도내,승용,남,51세,상해없음,개인형이동수단(PM),남,49세,경상
2021123100100376,2021년 12월 31일 17시,금요일,경기도 수원시 권선구 당수동,중상사고,0,1,0,0,차대차 - 추돌,안전운전불이행,건조,맑음,단일로 - 기타,승용,남,59세,상해없음,승용,남,46세,중상
2021123100100377,2021년 12월 31일 17시,금요일,경기도 수원시 영통구 망포동,경상사고,0,0,1,0,차대차 - 추돌,안전운전불이행,건조,맑음,기타 - 기타,승용,남,62세,상해없음,승용,남,54세,경상
2021123100100440,2021년 12월 31일 18시,금요일,경기도 수원시 영통구 원천동,경상사고,0,0,3,0,차대차 - 측면충돌,안전운전불이행,건조,맑음,교차로 - 교차로안,승용,남,63세,상해없음,승용,남,44세,경상
2021123100100441,2021년 12월 31일 18시,금요일,경기도 수원시 영통구 망포동,경상사고,0,0,1,0,차대차 - 측면충돌,안전운전불이행,건조,맑음,단일로 - 기타,승용,남,24세,상해없음,이륜,남,26세,경상
2021123100100545,2021년 12월 31일 20시,금요일,경기도 수원시 영통구 망포동,중상사고,0,1,3,0,차대차 - 추돌,안전운전불이행,건조,맑음,단일로 - 기타,화물,남,36세,상해없음,승용,여,75세,경상
2021123100100571,2021년 12월 31일 21시,금요일,경기도 수원시 권선구 구운동,경상사고,0,0,1,0,차대차 - 기타,안전운전불이행,건조,맑음,단일로 - 기타,승용,남,40세,상해없음,이륜,남,52세,경상
2021123100100572,2021년 12월 31일 21시,금요일,경기도 수원시 팔달구 매산로1가,경상사고,0,0,2,0,차대차 - 기타,안전거리미확보,건조,맑음,단일로 - 기타,승용,남,61세,상해없음,승합,남,65세,경상
2022010100100020,2022년 1월 1일 02시,토요일,경기도 수원시 권선구 권선동,경상사고,0,0,4,0,차대차 - 추돌,신호위반,건조,맑음,교차로 - 교차로부근,승용,남,21세,상해없음,승합,남,33세,경상
2022010100100087,2022년 1월 1일 11시,토요일,경기도 수원시 영통구 이의동,경상사고,0,0,1,0,차대차 - 기타,안전운전불이행,건조,맑음,교차로 - 교차로안,화물,여,56세,상해없음,승용,남,33세,경상
2022010100100100,2022년 1월 1일 12시,토요일,경기도 수원시 권선구 오목천동,경상사고,0,0,1,0,차대차 - 기타,신호위반,건조,맑음,교차로 - 교차로안,승용,여,45세,상해없음,이륜,남,28세,경상
2022010100100174,2022년 1월 1일 15시,토요일,경기도 수원시 장안구 조원동,부상신고사고,0,0,0,1,차대사람 - 기타,안전운전불이행,건조,맑음,교차로 - 교차로부근,승용,여,62세,상해없음,보행자,남,65세,부상신고
2022010100100223,2022년 1월 1일 17시,토요일,경기도 수원시 팔달구 팔달로3가,중상사고,0,1,0,0,차대사람 - 기타,안전운전불이행,건조,맑음,교차로 - 교차로안,승용,남,40세,상해없음,보행자,여,67세,중상
2022010100100224,2022년 1월 1일 17시,토요일,경기도 수원시 팔달구 신풍동,중상사고,0,1,0,0,차대차 - 측면충돌,안전거리미확보,건조,맑음,미분류 - 미분류,이륜,남,37세,중상,승용,남,40세,상해없음
2022010100100259,2022년 1월 1일 18시,토요일,경기도 수원시 권선구 세류동,경상사고,0,0,1,0,차대차 - 측면충돌,중앙선침범,건조,맑음,교차로 - 교차로부근,승용,남,41세,상해없음,승용,남,19세,경상
2022010100100298,2022년 1월 1일 19시,토요일,경기도 수원시 권선구 권선동,경상사고,0,0,1,0,차대차 - 추돌,안전운전불이행,건조,맑음,교차로 - 교차로안,승용,남,28세,상해없음,승용,여,49세,경상
2022010100100332,2022년 1월 1일 20시,토요일,경기도 수원시 팔달구 인계동,중상사고,0,1,0,0,차대사람 - 횡단중,신호위반,건조,맑음,단일로 - 기타,승용,여,59세,상해없음,보행자,남,30세,중상
2022010100100335,2022년 1월 1일 20시,토요일,경기도 수원시 권선구 고색동,경상사고,0,0,2,0,차대차 - 후진중충돌,안전운전불이행,건조,맑음,교차로 - 교차로부근,화물,남,62세,상해없음,승용,남,57세,경상
2022010100100336,2022년 1월 1일 20시,토요일,경기도 수원시 권선구 세류동,중상사고,0,1,0,0,차대차 - 측면충돌,안전운전불이행,건조,맑음,단일로 - 기타,화물,남,52세,상해없음,승합,남,57세,상해없음
2022010100100357,2022년 1월 1일 21시,토요일,경기도 수원시 팔달구 중동,경상사고,0,0,2,0,차대차 - 측면충돌,교차로운행방법위반,건조,맑음,교차로 - 교차로안,승용,남,48세,기타불명,승용,남,71세,경상
2022010100100359,2022년 1월 1일 21시,토요일,경기도 수원시 팔달구 인계동,경상사고,0,0,1,0,차대차 - 측면충돌,안전운전불이행,건조,맑음,단일로 - 기타,승용,남,44세,상해없음,자전거,남,26세,경상
2022010200100053,2022년 1월 2일 10시,일요일,경기도 수원시 장안구 정자동,경상사고,0,0,1,0,차대차 - 측면충돌,안전운전불이행,건조,맑음,단일로 - 기타,승용,남,61세,상해없음,승용,남,44세,경상
2022010200100064,2022년 1월 2일 11시,일요일,경기도 수원시 팔달구 팔달로1가,경상사고,0,0,1,0,차대차 - 기타,기타,건조,맑음,단일로 - 기타,승용,남,59세,상해없음,승용,남,64세,경상
2022010200100065,2022년 1월 2일 11시,일요일,경기도 수원시 팔달구 우만동,경상사고,0,0,5,0,차대차 - 기타,안전거리미확보,건조,맑음,단일로 - 기타,승용,남,32세,경상,승용,남,33세,경상
2022010200100069,2022년 1월 2일 11시,일요일,경기도 수원시 권선구 고색동,경상사고,0,0,2,0,차대차 - 측면충돌,기타,건조,맑음,단일로 - 기타,승용,남,57세,상해없음,승용,남,34세,경상
2022010200100174,2022년 1월 2일 15시,일요일,경기도 수원시 팔달구 인계동,경상사고,0,0,2,0,차대차 - 후진중충돌,안전운전불이행,건조,맑음,단일로 - 기타,승용,남,21세,상해없음,승용,남,26세,경상
2022010200100263,2022년 1월 2일 18시,일요일,경기도 수원시 권선구 금곡동,경상사고,0,0,1,0,차대사람 - 횡단중,신호위반,건조,맑음,교차로 - 교차로횡단보도내,기타불명,기타불명,미분류,기타불명,보행자,여,25세,경상
2022010200100290,2022년 1월 2일 19시,일요일,경기도 수원시 영통구 이의동,경상사고,0,0,2,0,차대차 - 측면충돌,신호위반,건조,맑음,교차로 - 교차로안,화물,남,51세,상해없음,승용,여,29세,경상
2022010200100291,2022년 1월 2일 19시,일요일,경기도 수원시 영통구 이의동,경상사고,0,0,3,0,차대차 - 측면충돌,신호위반,건조,맑음,교차로 - 교차로안,승용,남,60세,상해없음,승용,여,31세,경상
2022010200100359,2022년 1월 2일 21시,일요일,경기도 수원시 장안구 송죽동,경상사고,0,0,1,0,차대차 - 추돌,안전운전불이행,건조,맑음,단일로 - 기타,승용,남,39세,상해없음,승용,남,28세,경상
2022010200100391,2022년 1월 2일 22시,일요일,경기도 수원시 팔달구 인계동,경상사고,0,0,1,0,차대차 - 측면충돌,안전운전불이행,건조,맑음,기타 - 기타,승용,남,24세,상해없음,승용,남,29세,경상
2022010200100394,2022년 1월 2일 22시,일요일,경기도 수원시 팔달구 매산로1가,경상사고,0,0,1,0,차대차 - 측면충돌,신호위반,건조,맑음,교차로 - 교차로부근,승용,남,24세,상해없음,승용,남,23세,경상
2022010200100395,2022년 1월 2일 22시,일요일,경기도 수원시 권선구 서둔동,경상사고,0,0,2,0,차대차 - 측면충돌,신호위반,건조,맑음,교차로 - 교차로안,승용,남,41세,경상,승용,남,63세,경상
2022010200100403,2022년 1월 2일 23시,일요일,경기도 수원시 권선구 세류동,중상사고,0,2,0,0,차대차 - 측면충돌,신호위반,건조,맑음,교차로 - 교차로안,승용,남,41세,상해없음,승용,남,56세,중상
2022010300100092,2022년 1월 3일 08시,월요일,경기도 수원시 장안구 파장동,경상사고,0,0,1,0,차대차 - 기타,신호위반,건조,맑음,교차로 - 교차로안,승용,여,64세,상해없음,개인형이동수단(PM),남,22세,경상
2022010300100135,2022년 1월 3일 09시,월요일,경기도 수원시 영통구 원천동,경상사고,0,0,3,0,차대차 - 기타,안전운전불이행,건조,맑음,단일로 - 기타,화물,남,49세,경상,승용,남,51세,경상
2022010300100165,2022년 1월 3일 10시,월요일,경기도 수원시 팔달구 교동,경상사고,0,0,1,0,차대차 - 추돌,안전운전불이행,건조,맑음,단일로 - 기타,승용,남,49세,상해없음,승용,여,62세,경상
2022010300100193,2022년 1월 3일 11시,월요일,경기도 수원시 팔달구 고등동,경상사고,0,0,1,0,차대차 - 추돌,안전운전불이행,건조,맑음,교차로 - 교차로부근,승용,남,77세,상해없음,승용,여,62세,경상
2022010300100334,2022년 1월 3일 15시,월요일,경기도 수원시 권선구 세류동,경상사고,0,0,1,0,차대차 - 추돌,안전운전불이행,건조,맑음,단일로 - 기타,승용,남,67세,상해없음,승용,남,48세,경상
2022010300100403,2022년 1월 3일 17시,월요일,경기도 수원시 팔달구 우만동,경상사고,0,0,2,0,차대차 - 추돌,안전운전불이행,건조,맑음,단일로 - 기타,승용,여,49세,상해없음,승용,여,25세,경상
2022010300100453,2022년 1월 3일 18시,월요일,경기도 수원시 팔달구 화서동,경상사고,0,0,1,0,차대차 - 추돌,안전운전불이행,젖음/습기,맑음,단일로 - 기타,승용,남,41세,상해없음,승용,여,36세,경상
2022010300100524,2022년 1월 3일 19시,월요일,경기도 수원시 장안구 영화동,경상사고,0,0,1,0,차대사람 - 횡단중,신호위반,건조,맑음,교차로 - 교차로횡단보도내,승용,남,74세,상해없음,보행자,여,40세,경상
2022010300100528,2022년 1월 3일 19시,월요일,경기도 수원시 영통구 영통동,경상사고,0,0,1,0,차대차 - 측면충돌,차로위반,건조,맑음,단일로 - 기타,승용,여,19세,상해없음,승용,남,53세,경상
2022010300100562,2022년 1월 3일 20시,월요일,경기도 수원시 장안구 하광교동,중상사고,0,1,0,0,차대사람 - 횡단중,보행자보호의무위반,건조,맑음,단일로 - 기타,승용,남,61세,상해없음,보행자,남,44세,중상
2022010300100572,2022년 1월 3일 20시,월요일,경기도 수원시 권선구 고색동,경상사고,0,0,3,0,차대차 - 추돌,안전운전불이행,건조,맑음,단일로 - 기타,승용,남,60세,상해없음,승용,남,38세,경상
2022010400100004,2022년 1월 4일 01시,화요일,경기도 수원시 영통구 영통동,경상사고,0,0,2,0,차대차 - 측면충돌,교차로운행방법위반,건조,맑음,교차로 - 교차로안,승용,남,24세,기타불명,승용,남,63세,경상
2022010400100070,2022년 1월 4일 08시,화요일,경기도 수원시 장안구 정자동,경상사고,0,0,1,0,차대차 - 측면충돌,신호위반,건조,맑음,교차로 - 교차로안,승용,여,69세,상해없음,승용,여,34세,경상
2022010400100140,2022년 1월 4일 10시,화요일,경기도 수원시 영통구 영통동,경상사고,0,0,1,0,차대차 - 측면충돌,차로위반,건조,맑음,교차로 - 교차로부근,승용,여,58세,상해없음,이륜,남,37세,경상
2022010400100228,2022년 1월 4일 13시,화요일,경기도 수원시 팔달구 인계동,경상사고,0,0,1,0,차대차 - 추돌,안전운전불이행,건조,맑음,교차로 - 교차로부근,승용,남,62세,상해없음,승용,남,50세,경상
2022010400100363,2022년 1월 4일 17시,화요일,경기도 수원시 권선구 권선동,부상신고사고,0,0,0,1,차대차 - 추돌,안전운전불이행,건조,맑음,단일로 - 기타,이륜,남,49세,부상신고,승용,남,39세,상해없음
2022010400100364,2022년 1월 4일 17시,화요일,경기도 수원시 팔달구 매산로1가,중상사고,0,1,1,0,차대사람 - 횡단중,안전운전불이행,건조,맑음,교차로 - 교차로안,승용,남,51세,상해없음,보행자,여,32세,중상
2022010400100446,2022년 1월 4일 19시,화요일,경기도 수원시 영통구 원천동,중상사고,0,1,0,0,차대차 - 추돌,안전운전불이행,건조,맑음,교차로 - 교차로부근,승용,남,76세,상해없음,이륜,남,35세,중상
2022010400100450,2022년 1월 4일 19시,화요일,경기도 수원시 권선구 입북동,경상사고,0,0,1,0,차대차 - 추돌,안전운전불이행,건조,맑음,단일로 - 기타,승용,남,30세,상해없음,승용,남,36세,경상
2022010400100476,2022년 1월 4일 20시,화요일,경기도 수원시 권선구 세류동,경상사고,0,0,1,0,차대차 - 정면충돌,신호위반,건조,맑음,교차로 - 교차로안,이륜,남,59세,상해없음,승용,여,59세,경상
2022010500100061,2022년 1월 5일 08시,수요일,경기도 수원시 권선구 권선동,경상사고,0,0,1,0,차대사람 - 횡단중,신호위반,건조,맑음,교차로 - 교차로안,승용,남,66세,상해없음,보행자,여,26세,경상
2022010500100062,2022년 1월 5일 08시,수요일,경기도 수원시 영통구 이의동,경상사고,0,0,3,0,차대차 - 추돌,안전거리미확보,건조,맑음,교차로 - 교차로안,승용,남,36세,상해없음,승용,남,46세,경상
2022010500100107,2022년 1월 5일 10시,수요일,경기도 수원시 팔달구 우만동,중상사고,0,1,0,0,차대차 - 기타,신호위반,건조,맑음,교차로 - 교차로횡단보도내,화물,남,45세,상해없음,자전거,남,72세,중상
2022010500100108,2022년 1월 5일 10시,수요일,경기도 수원시 영통구 하동,경상사고,0,0,1,0,차대차 - 측면충돌,안전운전불이행,건조,맑음,단일로 - 지하차도(도로)내,승합,남,82세,상해없음,승용,여,36세,경상
2022010500100131,2022년 1월 5일 11시,수요일,경기도 수원시 권선구 권선동,부상신고사고,0,0,0,1,차대차 - 측면충돌,안전운전불이행,건조,맑음,단일로 - 기타,이륜,남,32세,부상신고,승용,남,45세,상해없음
2022010500100158,2022년 1월 5일 12시,수요일,경기도 수원시 권선구 권선동,경상사고,0,0,1,0,차대차 - 측면충돌,안전운전불이행,젖음/습기,맑음,단일로 - 기타,화물,남,46세,상해없음,승용,여,53세,경상
2022010500100159,2022년 1월 5일 12시,수요일,경기도 수원시 팔달구 매산로3가,경상사고,0,0,2,0,차대차 - 추돌,안전운전불이행,건조,맑음,교차로 - 교차로부근,승용,남,28세,상해없음,승용,여,40세,경상
2022010500100180,2022년 1월 5일 13시,수요일,경기도 수원시 팔달구 매산로2가,경상사고,0,0,1,0,차대사람 - 횡단중,신호위반,건조,맑음,단일로 - 기타,승용,여,69세,상해없음,보행자,남,41세,경상
2022010500100181,2022년 1월 5일 13시,수요일,경기도 수원시 팔달구 고등동,경상사고,0,0,1,0,차대차 - 기타,중앙선침범,건조,맑음,교차로 - 교차로부근,이륜,남,25세,상해없음,이륜,남,31세,경상
2022010500100197,2022년 1월 5일 14시,수요일,경기도 수원시 영통구 매탄동,경상사고,0,0,2,0,차대차 - 측면충돌,중앙선침범,건조,맑음,교차로 - 교차로안,이륜,남,55세,경상,승용,남,61세,경상
2022010500100216,2022년 1월 5일 15시,수요일,경기도 수원시 장안구 정자동,중상사고,0,1,0,0,차대차 - 기타,안전운전불이행,건조,맑음,교차로 - 교차로부근,승용,여,35세,상해없음,승용,여,56세,중상
2022010500100219,2022년 1월 5일 15시,수요일,경기도 수원시 영통구 원천동,경상사고,0,0,1,0,차대사람 - 차도통행중,안전운전불이행,건조,맑음,단일로 - 기타,화물,남,32세,상해없음,보행자,여,67세,경상
2022010500100239,2022년 1월 5일 16시,수요일,경기도 수원시 영통구 이의동,경상사고,0,0,1,0,차대사람 - 횡단중,보행자보호의무위반,건조,맑음,교차로 - 교차로횡단보도내,승용,남,33세,기타불명,보행자,여,29세,경상
2022010500100269,2022년 1월 5일 17시,수요일,경기도 수원시 팔달구 고등동,부상신고사고,0,0,0,1,차대차 - 기타,안전운전불이행,건조,맑음,단일로 - 기타,이륜,남,22세,상해없음,승용,남,28세,상해없음
2022010500100351,2022년 1월 5일 19시,수요일,경기도 수원시 팔달구 화서동,부상신고사고,0,0,0,1,차량단독 - 전도전복 - 전도,안전운전불이행,건조,맑음,단일로 - 기타,이륜,남,30세,부상신고,,,,
2022010500100357,2022년 1월 5일 19시,수요일,경기도 수원시 영통구 매탄동,경상사고,0,0,1,0,차대차 - 기타,차로위반,건조,맑음,교차로 - 교차로안,기타불명,기타불명,미분류,기타불명,이륜,남,30세,경상
2022010500100418,2022년 1월 5일 21시,수요일,경기도 수원시 팔달구 인계동,부상신고사고,0,0,0,1,차대차 - 추돌,안전운전불이행,건조,맑음,단일로 - 기타,승용,남,32세,상해없음,이륜,남,49세,부상신고
2022010500100422,2022년 1월 5일 21시,수요일,경기도 수원시 권선구 구운동,경상사고,0,0,2,0,차대차 - 추돌,안전운전불이행,건조,맑음,단일로 - 기타,승용,남,27세,상해없음,승용,남,43세,경상
2022010500100423,2022년 1월 5일 21시,수요일,경기도 수원시 팔달구 고등동,경상사고,0,0,1,0,차대차 - 기타,안전운전불이행,건조,흐림,단일로 - 기타,승용,남,66세,상해없음,승용,남,31세,경상
2022010600100010,2022년 1월 6일 01시,목요일,경기도 수원시 권선구 세류동,경상사고,0,0,2,0,차대차 - 측면충돌,신호위반,건조,맑음,교차로 - 교차로안,승용,남,28세,상해없음,승용,남,30세,경상
2022010600100024,2022년 1월 6일 05시,목요일,경기도 수원시 팔달구 인계동,중상사고,0,1,0,0,차대사람 - 차도통행중,보행자보호의무위반,건조,맑음,기타 - 기타,승용,남,48세,상해없음,보행자,여,74세,중상
2022010600100033,2022년 1월 6일 06시,목요일,경기도 수원시 권선구 곡반정동,경상사고,0,0,1,0,차대차 - 측면충돌,안전운전불이행,건조,맑음,기타 - 기타,기타불명,기타불명,미분류,기타불명,이륜,남,39세,경상
2022010600100034,2022년 1월 6일 06시,목요일,경기도 수원시 권선구 곡반정동,경상사고,0,0,1,0,차대차 - 추돌,안전운전불이행,건조,맑음,단일로 - 기타,승용,남,22세,상해없음,화물,남,65세,경상
2022010600100049,2022년 1월 6일 07시,목요일,경기도 수원시 권선구 당수동,중상사고,0,1,0,0,차대사람 - 횡단중,보행자보호의무위반,건조,흐림,교차로 - 교차로횡단보도내,화물,남,64세,상해없음,보행자,여,57세,중상
2022010600100066,2022년 1월 6일 08시,목요일,경기도 수원시 장안구 연무동,경상사고,0,0,1,0,차대차 - 기타,교차로운행방법위반,건조,맑음,교차로 - 교차로안,승용,여,41세,상해없음,승합,남,60세,상해없음
2022010600100076,2022년 1월 6일 08시,목요일,경기도 수원시 권선구 권선동,중상사고,0,1,0,0,차대차 - 측면충돌,교차로운행방법위반,건조,맑음,교차로 - 교차로안,승용,여,34세,상해없음,승용,남,25세,중상
2022010600100111,2022년 1월 6일 09시,목요일,경기도 수원시 장안구 영화동,경상사고,0,0,2,0,차대차 - 추돌,안전거리미확보,건조,맑음,교차로 - 교차로부근,승용,남,38세,기타불명,승용,남,48세,경상
2022010600100132,2022년 1월 6일 10시,목요일,경기도 수원시 팔달구 우만동,중상사고,0,1,0,0,차대사람 - 횡단중,보행자보호의무위반,건조,맑음,기타 - 기타,승용,남,27세,상해없음,보행자,여,77세,중상
2022010600100166,2022년 1월 6일 11시,목요일,경기도 수원시 장안구 영화동,중상사고,0,1,0,0,차대차 - 측면충돌,안전운전불이행,건조,맑음,교차로 - 교차로부근,이륜,남,47세,중상,승용,남,64세,상해없음
2022010600100251,2022년 1월 6일 14시,목요일,경기도 수원시 권선구 서둔동,경상사고,0,0,3,0,차대차 - 기타,직진우회전진행방해,건조,맑음,교차로 - 교차로안,승용,남,23세,경상,승용,여,52세,경상
2022010600100356,2022년 1월 6일 17시,목요일,경기도 수원시 팔달구 화서동,부상신고사고,0,0,0,1,차대차 - 기타,불법유턴,건조,맑음,단일로 - 기타,기타불명,기타불명,미분류,기타불명,이륜,남,55세,부상신고
2022010600100393,2022년 1월 6일 18시,목요일,경기도 수원시 장안구 천천동,중상사고,0,1,0,0,차대사람 - 횡단중,보행자보호의무위반,건조,맑음,교차로 - 교차로안,승용,남,37세,상해없음,보행자,여,50세,중상
2022010600100394,2022년 1월 6일 18시,목요일,경기도 수원시 장안구 연무동,경상사고,0,0,1,0,차대사람 - 기타,안전운전불이행,건조,맑음,단일로 - 기타,승용,여,55세,상해없음,보행자,남,52세,경상
2022010600100405,2022년 1월 6일 18시,목요일,경기도 수원시 영통구 원천동,경상사고,0,0,1,0,차대차 - 측면충돌,안전운전불이행,건조,맑음,단일로 - 지하차도(도로)내,승용,남,29세,상해없음,승합,남,37세,상해없음
2022010600100447,2022년 1월 6일 19시,목요일,경기도 수원시 권선구 호매실동,경상사고,0,0,2,0,차대차 - 추돌,안전거리미확보,건조,맑음,단일로 - 기타,승용,남,26세,상해없음,승용,여,37세,경상
2022010600100470,2022년 1월 6일 20시,목요일,경기도 수원시 팔달구 장안동,부상신고사고,0,0,0,1,차대차 - 추돌,안전운전불이행,건조,맑음,교차로 - 교차로부근,이륜,남,25세,상해없음,승용,여,38세,부상신고
2022010600100474,2022년 1월 6일 20시,목요일,경기도 수원시 영통구 원천동,중상사고,0,1,1,0,차대차 - 측면충돌,차로위반,건조,맑음,교차로 - 교차로부근,승용,남,47세,상해없음,승용,남,55세,중상