사고번호,사고일시,요일,시군구,사고내용,사망자수,중상자수,경상자수,부상신고자수,사고유형,법규위반,노면상태,기상상태,도로형태,가해운전자 차종,가해운전자 성별,가해운전자 연령,가해운전자 상해정도,피해운전자 차종,피해운전자 성별,피해운전자 연령,피해운전자 상해정도
2022011400100395,2022년 1월 14일 17시,금요일,경기도 수원시 장안구 이목동,경상사고,0,0,1,0,차대차 - 기타,중앙선침범,건조,맑음,단일로 - 기타,승용,남,71세,상해없음,승용,남,27세,경상
2022011400100447,2022년 1월 14일 18시,금요일,경기도 수원시 권선구 탑동,경상사고,0,0,1,0,차대차 - 기타,안전운전불이행,건조,맑음,단일로 - 기타,승용,남,30세,상해없음,이륜,남,44세,경상
2022011400100505,2022년 1월 14일 19시,금요일,경기도 수원시 장안구 율전동,경상사고,0,0,1,0,차대차 - 기타,안전거리미확보,서리/결빙,맑음,단일로 - 기타,승용,남,57세,상해없음,이륜,남,32세,경상
2022011400100511,2022년 1월 14일 19시,금요일,경기도 수원시 팔달구 인계동,경상사고,0,0,1,0,차대차 - 후진중충돌,안전운전불이행,건조,맑음,단일로 - 기타,승용,여,39세,상해없음,이륜,남,45세,경상
2022011400100512,2022년 1월 14일 19시,금요일,경기도 수원시 권선구 권선동,부상신고사고,0,0,0,1,차대차 - 측면충돌,안전운전불이행,건조,맑음,교차로 - 교차로부근,자전거,여,65세,부상신고,승용,남,32세,상해없음
2022011400100516,2022년 1월 14일 19시,금요일,경기도 수원시 권선구 탑동,경상사고,0,0,1,0,차대차 - 기타,직진우회전진행방해,건조,맑음,교차로 - 교차로안,승용,남,47세,상해없음,이륜,남,53세,경상
2022011400100517,2022년 1월 14일 19시,금요일,경기도 수원시 권선구 탑동,경상사고,0,0,2,0,차대차 - 추돌,안전거리미확보,서리/결빙,맑음,단일로 - 기타,승용,남,59세,상해없음,승용,남,50세,경상
2022011400100567,2022년 1월 14일 20시,금요일,경기도 수원시 영통구 영통동,중상사고,0,1,0,0,차대사람 - 횡단중,안전운전불이행,건조,맑음,교차로 - 교차로횡단보도내,승용,남,62세,상해없음,보행자,남,44세,중상
2022011400100568,2022년 1월 14일 20시,금요일,경기도 수원시 권선구 호매실동,부상신고사고,0,0,0,1,차대차 - 기타,안전운전불이행,건조,맑음,단일로 - 기타,이륜,남,66세,부상신고,승용,남,52세,상해없음
2022011400100649,2022년 1월 14일 22시,금요일,경기도 수원시 장안구 이목동,중상사고,0,1,0,0,차대차 - 기타,기타,건조,맑음,교차로 - 교차로안,승용,여,38세,상해없음,이륜,남,16세,중상
2022011400100653,2022년 1월 14일 22시,금요일,경기도 수원시 팔달구 인계동,경상사고,0,0,1,0,차대차 - 추돌,안전거리미확보,건조,맑음,단일로 - 기타,승용,남,29세,상해없음,화물,남,61세,경상
2022011400100672,2022년 1월 14일 23시,금요일,경기도 수원시 영통구 망포동,경상사고,0,0,1,0,차대차 - 기타,신호위반,건조,맑음,교차로 - 교차로안,개인형이동수단(PM),남,70세,상해없음,이륜,남,29세,경상
2022011400100673,2022년 1월 14일 23시,금요일,경기도 수원시 권선구 곡반정동,중상사고,0,1,0,0,차대차 - 측면충돌,신호위반,건조,맑음,교차로 - 교차로안,승용,남,22세,상해없음,승용,남,56세,중상
2022011500100056,2022년 1월 15일 08시,토요일,경기도 수원시 팔달구 인계동,경상사고,0,0,1,0,차대사람 - 보도통행중,안전운전불이행,건조,맑음,교차로 - 교차로횡단보도내,승용,남,50세,상해없음,보행자,남,70세,경상
2022011500100167,2022년 1월 15일 12시,토요일,경기도 수원시 권선구 평동,부상신고사고,0,0,0,1,차대차 - 기타,안전운전불이행,건조,맑음,단일로 - 기타,승용,여,31세,상해없음,승용,여,55세,상해없음
2022011500100190,2022년 1월 15일 13시,토요일,경기도 수원시 영통구 영통동,중상사고,0,1,0,0,차대차 - 기타,안전운전불이행,젖음/습기,맑음,교차로 - 교차로안,승용,남,44세,상해없음,이륜,남,55세,중상
2022011500100194,2022년 1월 15일 13시,토요일,경기도 수원시 팔달구 고등동,경상사고,0,0,1,0,차대차 - 기타,안전운전불이행,건조,맑음,교차로 - 교차로안,승용,남,21세,상해없음,승용,남,58세,경상
2022011500100315,2022년 1월 15일 17시,토요일,경기도 수원시 팔달구 화서동,경상사고,0,0,1,0,차대차 - 측면충돌,안전운전불이행,건조,맑음,교차로 - 교차로안,승용,남,36세,상해없음,이륜,남,57세,경상
2022011500100361,2022년 1월 15일 18시,토요일,경기도 수원시 팔달구 우만동,경상사고,0,0,3,0,차대차 - 측면충돌,직진우회전진행방해,건조,맑음,교차로 - 교차로안,화물,남,62세,경상,승용,여,31세,경상
2022011500100370,2022년 1월 15일 18시,토요일,경기도 수원시 권선구 호매실동,경상사고,0,0,2,0,차대차 - 기타,안전운전불이행,건조,맑음,단일로 - 기타,승용,남,19세,상해없음,승용,여,35세,경상
2022011500100453,2022년 1월 15일 20시,토요일,경기도 수원시 장안구 정자동,경상사고,0,0,1,0,차대차 - 기타,안전거리미확보,젖음/습기,맑음,단일로 - 기타,승용,여,26세,상해없음,이륜,남,19세,경상
2022011500100460,2022년 1월 15일 20시,토요일,경기도 수원시 영통구 이의동,경상사고,0,0,2,0,차대차 - 추돌,안전운전불이행,건조,맑음,교차로 - 교차로부근,승용,남,26세,상해없음,승용,여,47세,경상
2022011500100496,2022년 1월 15일 21시,토요일,경기도 수원시 권선구 곡반정동,중상사고,0,1,0,0,차대사람 - 기타,신호위반,젖음/습기,눈,교차로 - 교차로횡단보도내,승용,남,62세,상해없음,보행자,남,58세,중상
2022011500100531,2022년 1월 15일 22시,토요일,경기도 수원시 장안구 파장동,부상신고사고,0,0,0,1,차대차 - 측면충돌,안전거리미확보,젖음/습기,흐림,교차로 - 교차로부근,이륜,남,22세,부상신고,승용,여,57세,상해없음
2022011600100049,2022년 1월 16일 09시,일요일,경기도 수원시 장안구 파장동,경상사고,0,0,1,0,차대사람 - 길가장자리구역통행중,신호위반,건조,맑음,단일로 - 기타,승용,여,59세,상해없음,보행자,남,53세,경상
2022011600100085,2022년 1월 16일 11시,일요일,경기도 수원시 권선구 권선동,중상사고,0,1,0,0,차대차 - 추돌,안전거리미확보,건조,맑음,단일로 - 기타,승합,남,48세,상해없음,승용,여,33세,중상
2022011600100086,2022년 1월 16일 11시,일요일,경기도 수원시 영통구 매탄동,경상사고,0,0,2,0,차대차 - 기타,직진우회전진행방해,건조,맑음,교차로 - 교차로안,이륜,남,32세,경상,이륜,남,28세,경상
2022011600100167,2022년 1월 16일 14시,일요일,경기도 수원시 권선구 호매실동,경상사고,0,0,1,0,차대차 - 기타,안전운전불이행,건조,맑음,단일로 - 기타,이륜,남,26세,경상,승용,여,39세,상해없음
2022011600100168,2022년 1월 16일 14시,일요일,경기도 수원시 권선구 세류동,경상사고,0,0,2,0,차대차 - 추돌,안전운전불이행,건조,맑음,교차로 - 교차로안,승용,남,37세,기타불명,승용,남,30세,경상
2022011600100190,2022년 1월 16일 15시,일요일,경기도 수원시 권선구 고색동,경상사고,0,0,1,0,차대차 - 기타,안전거리미확보,건조,맑음,기타 - 기타,승용,남,29세,상해없음,승용,남,23세,경상
2022011600100240,2022년 1월 16일 17시,일요일,경기도 수원시 팔달구 인계동,경상사고,0,0,1,0,차대차 - 추돌,안전거리미확보,건조,맑음,단일로 - 기타,승용,남,58세,상해없음,승용,남,39세,경상
2022011600100263,2022년 1월 16일 18시,일요일,경기도 수원시 권선구 권선동,중상사고,0,1,0,0,차대사람 - 횡단중,안전운전불이행,건조,맑음,단일로 - 기타,승용,남,61세,상해없음,보행자,여,60세,중상
2022011600100296,2022년 1월 16일 19시,일요일,경기도 수원시 권선구 세류동,중상사고,0,1,0,0,차대차 - 측면충돌,안전운전불이행,건조,맑음,교차로 - 교차로횡단보도내,승용,남,25세,상해없음,자전거,여,52세,중상
2022011600100297,2022년 1월 16일 19시,일요일,경기도 수원시 영통구 영통동,경상사고,0,0,1,0,차대차 - 추돌,안전운전불이행,건조,맑음,단일로 - 기타,승용,남,38세,상해없음,이륜,남,54세,경상
2022011600100298,2022년 1월 16일 19시,일요일,경기도 수원시 권선구 구운동,중상사고,0,1,0,0,차대차 - 기타,안전거리미확보,건조,맑음,단일로 - 기타,승합,남,52세,상해없음,이륜,남,73세,중상
2022011700100012,2022년 1월 17일 04시,월요일,경기도 수원시 장안구 송죽동,경상사고,0,0,2,0,차대차 - 추돌,안전운전불이행,건조,맑음,단일로 - 기타,승용,남,26세,상해없음,승용,남,65세,경상
2022011700100068,2022년 1월 17일 08시,월요일,경기도 수원시 팔달구 매산로2가,경상사고,0,0,1,0,차대차 - 측면충돌,안전거리미확보,건조,맑음,단일로 - 기타,승용,남,25세,상해없음,승용,남,64세,경상
2022011700100100,2022년 1월 17일 09시,월요일,경기도 수원시 권선구 권선동,중상사고,0,1,0,1,차대차 - 측면충돌,안전운전불이행,건조,맑음,단일로 - 기타,승용,여,31세,상해없음,승용,여,60세,중상
2022011700100121,2022년 1월 17일 10시,월요일,경기도 수원시 장안구 정자동,경상사고,0,0,2,1,차대차 - 측면충돌,교차로운행방법위반,건조,맑음,교차로 - 교차로안,승용,남,61세,부상신고,승용,남,78세,경상
2022011700100125,2022년 1월 17일 10시,월요일,경기도 수원시 권선구 서둔동,부상신고사고,0,0,0,1,차대차 - 측면충돌,안전운전불이행,건조,맑음,교차로 - 교차로안,승용,남,66세,상해없음,이륜,남,42세,부상신고
2022011700100168,2022년 1월 17일 12시,월요일,경기도 수원시 권선구 호매실동,경상사고,0,0,1,0,차대차 - 기타,교차로운행방법위반,건조,맑음,교차로 - 교차로안,승용,여,57세,상해없음,승용,여,69세,경상
2022011700100193,2022년 1월 17일 13시,월요일,경기도 수원시 권선구 호매실동,경상사고,0,0,2,0,차대차 - 기타,안전운전불이행,건조,맑음,교차로 - 교차로안,승용,남,41세,상해없음,승용,여,47세,경상
2022011700100221,2022년 1월 17일 14시,월요일,경기도 수원시 팔달구 남수동,중상사고,0,1,0,1,차대차 - 기타,중앙선침범,건조,맑음,단일로 - 기타,승용,여,34세,부상신고,화물,남,58세,중상
2022011700100228,2022년 1월 17일 14시,월요일,경기도 수원시 팔달구 인계동,경상사고,0,0,4,0,차대차 - 추돌,안전운전불이행,건조,맑음,단일로 - 기타,승용,남,62세,상해없음,승용,여,36세,상해없음
2022011700100264,2022년 1월 17일 15시,월요일,경기도 수원시 장안구 조원동,경상사고,0,0,1,0,차대차 - 기타,안전거리미확보,건조,맑음,단일로 - 기타,승용,여,58세,상해없음,승용,남,55세,경상
2022011700100265,2022년 1월 17일 15시,월요일,경기도 수원시 장안구 조원동,경상사고,0,0,1,0,차대사람 - 길가장자리구역통행중,안전운전불이행,젖음/습기,눈,단일로 - 기타,승용,남,28세,상해없음,보행자,남,49세,경상
2022011700100373,2022년 1월 17일 18시,월요일,경기도 수원시 장안구 정자동,경상사고,0,0,1,0,차대사람 - 기타,안전운전불이행,젖음/습기,맑음,교차로 - 교차로부근,화물,남,50세,상해없음,보행자,여,29세,경상
2022011700100416,2022년 1월 17일 19시,월요일,경기도 수원시 권선구 탑동,경상사고,0,0,2,0,차대차 - 측면충돌,안전거리미확보,건조,맑음,단일로 - 기타,화물,남,70세,상해없음,승용,남,19세,경상
2022011700100438,2022년 1월 17일 20시,월요일,경기도 수원시 팔달구 우만동,경상사고,0,0,1,0,차대차 - 측면충돌,안전운전불이행,건조,맑음,단일로 - 기타,승용,남,43세,상해없음,승용,남,26세,경상
2022011700100465,2022년 1월 17일 21시,월요일,경기도 수원시 영통구 신동,경상사고,0,0,5,0,차대차 - 추돌,안전운전불이행,건조,맑음,단일로 - 기타,승용,여,46세,상해없음,승용,남,54세,경상
2022011700100466,2022년 1월 17일 21시,월요일,경기도 수원시 권선구 세류동,중상사고,0,1,0,0,차대차 - 측면충돌,안전운전불이행,건조,맑음,교차로 - 교차로안,승용,남,26세,상해없음,이륜,남,44세,중상
2022011700100518,2022년 1월 17일 23시,월요일,경기도 수원시 장안구 정자동,중상사고,0,2,0,0,차대사람 - 횡단중,신호위반,건조,맑음,교차로 - 교차로안,이륜,남,31세,중상,보행자,남,23세,중상
2022011700100519,2022년 1월 17일 23시,월요일,경기도 수원시 팔달구 인계동,경상사고,0,0,1,0,차대차 - 측면충돌,신호위반,건조,맑음,교차로 - 교차로안,승용,남,34세,상해없음,승용,남,65세,경상
2022011800100002,2022년 1월 18일 00시,화요일,경기도 수원시 장안구 천천동,중상사고,0,1,0,1,차대차 - 정면충돌,신호위반,건조,맑음,교차로 - 교차로횡단보도내,이륜,남,16세,중상,승용,남,45세,부상신고
2022011800100015,2022년 1월 18일 05시,화요일,경기도 수원시 팔달구 인계동,경상사고,0,0,1,0,차대차 - 측면충돌,안전거리미확보,건조,맑음,교차로 - 교차로부근,승용,남,54세,상해없음,승용,남,26세,경상
2022011800100045,2022년 1월 18일 07시,화요일,경기도 수원시 장안구 영화동,중상사고,0,1,0,0,차대사람 - 횡단중,안전운전불이행,건조,맑음,단일로 - 기타,승용,여,34세,상해없음,보행자,여,74세,중상
2022011800100142,2022년 1월 18일 10시,화요일,경기도 수원시 장안구 영화동,경상사고,0,0,1,0,차대차 - 추돌,안전운전불이행,건조,맑음,단일로 - 기타,승용,여,40세,상해없음,승용,남,31세,경상
2022011800100208,2022년 1월 18일 12시,화요일,경기도 수원시 팔달구 화서동,경상사고,0,0,2,0,차대차 - 기타,교차로운행방법위반,건조,맑음,교차로 - 교차로안,승용,여,51세,경상,이륜,남,42세,경상
2022011800100247,2022년 1월 18일 13시,화요일,경기도 수원시 권선구 권선동,경상사고,0,0,1,0,차대차 - 추돌,안전운전불이행,건조,맑음,교차로 - 교차로부근,승용,여,32세,상해없음,승용,남,25세,경상
2022011800100283,2022년 1월 18일 14시,화요일,경기도 수원시 장안구 율전동,경상사고,0,0,1,0,차대차 - 기타,안전운전불이행,건조,맑음,단일로 - 기타,승용,남,35세,상해없음,이륜,남,38세,경상
2022011800100375,2022년 1월 18일 16시,화요일,경기도 수원시 권선구 탑동,부상신고사고,0,0,0,1,차대사람 - 기타,안전운전불이행,건조,맑음,교차로 - 교차로안,기타불명,기타불명,미분류,기타불명,보행자,여,14세,부상신고
2022011800100448,2022년 1월 18일 18시,화요일,경기도 수원시 영통구 영통동,중상사고,0,1,0,0,차대사람 - 기타,안전운전불이행,건조,맑음,단일로 - 기타,승용,여,46세,상해없음,보행자,남,59세,중상
2022011800100449,2022년 1월 18일 18시,화요일,경기도 수원시 영통구 망포동,중상사고,0,1,0,0,차대차 - 기타,안전거리미확보,건조,맑음,단일로 - 기타,승용,남,59세,상해없음,이륜,남,69세,중상
2022011800100450,2022년 1월 18일 18시,화요일,경기도 수원시 영통구 매탄동,경상사고,0,0,1,0,차대차 - 추돌,안전운전불이행,건조,맑음,단일로 - 기타,승용,남,26세,상해없음,승용,남,30세,경상
2022011800100516,2022년 1월 18일 19시,화요일,경기도 수원시 장안구 영화동,경상사고,0,0,1,0,차대차 - 측면충돌,신호위반,건조,맑음,교차로 - 교차로안,승용,남,74세,상해없음,승용,남,35세,경상
2022011800100524,2022년 1월 18일 19시,화요일,경기도 수원시 권선구 권선동,경상사고,0,0,2,0,차대차 - 측면충돌,안전거리미확보,건조,맑음,기타 - 기타,승용,여,52세,상해없음,승용,여,59세,경상
2022011800100525,2022년 1월 18일 19시,화요일,경기도 수원시 권선구 고색동,경상사고,0,0,2,0,차대차 - 추돌,안전거리미확보,건조,맑음,단일로 - 기타,승용,여,62세,상해없음,승용,남,32세,경상
2022011800100526,2022년 1월 18일 19시,화요일,경기도 수원시 권선구 탑동,경상사고,0,0,1,0,차대차 - 기타,교차로운행방법위반,건조,맑음,교차로 - 교차로안,승용,남,72세,상해없음,승용,남,46세,경상
2022011800100555,2022년 1월 18일 20시,화요일,경기도 수원시 장안구 율전동,경상사고,0,0,1,0,차대차 - 기타,불법유턴,건조,맑음,단일로 - 기타,승용,남,61세,상해없음,화물,남,37세,경상
2022011800100564,2022년 1월 18일 20시,화요일,경기도 수원시 권선구 고색동,경상사고,0,0,1,0,차대차 - 기타,안전운전불이행,젖음/습기,맑음,단일로 - 기타,승용,남,30세,상해없음,이륜,남,28세,경상
2022011800100601,2022년 1월 18일 21시,화요일,경기도 수원시 팔달구 인계동,경상사고,0,0,1,0,차대차 - 측면충돌,신호위반,건조,맑음,단일로 - 기타,승용,남,62세,상해없음,승용,여,59세,경상
2022011900100006,2022년 1월 19일 01시,수요일,경기도 수원시 팔달구 인계동,경상사고,0,0,2,0,차대차 - 기타,신호위반,건조,맑음,교차로 - 교차로안,승용,남,62세,상해없음,승용,남,27세,경상
2022011900100058,2022년 1월 19일 07시,수요일,경기도 수원시 영통구 원천동,중상사고,0,1,0,0,차대사람 - 횡단중,신호위반,건조,맑음,교차로 - 교차로부근,승용,여,38세,상해없음,보행자,여,62세,중상
2022011900100059,2022년 1월 19일 07시,수요일,경기도 수원시 팔달구 인계동,중상사고,0,1,0,0,차대사람 - 횡단중,보행자보호의무위반,건조,맑음,단일로 - 기타,승용,남,31세,상해없음,보행자,남,67세,중상
2022011900100060,2022년 1월 19일 07시,수요일,경기도 수원시 권선구 권선동,경상사고,0,0,1,0,차대차 - 측면충돌,교차로운행방법위반,건조,맑음,교차로 - 교차로부근,승용,남,54세,상해없음,승합,남,46세,경상
2022011900100061,2022년 1월 19일 07시,수요일,경기도 수원시 권선구 곡반정동,경상사고,0,0,2,0,차대차 - 측면충돌,안전거리미확보,건조,맑음,단일로 - 기타,승용,남,66세,상해없음,승용,여,52세,경상
2022011900100078,2022년 1월 19일 08시,수요일,경기도 수원시 팔달구 북수동,중상사고,0,1,0,0,차대차 - 기타,안전거리미확보,건조,맑음,교차로 - 교차로부근,승용,여,49세,상해없음,승합,남,53세,상해없음
2022011900100108,2022년 1월 19일 09시,수요일,경기도 수원시 권선구 금곡동,경상사고,0,0,1,2,차대차 - 추돌,신호위반,건조,맑음,교차로 - 교차로안,승용,남,57세,부상신고,승용,남,24세,경상
2022011900100236,2022년 1월 19일 14시,수요일,경기도 수원시 장안구 영화동,경상사고,0,0,1,0,차대사람 - 기타,신호위반,젖음/습기,눈,단일로 - 기타,승용,남,25세,기타불명,보행자,여,27세,경상
2022011900100269,2022년 1월 19일 15시,수요일,경기도 수원시 영통구 매탄동,중상사고,0,1,0,0,차대사람 - 횡단중,신호위반,건조,맑음,교차로 - 교차로횡단보도내,승용,여,30세,상해없음,보행자,여,55세,중상
2022011900100270,2022년 1월 19일 15시,수요일,경기도 수원시 팔달구 인계동,경상사고,0,0,1,0,차대차 - 측면충돌,안전운전불이행,건조,맑음,단일로 - 기타,승용,남,71세,상해없음,승용,여,67세,경상
2022011900100291,2022년 1월 19일 16시,수요일,경기도 수원시 팔달구 인계동,경상사고,0,0,3,0,차대차 - 기타,기타,건조,맑음,교차로 - 교차로부근,화물,남,57세,상해없음,승용,남,47세,경상
2022011900100359,2022년 1월 19일 18시,수요일,경기도 수원시 영통구 신동,경상사고,0,0,1,0,차대차 - 기타,안전운전불이행,젖음/습기,흐림,단일로 - 기타,승용,여,53세,상해없음,승용,남,25세,상해없음
2022011900100418,2022년 1월 19일 20시,수요일,경기도 수원시 장안구 송죽동,중상사고,0,1,0,0,차대사람 - 기타,안전운전불이행,젖음/습기,눈,교차로 - 교차로안,승용,남,64세,상해없음,보행자,여,67세,중상
2022011900100487,2022년 1월 19일 23시,수요일,경기도 수원시 권선구 곡반정동,경상사고,0,0,1,1,차대차 - 기타,안전운전불이행,기타,맑음,교차로 - 교차로안,이륜,남,26세,부상신고,승용,남,39세,경상
2022012000100009,2022년 1월 20일 02시,목요일,경기도 수원시 장안구 영화동,경상사고,0,0,1,0,차대차 - 추돌,안전운전불이행,젖음/습기,맑음,교차로 - 교차로부근,승용,여,30세,상해없음,승용,남,38세,경상
2022012000100016,2022년 1월 20일 04시,목요일,경기도 수원시 팔달구 화서동,중상사고,0,1,0,0,차대사람 - 횡단중,보행자보호의무위반,서리/결빙,흐림,교차로 - 교차로횡단보도내,승용,여,35세,상해없음,보행자,여,72세,중상
2022012000100021,2022년 1월 20일 05시,목요일,경기도 수원시 장안구 영화동,경상사고,0,0,1,0,차대차 - 추돌,안전운전불이행,건조,맑음,단일로 - 기타,승용,남,56세,상해없음,승용,여,56세,경상
2022012000100032,2022년 1월 20일 06시,목요일,경기도 수원시 권선구 곡반정동,중상사고,0,1,7,0,차대차 - 측면충돌,신호위반,건조,맑음,교차로 - 교차로안,승용,여,21세,상해없음,승합,남,45세,경상
2022012000100066,2022년 1월 20일 08시,목요일,경기도 수원시 팔달구 매산로1가,경상사고,0,0,2,0,차대차 - 측면충돌,안전거리미확보,건조,맑음,교차로 - 교차로부근,화물,남,60세,상해없음,승용,남,51세,경상
2022012000100121,2022년 1월 20일 10시,목요일,경기도 수원시 영통구 이의동,부상신고사고,0,0,0,1,차대차 - 기타,안전운전불이행,서리/결빙,맑음,기타 - 기타,승용,여,31세,상해없음,화물,남,58세,부상신고
2022012000100147,2022년 1월 20일 11시,목요일,경기도 수원시 영통구 망포동,경상사고,0,0,1,0,차대차 - 기타,안전거리미확보,건조,맑음,기타 - 기타,승용,여,63세,상해없음,이륜,남,43세,경상
2022012000100149,2022년 1월 20일 11시,목요일,경기도 수원시 권선구 입북동,경상사고,0,0,1,0,차대차 - 추돌,안전운전불이행,건조,맑음,단일로 - 기타,승용,남,48세,상해없음,승용,남,53세,경상
2022012000100150,2022년 1월 20일 11시,목요일,경기도 수원시 팔달구 매산로3가,경상사고,0,0,1,0,차대차 - 기타,안전거리미확보,건조,맑음,교차로 - 교차로부근,승용,여,55세,상해없음,승합,남,66세,상해없음
2022012000100195,2022년 1월 20일 12시,목요일,경기도 수원시 권선구 호매실동,경상사고,0,0,1,1,차대차 - 측면충돌,신호위반,건조,맑음,교차로 - 교차로안,승용,여,55세,부상신고,승용,여,73세,경상
2022012000100246,2022년 1월 20일 14시,목요일,경기도 수원시 영통구 영통동,부상신고사고,0,0,0,1,차대차 - 후진중충돌,안전운전불이행,건조,맑음,교차로 - 교차로부근,승용,남,51세,상해없음,승용,여,33세,부상신고
2022012000100270,2022년 1월 20일 15시,목요일,경기도 수원시 팔달구 우만동,경상사고,0,0,1,0,차량단독 - 기타,안전운전불이행,건조,맑음,단일로 - 기타,승합,남,73세,상해없음,,,,
2022012000100276,2022년 1월 20일 15시,목요일,경기도 수원시 영통구 영통동,경상사고,0,0,3,0,차대차 - 측면충돌,안전거리미확보,건조,맑음,교차로 - 교차로안,승용,여,35세,상해없음,승용,여,43세,경상
2022012000100278,2022년 1월 20일 15시,목요일,경기도 수원시 권선구 당수동,경상사고,0,0,2,0,차대차 - 측면충돌,안전거리미확보,건조,맑음,단일로 - 기타,승용,남,66세,경상,승용,남,46세,경상
2022012000100312,2022년 1월 20일 16시,목요일,경기도 수원시 권선구 곡반정동,중상사고,0,1,0,0,차대차 - 정면충돌,교차로운행방법위반,건조,맑음,교차로 - 교차로안,승용,남,35세,상해없음,이륜,남,24세,중상
2022012000100347,2022년 1월 20일 17시,목요일,경기도 수원시 팔달구 고등동,경상사고,0,0,2,0,차대차 - 추돌,안전운전불이행,건조,맑음,단일로 - 기타,승용,남,83세,상해없음,승용,남,66세,경상
2022012000100394,2022년 1월 20일 18시,목요일,경기도 수원시 영통구 원천동,경상사고,0,0,1,0,차대사람 - 길가장자리구역통행중,안전운전불이행,건조,맑음,기타 - 기타,승용,여,60세,기타불명,보행자,남,44세,경상
2022012000100395,2022년 1월 20일 18시,목요일,경기도 수원시 영통구 영통동,경상사고,0,0,1,0,차대차 - 측면충돌,교차로운행방법위반,건조,맑음,교차로 - 교차로안,승용,남,20세,상해없음,승용,여,33세,경상
2022012000100447,2022년 1월 20일 19시,목요일,경기도 수원시 영통구 망포동,경상사고,0,0,1,0,차대차 - 기타,안전운전불이행,건조,맑음,기타 - 기타,화물,남,58세,상해없음,승용,남,32세,경상
2022012000100450,2022년 1월 20일 19시,목요일,경기도 수원시 권선구 세류동,경상사고,0,0,2,0,차대차 - 추돌,안전운전불이행,건조,맑음,단일로 - 기타,승용,남,52세,상해없음,승용,남,45세,경상
2022012000100492,2022년 1월 20일 20시,목요일,경기도 수원시 권선구 권선동,경상사고,0,0,1,0,차대차 - 측면충돌,신호위반,건조,맑음,교차로 - 교차로안,승용,남,59세,상해없음,이륜,남,26세,경상
2022012000100493,2022년 1월 20일 20시,목요일,경기도 수원시 팔달구 인계동,경상사고,0,0,1,0,차대차 - 측면충돌,안전운전불이행,건조,맑음,교차로 - 교차로안,승용,여,49세,상해없음,승용,여,43세,경상
2022012000100514,2022년 1월 20일 21시,목요일,경기도 수원시 장안구 영화동,경상사고,0,0,1,0,차대차 - 추돌,기타,건조,맑음,단일로 - 기타,승용,남,39세,상해없음,승용,여,37세,경상
2022012000100515,2022년 1월 20일 21시,목요일,경기도 수원시 장안구 파장동,경상사고,0,0,3,0,차대차 - 추돌,안전운전불이행,건조,맑음,교차로 - 교차로부근,승용,남,31세,상해없음,승용,여,49세,경상
2022012000100519,2022년 1월 20일 21시,목요일,경기도 수원시 영통구 원천동,중상사고,0,1,0,0,차대차 - 기타,기타,건조,맑음,단일로 - 기타,승용,남,43세,상해없음,이륜,남,44세,중상
2022012000100520,2022년 1월 20일 21시,목요일,경기도 수원시 영통구 원천동,중상사고,0,1,0,0,차대사람 - 횡단중,신호위반,건조,맑음,단일로 - 기타,승용,남,58세,상해없음,보행자,남,63세,중상
2022012000100523,2022년 1월 20일 21시,목요일,경기도 수원시 권선구 고색동,경상사고,0,0,4,1,차대차 - 추돌,안전운전불이행,건조,맑음,교차로 - 교차로부근,승용,남,55세,상해없음,승용,남,44세,부상신고
2022012000100583,2022년 1월 20일 23시,목요일,경기도 수원시 권선구 서둔동,중상사고,0,1,0,0,차량단독 - 기타,안전운전불이행,건조,맑음,단일로 - 기타,승합,남,51세,상해없음,,,,
2022012100100012,2022년 1월 21일 02시,금요일,경기도 수원시 팔달구 인계동,경상사고,0,0,1,0,차대차 - 측면충돌,안전운전불이행,건조,맑음,단일로 - 지하차도(도로)내,이륜,남,21세,경상,승용,남,26세,상해없음
2022012100100058,2022년 1월 21일 07시,금요일,경기도 수원시 장안구 영화동,경상사고,0,0,2,0,차대차 - 측면충돌,교차로운행방법위반,건조,맑음,교차로 - 교차로안,승용,여,32세,상해없음,승용,여,34세,경상
2022012100100089,2022년 1월 21일 08시,금요일,경기도 수원시 장안구 파장동,중상사고,0,1,0,0,차대사람 - 기타,안전운전불이행,건조,맑음,단일로 - 기타,승용,여,32세,상해없음,보행자,여,22세,중상
2022012100100090,2022년 1월 21일 08시,금요일,경기도 수원시 장안구 율전동,경상사고,0,0,1,0,차대차 - 측면충돌,안전운전불이행,건조,맑음,교차로 - 교차로안,승용,남,64세,상해없음,승용,여,39세,경상
2022012100100101,2022년 1월 21일 08시,금요일,경기도 수원시 권선구 서둔동,경상사고,0,0,1,0,차대차 - 측면충돌,안전운전불이행,건조,맑음,단일로 - 기타,화물,남,51세,상해없음,승용,남,29세,경상
2022012100100137,2022년 1월 21일 09시,금요일,경기도 수원시 장안구 송죽동,경상사고,0,0,1,1,차대차 - 기타,안전거리미확보,건조,맑음,단일로 - 기타,승용,여,25세,부상신고,승용,남,35세,경상
2022012100100145,2022년 1월 21일 09시,금요일,경기도 수원시 권선구 권선동,경상사고,0,0,1,0,차대사람 - 차도통행중,안전운전불이행,건조,맑음,단일로 - 기타,이륜,남,27세,상해없음,보행자,여,39세,경상