사고번호,사고일시,요일,시군구,사고내용,사망자수,중상자수,경상자수,부상신고자수,사고유형,법규위반,노면상태,기상상태,도로형태,가해운전자 차종,가해운전자 성별,가해운전자 연령,가해운전자 상해정도,피해운전자 차종,피해운전자 성별,피해운전자 연령,피해운전자 상해정도
2022012100100213,2022년 1월 21일 11시,금요일,경기도 수원시 영통구 망포동,중상사고,0,1,0,0,차대차 - 측면충돌,안전운전불이행,건조,맑음,교차로 - 교차로부근,승용,남,33세,상해없음,이륜,남,33세,중상
2022012100100215,2022년 1월 21일 11시,금요일,경기도 수원시 팔달구 매산로1가,경상사고,0,0,1,0,차대차 - 기타,안전운전불이행,건조,맑음,교차로 - 교차로안,승합,남,36세,상해없음,승용,남,61세,상해없음
2022012100100216,2022년 1월 21일 11시,금요일,경기도 수원시 권선구 탑동,경상사고,0,0,4,0,차대차 - 정면충돌,안전운전불이행,건조,맑음,교차로 - 교차로안,승용,여,48세,경상,승용,남,57세,경상
2022012100100250,2022년 1월 21일 12시,금요일,경기도 수원시 장안구 송죽동,경상사고,0,0,3,0,차대차 - 기타,안전운전불이행,건조,맑음,교차로 - 교차로안,승용,여,65세,상해없음,승용,남,27세,경상
2022012100100293,2022년 1월 21일 13시,금요일,경기도 수원시 장안구 조원동,경상사고,0,0,1,1,차대차 - 기타,신호위반,건조,맑음,교차로 - 교차로안,이륜,남,34세,부상신고,승용,여,52세,경상
2022012100100294,2022년 1월 21일 13시,금요일,경기도 수원시 장안구 정자동,경상사고,0,0,1,0,차대차 - 기타,안전운전불이행,건조,맑음,교차로 - 교차로부근,승용,남,62세,상해없음,승용,여,46세,경상
2022012100100358,2022년 1월 21일 15시,금요일,경기도 수원시 장안구 이목동,경상사고,0,0,1,0,차대차 - 추돌,안전운전불이행,건조,맑음,교차로 - 교차로부근,화물,남,69세,상해없음,화물,남,35세,경상
2022012100100409,2022년 1월 21일 16시,금요일,경기도 수원시 장안구 영화동,중상사고,0,1,0,0,차대차 - 측면충돌,교차로운행방법위반,건조,맑음,교차로 - 교차로안,승용,남,65세,상해없음,자전거,남,84세,중상
2022012100100462,2022년 1월 21일 17시,금요일,경기도 수원시 팔달구 인계동,경상사고,0,0,1,0,차대차 - 측면충돌,신호위반,건조,맑음,교차로 - 교차로안,이륜,남,17세,상해없음,이륜,남,33세,경상
2022012100100464,2022년 1월 21일 17시,금요일,경기도 수원시 팔달구 고등동,경상사고,0,0,1,0,차대사람 - 기타,안전운전불이행,건조,맑음,단일로 - 기타,승용,남,22세,상해없음,보행자,남,53세,경상
2022012100100465,2022년 1월 21일 17시,금요일,경기도 수원시 권선구 탑동,경상사고,0,0,1,0,차대차 - 추돌,안전운전불이행,건조,맑음,단일로 - 기타,승용,여,40세,상해없음,승용,여,45세,경상
2022012100100504,2022년 1월 21일 18시,금요일,경기도 수원시 장안구 영화동,중상사고,0,1,0,0,차대사람 - 횡단중,안전운전불이행,건조,맑음,교차로 - 교차로횡단보도내,승용,여,49세,상해없음,보행자,남,65세,중상
2022012100100505,2022년 1월 21일 18시,금요일,경기도 수원시 팔달구 화서동,경상사고,0,0,1,0,차대차 - 기타,교차로운행방법위반,건조,맑음,교차로 - 교차로부근,승용,여,29세,상해없음,이륜,남,28세,경상
2022012100100517,2022년 1월 21일 18시,금요일,경기도 수원시 권선구 서둔동,경상사고,0,0,1,0,차대차 - 기타,안전운전불이행,건조,맑음,단일로 - 기타,이륜,남,33세,경상,기타불명,기타불명,미분류,기타불명
2022012100100518,2022년 1월 21일 18시,금요일,경기도 수원시 권선구 금곡동,경상사고,0,0,1,0,차대차 - 기타,안전거리미확보,건조,맑음,단일로 - 기타,승용,남,59세,상해없음,승합,남,60세,경상
2022012100100573,2022년 1월 21일 19시,금요일,경기도 수원시 권선구 세류동,경상사고,0,0,1,0,차대차 - 추돌,안전운전불이행,건조,맑음,기타 - 기타,승합,남,49세,상해없음,이륜,남,47세,경상
2022012100100611,2022년 1월 21일 20시,금요일,경기도 수원시 팔달구 화서동,경상사고,0,0,1,0,차대차 - 추돌,신호위반,건조,맑음,단일로 - 교량,승용,남,50세,상해없음,이륜,남,18세,경상
2022012100100612,2022년 1월 21일 20시,금요일,경기도 수원시 장안구 천천동,중상사고,0,1,0,0,차대사람 - 기타,안전운전불이행,건조,맑음,교차로 - 교차로안,화물,여,62세,상해없음,보행자,남,52세,중상
2022012100100616,2022년 1월 21일 20시,금요일,경기도 수원시 팔달구 인계동,경상사고,0,0,1,0,차대차 - 기타,안전운전불이행,건조,맑음,기타 - 기타,승용,남,51세,상해없음,이륜,남,61세,경상
2022012100100654,2022년 1월 21일 21시,금요일,경기도 수원시 팔달구 우만동,경상사고,0,0,1,0,차대차 - 측면충돌,안전운전불이행,건조,맑음,교차로 - 교차로부근,승용,남,54세,상해없음,승용,남,34세,경상
2022012100100655,2022년 1월 21일 21시,금요일,경기도 수원시 장안구 송죽동,경상사고,0,0,1,0,차대차 - 측면충돌,중앙선침범,건조,맑음,단일로 - 기타,승용,여,56세,상해없음,승용,남,33세,경상
2022012100100660,2022년 1월 21일 21시,금요일,경기도 수원시 팔달구 인계동,경상사고,0,0,1,0,차대차 - 측면충돌,안전거리미확보,건조,맑음,단일로 - 기타,승용,남,31세,상해없음,승합,남,42세,경상
2022012100100702,2022년 1월 21일 22시,금요일,경기도 수원시 팔달구 인계동,중상사고,0,1,0,0,차대사람 - 기타,안전운전불이행,건조,맑음,단일로 - 기타,승합,남,54세,상해없음,보행자,여,22세,중상
2022012100100703,2022년 1월 21일 22시,금요일,경기도 수원시 권선구 탑동,부상신고사고,0,0,0,1,차대사람 - 기타,안전운전불이행,건조,맑음,단일로 - 기타,기타불명,기타불명,미분류,기타불명,보행자,남,58세,부상신고
2022012100100718,2022년 1월 21일 23시,금요일,경기도 수원시 권선구 권선동,경상사고,0,0,1,0,차대차 - 측면충돌,신호위반,건조,맑음,교차로 - 교차로안,승용,남,53세,상해없음,승용,남,30세,경상
2022012200100097,2022년 1월 22일 10시,토요일,경기도 수원시 팔달구 인계동,경상사고,0,0,1,0,차대차 - 측면충돌,안전거리미확보,건조,맑음,교차로 - 교차로부근,승용,남,29세,상해없음,승용,여,50세,경상
2022012200100133,2022년 1월 22일 11시,토요일,경기도 수원시 권선구 세류동,경상사고,0,0,1,0,차대차 - 측면충돌,안전운전불이행,건조,맑음,단일로 - 기타,화물,남,31세,상해없음,승용,남,35세,경상
2022012200100167,2022년 1월 22일 12시,토요일,경기도 수원시 장안구 율전동,경상사고,0,0,1,0,차대차 - 기타,안전운전불이행,건조,맑음,교차로 - 교차로안,화물,남,68세,상해없음,이륜,남,31세,경상
2022012200100265,2022년 1월 22일 15시,토요일,경기도 수원시 장안구 천천동,경상사고,0,0,1,0,차대차 - 추돌,안전운전불이행,건조,흐림,교차로 - 교차로부근,승용,여,58세,상해없음,승용,여,41세,경상
2022012200100266,2022년 1월 22일 15시,토요일,경기도 수원시 장안구 영화동,중상사고,0,1,0,0,차대사람 - 길가장자리구역통행중,안전운전불이행,건조,맑음,교차로 - 교차로안,화물,남,34세,상해없음,보행자,여,73세,중상
2022012200100301,2022년 1월 22일 16시,토요일,경기도 수원시 팔달구 우만동,중상사고,0,1,0,0,차대사람 - 기타,안전운전불이행,건조,맑음,단일로 - 기타,승용,여,50세,상해없음,보행자,여,21세,중상
2022012200100330,2022년 1월 22일 17시,토요일,경기도 수원시 장안구 송죽동,경상사고,0,0,1,0,차대차 - 기타,안전운전불이행,건조,맑음,교차로 - 교차로안,원동기,남,44세,경상,승용,남,62세,상해없음
2022012200100352,2022년 1월 22일 18시,토요일,경기도 수원시 권선구 세류동,경상사고,0,0,1,0,차대사람 - 차도통행중,신호위반,건조,맑음,교차로 - 교차로횡단보도내,이륜,남,46세,상해없음,보행자,여,47세,경상
2022012300100008,2022년 1월 23일 01시,일요일,경기도 수원시 팔달구 매교동,경상사고,0,0,1,0,차대차 - 측면충돌,안전운전불이행,건조,맑음,단일로 - 기타,승용,남,42세,상해없음,승용,남,27세,경상
2022012300100016,2022년 1월 23일 02시,일요일,경기도 수원시 권선구 권선동,경상사고,0,0,1,0,차대차 - 측면충돌,신호위반,건조,맑음,교차로 - 교차로안,승용,남,39세,상해없음,승용,남,30세,경상
2022012300100040,2022년 1월 23일 08시,일요일,경기도 수원시 영통구 원천동,중상사고,0,1,1,0,차대차 - 측면충돌,교차로운행방법위반,건조,맑음,교차로 - 교차로안,승용,남,77세,경상,승용,남,57세,중상
2022012300100050,2022년 1월 23일 10시,일요일,경기도 수원시 권선구 곡반정동,중상사고,0,1,0,0,차대차 - 측면충돌,안전운전불이행,건조,맑음,교차로 - 교차로안,승용,남,28세,상해없음,이륜,남,50세,중상
2022012300100082,2022년 1월 23일 12시,일요일,경기도 수원시 장안구 정자동,중상사고,0,1,0,0,차대차 - 기타,신호위반,건조,맑음,교차로 - 교차로안,승용,남,58세,상해없음,이륜,남,51세,중상
2022012300100083,2022년 1월 23일 12시,일요일,경기도 수원시 장안구 정자동,중상사고,0,2,2,1,차대차 - 기타,안전운전불이행,건조,맑음,교차로 - 교차로안,승용,여,46세,부상신고,승용,남,39세,중상
2022012300100086,2022년 1월 23일 12시,일요일,경기도 수원시 영통구 원천동,중상사고,0,1,0,0,차대차 - 측면충돌,신호위반,건조,맑음,교차로 - 교차로안,승용,남,40세,상해없음,이륜,남,32세,중상
2022012300100114,2022년 1월 23일 13시,일요일,경기도 수원시 장안구 송죽동,경상사고,0,0,2,0,차대차 - 기타,안전거리미확보,건조,맑음,교차로 - 교차로부근,승용,남,39세,경상,특수,남,29세,경상
2022012300100148,2022년 1월 23일 14시,일요일,경기도 수원시 팔달구 인계동,경상사고,0,0,2,0,차대차 - 정면충돌,안전운전불이행,건조,맑음,단일로 - 기타,승용,남,24세,상해없음,승용,여,24세,경상
2022012300100209,2022년 1월 23일 16시,일요일,경기도 수원시 장안구 정자동,경상사고,0,0,2,0,차대차 - 기타,중앙선침범,건조,맑음,단일로 - 기타,이륜,남,74세,경상,이륜,남,37세,경상
2022012300100251,2022년 1월 23일 18시,일요일,경기도 수원시 장안구 천천동,부상신고사고,0,0,0,1,차대차 - 기타,안전운전불이행,서리/결빙,맑음,교차로 - 교차로부근,이륜,남,19세,부상신고,이륜,남,62세,기타불명
2022012300100305,2022년 1월 23일 19시,일요일,경기도 수원시 권선구 세류동,경상사고,0,0,1,0,차대차 - 기타,안전운전불이행,건조,맑음,교차로 - 교차로안,승용,남,33세,상해없음,이륜,남,30세,경상
2022012300100306,2022년 1월 23일 19시,일요일,경기도 수원시 권선구 구운동,중상사고,0,1,2,0,차대차 - 추돌,안전운전불이행,건조,맑음,교차로 - 교차로부근,승용,남,27세,상해없음,승용,남,34세,중상
2022012300100372,2022년 1월 23일 21시,일요일,경기도 수원시 영통구 매탄동,경상사고,0,0,1,0,차대차 - 기타,안전거리미확보,젖음/습기,흐림,교차로 - 교차로부근,승용,남,28세,상해없음,이륜,남,33세,경상
2022012300100374,2022년 1월 23일 21시,일요일,경기도 수원시 권선구 서둔동,경상사고,0,0,6,0,차대차 - 측면충돌,신호위반,건조,맑음,교차로 - 교차로부근,승용,남,24세,상해없음,승용,남,25세,경상
2022012300100408,2022년 1월 23일 23시,일요일,경기도 수원시 권선구 서둔동,경상사고,0,0,1,0,차대차 - 기타,안전거리미확보,건조,맑음,단일로 - 기타,승용,남,58세,상해없음,승합,남,60세,상해없음
2022012400100157,2022년 1월 24일 10시,월요일,경기도 수원시 장안구 천천동,경상사고,0,0,1,0,차대차 - 추돌,안전운전불이행,건조,맑음,단일로 - 기타,승용,남,24세,상해없음,승용,여,34세,경상
2022012400100259,2022년 1월 24일 13시,월요일,경기도 수원시 팔달구 북수동,경상사고,0,0,1,0,차대차 - 측면충돌,안전운전불이행,건조,맑음,단일로 - 기타,화물,남,49세,상해없음,승용,여,61세,경상
2022012400100266,2022년 1월 24일 13시,월요일,경기도 수원시 팔달구 매산로1가,경상사고,0,0,1,0,차대차 - 측면충돌,안전운전불이행,건조,흐림,교차로 - 교차로안,승용,남,49세,상해없음,승용,남,29세,경상
2022012400100339,2022년 1월 24일 16시,월요일,경기도 수원시 팔달구 고등동,경상사고,0,0,3,0,차대차 - 기타,안전운전불이행,건조,맑음,교차로 - 교차로안,승용,남,64세,경상,승용,남,62세,경상
2022012400100361,2022년 1월 24일 17시,월요일,경기도 수원시 장안구 송죽동,경상사고,0,0,1,0,차대차 - 기타,교차로운행방법위반,건조,맑음,교차로 - 교차로안,승용,여,62세,상해없음,승용,여,60세,경상
2022012400100365,2022년 1월 24일 17시,월요일,경기도 수원시 팔달구 매산로3가,경상사고,0,0,2,0,차대차 - 추돌,안전운전불이행,건조,맑음,교차로 - 교차로부근,이륜,남,21세,상해없음,승용,남,28세,경상
2022012400100516,2022년 1월 24일 21시,월요일,경기도 수원시 영통구 망포동,경상사고,0,0,3,0,차대차 - 측면충돌,안전운전불이행,건조,맑음,교차로 - 교차로부근,승용,여,36세,상해없음,승용,여,32세,경상
2022012500100007,2022년 1월 25일 01시,화요일,경기도 수원시 권선구 권선동,중상사고,0,1,0,0,차대차 - 측면충돌,안전운전불이행,건조,맑음,교차로 - 교차로부근,승용,남,39세,상해없음,이륜,남,47세,중상
2022012500100045,2022년 1월 25일 07시,화요일,경기도 수원시 장안구 정자동,경상사고,0,0,1,0,차대사람 - 기타,안전운전불이행,건조,맑음,단일로 - 기타,승합,남,64세,상해없음,보행자,여,62세,경상
2022012500100126,2022년 1월 25일 10시,화요일,경기도 수원시 권선구 곡반정동,경상사고,0,0,2,0,차대차 - 기타,안전운전불이행,젖음/습기,비,교차로 - 교차로안,승용,남,49세,상해없음,승용,남,37세,경상
2022012500100186,2022년 1월 25일 12시,화요일,경기도 수원시 장안구 정자동,중상사고,0,1,0,0,차대사람 - 기타,안전운전불이행,젖음/습기,비,교차로 - 교차로횡단보도내,승합,남,58세,상해없음,보행자,여,76세,중상
2022012500100250,2022년 1월 25일 14시,화요일,경기도 수원시 팔달구 매산로1가,부상신고사고,0,0,0,1,차대차 - 측면충돌,안전거리미확보,건조,흐림,교차로 - 교차로부근,승용,남,43세,상해없음,승용,남,24세,부상신고
2022012500100427,2022년 1월 25일 19시,화요일,경기도 수원시 장안구 이목동,중상사고,0,1,0,0,차대차 - 측면충돌,안전운전불이행,건조,맑음,교차로 - 교차로안,승용,남,29세,상해없음,이륜,남,26세,중상
2022012500100434,2022년 1월 25일 19시,화요일,경기도 수원시 권선구 고색동,중상사고,0,1,0,0,차대사람 - 횡단중,안전운전불이행,건조,흐림,단일로 - 기타,화물,남,63세,상해없음,보행자,여,74세,중상
2022012500100469,2022년 1월 25일 20시,화요일,경기도 수원시 권선구 세류동,경상사고,0,0,2,1,차대차 - 기타,안전운전불이행,건조,맑음,교차로 - 교차로부근,이륜,남,61세,부상신고,승용,남,34세,경상
2022012500100501,2022년 1월 25일 21시,화요일,경기도 수원시 영통구 매탄동,경상사고,0,0,1,0,차대사람 - 기타,안전운전불이행,건조,맑음,단일로 - 기타,승용,남,34세,상해없음,보행자,남,55세,경상
2022012500100536,2022년 1월 25일 22시,화요일,경기도 수원시 권선구 권선동,경상사고,0,0,1,0,차대차 - 추돌,안전운전불이행,건조,맑음,기타 - 기타,승용,남,36세,상해없음,이륜,남,33세,경상
2022012500100537,2022년 1월 25일 22시,화요일,경기도 수원시 권선구 권선동,경상사고,0,0,1,0,차대차 - 추돌,안전운전불이행,건조,맑음,단일로 - 기타,승용,여,56세,상해없음,승용,남,26세,경상
2022012600100062,2022년 1월 26일 07시,수요일,경기도 수원시 권선구 고색동,경상사고,0,0,1,0,차대차 - 기타,기타,건조,맑음,단일로 - 기타,승용,남,30세,경상,승합,남,37세,상해없음
2022012600100082,2022년 1월 26일 08시,수요일,경기도 수원시 장안구 조원동,중상사고,0,1,0,0,차대사람 - 횡단중,보행자보호의무위반,건조,맑음,교차로 - 교차로횡단보도내,승용,남,76세,상해없음,보행자,여,18세,중상
2022012600100118,2022년 1월 26일 09시,수요일,경기도 수원시 권선구 고색동,경상사고,0,0,1,0,차대차 - 측면충돌,신호위반,건조,맑음,교차로 - 교차로안,승용,남,48세,상해없음,승용,여,32세,경상
2022012600100199,2022년 1월 26일 12시,수요일,경기도 수원시 장안구 송죽동,경상사고,0,0,1,0,차대사람 - 길가장자리구역통행중,안전운전불이행,건조,맑음,단일로 - 기타,승용,남,62세,상해없음,보행자,여,10세,경상
2022012600100240,2022년 1월 26일 13시,수요일,경기도 수원시 권선구 세류동,경상사고,0,0,1,0,차대차 - 기타,안전운전불이행,건조,맑음,교차로 - 교차로부근,화물,남,55세,상해없음,승용,남,41세,경상
2022012600100242,2022년 1월 26일 13시,수요일,경기도 수원시 권선구 오목천동,경상사고,0,0,1,0,차대차 - 기타,안전운전불이행,건조,맑음,단일로 - 기타,승용,남,22세,상해없음,승용,여,24세,경상
2022012600100271,2022년 1월 26일 14시,수요일,경기도 수원시 권선구 권선동,경상사고,0,0,1,0,차대차 - 측면충돌,안전거리미확보,건조,맑음,단일로 - 기타,승용,남,60세,상해없음,승용,여,42세,경상
2022012600100272,2022년 1월 26일 14시,수요일,경기도 수원시 팔달구 인계동,경상사고,0,0,1,0,차대차 - 측면충돌,안전운전불이행,건조,맑음,단일로 - 지하차도(도로)내,승용,여,53세,상해없음,승합,남,57세,경상
2022012600100329,2022년 1월 26일 16시,수요일,경기도 수원시 장안구 영화동,경상사고,0,0,1,0,차대사람 - 횡단중,신호위반,건조,맑음,단일로 - 기타,승용,남,80세,상해없음,보행자,남,9세,경상
2022012600100334,2022년 1월 26일 16시,수요일,경기도 수원시 권선구 권선동,경상사고,0,0,1,0,차대차 - 추돌,안전운전불이행,건조,맑음,단일로 - 기타,승용,남,26세,상해없음,승용,남,53세,경상
2022012600100407,2022년 1월 26일 18시,수요일,경기도 수원시 장안구 정자동,경상사고,0,0,1,0,차대사람 - 길가장자리구역통행중,안전운전불이행,건조,맑음,단일로 - 기타,승용,여,27세,기타불명,보행자,남,31세,경상
2022012600100408,2022년 1월 26일 18시,수요일,경기도 수원시 장안구 연무동,경상사고,0,0,1,0,차대차 - 측면충돌,안전거리미확보,건조,맑음,교차로 - 교차로안,승용,남,37세,상해없음,승용,여,53세,경상
2022012600100409,2022년 1월 26일 18시,수요일,경기도 수원시 장안구 율전동,경상사고,0,0,2,0,차대차 - 기타,안전운전불이행,건조,맑음,교차로 - 교차로부근,승용,남,30세,경상,화물,남,33세,경상
2022012600100420,2022년 1월 26일 18시,수요일,경기도 수원시 영통구 원천동,경상사고,0,0,1,0,차대차 - 기타,신호위반,건조,맑음,단일로 - 기타,승용,남,50세,상해없음,이륜,남,41세,경상
2022012600100421,2022년 1월 26일 18시,수요일,경기도 수원시 권선구 권선동,경상사고,0,0,4,0,차대차 - 측면충돌,안전운전불이행,건조,맑음,교차로 - 교차로안,승용,남,55세,상해없음,승용,남,24세,경상
2022012600100422,2022년 1월 26일 18시,수요일,경기도 수원시 장안구 율전동,중상사고,0,1,1,0,차대차 - 기타,신호위반,건조,맑음,교차로 - 교차로안,화물,남,58세,기타불명,승용,여,27세,중상
2022012600100451,2022년 1월 26일 19시,수요일,경기도 수원시 팔달구 화서동,경상사고,0,0,1,0,차량단독 - 기타,기타,건조,맑음,단일로 - 기타,승합,남,63세,상해없음,,,,
2022012600100489,2022년 1월 26일 20시,수요일,경기도 수원시 팔달구 북수동,중상사고,0,1,0,0,차대차 - 기타,신호위반,건조,맑음,교차로 - 교차로안,승용,남,48세,상해없음,승합,남,64세,상해없음
2022012600100523,2022년 1월 26일 21시,수요일,경기도 수원시 장안구 파장동,경상사고,0,0,1,0,차대차 - 측면충돌,신호위반,건조,맑음,교차로 - 교차로안,승용,남,62세,상해없음,이륜,남,53세,경상
2022012600100527,2022년 1월 26일 21시,수요일,경기도 수원시 권선구 서둔동,경상사고,0,0,1,0,차대차 - 추돌,기타,건조,맑음,단일로 - 기타,승용,여,29세,상해없음,승용,남,41세,경상
2022012700100016,2022년 1월 27일 04시,목요일,경기도 수원시 권선구 금곡동,경상사고,0,0,2,2,차대차 - 기타,신호위반,건조,맑음,교차로 - 교차로안,승합,남,39세,부상신고,승용,남,57세,경상
2022012700100026,2022년 1월 27일 06시,목요일,경기도 수원시 영통구 이의동,중상사고,0,1,0,0,차대차 - 추돌,안전거리미확보,건조,맑음,단일로 - 기타,승용,남,46세,상해없음,자전거,남,60세,중상
2022012700100066,2022년 1월 27일 08시,목요일,경기도 수원시 영통구 원천동,중상사고,0,1,0,0,차대차 - 측면충돌,안전운전불이행,건조,맑음,교차로 - 교차로안,화물,남,53세,상해없음,이륜,남,50세,중상
2022012700100101,2022년 1월 27일 09시,목요일,경기도 수원시 영통구 망포동,경상사고,0,0,1,0,차대차 - 기타,안전운전불이행,건조,맑음,교차로 - 교차로안,화물,남,67세,기타불명,승용,남,56세,경상
2022012700100102,2022년 1월 27일 09시,목요일,경기도 수원시 영통구 원천동,경상사고,0,0,1,0,차대차 - 추돌,안전운전불이행,건조,맑음,교차로 - 교차로안,승합,남,19세,상해없음,승용,남,37세,경상
2022012700100160,2022년 1월 27일 11시,목요일,경기도 수원시 권선구 권선동,중상사고,0,1,0,0,차대사람 - 횡단중,보행자보호의무위반,건조,맑음,단일로 - 기타,승용,남,56세,상해없음,보행자,남,54세,중상
2022012700100196,2022년 1월 27일 12시,목요일,경기도 수원시 권선구 권선동,중상사고,0,2,0,0,차대차 - 측면충돌,안전운전불이행,건조,맑음,교차로 - 교차로안,이륜,남,36세,상해없음,승용,남,65세,중상
2022012700100216,2022년 1월 27일 13시,목요일,경기도 수원시 장안구 연무동,경상사고,0,0,3,0,차대차 - 정면충돌,안전운전불이행,건조,맑음,교차로 - 교차로안,화물,남,62세,경상,화물,남,67세,경상
2022012700100243,2022년 1월 27일 14시,목요일,경기도 수원시 영통구 영통동,경상사고,0,0,1,0,차대차 - 측면충돌,안전운전불이행,건조,맑음,기타 - 기타,승용,여,29세,상해없음,개인형이동수단(PM),남,21세,경상
2022012700100244,2022년 1월 27일 14시,목요일,경기도 수원시 영통구 원천동,경상사고,0,0,1,0,차대차 - 추돌,안전운전불이행,건조,맑음,단일로 - 기타,승용,남,47세,상해없음,승용,남,38세,경상
2022012700100324,2022년 1월 27일 16시,목요일,경기도 수원시 팔달구 우만동,경상사고,0,0,1,0,차량단독 - 공작물충돌,안전운전불이행,서리/결빙,맑음,단일로 - 고가도로위,승용,남,30세,상해없음,,,,
2022012700100328,2022년 1월 27일 16시,목요일,경기도 수원시 권선구 권선동,경상사고,0,0,1,0,차대차 - 추돌,안전운전불이행,건조,맑음,교차로 - 교차로안,승용,여,59세,상해없음,승용,남,38세,경상
2022012700100359,2022년 1월 27일 17시,목요일,경기도 수원시 권선구 권선동,경상사고,0,0,2,0,차대차 - 추돌,안전거리미확보,건조,맑음,교차로 - 교차로부근,승용,남,47세,상해없음,승용,여,38세,경상
2022012700100403,2022년 1월 27일 18시,목요일,경기도 수원시 영통구 망포동,경상사고,0,0,1,0,차대차 - 추돌,안전운전불이행,건조,맑음,교차로 - 교차로부근,승용,남,47세,상해없음,승용,남,67세,경상
2022012700100473,2022년 1월 27일 20시,목요일,경기도 수원시 팔달구 인계동,경상사고,0,0,1,0,차대차 - 측면충돌,안전운전불이행,건조,맑음,단일로 - 기타,개인형이동수단(PM),남,25세,상해없음,승용,남,38세,경상
2022012800100005,2022년 1월 28일 00시,금요일,경기도 수원시 장안구 영화동,경상사고,0,0,3,0,차대차 - 측면충돌,신호위반,건조,맑음,교차로 - 교차로부근,승용,남,66세,기타불명,승용,남,22세,경상
2022012800100016,2022년 1월 28일 05시,금요일,경기도 수원시 권선구 탑동,경상사고,0,0,2,0,차대차 - 기타,중앙선침범,건조,맑음,교차로 - 교차로부근,화물,남,57세,상해없음,승용,남,51세,경상
2022012800100090,2022년 1월 28일 09시,금요일,경기도 수원시 권선구 권선동,경상사고,0,0,1,0,차대차 - 기타,안전거리미확보,건조,맑음,교차로 - 교차로부근,승용,남,27세,상해없음,승합,남,63세,상해없음
2022012800100114,2022년 1월 28일 10시,금요일,경기도 수원시 팔달구 우만동,중상사고,0,1,0,0,차대차 - 측면충돌,안전운전불이행,건조,맑음,단일로 - 기타,승합,남,53세,상해없음,승용,여,39세,중상
2022012800100153,2022년 1월 28일 11시,금요일,경기도 수원시 장안구 정자동,경상사고,0,0,1,0,차대차 - 측면충돌,안전운전불이행,건조,맑음,단일로 - 기타,승용,남,68세,상해없음,승용,여,54세,경상
2022012800100154,2022년 1월 28일 11시,금요일,경기도 수원시 권선구 권선동,경상사고,0,0,1,0,차대차 - 추돌,안전운전불이행,건조,맑음,교차로 - 교차로부근,승용,여,29세,상해없음,승용,남,66세,경상
2022012800100155,2022년 1월 28일 11시,금요일,경기도 수원시 영통구 이의동,경상사고,0,0,1,0,차대차 - 측면충돌,안전거리미확보,건조,맑음,교차로 - 교차로안,승용,남,59세,상해없음,승용,남,40세,경상
2022012800100157,2022년 1월 28일 11시,금요일,경기도 수원시 팔달구 고등동,경상사고,0,0,1,0,차대사람 - 기타,안전운전불이행,건조,맑음,교차로 - 교차로안,승용,남,47세,상해없음,보행자,남,52세,경상
2022012800100193,2022년 1월 28일 12시,금요일,경기도 수원시 영통구 매탄동,경상사고,0,0,2,0,차대차 - 추돌,안전운전불이행,건조,맑음,교차로 - 교차로횡단보도내,승용,남,24세,상해없음,승용,남,44세,경상
2022012800100266,2022년 1월 28일 14시,금요일,경기도 수원시 장안구 정자동,중상사고,0,2,2,0,차량단독 - 기타,신호위반,건조,맑음,교차로 - 교차로안,승합,남,62세,상해없음,,,,
2022012800100267,2022년 1월 28일 14시,금요일,경기도 수원시 팔달구 우만동,경상사고,0,0,1,0,차대차 - 추돌,안전운전불이행,건조,맑음,단일로 - 기타,승용,남,22세,상해없음,자전거,남,77세,경상
2022012800100277,2022년 1월 28일 14시,금요일,경기도 수원시 권선구 구운동,경상사고,0,0,2,0,차대차 - 추돌,안전운전불이행,건조,맑음,단일로 - 기타,승용,남,25세,상해없음,승용,남,66세,경상
2022012800100355,2022년 1월 28일 16시,금요일,경기도 수원시 장안구 파장동,경상사고,0,0,1,0,차대사람 - 길가장자리구역통행중,신호위반,건조,맑음,단일로 - 기타,승용,여,58세,상해없음,보행자,여,64세,경상
2022012800100442,2022년 1월 28일 18시,금요일,경기도 수원시 장안구 송죽동,경상사고,0,0,2,0,차대사람 - 횡단중,보행자보호의무위반,건조,맑음,교차로 - 교차로안,승용,남,68세,상해없음,보행자,여,14세,경상
2022012800100458,2022년 1월 28일 18시,금요일,경기도 수원시 권선구 금곡동,경상사고,0,0,1,0,차대차 - 후진중충돌,안전운전불이행,건조,맑음,단일로 - 기타,승용,여,56세,상해없음,승용,남,44세,기타불명
2022012800100512,2022년 1월 28일 19시,금요일,경기도 수원시 장안구 정자동,경상사고,0,0,1,0,차대사람 - 기타,기타,건조,맑음,기타 - 기타,개인형이동수단(PM),남,14세,상해없음,보행자,여,34세,경상
2022012800100547,2022년 1월 28일 20시,금요일,경기도 수원시 권선구 오목천동,경상사고,0,0,1,1,차대차 - 측면충돌,신호위반,건조,맑음,교차로 - 교차로부근,이륜,남,47세,부상신고,승용,남,45세,경상
2022012800100585,2022년 1월 28일 21시,금요일,경기도 수원시 권선구 입북동,중상사고,0,1,0,0,차대사람 - 기타,안전운전불이행,건조,맑음,교차로 - 교차로안,승합,남,55세,상해없음,보행자,남,56세,중상