사고번호,사고일시,요일,시군구,사고내용,사망자수,중상자수,경상자수,부상신고자수,사고유형,법규위반,노면상태,기상상태,도로형태,가해운전자 차종,가해운전자 성별,가해운전자 연령,가해운전자 상해정도,피해운전자 차종,피해운전자 성별,피해운전자 연령,피해운전자 상해정도
2022012800100586,2022년 1월 28일 21시,금요일,경기도 수원시 팔달구 고등동,경상사고,0,0,1,0,차대차 - 측면충돌,안전운전불이행,건조,맑음,교차로 - 교차로부근,승합,남,62세,상해없음,승용,남,34세,경상
2022012900100007,2022년 1월 29일 00시,토요일,경기도 수원시 영통구 신동,중상사고,0,1,0,0,차대차 - 측면충돌,안전운전불이행,건조,맑음,교차로 - 교차로안,승용,남,33세,상해없음,이륜,남,28세,중상
2022012900100041,2022년 1월 29일 07시,토요일,경기도 수원시 장안구 천천동,경상사고,0,0,1,1,차대차 - 측면충돌,신호위반,건조,맑음,교차로 - 교차로안,승용,남,32세,부상신고,승용,남,39세,경상
2022012900100051,2022년 1월 29일 08시,토요일,경기도 수원시 장안구 조원동,경상사고,0,0,1,0,차대차 - 기타,차로위반,건조,맑음,단일로 - 기타,승용,남,54세,상해없음,승용,여,61세,경상
2022012900100137,2022년 1월 29일 12시,토요일,경기도 수원시 팔달구 영동,경상사고,0,0,1,0,차대사람 - 기타,안전운전불이행,건조,맑음,단일로 - 기타,화물,여,64세,상해없음,보행자,남,46세,경상
2022012900100175,2022년 1월 29일 13시,토요일,경기도 수원시 팔달구 인계동,중상사고,0,1,4,0,차대차 - 추돌,안전운전불이행,건조,맑음,단일로 - 기타,승용,남,51세,경상,승용,남,43세,중상
2022012900100231,2022년 1월 29일 15시,토요일,경기도 수원시 팔달구 팔달로1가,중상사고,0,1,0,0,차대사람 - 기타,불법유턴,건조,맑음,단일로 - 기타,승용,남,56세,상해없음,보행자,남,54세,중상
2022012900100357,2022년 1월 29일 19시,토요일,경기도 수원시 장안구 송죽동,경상사고,0,0,6,0,차대차 - 측면충돌,안전운전불이행,건조,맑음,교차로 - 교차로안,이륜,남,18세,경상,승용,여,50세,경상
2022012900100423,2022년 1월 29일 21시,토요일,경기도 수원시 권선구 권선동,중상사고,0,1,1,0,차대차 - 추돌,안전운전불이행,건조,맑음,기타 - 기타,승용,여,62세,상해없음,승용,여,46세,경상
2022012900100448,2022년 1월 29일 22시,토요일,경기도 수원시 영통구 매탄동,경상사고,0,0,2,0,차대차 - 추돌,안전운전불이행,건조,맑음,기타 - 기타,승용,남,32세,상해없음,승용,남,50세,경상
2022013000100004,2022년 1월 30일 00시,일요일,경기도 수원시 권선구 고색동,경상사고,0,0,2,0,차량단독 - 공작물충돌,안전운전불이행,건조,맑음,단일로 - 기타,승용,남,24세,상해없음,,,,
2022013000100066,2022년 1월 30일 11시,일요일,경기도 수원시 장안구 천천동,경상사고,0,0,2,0,차대차 - 추돌,안전운전불이행,건조,맑음,교차로 - 교차로부근,승용,남,51세,상해없음,승용,남,51세,경상
2022013000100114,2022년 1월 30일 13시,일요일,경기도 수원시 팔달구 인계동,경상사고,0,0,1,0,차대차 - 기타,교차로운행방법위반,건조,맑음,교차로 - 교차로안,승용,남,59세,기타불명,승용,남,72세,경상
2022013000100207,2022년 1월 30일 16시,일요일,경기도 수원시 권선구 세류동,중상사고,0,1,0,0,차대차 - 기타,안전거리미확보,건조,맑음,단일로 - 기타,승용,남,28세,상해없음,승용,남,67세,중상
2022013000100230,2022년 1월 30일 17시,일요일,경기도 수원시 권선구 구운동,부상신고사고,0,0,0,1,차대차 - 추돌,안전운전불이행,건조,맑음,단일로 - 기타,승용,남,20세,상해없음,화물,남,68세,부상신고
2022013000100282,2022년 1월 30일 19시,일요일,경기도 수원시 권선구 금곡동,부상신고사고,0,0,0,1,차대차 - 측면충돌,안전운전불이행,건조,맑음,단일로 - 기타,승용,여,57세,상해없음,이륜,남,20세,부상신고
2022013100100039,2022년 1월 31일 09시,월요일,경기도 수원시 영통구 매탄동,경상사고,0,0,1,0,차대사람 - 기타,안전운전불이행,건조,맑음,단일로 - 기타,화물,남,66세,상해없음,보행자,여,75세,경상
2022013100100040,2022년 1월 31일 09시,월요일,경기도 수원시 권선구 구운동,경상사고,0,0,3,0,차대차 - 측면충돌,신호위반,건조,맑음,교차로 - 교차로안,승용,남,23세,상해없음,승용,여,64세,경상
2022013100100049,2022년 1월 31일 10시,월요일,경기도 수원시 영통구 망포동,경상사고,0,0,1,0,차대차 - 기타,안전운전불이행,건조,맑음,단일로 - 기타,승용,남,52세,상해없음,개인형이동수단(PM),여,28세,경상
2022013100100068,2022년 1월 31일 11시,월요일,경기도 수원시 권선구 서둔동,경상사고,0,0,1,0,차대차 - 기타,신호위반,건조,맑음,교차로 - 교차로부근,승용,남,27세,상해없음,승용,여,50세,경상
2022013100100085,2022년 1월 31일 12시,월요일,경기도 수원시 장안구 이목동,경상사고,0,0,1,0,차대차 - 기타,중앙선침범,건조,맑음,교차로 - 교차로안,자전거,남,58세,경상,승합,남,32세,상해없음
2022013100100098,2022년 1월 31일 13시,월요일,경기도 수원시 권선구 곡반정동,중상사고,0,1,0,0,차대차 - 측면충돌,안전운전불이행,건조,맑음,교차로 - 교차로안,승용,남,32세,상해없음,이륜,남,26세,중상
2022013100100129,2022년 1월 31일 14시,월요일,경기도 수원시 팔달구 북수동,중상사고,0,1,0,1,차대차 - 기타,기타,건조,맑음,단일로 - 기타,승용,남,28세,상해없음,승용,여,40세,부상신고
2022013100100132,2022년 1월 31일 14시,월요일,경기도 수원시 영통구 영통동,경상사고,0,0,3,0,차대차 - 추돌,안전운전불이행,건조,맑음,교차로 - 교차로안,승용,여,48세,상해없음,승용,여,45세,경상
2022013100100154,2022년 1월 31일 15시,월요일,경기도 수원시 영통구 신동,경상사고,0,0,1,0,차대차 - 측면충돌,안전운전불이행,건조,맑음,교차로 - 교차로횡단보도내,승용,남,19세,상해없음,자전거,남,52세,경상
2022013100100319,2022년 1월 31일 22시,월요일,경기도 수원시 권선구 구운동,경상사고,0,0,4,0,차대차 - 추돌,안전운전불이행,건조,맑음,단일로 - 기타,승용,남,41세,상해없음,승용,남,28세,경상
2022013100100328,2022년 1월 31일 23시,월요일,경기도 수원시 권선구 권선동,경상사고,0,0,2,0,차대차 - 측면충돌,안전운전불이행,젖음/습기,비,교차로 - 교차로안,승용,남,37세,상해없음,승용,남,27세,경상
2022020100100024,2022년 2월 1일 08시,화요일,경기도 수원시 권선구 구운동,경상사고,0,0,2,0,차대차 - 추돌,안전운전불이행,서리/결빙,눈,교차로 - 교차로부근,승용,남,41세,상해없음,승용,여,53세,경상
2022020100100140,2022년 2월 1일 16시,화요일,경기도 수원시 권선구 오목천동,경상사고,0,0,3,0,차대차 - 추돌,안전운전불이행,건조,맑음,교차로 - 교차로부근,승용,여,52세,상해없음,승용,남,38세,경상
2022020100100186,2022년 2월 1일 19시,화요일,경기도 수원시 영통구 매탄동,경상사고,0,0,1,0,차대사람 - 기타,보행자보호의무위반,건조,맑음,교차로 - 교차로횡단보도내,승용,남,45세,상해없음,보행자,여,65세,경상
2022020100100240,2022년 2월 1일 22시,화요일,경기도 수원시 권선구 세류동,중상사고,0,1,1,0,차대차 - 측면충돌,신호위반,건조,맑음,교차로 - 교차로안,이륜,남,64세,중상,승용,남,27세,경상
2022020200100046,2022년 2월 2일 10시,수요일,경기도 수원시 권선구 서둔동,경상사고,0,0,2,0,차대차 - 측면충돌,안전거리미확보,건조,맑음,단일로 - 기타,승용,남,34세,상해없음,승용,여,50세,경상
2022020200100114,2022년 2월 2일 14시,수요일,경기도 수원시 장안구 정자동,중상사고,0,1,0,0,차대차 - 측면충돌,교차로운행방법위반,건조,맑음,교차로 - 교차로안,승용,여,46세,상해없음,이륜,남,31세,중상
2022020200100118,2022년 2월 2일 14시,수요일,경기도 수원시 권선구 세류동,경상사고,0,0,1,0,차대차 - 기타,안전운전불이행,건조,맑음,단일로 - 기타,이륜,남,48세,경상,승용,남,28세,상해없음
2022020200100120,2022년 2월 2일 14시,수요일,경기도 수원시 권선구 금곡동,경상사고,0,0,1,0,차대차 - 측면충돌,안전운전불이행,건조,맑음,단일로 - 기타,승용,남,29세,상해없음,승용,여,62세,경상
2022020200100142,2022년 2월 2일 15시,수요일,경기도 수원시 팔달구 인계동,경상사고,0,0,1,0,차대차 - 측면충돌,안전운전불이행,건조,맑음,교차로 - 교차로안,승용,남,33세,상해없음,승용,여,44세,경상
2022020200100228,2022년 2월 2일 19시,수요일,경기도 수원시 팔달구 우만동,경상사고,0,0,3,0,차대차 - 기타,안전운전불이행,건조,맑음,교차로 - 교차로안,승용,남,31세,경상,승용,여,24세,경상
2022020200100231,2022년 2월 2일 19시,수요일,경기도 수원시 영통구 매탄동,중상사고,0,1,0,0,차대사람 - 길가장자리구역통행중,기타,건조,맑음,교차로 - 교차로안,승용,여,36세,상해없음,보행자,남,44세,중상
2022020200100257,2022년 2월 2일 20시,수요일,경기도 수원시 팔달구 고등동,중상사고,0,1,0,0,차대사람 - 기타,안전운전불이행,건조,맑음,교차로 - 교차로안,승용,여,43세,상해없음,보행자,남,64세,중상
2022020200100290,2022년 2월 2일 21시,수요일,경기도 수원시 영통구 영통동,경상사고,0,0,2,0,차대차 - 추돌,안전운전불이행,건조,맑음,단일로 - 기타,승용,남,35세,상해없음,승용,남,23세,경상
2022020200100294,2022년 2월 2일 21시,수요일,경기도 수원시 팔달구 고등동,부상신고사고,0,0,0,1,차대사람 - 기타,안전운전불이행,건조,맑음,단일로 - 기타,승용,남,29세,상해없음,보행자,남,41세,부상신고
2022020300100046,2022년 2월 3일 08시,목요일,경기도 수원시 장안구 이목동,경상사고,0,0,1,0,차대차 - 추돌,안전운전불이행,건조,맑음,교차로 - 교차로부근,승용,남,26세,상해없음,승용,여,52세,경상
2022020300100085,2022년 2월 3일 09시,목요일,경기도 수원시 장안구 조원동,중상사고,0,1,0,0,차대사람 - 기타,안전운전불이행,건조,맑음,교차로 - 교차로안,승용,여,61세,상해없음,보행자,여,88세,중상
2022020300100112,2022년 2월 3일 10시,목요일,경기도 수원시 권선구 세류동,경상사고,0,0,1,0,차대사람 - 차도통행중,안전운전불이행,건조,맑음,교차로 - 교차로안,승용,남,71세,상해없음,보행자,여,37세,경상
2022020300100113,2022년 2월 3일 10시,목요일,경기도 수원시 권선구 서둔동,경상사고,0,0,2,0,차대차 - 기타,안전운전불이행,건조,맑음,교차로 - 교차로안,승용,여,51세,상해없음,승합,남,51세,경상
2022020300100133,2022년 2월 3일 11시,목요일,경기도 수원시 장안구 파장동,경상사고,0,0,2,0,차대차 - 측면충돌,신호위반,건조,맑음,단일로 - 기타,자전거,남,76세,경상,승용,남,43세,경상
2022020300100137,2022년 2월 3일 11시,목요일,경기도 수원시 팔달구 인계동,경상사고,0,0,1,0,차대차 - 기타,안전운전불이행,건조,맑음,교차로 - 교차로부근,승용,남,61세,상해없음,승용,남,47세,경상
2022020300100376,2022년 2월 3일 19시,목요일,경기도 수원시 영통구 망포동,경상사고,0,0,1,0,차대사람 - 횡단중,보행자보호의무위반,건조,맑음,교차로 - 교차로횡단보도내,승용,남,25세,상해없음,보행자,여,36세,경상
2022020300100398,2022년 2월 3일 20시,목요일,경기도 수원시 팔달구 우만동,경상사고,0,0,1,0,차대차 - 추돌,안전운전불이행,건조,맑음,단일로 - 기타,승용,남,35세,상해없음,승용,남,41세,경상
2022020300100454,2022년 2월 3일 23시,목요일,경기도 수원시 장안구 송죽동,경상사고,0,0,1,0,차대차 - 기타,신호위반,건조,맑음,교차로 - 교차로안,기타불명,기타불명,미분류,기타불명,이륜,남,21세,경상
2022020400100059,2022년 2월 4일 08시,금요일,경기도 수원시 영통구 원천동,경상사고,0,0,1,0,차대차 - 추돌,안전운전불이행,건조,맑음,기타 - 기타,승용,남,25세,상해없음,승용,여,34세,경상
2022020400100079,2022년 2월 4일 09시,금요일,경기도 수원시 장안구 정자동,부상신고사고,0,0,0,1,차대차 - 기타,안전운전불이행,건조,맑음,교차로 - 교차로안,개인형이동수단(PM),남,15세,부상신고,화물,남,54세,상해없음
2022020400100080,2022년 2월 4일 09시,금요일,경기도 수원시 장안구 정자동,경상사고,0,0,2,0,차대차 - 추돌,안전운전불이행,건조,맑음,교차로 - 교차로부근,승용,여,51세,상해없음,승용,여,34세,경상
2022020400100081,2022년 2월 4일 09시,금요일,경기도 수원시 팔달구 화서동,경상사고,0,0,2,0,차대차 - 기타,교차로운행방법위반,건조,맑음,교차로 - 교차로안,승용,여,55세,경상,승용,여,58세,경상
2022020400100082,2022년 2월 4일 09시,금요일,경기도 수원시 장안구 영화동,경상사고,0,0,1,0,차대차 - 기타,안전거리미확보,건조,맑음,교차로 - 교차로부근,승용,여,59세,상해없음,승용,여,75세,경상
2022020400100174,2022년 2월 4일 12시,금요일,경기도 수원시 권선구 세류동,경상사고,0,0,1,0,차대사람 - 기타,기타,건조,맑음,단일로 - 기타,승합,남,52세,상해없음,보행자,여,68세,경상
2022020400100197,2022년 2월 4일 13시,금요일,경기도 수원시 권선구 권선동,경상사고,0,0,1,0,차대차 - 측면충돌,안전운전불이행,건조,맑음,단일로 - 기타,이륜,남,74세,상해없음,승용,남,26세,경상
2022020400100247,2022년 2월 4일 15시,금요일,경기도 수원시 영통구 이의동,중상사고,0,1,0,0,차대차 - 측면충돌,신호위반,건조,맑음,교차로 - 교차로안,승용,여,47세,상해없음,승용,남,51세,중상
2022020400100306,2022년 2월 4일 17시,금요일,경기도 수원시 권선구 권선동,경상사고,0,0,2,1,차대차 - 추돌,안전운전불이행,건조,맑음,기타 - 기타,화물,남,60세,상해없음,승용,여,49세,경상
2022020400100343,2022년 2월 4일 18시,금요일,경기도 수원시 장안구 영화동,경상사고,0,0,3,0,차대차 - 기타,안전운전불이행,건조,맑음,단일로 - 기타,승합,남,47세,상해없음,승용,남,38세,경상
2022020400100346,2022년 2월 4일 18시,금요일,경기도 수원시 권선구 권선동,경상사고,0,0,1,0,차대차 - 측면충돌,중앙선침범,건조,맑음,교차로 - 교차로부근,이륜,남,23세,상해없음,이륜,남,29세,경상
2022020400100392,2022년 2월 4일 19시,금요일,경기도 수원시 팔달구 매산로1가,경상사고,0,0,1,0,차대차 - 기타,안전운전불이행,건조,맑음,교차로 - 교차로안,승용,남,20세,상해없음,승용,남,56세,경상
2022020400100454,2022년 2월 4일 21시,금요일,경기도 수원시 팔달구 인계동,경상사고,0,0,1,0,차대차 - 정면충돌,신호위반,건조,맑음,교차로 - 교차로안,승용,남,25세,상해없음,승용,남,65세,경상
2022020400100486,2022년 2월 4일 22시,금요일,경기도 수원시 영통구 원천동,경상사고,0,0,1,0,차대차 - 측면충돌,안전운전불이행,건조,맑음,단일로 - 기타,승용,남,43세,상해없음,승용,여,28세,경상
2022020500100049,2022년 2월 5일 09시,토요일,경기도 수원시 팔달구 우만동,경상사고,0,0,1,0,차대차 - 측면충돌,신호위반,건조,맑음,교차로 - 교차로안,승합,남,76세,상해없음,이륜,남,36세,경상
2022020500100065,2022년 2월 5일 10시,토요일,경기도 수원시 팔달구 구천동,경상사고,0,0,1,0,차대차 - 추돌,안전운전불이행,건조,맑음,단일로 - 기타,승용,여,53세,상해없음,승용,남,21세,경상
2022020500100086,2022년 2월 5일 11시,토요일,경기도 수원시 팔달구 고등동,중상사고,0,1,1,0,차대차 - 기타,안전운전불이행,건조,맑음,교차로 - 교차로안,승용,남,25세,상해없음,이륜,남,18세,경상
2022020500100103,2022년 2월 5일 12시,토요일,경기도 수원시 팔달구 영동,중상사고,0,1,0,0,차량단독 - 기타,안전운전불이행,건조,맑음,교차로 - 교차로부근,승합,남,63세,상해없음,,,,
2022020500100172,2022년 2월 5일 14시,토요일,경기도 수원시 권선구 금곡동,경상사고,0,0,1,0,차대차 - 추돌,안전거리미확보,건조,맑음,교차로 - 교차로부근,승합,남,37세,상해없음,이륜,남,33세,경상
2022020500100196,2022년 2월 5일 15시,토요일,경기도 수원시 권선구 장지동,중상사고,0,1,0,0,차대사람 - 횡단중,기타,건조,맑음,단일로 - 고가도로위,승합,남,57세,상해없음,보행자,남,73세,중상
2022020500100245,2022년 2월 5일 17시,토요일,경기도 수원시 장안구 율전동,부상신고사고,0,0,0,1,차대사람 - 기타,안전운전불이행,건조,맑음,단일로 - 기타,기타불명,기타불명,미분류,기타불명,보행자,여,64세,부상신고
2022020500100344,2022년 2월 5일 21시,토요일,경기도 수원시 장안구 영화동,중상사고,0,1,0,0,차대차 - 기타,안전운전불이행,건조,맑음,교차로 - 교차로부근,화물,남,46세,기타불명,자전거,남,31세,중상
2022020600100005,2022년 2월 6일 01시,일요일,경기도 수원시 권선구 권선동,경상사고,0,0,4,0,차대차 - 측면충돌,신호위반,건조,맑음,교차로 - 교차로안,승용,남,27세,상해없음,승용,여,69세,경상
2022020600100051,2022년 2월 6일 11시,일요일,경기도 수원시 영통구 망포동,경상사고,0,0,1,0,차대차 - 측면충돌,안전운전불이행,건조,맑음,단일로 - 기타,승용,남,31세,상해없음,승용,남,55세,경상
2022020600100080,2022년 2월 6일 13시,일요일,경기도 수원시 장안구 연무동,경상사고,0,0,1,0,차대차 - 후진중충돌,안전운전불이행,건조,맑음,단일로 - 기타,화물,남,35세,상해없음,승용,남,24세,경상
2022020600100164,2022년 2월 6일 17시,일요일,경기도 수원시 팔달구 인계동,부상신고사고,0,0,0,1,차대차 - 측면충돌,교차로운행방법위반,건조,맑음,교차로 - 교차로안,원동기,남,26세,부상신고,승용,남,69세,상해없음
2022020600100165,2022년 2월 6일 17시,일요일,경기도 수원시 권선구 입북동,경상사고,0,0,1,0,차대차 - 기타,안전거리미확보,건조,맑음,단일로 - 기타,승용,남,49세,상해없음,승용,여,32세,경상
2022020600100267,2022년 2월 6일 22시,일요일,경기도 수원시 장안구 조원동,경상사고,0,0,1,0,차대차 - 추돌,안전운전불이행,건조,맑음,교차로 - 교차로부근,승용,남,57세,상해없음,승용,여,55세,경상
2022020700100022,2022년 2월 7일 06시,월요일,경기도 수원시 권선구 호매실동,경상사고,0,0,1,0,차대차 - 기타,신호위반,건조,맑음,교차로 - 교차로안,화물,남,65세,상해없음,승용,남,53세,경상
2022020700100053,2022년 2월 7일 08시,월요일,경기도 수원시 장안구 연무동,경상사고,0,0,1,0,차대차 - 측면충돌,안전운전불이행,건조,맑음,단일로 - 기타,승용,남,29세,상해없음,승용,남,24세,경상
2022020700100102,2022년 2월 7일 10시,월요일,경기도 수원시 팔달구 인계동,경상사고,0,0,2,0,차대차 - 추돌,안전거리미확보,건조,맑음,단일로 - 기타,화물,남,55세,상해없음,승용,남,77세,경상
2022020700100124,2022년 2월 7일 11시,월요일,경기도 수원시 권선구 서둔동,중상사고,0,1,1,0,차대차 - 측면충돌,안전운전불이행,건조,맑음,단일로 - 기타,화물,남,57세,상해없음,승용,여,49세,중상
2022020700100264,2022년 2월 7일 17시,월요일,경기도 수원시 팔달구 인계동,중상사고,0,1,0,0,차대사람 - 차도통행중,안전운전불이행,건조,맑음,단일로 - 기타,승용,남,61세,상해없음,보행자,여,58세,중상
2022020700100396,2022년 2월 7일 22시,월요일,경기도 수원시 장안구 천천동,부상신고사고,0,0,0,1,차대차 - 기타,교차로운행방법위반,건조,맑음,교차로 - 교차로부근,기타불명,기타불명,미분류,기타불명,이륜,남,43세,부상신고
2022020700100399,2022년 2월 7일 22시,월요일,경기도 수원시 권선구 곡반정동,경상사고,0,0,1,0,차대사람 - 보도통행중,안전운전불이행,건조,맑음,기타 - 기타,자전거,기타불명,미분류,기타불명,보행자,여,21세,경상
2022020700100401,2022년 2월 7일 22시,월요일,경기도 수원시 팔달구 매산로1가,경상사고,0,0,2,0,차대차 - 측면충돌,안전거리미확보,건조,맑음,단일로 - 기타,승용,남,62세,경상,승용,남,21세,경상
2022020800100026,2022년 2월 8일 04시,화요일,경기도 수원시 영통구 망포동,경상사고,0,0,1,0,차대차 - 측면충돌,신호위반,건조,흐림,교차로 - 교차로안,화물,남,43세,상해없음,화물,남,41세,경상
2022020800100053,2022년 2월 8일 07시,화요일,경기도 수원시 팔달구 인계동,경상사고,0,0,1,0,차대차 - 측면충돌,안전운전불이행,건조,맑음,교차로 - 교차로안,승용,남,41세,상해없음,이륜,남,40세,경상
2022020800100074,2022년 2월 8일 08시,화요일,경기도 수원시 장안구 정자동,경상사고,0,0,3,0,차대차 - 측면충돌,안전거리미확보,건조,맑음,교차로 - 교차로안,화물,남,59세,경상,승용,남,58세,경상
2022020800100078,2022년 2월 8일 08시,화요일,경기도 수원시 권선구 평동,경상사고,0,0,1,0,차대차 - 기타,안전거리미확보,건조,맑음,교차로 - 교차로부근,승용,남,65세,상해없음,승합,남,62세,상해없음
2022020800100226,2022년 2월 8일 14시,화요일,경기도 수원시 장안구 정자동,중상사고,0,1,0,0,차대차 - 기타,기타,건조,맑음,교차로 - 교차로부근,승용,여,44세,상해없음,이륜,남,26세,중상
2022020800100229,2022년 2월 8일 14시,화요일,경기도 수원시 팔달구 인계동,경상사고,0,0,1,0,차대차 - 측면충돌,안전운전불이행,건조,맑음,교차로 - 교차로부근,승용,남,39세,상해없음,이륜,남,42세,경상
2022020800100288,2022년 2월 8일 16시,화요일,경기도 수원시 팔달구 화서동,중상사고,0,1,0,0,차량단독 - 기타,기타,건조,맑음,단일로 - 기타,승합,남,63세,기타불명,,,,
2022020800100289,2022년 2월 8일 16시,화요일,경기도 수원시 팔달구 화서동,경상사고,0,0,2,0,차대차 - 추돌,안전거리미확보,건조,맑음,교차로 - 교차로부근,승용,남,44세,상해없음,승용,남,53세,경상
2022020800100357,2022년 2월 8일 18시,화요일,경기도 수원시 영통구 이의동,중상사고,0,1,0,0,차대차 - 측면충돌,신호위반,건조,맑음,교차로 - 교차로안,승용,여,33세,상해없음,이륜,남,38세,중상
2022020800100358,2022년 2월 8일 18시,화요일,경기도 수원시 영통구 영통동,경상사고,0,0,2,0,차대차 - 측면충돌,안전거리미확보,건조,맑음,단일로 - 기타,승용,남,75세,상해없음,승용,남,61세,경상
2022020800100406,2022년 2월 8일 19시,화요일,경기도 수원시 팔달구 매산로1가,경상사고,0,0,1,0,차대사람 - 기타,안전운전불이행,건조,맑음,단일로 - 기타,승용,남,71세,상해없음,보행자,남,21세,경상
2022020800100443,2022년 2월 8일 20시,화요일,경기도 수원시 영통구 영통동,경상사고,0,0,5,0,차대차 - 추돌,안전거리미확보,건조,맑음,단일로 - 기타,승용,여,41세,기타불명,승용,남,53세,경상
2022020800100470,2022년 2월 8일 21시,화요일,경기도 수원시 영통구 이의동,경상사고,0,0,1,0,차대차 - 기타,안전거리미확보,건조,맑음,기타 - 기타,승용,남,53세,상해없음,승용,남,45세,경상
2022020800100518,2022년 2월 8일 23시,화요일,경기도 수원시 장안구 정자동,경상사고,0,0,1,0,차대사람 - 기타,안전운전불이행,건조,맑음,교차로 - 교차로부근,이륜,남,22세,상해없음,보행자,여,37세,경상
2022020900100061,2022년 2월 9일 07시,수요일,경기도 수원시 팔달구 인계동,경상사고,0,0,1,0,차대차 - 측면충돌,신호위반,건조,맑음,교차로 - 교차로안,승용,남,51세,상해없음,승용,남,50세,경상
2022020900100062,2022년 2월 9일 07시,수요일,경기도 수원시 권선구 호매실동,경상사고,0,0,1,0,차대차 - 추돌,안전운전불이행,건조,맑음,교차로 - 교차로부근,승용,남,59세,상해없음,승용,남,34세,경상
2022020900100123,2022년 2월 9일 10시,수요일,경기도 수원시 장안구 연무동,중상사고,0,1,1,0,차대차 - 기타,신호위반,건조,맑음,교차로 - 교차로부근,승용,남,55세,상해없음,승합,남,53세,중상
2022020900100129,2022년 2월 9일 10시,수요일,경기도 수원시 권선구 탑동,경상사고,0,0,1,0,차대차 - 기타,안전운전불이행,건조,맑음,단일로 - 기타,승합,남,28세,상해없음,승용,여,46세,경상
2022020900100181,2022년 2월 9일 12시,수요일,경기도 수원시 영통구 이의동,경상사고,0,0,1,0,차대차 - 측면충돌,안전운전불이행,건조,맑음,교차로 - 교차로안,승합,남,52세,상해없음,승용,남,44세,경상
2022020900100182,2022년 2월 9일 12시,수요일,경기도 수원시 팔달구 고등동,중상사고,0,1,0,0,차대차 - 기타,교차로운행방법위반,건조,맑음,교차로 - 교차로안,승용,남,60세,상해없음,자전거,남,50세,중상
2022020900100211,2022년 2월 9일 13시,수요일,경기도 수원시 팔달구 인계동,중상사고,0,2,0,0,차대차 - 측면충돌,차로위반,건조,맑음,단일로 - 기타,이륜,남,25세,상해없음,승용,여,49세,중상
2022020900100212,2022년 2월 9일 13시,수요일,경기도 수원시 팔달구 인계동,경상사고,0,0,1,0,차대차 - 측면충돌,중앙선침범,건조,맑음,기타 - 기타,승용,여,60세,상해없음,승용,남,33세,경상
2022020900100356,2022년 2월 9일 18시,수요일,경기도 수원시 팔달구 화서동,사망사고,1,0,0,0,차대사람 - 횡단중,안전운전불이행,건조,맑음,단일로 - 기타,승용,남,26세,상해없음,보행자,남,87세,사망
2022020900100357,2022년 2월 9일 18시,수요일,경기도 수원시 팔달구 남수동,경상사고,0,0,1,0,차대사람 - 길가장자리구역통행중,안전운전불이행,건조,맑음,단일로 - 기타,승용,여,63세,상해없음,보행자,남,46세,경상
2022020900100409,2022년 2월 9일 19시,수요일,경기도 수원시 팔달구 매산로2가,경상사고,0,0,1,0,차대사람 - 기타,안전운전불이행,건조,맑음,기타 - 기타,승용,남,61세,상해없음,보행자,남,44세,경상
2022020900100444,2022년 2월 9일 20시,수요일,경기도 수원시 팔달구 우만동,경상사고,0,0,1,0,차대차 - 추돌,안전운전불이행,건조,맑음,단일로 - 기타,승용,남,38세,상해없음,승용,여,29세,경상
2022020900100449,2022년 2월 9일 20시,수요일,경기도 수원시 권선구 권선동,경상사고,0,0,1,0,차대차 - 정면충돌,신호위반,건조,맑음,교차로 - 교차로안,이륜,남,34세,상해없음,승용,여,49세,경상
2022020900100487,2022년 2월 9일 21시,수요일,경기도 수원시 팔달구 중동,경상사고,0,0,1,1,차대차 - 기타,안전운전불이행,건조,맑음,교차로 - 교차로안,승용,남,62세,상해없음,승용,여,20세,경상
2022020900100494,2022년 2월 9일 21시,수요일,경기도 수원시 권선구 구운동,경상사고,0,0,1,0,차대차 - 추돌,안전운전불이행,건조,맑음,교차로 - 교차로부근,화물,남,43세,상해없음,승용,남,37세,경상
2022020900100496,2022년 2월 9일 21시,수요일,경기도 수원시 권선구 호매실동,경상사고,0,0,2,0,차대차 - 추돌,안전운전불이행,건조,맑음,단일로 - 기타,승용,남,41세,경상,승용,남,48세,경상
2022020900100522,2022년 2월 9일 22시,수요일,경기도 수원시 영통구 신동,중상사고,0,1,1,0,차대차 - 추돌,안전거리미확보,건조,맑음,단일로 - 기타,승용,남,35세,상해없음,승용,남,28세,경상
2022021000100001,2022년 2월 10일 00시,목요일,경기도 수원시 팔달구 팔달로3가,경상사고,0,0,1,1,차대차 - 추돌,신호위반,건조,맑음,교차로 - 교차로안,승용,남,19세,상해없음,승용,여,66세,경상
2022021000100038,2022년 2월 10일 07시,목요일,경기도 수원시 팔달구 고등동,경상사고,0,0,1,0,차량단독 - 공작물충돌,안전운전불이행,젖음/습기,맑음,단일로 - 기타,승합,남,55세,상해없음,,,,
2022021000100055,2022년 2월 10일 08시,목요일,경기도 수원시 팔달구 우만동,경상사고,0,0,1,0,차대차 - 측면충돌,안전거리미확보,건조,맑음,단일로 - 기타,승용,남,67세,기타불명,승용,남,38세,경상
2022021000100056,2022년 2월 10일 08시,목요일,경기도 수원시 장안구 송죽동,경상사고,0,0,1,0,차대차 - 측면충돌,안전운전불이행,건조,맑음,교차로 - 교차로안,승용,여,31세,상해없음,승용,여,37세,경상
2022021000100060,2022년 2월 10일 08시,목요일,경기도 수원시 권선구 권선동,경상사고,0,0,1,0,차대차 - 추돌,안전운전불이행,건조,맑음,단일로 - 지하차도(도로)내,이륜,남,26세,상해없음,승용,남,38세,경상