사고번호,사고일시,요일,시군구,사고내용,사망자수,중상자수,경상자수,부상신고자수,사고유형,법규위반,노면상태,기상상태,도로형태,가해운전자 차종,가해운전자 성별,가해운전자 연령,가해운전자 상해정도,피해운전자 차종,피해운전자 성별,피해운전자 연령,피해운전자 상해정도
2022021000100239,2022년 2월 10일 14시,목요일,경기도 수원시 권선구 구운동,경상사고,0,0,2,0,차대차 - 후진중충돌,안전운전불이행,건조,맑음,단일로 - 기타,승용,남,62세,상해없음,승용,남,22세,경상
2022021000100315,2022년 2월 10일 17시,목요일,경기도 수원시 팔달구 우만동,경상사고,0,0,1,0,차대사람 - 기타,안전운전불이행,건조,맑음,단일로 - 기타,승합,남,53세,상해없음,보행자,남,59세,경상
2022021000100316,2022년 2월 10일 17시,목요일,경기도 수원시 팔달구 우만동,중상사고,0,1,0,0,차대차 - 기타,안전운전불이행,건조,맑음,교차로 - 교차로안,승용,남,62세,상해없음,이륜,남,39세,중상
2022021000100349,2022년 2월 10일 18시,목요일,경기도 수원시 영통구 이의동,경상사고,0,0,1,0,차대차 - 정면충돌,신호위반,건조,흐림,교차로 - 교차로안,승용,여,62세,상해없음,승용,남,68세,경상
2022021000100354,2022년 2월 10일 18시,목요일,경기도 수원시 영통구 영통동,경상사고,0,0,2,2,차대차 - 추돌,안전운전불이행,건조,맑음,교차로 - 교차로안,승용,남,40세,상해없음,승용,여,35세,경상
2022021000100358,2022년 2월 10일 18시,목요일,경기도 수원시 권선구 세류동,중상사고,0,1,0,0,차대차 - 기타,안전운전불이행,건조,맑음,교차로 - 교차로안,승용,남,19세,상해없음,이륜,남,52세,중상
2022021000100415,2022년 2월 10일 20시,목요일,경기도 수원시 장안구 영화동,경상사고,0,0,1,0,차대차 - 추돌,안전운전불이행,건조,맑음,단일로 - 기타,승용,남,57세,상해없음,승용,남,59세,경상
2022021000100416,2022년 2월 10일 20시,목요일,경기도 수원시 장안구 연무동,경상사고,0,0,1,0,차대차 - 추돌,신호위반,건조,맑음,교차로 - 교차로안,승용,여,39세,기타불명,승용,남,38세,경상
2022021000100422,2022년 2월 10일 20시,목요일,경기도 수원시 권선구 세류동,중상사고,0,1,0,0,차대차 - 정면충돌,신호위반,건조,맑음,교차로 - 교차로안,승용,남,55세,상해없음,이륜,남,28세,중상
2022021000100423,2022년 2월 10일 20시,목요일,경기도 수원시 권선구 금곡동,중상사고,0,1,0,0,차대사람 - 횡단중,보행자보호의무위반,건조,맑음,단일로 - 기타,승용,여,38세,상해없음,보행자,남,21세,중상
2022021000100424,2022년 2월 10일 20시,목요일,경기도 수원시 팔달구 교동,중상사고,0,1,0,0,차대차 - 기타,안전거리미확보,건조,맑음,단일로 - 기타,승합,남,61세,상해없음,이륜,남,63세,중상
2022021000100449,2022년 2월 10일 21시,목요일,경기도 수원시 장안구 천천동,경상사고,0,0,1,0,차대차 - 측면충돌,신호위반,건조,맑음,교차로 - 교차로안,이륜,남,51세,상해없음,승용,남,47세,경상
2022021000100450,2022년 2월 10일 21시,목요일,경기도 수원시 팔달구 우만동,경상사고,0,0,1,0,차대차 - 측면충돌,안전거리미확보,건조,맑음,교차로 - 교차로안,승용,남,29세,상해없음,승용,여,28세,경상
2022021000100460,2022년 2월 10일 21시,목요일,경기도 수원시 장안구 파장동,경상사고,0,0,1,0,차대차 - 측면충돌,안전운전불이행,건조,맑음,단일로 - 기타,승용,남,40세,상해없음,승용,남,58세,상해없음
2022021100100115,2022년 2월 11일 10시,금요일,경기도 수원시 팔달구 팔달로3가,경상사고,0,0,1,0,차대차 - 추돌,안전운전불이행,건조,맑음,교차로 - 교차로안,승합,남,59세,상해없음,화물,남,62세,경상
2022021100100176,2022년 2월 11일 12시,금요일,경기도 수원시 장안구 조원동,경상사고,0,0,2,0,차대차 - 측면충돌,안전운전불이행,건조,맑음,교차로 - 교차로부근,승용,남,22세,경상,승용,여,57세,경상
2022021100100177,2022년 2월 11일 12시,금요일,경기도 수원시 팔달구 우만동,중상사고,0,1,0,0,차대차 - 측면충돌,안전운전불이행,건조,맑음,교차로 - 교차로안,승용,여,49세,상해없음,승용,남,66세,중상
2022021100100208,2022년 2월 11일 13시,금요일,경기도 수원시 장안구 정자동,부상신고사고,0,0,0,1,차대차 - 측면충돌,신호위반,건조,맑음,교차로 - 교차로안,자전거,남,23세,부상신고,승용,여,40세,기타불명
2022021100100229,2022년 2월 11일 14시,금요일,경기도 수원시 팔달구 우만동,경상사고,0,0,1,1,차대차 - 정면충돌,기타,건조,맑음,교차로 - 교차로안,승용,여,33세,경상,화물,남,50세,부상신고
2022021100100256,2022년 2월 11일 15시,금요일,경기도 수원시 권선구 서둔동,경상사고,0,0,1,0,차대차 - 측면충돌,교차로운행방법위반,건조,맑음,교차로 - 교차로안,건설기계,남,57세,상해없음,승용,남,60세,경상
2022021100100297,2022년 2월 11일 16시,금요일,경기도 수원시 팔달구 인계동,경상사고,0,0,2,0,차대차 - 기타,안전거리미확보,건조,맑음,단일로 - 기타,승용,여,31세,상해없음,승합,남,47세,상해없음
2022021100100363,2022년 2월 11일 18시,금요일,경기도 수원시 팔달구 인계동,중상사고,0,1,3,0,차대차 - 측면충돌,신호위반,건조,맑음,교차로 - 교차로안,승용,남,69세,상해없음,승용,남,36세,경상
2022021100100447,2022년 2월 11일 20시,금요일,경기도 수원시 영통구 매탄동,경상사고,0,0,1,0,차대차 - 기타,안전운전불이행,건조,맑음,단일로 - 지하차도(도로)내,승용,남,32세,상해없음,이륜,남,47세,경상
2022021100100450,2022년 2월 11일 20시,금요일,경기도 수원시 권선구 오목천동,경상사고,0,0,1,0,차대차 - 기타,안전운전불이행,건조,맑음,교차로 - 교차로부근,승용,남,52세,상해없음,화물,남,52세,경상
2022021100100476,2022년 2월 11일 21시,금요일,경기도 수원시 팔달구 인계동,경상사고,0,0,2,0,차대차 - 측면충돌,안전운전불이행,건조,맑음,단일로 - 기타,승용,남,22세,상해없음,개인형이동수단(PM),남,42세,경상
2022021100100480,2022년 2월 11일 21시,금요일,경기도 수원시 권선구 세류동,경상사고,0,0,1,0,차대차 - 추돌,안전운전불이행,젖음/습기,맑음,단일로 - 기타,승용,남,28세,상해없음,승용,남,27세,경상
2022021200100004,2022년 2월 12일 00시,토요일,경기도 수원시 권선구 권선동,경상사고,0,0,1,0,차대차 - 측면충돌,신호위반,건조,맑음,교차로 - 교차로안,이륜,남,32세,상해없음,승용,남,67세,경상
2022021200100062,2022년 2월 12일 09시,토요일,경기도 수원시 장안구 송죽동,경상사고,0,0,1,0,차대차 - 기타,안전운전불이행,건조,맑음,단일로 - 기타,승용,남,73세,경상,승용,남,64세,상해없음
2022021200100193,2022년 2월 12일 14시,토요일,경기도 수원시 팔달구 화서동,경상사고,0,0,1,0,차대사람 - 차도통행중,기타,건조,맑음,단일로 - 기타,승합,남,65세,상해없음,보행자,여,35세,경상
2022021200100216,2022년 2월 12일 15시,토요일,경기도 수원시 팔달구 팔달로2가,경상사고,0,0,3,0,차대차 - 추돌,안전운전불이행,건조,맑음,단일로 - 기타,승용,남,33세,상해없음,승용,남,65세,경상
2022021200100219,2022년 2월 12일 15시,토요일,경기도 수원시 권선구 권선동,경상사고,0,0,1,0,차대차 - 측면충돌,교차로운행방법위반,건조,맑음,교차로 - 교차로안,승용,남,32세,경상,승용,남,59세,상해없음
2022021200100248,2022년 2월 12일 16시,토요일,경기도 수원시 권선구 권선동,경상사고,0,0,1,0,차대차 - 측면충돌,안전운전불이행,건조,맑음,단일로 - 지하차도(도로)내,승용,남,30세,상해없음,승용,남,38세,상해없음
2022021200100305,2022년 2월 12일 18시,토요일,경기도 수원시 장안구 정자동,경상사고,0,0,1,0,차대사람 - 기타,불법유턴,건조,맑음,단일로 - 기타,승용,남,43세,상해없음,보행자,남,52세,경상
2022021200100308,2022년 2월 12일 18시,토요일,경기도 수원시 영통구 매탄동,중상사고,0,1,0,0,차대차 - 측면충돌,교차로운행방법위반,젖음/습기,맑음,교차로 - 교차로안,승용,남,49세,상해없음,이륜,남,47세,중상
2022021200100309,2022년 2월 12일 18시,토요일,경기도 수원시 영통구 매탄동,경상사고,0,0,1,0,차대차 - 측면충돌,차로위반,건조,맑음,교차로 - 교차로안,승용,여,49세,상해없음,승용,남,22세,경상
2022021200100338,2022년 2월 12일 19시,토요일,경기도 수원시 권선구 금곡동,경상사고,0,0,2,0,차대사람 - 횡단중,보행자보호의무위반,건조,맑음,단일로 - 기타,승용,여,67세,상해없음,보행자,남,63세,경상
2022021200100390,2022년 2월 12일 21시,토요일,경기도 수원시 팔달구 지동,경상사고,0,0,9,0,차대차 - 추돌,안전운전불이행,건조,맑음,단일로 - 기타,승용,남,52세,경상,승합,남,57세,경상
2022021200100420,2022년 2월 12일 22시,토요일,경기도 수원시 팔달구 교동,경상사고,0,0,2,0,차대차 - 추돌,신호위반,건조,맑음,교차로 - 교차로안,승용,남,21세,상해없음,승용,남,59세,경상
2022021300100014,2022년 2월 13일 03시,일요일,경기도 수원시 권선구 구운동,경상사고,0,0,1,0,차대차 - 추돌,안전운전불이행,건조,맑음,교차로 - 교차로부근,승용,남,31세,상해없음,승용,남,49세,경상
2022021300100024,2022년 2월 13일 06시,일요일,경기도 수원시 영통구 신동,경상사고,0,0,1,0,차대차 - 측면충돌,신호위반,건조,맑음,교차로 - 교차로안,승용,남,32세,상해없음,자전거,남,28세,경상
2022021300100142,2022년 2월 13일 15시,일요일,경기도 수원시 영통구 매탄동,경상사고,0,0,2,0,차대차 - 측면충돌,중앙선침범,건조,맑음,단일로 - 기타,승용,남,52세,상해없음,승용,남,56세,경상
2022021300100167,2022년 2월 13일 16시,일요일,경기도 수원시 권선구 권선동,경상사고,0,0,1,0,차대차 - 측면충돌,안전거리미확보,건조,맑음,교차로 - 교차로부근,승용,여,53세,상해없음,승용,여,48세,경상
2022021300100243,2022년 2월 13일 19시,일요일,경기도 수원시 권선구 구운동,경상사고,0,0,1,0,차대사람 - 기타,안전운전불이행,건조,맑음,단일로 - 기타,승용,남,59세,상해없음,보행자,남,34세,경상
2022021300100297,2022년 2월 13일 21시,일요일,경기도 수원시 장안구 영화동,경상사고,0,0,1,0,차대차 - 기타,신호위반,건조,맑음,교차로 - 교차로안,승용,여,53세,상해없음,승용,남,54세,경상
2022021400100020,2022년 2월 14일 05시,월요일,경기도 수원시 권선구 고색동,부상신고사고,0,0,0,1,차대차 - 기타,신호위반,건조,맑음,교차로 - 교차로안,사륜오토바이(ATV),남,68세,부상신고,화물,남,62세,상해없음
2022021400100034,2022년 2월 14일 06시,월요일,경기도 수원시 팔달구 인계동,경상사고,0,0,2,0,차대차 - 추돌,안전거리미확보,건조,맑음,단일로 - 기타,승용,남,50세,상해없음,승합,남,57세,경상
2022021400100051,2022년 2월 14일 07시,월요일,경기도 수원시 팔달구 지동,중상사고,0,1,0,0,차대사람 - 기타,신호위반,건조,맑음,교차로 - 교차로횡단보도내,승용,남,68세,상해없음,보행자,여,65세,중상
2022021400100116,2022년 2월 14일 10시,월요일,경기도 수원시 장안구 조원동,경상사고,0,0,1,0,차대차 - 기타,안전운전불이행,건조,맑음,교차로 - 교차로안,화물,남,35세,상해없음,이륜,남,30세,경상
2022021400100304,2022년 2월 14일 16시,월요일,경기도 수원시 팔달구 화서동,중상사고,0,1,0,0,차대차 - 측면충돌,신호위반,젖음/습기,흐림,단일로 - 기타,승용,여,52세,상해없음,이륜,남,43세,중상
2022021400100305,2022년 2월 14일 16시,월요일,경기도 수원시 장안구 정자동,부상신고사고,0,0,0,1,차량단독 - 공작물충돌,안전운전불이행,건조,맑음,교차로 - 교차로안,승용,남,55세,부상신고,,,,
2022021400100306,2022년 2월 14일 16시,월요일,경기도 수원시 장안구 조원동,중상사고,0,1,0,0,차대차 - 기타,교차로운행방법위반,젖음/습기,비,교차로 - 교차로안,승용,남,71세,상해없음,이륜,남,28세,중상
2022021400100307,2022년 2월 14일 16시,월요일,경기도 수원시 장안구 영화동,경상사고,0,0,1,1,차대차 - 기타,기타,건조,맑음,교차로 - 교차로안,승용,남,69세,부상신고,화물,남,41세,경상
2022021400100310,2022년 2월 14일 16시,월요일,경기도 수원시 권선구 권선동,경상사고,0,0,1,0,차대차 - 측면충돌,안전거리미확보,건조,맑음,교차로 - 교차로횡단보도내,승용,여,44세,상해없음,승용,여,66세,경상
2022021400100337,2022년 2월 14일 17시,월요일,경기도 수원시 권선구 권선동,중상사고,0,1,0,0,차대차 - 측면충돌,안전거리미확보,건조,맑음,단일로 - 기타,승용,남,61세,상해없음,이륜,남,63세,중상
2022021400100338,2022년 2월 14일 17시,월요일,경기도 수원시 권선구 구운동,경상사고,0,0,1,0,차대차 - 기타,안전거리미확보,젖음/습기,비,단일로 - 기타,화물,남,53세,상해없음,승용,여,37세,경상
2022021400100374,2022년 2월 14일 18시,월요일,경기도 수원시 권선구 고색동,경상사고,0,0,1,0,차대사람 - 횡단중,안전운전불이행,젖음/습기,비,교차로 - 교차로안,승용,여,49세,상해없음,보행자,여,72세,경상
2022021400100456,2022년 2월 14일 21시,월요일,경기도 수원시 팔달구 화서동,중상사고,0,1,0,0,차대차 - 기타,안전운전불이행,건조,맑음,단일로 - 지하차도(도로)내,승용,남,48세,상해없음,승용,남,39세,중상
2022021400100496,2022년 2월 14일 23시,월요일,경기도 수원시 권선구 금곡동,경상사고,0,0,1,1,차대차 - 측면충돌,신호위반,건조,맑음,교차로 - 교차로안,이륜,남,38세,부상신고,승용,남,28세,경상
2022021500100046,2022년 2월 15일 08시,화요일,경기도 수원시 장안구 파장동,경상사고,0,0,1,0,차대차 - 기타,안전운전불이행,건조,맑음,단일로 - 기타,승용,남,49세,상해없음,승용,여,54세,경상
2022021500100072,2022년 2월 15일 09시,화요일,경기도 수원시 장안구 이목동,경상사고,0,0,1,0,차대차 - 기타,신호위반,건조,맑음,단일로 - 기타,화물,남,42세,상해없음,승용,남,52세,상해없음
2022021500100110,2022년 2월 15일 11시,화요일,경기도 수원시 장안구 조원동,중상사고,0,1,0,0,차대사람 - 길가장자리구역통행중,안전운전불이행,건조,맑음,교차로 - 교차로안,승용,남,58세,상해없음,보행자,남,85세,중상
2022021500100169,2022년 2월 15일 13시,화요일,경기도 수원시 장안구 조원동,경상사고,0,0,1,0,차대차 - 기타,안전운전불이행,건조,맑음,교차로 - 교차로부근,승용,남,51세,상해없음,승용,남,54세,경상
2022021500100196,2022년 2월 15일 14시,화요일,경기도 수원시 영통구 매탄동,경상사고,0,0,1,0,차대차 - 측면충돌,안전운전불이행,건조,맑음,단일로 - 기타,승용,남,28세,상해없음,화물,남,69세,경상
2022021500100250,2022년 2월 15일 16시,화요일,경기도 수원시 장안구 파장동,경상사고,0,0,1,0,차대사람 - 기타,안전운전불이행,건조,맑음,단일로 - 기타,승용,남,70세,상해없음,보행자,여,59세,경상
2022021500100255,2022년 2월 15일 16시,화요일,경기도 수원시 권선구 서둔동,경상사고,0,0,1,0,차대차 - 기타,안전운전불이행,건조,맑음,교차로 - 교차로안,승용,여,27세,상해없음,승용,남,38세,경상
2022021500100284,2022년 2월 15일 17시,화요일,경기도 수원시 권선구 서둔동,중상사고,0,1,0,0,차대사람 - 횡단중,신호위반,건조,흐림,단일로 - 기타,승용,남,57세,상해없음,보행자,남,25세,중상
2022021500100385,2022년 2월 15일 20시,화요일,경기도 수원시 팔달구 신풍동,경상사고,0,0,1,0,차대차 - 기타,교차로운행방법위반,건조,맑음,교차로 - 교차로안,승용,남,71세,상해없음,이륜,남,51세,경상
2022021500100389,2022년 2월 15일 20시,화요일,경기도 수원시 팔달구 매산로2가,경상사고,0,0,1,0,차대사람 - 횡단중,안전운전불이행,건조,맑음,교차로 - 교차로안,승용,남,25세,상해없음,보행자,남,35세,경상
2022021500100390,2022년 2월 15일 20시,화요일,경기도 수원시 권선구 호매실동,경상사고,0,0,1,0,차대차 - 기타,신호위반,건조,맑음,교차로 - 교차로부근,자전거,여,27세,경상,승용,남,32세,상해없음
2022021500100437,2022년 2월 15일 22시,화요일,경기도 수원시 장안구 파장동,경상사고,0,0,3,0,차대차 - 기타,안전운전불이행,건조,맑음,교차로 - 교차로부근,승용,남,36세,상해없음,승용,남,54세,경상
2022021600100016,2022년 2월 16일 06시,수요일,경기도 수원시 장안구 연무동,경상사고,0,0,1,0,차대차 - 측면충돌,교차로운행방법위반,건조,맑음,교차로 - 교차로안,이륜,남,76세,상해없음,승용,남,60세,경상
2022021600100059,2022년 2월 16일 08시,수요일,경기도 수원시 권선구 서둔동,경상사고,0,0,2,0,차대차 - 기타,중앙선침범,건조,맑음,단일로 - 기타,승용,여,49세,상해없음,승용,여,58세,경상
2022021600100165,2022년 2월 16일 13시,수요일,경기도 수원시 팔달구 화서동,중상사고,0,1,1,0,차대사람 - 횡단중,신호위반,건조,맑음,교차로 - 교차로횡단보도내,승용,남,47세,상해없음,보행자,남,67세,경상
2022021600100166,2022년 2월 16일 13시,수요일,경기도 수원시 팔달구 화서동,경상사고,0,0,1,0,차대차 - 기타,안전운전불이행,건조,맑음,교차로 - 교차로부근,화물,남,27세,상해없음,승용,남,39세,경상
2022021600100170,2022년 2월 16일 13시,수요일,경기도 수원시 권선구 서둔동,경상사고,0,0,1,0,차대차 - 기타,안전운전불이행,건조,맑음,단일로 - 기타,승용,여,50세,상해없음,승용,남,35세,경상
2022021600100191,2022년 2월 16일 14시,수요일,경기도 수원시 권선구 세류동,경상사고,0,0,1,0,차대사람 - 기타,안전운전불이행,건조,맑음,단일로 - 기타,승용,여,40세,상해없음,보행자,여,71세,경상
2022021600100192,2022년 2월 16일 14시,수요일,경기도 수원시 권선구 구운동,부상신고사고,0,0,0,2,차대차 - 추돌,안전운전불이행,건조,맑음,단일로 - 기타,승용,여,22세,부상신고,화물,남,47세,기타불명
2022021600100219,2022년 2월 16일 15시,수요일,경기도 수원시 팔달구 인계동,경상사고,0,0,1,0,차대차 - 측면충돌,안전운전불이행,건조,맑음,단일로 - 기타,자전거,여,62세,경상,화물,남,40세,상해없음
2022021600100278,2022년 2월 16일 17시,수요일,경기도 수원시 영통구 영통동,경상사고,0,0,1,0,차대사람 - 보도통행중,안전운전불이행,건조,맑음,단일로 - 기타,승용,남,25세,상해없음,보행자,남,20세,경상
2022021600100309,2022년 2월 16일 18시,수요일,경기도 수원시 팔달구 인계동,경상사고,0,0,1,0,차대사람 - 차도통행중,안전운전불이행,건조,맑음,교차로 - 교차로안,승용,남,52세,상해없음,보행자,여,64세,경상
2022021600100390,2022년 2월 16일 20시,수요일,경기도 수원시 권선구 세류동,중상사고,0,2,3,0,차대차 - 측면충돌,차로위반,건조,맑음,단일로 - 기타,승용,남,56세,중상,승합,남,65세,상해없음
2022021700100005,2022년 2월 17일 00시,목요일,경기도 수원시 팔달구 인계동,경상사고,0,0,1,0,차대사람 - 횡단중,신호위반,건조,맑음,단일로 - 기타,승용,남,41세,상해없음,보행자,남,43세,경상
2022021700100058,2022년 2월 17일 08시,목요일,경기도 수원시 장안구 하광교동,중상사고,0,1,0,0,차대차 - 추돌,기타,건조,맑음,교차로 - 교차로안,승용,남,57세,상해없음,승용,남,43세,중상
2022021700100063,2022년 2월 17일 08시,목요일,경기도 수원시 영통구 이의동,경상사고,0,0,1,0,차대차 - 기타,신호위반,건조,맑음,단일로 - 터널,화물,남,37세,상해없음,승용,여,37세,경상
2022021700100227,2022년 2월 17일 14시,목요일,경기도 수원시 팔달구 매산로1가,경상사고,0,0,1,0,차대사람 - 횡단중,보행자보호의무위반,건조,맑음,단일로 - 기타,승합,남,62세,상해없음,보행자,남,65세,경상
2022021700100284,2022년 2월 17일 16시,목요일,경기도 수원시 권선구 탑동,중상사고,0,1,0,0,차대사람 - 횡단중,안전운전불이행,건조,맑음,교차로 - 교차로안,승용,남,50세,상해없음,보행자,여,77세,중상
2022021700100314,2022년 2월 17일 17시,목요일,경기도 수원시 권선구 고색동,부상신고사고,0,0,0,1,차대차 - 기타,안전운전불이행,건조,맑음,단일로 - 기타,승용,여,55세,상해없음,승합,남,31세,부상신고
2022021700100339,2022년 2월 17일 18시,목요일,경기도 수원시 팔달구 우만동,경상사고,0,0,1,0,차대사람 - 기타,안전운전불이행,건조,맑음,단일로 - 기타,승용,여,39세,상해없음,보행자,남,27세,경상
2022021700100346,2022년 2월 17일 18시,목요일,경기도 수원시 권선구 탑동,중상사고,0,1,0,0,차대차 - 기타,안전운전불이행,건조,맑음,교차로 - 교차로안,승용,남,50세,상해없음,이륜,남,39세,중상
2022021700100370,2022년 2월 17일 19시,목요일,경기도 수원시 장안구 정자동,중상사고,0,1,0,0,차대차 - 기타,차로위반,건조,맑음,단일로 - 기타,승용,남,52세,상해없음,이륜,남,50세,중상
2022021700100373,2022년 2월 17일 19시,목요일,경기도 수원시 영통구 매탄동,경상사고,0,0,1,0,차대차 - 측면충돌,차로위반,건조,맑음,교차로 - 교차로안,승용,여,55세,상해없음,승용,여,40세,경상
2022021700100407,2022년 2월 17일 20시,목요일,경기도 수원시 권선구 권선동,경상사고,0,0,2,0,차대차 - 측면충돌,신호위반,건조,맑음,교차로 - 교차로안,승용,남,28세,상해없음,이륜,남,51세,경상
2022021700100433,2022년 2월 17일 21시,목요일,경기도 수원시 영통구 원천동,중상사고,0,1,0,0,차대사람 - 기타,안전운전불이행,건조,맑음,단일로 - 기타,승용,남,34세,상해없음,보행자,여,60세,중상
2022021700100434,2022년 2월 17일 21시,목요일,경기도 수원시 권선구 오목천동,경상사고,0,0,1,0,차대차 - 추돌,안전운전불이행,건조,맑음,단일로 - 기타,승용,남,43세,상해없음,승용,여,30세,경상
2022021800100016,2022년 2월 18일 02시,금요일,경기도 수원시 영통구 매탄동,중상사고,0,1,0,0,차량단독 - 공작물충돌,안전운전불이행,건조,맑음,단일로 - 기타,이륜,남,24세,중상,,,,
2022021800100039,2022년 2월 18일 06시,금요일,경기도 수원시 팔달구 인계동,경상사고,0,0,1,0,차대차 - 측면충돌,차로위반,건조,맑음,교차로 - 교차로부근,승용,남,48세,상해없음,승용,남,24세,경상
2022021800100133,2022년 2월 18일 10시,금요일,경기도 수원시 팔달구 매산로2가,중상사고,0,1,0,0,차대차 - 정면충돌,신호위반,건조,맑음,교차로 - 교차로부근,승용,남,25세,상해없음,원동기,남,38세,중상
2022021800100221,2022년 2월 18일 13시,금요일,경기도 수원시 권선구 고색동,경상사고,0,0,1,0,차대차 - 측면충돌,신호위반,건조,맑음,교차로 - 교차로안,화물,남,42세,상해없음,승용,남,23세,경상
2022021800100276,2022년 2월 18일 15시,금요일,경기도 수원시 권선구 고색동,경상사고,0,0,1,0,차대사람 - 기타,안전운전불이행,건조,맑음,교차로 - 교차로부근,승합,남,56세,상해없음,보행자,여,64세,경상
2022021800100408,2022년 2월 18일 19시,금요일,경기도 수원시 장안구 영화동,중상사고,0,1,0,0,차대차 - 기타,안전운전불이행,건조,맑음,교차로 - 교차로안,승용,남,34세,상해없음,이륜,남,38세,중상
2022021800100439,2022년 2월 18일 20시,금요일,경기도 수원시 팔달구 화서동,중상사고,0,2,4,0,차대차 - 기타,안전운전불이행,건조,맑음,교차로 - 교차로안,승용,남,69세,중상,승용,남,30세,경상
2022021800100443,2022년 2월 18일 20시,금요일,경기도 수원시 영통구 매탄동,경상사고,0,0,1,0,차대차 - 후진중충돌,안전운전불이행,건조,맑음,단일로 - 지하차도(도로)내,승용,남,50세,상해없음,승용,남,31세,경상
2022021900100084,2022년 2월 19일 10시,토요일,경기도 수원시 권선구 평동,경상사고,0,0,1,0,차대차 - 추돌,안전운전불이행,건조,맑음,교차로 - 교차로부근,승용,여,27세,상해없음,승용,여,47세,경상
2022021900100128,2022년 2월 19일 12시,토요일,경기도 수원시 장안구 정자동,경상사고,0,0,2,3,차대차 - 기타,안전운전불이행,건조,맑음,단일로 - 기타,승용,남,22세,상해없음,승합,남,55세,상해없음
2022021900100134,2022년 2월 19일 12시,토요일,경기도 수원시 영통구 이의동,중상사고,0,1,0,0,차대차 - 측면충돌,신호위반,건조,맑음,교차로 - 교차로안,승용,남,59세,상해없음,이륜,남,35세,중상
2022021900100136,2022년 2월 19일 12시,토요일,경기도 수원시 권선구 구운동,부상신고사고,0,0,0,1,차대차 - 기타,안전운전불이행,건조,맑음,교차로 - 교차로안,이륜,남,43세,부상신고,화물,남,42세,상해없음
2022021900100137,2022년 2월 19일 12시,토요일,경기도 수원시 팔달구 매산로1가,경상사고,0,0,2,0,차대차 - 측면충돌,안전거리미확보,건조,맑음,단일로 - 기타,승용,남,19세,상해없음,승용,남,67세,상해없음
2022021900100185,2022년 2월 19일 14시,토요일,경기도 수원시 권선구 권선동,중상사고,0,1,0,0,차대차 - 측면충돌,안전운전불이행,건조,맑음,단일로 - 기타,사륜오토바이(ATV),남,24세,상해없음,자전거,여,61세,중상
2022021900100189,2022년 2월 19일 14시,토요일,경기도 수원시 권선구 고색동,경상사고,0,0,1,0,차대차 - 기타,안전운전불이행,건조,맑음,단일로 - 기타,화물,남,54세,상해없음,승용,여,53세,경상
2022021900100246,2022년 2월 19일 16시,토요일,경기도 수원시 권선구 오목천동,경상사고,0,0,1,0,차량단독 - 기타,기타,건조,맑음,교차로 - 교차로부근,승합,남,56세,상해없음,,,,
2022021900100303,2022년 2월 19일 18시,토요일,경기도 수원시 장안구 영화동,경상사고,0,0,1,0,차대차 - 기타,안전운전불이행,건조,맑음,교차로 - 교차로안,승합,남,46세,상해없음,이륜,남,20세,경상
2022021900100338,2022년 2월 19일 19시,토요일,경기도 수원시 장안구 정자동,경상사고,0,0,2,0,차대차 - 추돌,안전운전불이행,건조,맑음,교차로 - 교차로안,승용,남,24세,상해없음,승용,여,26세,경상
2022021900100423,2022년 2월 19일 22시,토요일,경기도 수원시 영통구 영통동,경상사고,0,0,3,0,차대차 - 추돌,안전운전불이행,건조,맑음,교차로 - 교차로안,승용,여,26세,상해없음,승용,남,23세,경상
2022022000100004,2022년 2월 20일 00시,일요일,경기도 수원시 장안구 율전동,중상사고,0,1,0,0,차대차 - 추돌,안전운전불이행,건조,맑음,단일로 - 기타,이륜,남,17세,상해없음,기타불명,남,69세,중상
2022022000100091,2022년 2월 20일 12시,일요일,경기도 수원시 장안구 천천동,경상사고,0,0,1,0,차대차 - 기타,안전운전불이행,건조,맑음,교차로 - 교차로부근,승용,남,52세,상해없음,이륜,남,31세,경상
2022022000100121,2022년 2월 20일 13시,일요일,경기도 수원시 영통구 영통동,중상사고,0,1,0,0,차대차 - 추돌,안전운전불이행,건조,맑음,단일로 - 기타,이륜,남,38세,중상,화물,남,45세,상해없음
2022022000100150,2022년 2월 20일 14시,일요일,경기도 수원시 권선구 권선동,경상사고,0,0,1,0,차대차 - 측면충돌,안전운전불이행,건조,맑음,단일로 - 기타,승용,남,66세,상해없음,이륜,남,48세,경상
2022022000100239,2022년 2월 20일 18시,일요일,경기도 수원시 장안구 조원동,경상사고,0,0,1,0,차대차 - 정면충돌,직진우회전진행방해,건조,맑음,교차로 - 교차로안,승용,남,40세,상해없음,이륜,남,42세,경상
2022022000100269,2022년 2월 20일 19시,일요일,경기도 수원시 권선구 서둔동,경상사고,0,0,1,0,차대차 - 정면충돌,신호위반,건조,맑음,교차로 - 교차로안,승용,여,45세,기타불명,이륜,남,56세,경상
2022022000100350,2022년 2월 20일 23시,일요일,경기도 수원시 팔달구 인계동,경상사고,0,0,1,0,차대차 - 측면충돌,안전운전불이행,건조,맑음,교차로 - 교차로부근,승용,남,39세,상해없음,승용,남,32세,경상