사고번호,사고일시,요일,시군구,사고내용,사망자수,중상자수,경상자수,부상신고자수,사고유형,법규위반,노면상태,기상상태,도로형태,가해운전자 차종,가해운전자 성별,가해운전자 연령,가해운전자 상해정도,피해운전자 차종,피해운전자 성별,피해운전자 연령,피해운전자 상해정도
2022022100100102,2022년 2월 21일 09시,월요일,경기도 수원시 영통구 이의동,경상사고,0,0,2,0,차대차 - 추돌,안전운전불이행,건조,맑음,단일로 - 기타,승용,남,73세,상해없음,승용,여,59세,경상
2022022100100152,2022년 2월 21일 11시,월요일,경기도 수원시 장안구 율전동,중상사고,0,1,0,0,차대차 - 측면충돌,안전운전불이행,건조,맑음,단일로 - 기타,화물,남,55세,상해없음,승용,여,49세,중상
2022022100100216,2022년 2월 21일 13시,월요일,경기도 수원시 팔달구 화서동,경상사고,0,0,1,0,차대차 - 정면충돌,신호위반,건조,맑음,교차로 - 교차로부근,승용,남,57세,상해없음,이륜,남,45세,경상
2022022100100252,2022년 2월 21일 14시,월요일,경기도 수원시 장안구 정자동,중상사고,0,1,0,0,차대사람 - 길가장자리구역통행중,안전운전불이행,건조,맑음,단일로 - 기타,승용,여,60세,상해없음,보행자,여,53세,중상
2022022100100255,2022년 2월 21일 14시,월요일,경기도 수원시 권선구 오목천동,경상사고,0,0,1,0,차대차 - 기타,안전거리미확보,건조,맑음,단일로 - 기타,승용,남,34세,상해없음,승합,남,66세,상해없음
2022022100100256,2022년 2월 21일 14시,월요일,경기도 수원시 팔달구 매산로2가,경상사고,0,0,2,0,차대차 - 기타,안전운전불이행,건조,맑음,기타 - 기타,승용,남,52세,상해없음,승용,여,26세,경상
2022022100100329,2022년 2월 21일 16시,월요일,경기도 수원시 영통구 망포동,경상사고,0,0,1,0,차대차 - 측면충돌,안전거리미확보,건조,맑음,교차로 - 교차로부근,승용,남,31세,상해없음,화물,남,53세,경상
2022022100100330,2022년 2월 21일 16시,월요일,경기도 수원시 권선구 평동,경상사고,0,0,1,0,차대차 - 측면충돌,안전거리미확보,건조,맑음,단일로 - 기타,승용,남,39세,상해없음,승용,남,45세,경상
2022022100100357,2022년 2월 21일 17시,월요일,경기도 수원시 영통구 매탄동,경상사고,0,0,2,0,차대차 - 추돌,안전거리미확보,건조,맑음,교차로 - 교차로부근,승용,남,64세,상해없음,승용,남,35세,경상
2022022100100358,2022년 2월 21일 17시,월요일,경기도 수원시 영통구 영통동,경상사고,0,0,1,0,차대차 - 기타,안전운전불이행,건조,맑음,단일로 - 기타,화물,남,61세,상해없음,승합,남,60세,상해없음
2022022100100428,2022년 2월 21일 19시,월요일,경기도 수원시 장안구 천천동,경상사고,0,0,2,0,차대차 - 추돌,안전운전불이행,건조,맑음,단일로 - 기타,승용,남,30세,상해없음,승용,여,44세,경상
2022022100100465,2022년 2월 21일 20시,월요일,경기도 수원시 팔달구 화서동,중상사고,0,1,0,0,차대차 - 추돌,안전운전불이행,건조,맑음,단일로 - 기타,승용,남,45세,상해없음,이륜,남,46세,중상
2022022100100516,2022년 2월 21일 22시,월요일,경기도 수원시 팔달구 인계동,경상사고,0,0,1,0,차대차 - 후진중충돌,안전운전불이행,건조,맑음,단일로 - 기타,승용,남,18세,상해없음,이륜,남,30세,경상
2022022200100011,2022년 2월 22일 04시,화요일,경기도 수원시 장안구 조원동,중상사고,0,1,0,0,차대차 - 기타,신호위반,건조,맑음,교차로 - 교차로안,자전거,남,84세,중상,승용,여,34세,상해없음
2022022200100045,2022년 2월 22일 07시,화요일,경기도 수원시 권선구 권선동,경상사고,0,0,2,0,차대차 - 측면충돌,안전거리미확보,건조,맑음,단일로 - 기타,승용,남,39세,상해없음,승합,남,75세,경상
2022022200100068,2022년 2월 22일 08시,화요일,경기도 수원시 권선구 곡반정동,경상사고,0,0,1,0,차대차 - 측면충돌,안전운전불이행,건조,맑음,단일로 - 기타,화물,남,62세,상해없음,승용,남,46세,경상
2022022200100108,2022년 2월 22일 10시,화요일,경기도 수원시 장안구 연무동,중상사고,0,1,0,0,차대사람 - 기타,기타,건조,맑음,단일로 - 기타,승합,남,61세,상해없음,보행자,여,65세,중상
2022022200100136,2022년 2월 22일 11시,화요일,경기도 수원시 팔달구 팔달로3가,중상사고,0,1,0,0,차량단독 - 기타,안전운전불이행,건조,맑음,교차로 - 교차로안,승합,남,60세,상해없음,,,,
2022022200100139,2022년 2월 22일 11시,화요일,경기도 수원시 영통구 원천동,경상사고,0,0,1,0,차대차 - 추돌,안전운전불이행,건조,맑음,교차로 - 교차로부근,승용,남,69세,상해없음,승용,남,25세,경상
2022022200100169,2022년 2월 22일 12시,화요일,경기도 수원시 장안구 정자동,중상사고,0,1,0,0,차대차 - 기타,신호위반,건조,맑음,교차로 - 교차로안,승용,남,51세,상해없음,이륜,남,69세,중상
2022022200100242,2022년 2월 22일 14시,화요일,경기도 수원시 권선구 구운동,중상사고,0,1,0,0,차대차 - 측면충돌,안전거리미확보,건조,맑음,단일로 - 기타,이륜,남,42세,중상,승용,남,48세,상해없음
2022022200100288,2022년 2월 22일 16시,화요일,경기도 수원시 장안구 영화동,경상사고,0,0,1,0,차대차 - 기타,신호위반,건조,맑음,교차로 - 교차로안,승용,여,51세,상해없음,화물,남,66세,경상
2022022200100289,2022년 2월 22일 16시,화요일,경기도 수원시 영통구 망포동,경상사고,0,0,1,0,차대차 - 측면충돌,안전운전불이행,건조,맑음,단일로 - 기타,승용,남,76세,상해없음,이륜,남,29세,경상
2022022200100291,2022년 2월 22일 16시,화요일,경기도 수원시 권선구 금곡동,경상사고,0,0,1,0,차대차 - 측면충돌,안전운전불이행,건조,맑음,단일로 - 기타,승용,남,62세,상해없음,승용,남,27세,경상
2022022200100328,2022년 2월 22일 17시,화요일,경기도 수원시 권선구 구운동,경상사고,0,0,1,0,차대차 - 기타,교차로운행방법위반,건조,맑음,교차로 - 교차로부근,승용,남,50세,상해없음,화물,남,62세,경상
2022022200100355,2022년 2월 22일 18시,화요일,경기도 수원시 권선구 호매실동,경상사고,0,0,1,0,차대차 - 추돌,안전운전불이행,건조,맑음,단일로 - 기타,기타불명,기타불명,미분류,기타불명,승용,여,59세,경상
2022022200100399,2022년 2월 22일 19시,화요일,경기도 수원시 팔달구 인계동,경상사고,0,0,1,0,차대차 - 기타,신호위반,건조,맑음,교차로 - 교차로안,승용,남,65세,상해없음,이륜,남,37세,경상
2022022200100430,2022년 2월 22일 20시,화요일,경기도 수원시 영통구 매탄동,경상사고,0,0,2,0,차대사람 - 기타,안전운전불이행,건조,맑음,교차로 - 교차로부근,승용,남,43세,기타불명,보행자,남,38세,경상
2022022200100497,2022년 2월 22일 23시,화요일,경기도 수원시 팔달구 고등동,경상사고,0,0,2,0,차대차 - 후진중충돌,안전운전불이행,건조,맑음,교차로 - 교차로안,승용,남,38세,상해없음,승용,남,26세,경상
2022022300100034,2022년 2월 23일 07시,수요일,경기도 수원시 영통구 원천동,경상사고,0,0,1,0,차대차 - 측면충돌,안전운전불이행,건조,맑음,교차로 - 교차로안,승용,남,27세,상해없음,승용,여,41세,경상
2022022300100053,2022년 2월 23일 08시,수요일,경기도 수원시 권선구 오목천동,경상사고,0,0,1,1,차대차 - 측면충돌,안전운전불이행,건조,맑음,단일로 - 기타,승용,여,50세,부상신고,승용,여,52세,경상
2022022300100070,2022년 2월 23일 09시,수요일,경기도 수원시 팔달구 매산로1가,경상사고,0,0,1,0,차대차 - 측면충돌,안전거리미확보,건조,맑음,단일로 - 기타,승용,남,68세,상해없음,승용,여,21세,경상
2022022300100088,2022년 2월 23일 10시,수요일,경기도 수원시 팔달구 구천동,경상사고,0,0,1,0,차대차 - 기타,안전운전불이행,건조,맑음,단일로 - 기타,승용,남,21세,경상,승합,남,28세,상해없음
2022022300100120,2022년 2월 23일 11시,수요일,경기도 수원시 권선구 곡반정동,경상사고,0,0,2,0,차대차 - 측면충돌,안전운전불이행,건조,맑음,교차로 - 교차로부근,승용,여,52세,상해없음,승용,여,57세,경상
2022022300100183,2022년 2월 23일 13시,수요일,경기도 수원시 권선구 권선동,중상사고,0,1,0,0,차대차 - 측면충돌,신호위반,건조,맑음,교차로 - 교차로안,승용,남,80세,상해없음,이륜,남,40세,중상
2022022300100207,2022년 2월 23일 14시,수요일,경기도 수원시 권선구 탑동,경상사고,0,0,1,0,차대차 - 측면충돌,안전운전불이행,건조,맑음,단일로 - 기타,승용,남,28세,상해없음,승용,남,44세,경상
2022022300100239,2022년 2월 23일 15시,수요일,경기도 수원시 장안구 영화동,경상사고,0,0,2,0,차량단독 - 공작물충돌,안전운전불이행,건조,맑음,교차로 - 교차로부근,승용,남,62세,경상,,,,
2022022300100263,2022년 2월 23일 16시,수요일,경기도 수원시 팔달구 우만동,중상사고,0,1,0,0,차대사람 - 길가장자리구역통행중,안전운전불이행,건조,맑음,단일로 - 기타,승용,남,70세,상해없음,보행자,남,51세,중상
2022022300100298,2022년 2월 23일 17시,수요일,경기도 수원시 장안구 영화동,중상사고,0,1,0,0,차대사람 - 기타,안전운전불이행,건조,맑음,교차로 - 교차로안,승용,남,42세,상해없음,보행자,남,32세,중상
2022022300100409,2022년 2월 23일 20시,수요일,경기도 수원시 권선구 서둔동,경상사고,0,0,1,0,차대차 - 기타,안전운전불이행,건조,맑음,기타 - 기타,승용,여,54세,상해없음,승용,남,28세,경상
2022022400100024,2022년 2월 24일 06시,목요일,경기도 수원시 장안구 정자동,중상사고,0,1,0,0,차대사람 - 기타,보행자보호의무위반,건조,맑음,단일로 - 기타,화물,남,59세,상해없음,보행자,여,79세,중상
2022022400100031,2022년 2월 24일 06시,목요일,경기도 수원시 영통구 이의동,경상사고,0,0,2,0,차대차 - 측면충돌,신호위반,건조,맑음,교차로 - 교차로안,승용,남,73세,경상,승용,남,66세,경상
2022022400100075,2022년 2월 24일 08시,목요일,경기도 수원시 권선구 세류동,경상사고,0,0,1,2,차대차 - 측면충돌,안전거리미확보,건조,맑음,교차로 - 교차로부근,승용,남,62세,부상신고,승용,여,43세,경상
2022022400100110,2022년 2월 24일 09시,목요일,경기도 수원시 영통구 이의동,경상사고,0,0,1,0,차대차 - 추돌,안전운전불이행,건조,맑음,단일로 - 기타,승용,여,38세,상해없음,승용,여,23세,경상
2022022400100133,2022년 2월 24일 10시,목요일,경기도 수원시 권선구 고색동,경상사고,0,0,2,0,차대차 - 추돌,안전운전불이행,건조,맑음,교차로 - 교차로부근,승용,남,58세,상해없음,승용,남,36세,경상
2022022400100189,2022년 2월 24일 12시,목요일,경기도 수원시 영통구 원천동,경상사고,0,0,1,0,차대차 - 측면충돌,차로위반,건조,맑음,단일로 - 기타,승용,여,26세,상해없음,승용,남,48세,경상
2022022400100237,2022년 2월 24일 14시,목요일,경기도 수원시 팔달구 우만동,경상사고,0,0,2,0,차대차 - 기타,안전운전불이행,건조,맑음,단일로 - 기타,승용,남,68세,상해없음,승용,남,21세,경상
2022022400100313,2022년 2월 24일 16시,목요일,경기도 수원시 팔달구 매산로3가,경상사고,0,0,1,0,차대차 - 측면충돌,안전거리미확보,건조,맑음,교차로 - 교차로부근,화물,남,48세,상해없음,승용,여,55세,경상
2022022400100354,2022년 2월 24일 17시,목요일,경기도 수원시 권선구 서둔동,경상사고,0,0,2,0,차대차 - 측면충돌,교차로운행방법위반,건조,맑음,교차로 - 교차로안,화물,남,39세,상해없음,승용,여,50세,경상
2022022400100386,2022년 2월 24일 18시,목요일,경기도 수원시 장안구 정자동,경상사고,0,0,2,0,차대차 - 정면충돌,신호위반,건조,맑음,교차로 - 교차로안,승용,남,69세,경상,승합,남,71세,상해없음
2022022400100387,2022년 2월 24일 18시,목요일,경기도 수원시 장안구 율전동,경상사고,0,0,1,0,차대차 - 추돌,안전운전불이행,젖음/습기,흐림,단일로 - 기타,승용,남,51세,상해없음,이륜,남,31세,경상
2022022400100425,2022년 2월 24일 19시,목요일,경기도 수원시 팔달구 화서동,경상사고,0,0,3,0,차대차 - 기타,교차로운행방법위반,건조,맑음,교차로 - 교차로안,승용,여,54세,상해없음,승용,남,57세,경상
2022022400100483,2022년 2월 24일 21시,목요일,경기도 수원시 팔달구 인계동,경상사고,0,0,1,0,차대차 - 기타,중앙선침범,건조,맑음,교차로 - 교차로부근,승용,남,60세,상해없음,이륜,남,36세,경상
2022022400100484,2022년 2월 24일 21시,목요일,경기도 수원시 권선구 서둔동,경상사고,0,0,3,0,차대차 - 기타,안전운전불이행,건조,맑음,기타 - 기타,승용,남,29세,상해없음,승용,남,46세,경상
2022022400100515,2022년 2월 24일 22시,목요일,경기도 수원시 권선구 평동,경상사고,0,0,3,0,차대차 - 기타,신호위반,건조,맑음,교차로 - 교차로안,승용,남,25세,상해없음,승용,남,56세,경상
2022022400100534,2022년 2월 24일 23시,목요일,경기도 수원시 권선구 구운동,경상사고,0,0,1,0,차대사람 - 기타,신호위반,건조,맑음,교차로 - 교차로부근,기타불명,기타불명,미분류,기타불명,보행자,여,26세,경상
2022022500100009,2022년 2월 25일 01시,금요일,경기도 수원시 장안구 파장동,경상사고,0,0,1,0,차대차 - 추돌,안전운전불이행,건조,맑음,교차로 - 교차로부근,승용,남,26세,상해없음,승합,남,56세,상해없음
2022022500100027,2022년 2월 25일 06시,금요일,경기도 수원시 팔달구 우만동,경상사고,0,0,1,0,차대차 - 추돌,안전운전불이행,건조,맑음,단일로 - 기타,승합,남,59세,상해없음,승용,남,24세,경상
2022022500100028,2022년 2월 25일 06시,금요일,경기도 수원시 권선구 고색동,중상사고,0,1,0,0,차대차 - 추돌,안전운전불이행,건조,맑음,단일로 - 고가도로위,승용,남,77세,중상,건설기계,남,57세,상해없음
2022022500100046,2022년 2월 25일 07시,금요일,경기도 수원시 권선구 오목천동,경상사고,0,0,2,0,차대차 - 측면충돌,신호위반,건조,맑음,교차로 - 교차로안,승용,남,66세,상해없음,화물,남,48세,경상
2022022500100075,2022년 2월 25일 08시,금요일,경기도 수원시 영통구 이의동,경상사고,0,0,2,0,차대차 - 정면충돌,안전운전불이행,건조,맑음,교차로 - 교차로부근,승용,여,30세,상해없음,승용,남,59세,경상
2022022500100076,2022년 2월 25일 08시,금요일,경기도 수원시 권선구 권선동,경상사고,0,0,1,0,차대차 - 측면충돌,안전거리미확보,건조,맑음,단일로 - 기타,화물,남,58세,상해없음,승용,여,36세,경상
2022022500100077,2022년 2월 25일 08시,금요일,경기도 수원시 권선구 당수동,경상사고,0,0,1,0,차대차 - 추돌,안전거리미확보,건조,맑음,단일로 - 기타,승용,남,22세,상해없음,승합,남,39세,상해없음
2022022500100200,2022년 2월 25일 12시,금요일,경기도 수원시 장안구 영화동,경상사고,0,0,1,0,차대차 - 측면충돌,안전운전불이행,건조,맑음,교차로 - 교차로부근,승용,여,41세,상해없음,자전거,남,36세,경상
2022022500100204,2022년 2월 25일 12시,금요일,경기도 수원시 영통구 영통동,부상신고사고,0,0,0,1,차대차 - 추돌,교차로운행방법위반,건조,맑음,교차로 - 교차로안,승용,남,65세,상해없음,이륜,남,23세,부상신고
2022022500100247,2022년 2월 25일 13시,금요일,경기도 수원시 권선구 호매실동,경상사고,0,0,1,0,차대차 - 기타,안전거리미확보,건조,맑음,교차로 - 교차로부근,승용,여,28세,상해없음,승용,남,37세,경상
2022022500100277,2022년 2월 25일 14시,금요일,경기도 수원시 팔달구 팔달로2가,경상사고,0,0,1,0,차대사람 - 길가장자리구역통행중,안전운전불이행,건조,맑음,단일로 - 기타,승용,여,34세,상해없음,보행자,남,46세,경상
2022022500100278,2022년 2월 25일 14시,금요일,경기도 수원시 팔달구 지동,중상사고,0,1,0,0,차대차 - 기타,안전운전불이행,건조,맑음,교차로 - 교차로안,승합,남,32세,상해없음,승용,남,76세,중상
2022022500100415,2022년 2월 25일 18시,금요일,경기도 수원시 장안구 천천동,경상사고,0,0,1,0,차대차 - 기타,신호위반,건조,맑음,교차로 - 교차로안,이륜,남,69세,경상,승용,남,61세,상해없음
2022022500100419,2022년 2월 25일 18시,금요일,경기도 수원시 팔달구 인계동,경상사고,0,0,1,0,차대사람 - 차도통행중,안전운전불이행,건조,맑음,주차장 - 주차장,승용,남,50세,상해없음,보행자,남,42세,경상
2022022500100491,2022년 2월 25일 20시,금요일,경기도 수원시 권선구 세류동,경상사고,0,0,1,0,차대차 - 추돌,안전운전불이행,건조,맑음,교차로 - 교차로부근,승용,남,59세,상해없음,승용,남,27세,경상
2022022500100546,2022년 2월 25일 22시,금요일,경기도 수원시 권선구 오목천동,경상사고,0,0,2,0,차대차 - 추돌,안전운전불이행,건조,맑음,교차로 - 교차로안,승용,남,55세,상해없음,승용,남,22세,경상
2022022500100579,2022년 2월 25일 23시,금요일,경기도 수원시 팔달구 화서동,경상사고,0,0,1,0,차대차 - 추돌,안전운전불이행,건조,흐림,단일로 - 기타,승용,남,27세,상해없음,승용,남,46세,경상
2022022500100580,2022년 2월 25일 23시,금요일,경기도 수원시 장안구 천천동,중상사고,0,1,0,0,차대사람 - 횡단중,안전운전불이행,건조,흐림,단일로 - 기타,이륜,남,19세,상해없음,보행자,남,39세,중상
2022022600100006,2022년 2월 26일 00시,토요일,경기도 수원시 영통구 매탄동,경상사고,0,0,1,0,차대차 - 후진중충돌,안전운전불이행,건조,맑음,교차로 - 교차로안,승용,남,39세,상해없음,이륜,남,39세,경상
2022022600100099,2022년 2월 26일 10시,토요일,경기도 수원시 영통구 하동,경상사고,0,0,1,0,차대차 - 측면충돌,안전운전불이행,건조,맑음,기타 - 기타,승용,남,57세,상해없음,승용,남,36세,경상
2022022600100100,2022년 2월 26일 10시,토요일,경기도 수원시 영통구 원천동,경상사고,0,0,1,0,차대차 - 측면충돌,안전거리미확보,건조,맑음,단일로 - 기타,승용,여,58세,상해없음,승용,여,34세,경상
2022022600100103,2022년 2월 26일 10시,토요일,경기도 수원시 팔달구 매교동,사망사고,1,0,0,0,차대차 - 측면충돌,안전운전불이행,건조,맑음,교차로 - 교차로횡단보도내,자전거,남,81세,사망,화물,남,69세,상해없음
2022022600100126,2022년 2월 26일 11시,토요일,경기도 수원시 장안구 조원동,경상사고,0,0,4,1,차대차 - 기타,안전운전불이행,건조,맑음,단일로 - 기타,승용,남,24세,부상신고,승합,남,46세,경상
2022022600100189,2022년 2월 26일 13시,토요일,경기도 수원시 영통구 영통동,중상사고,0,1,0,0,차대차 - 정면충돌,안전운전불이행,건조,맑음,교차로 - 교차로안,승용,여,23세,상해없음,이륜,남,27세,중상
2022022600100251,2022년 2월 26일 15시,토요일,경기도 수원시 장안구 정자동,경상사고,0,0,1,0,차대사람 - 기타,안전운전불이행,건조,맑음,단일로 - 기타,승용,여,38세,기타불명,보행자,여,65세,경상
2022022600100338,2022년 2월 26일 18시,토요일,경기도 수원시 팔달구 우만동,경상사고,0,0,2,0,차대차 - 추돌,안전거리미확보,건조,맑음,단일로 - 기타,승용,남,35세,상해없음,승용,남,33세,경상
2022022600100447,2022년 2월 26일 21시,토요일,경기도 수원시 영통구 영통동,경상사고,0,0,1,0,차대사람 - 횡단중,보행자보호의무위반,건조,맑음,기타 - 기타,특수,남,28세,상해없음,보행자,여,22세,경상
2022022700100079,2022년 2월 27일 11시,일요일,경기도 수원시 팔달구 화서동,경상사고,0,0,1,0,차대차 - 기타,안전운전불이행,건조,맑음,단일로 - 기타,승용,남,79세,상해없음,승용,남,44세,상해없음
2022022700100200,2022년 2월 27일 15시,일요일,경기도 수원시 권선구 세류동,경상사고,0,0,1,0,차대차 - 추돌,안전운전불이행,건조,맑음,단일로 - 기타,승용,남,54세,상해없음,이륜,남,69세,경상
2022022700100247,2022년 2월 27일 17시,일요일,경기도 수원시 장안구 이목동,부상신고사고,0,0,0,1,차량단독 - 공작물충돌,안전운전불이행,건조,맑음,단일로 - 기타,승용,여,24세,부상신고,,,,
2022022700100250,2022년 2월 27일 17시,일요일,경기도 수원시 권선구 서둔동,부상신고사고,0,0,0,1,차대차 - 기타,안전운전불이행,건조,맑음,교차로 - 교차로안,승용,남,33세,상해없음,자전거,남,69세,부상신고
2022022700100320,2022년 2월 27일 20시,일요일,경기도 수원시 팔달구 인계동,경상사고,0,0,1,0,차대차 - 측면충돌,안전운전불이행,건조,맑음,교차로 - 교차로부근,승용,여,16세,상해없음,이륜,남,32세,경상
2022022700100380,2022년 2월 27일 23시,일요일,경기도 수원시 권선구 권선동,경상사고,0,0,1,0,차대차 - 측면충돌,안전거리미확보,건조,맑음,교차로 - 교차로부근,승용,여,48세,상해없음,승용,남,39세,경상
2022022800100030,2022년 2월 28일 06시,월요일,경기도 수원시 팔달구 인계동,경상사고,0,0,1,0,차대사람 - 횡단중,신호위반,건조,맑음,교차로 - 교차로횡단보도내,승용,남,67세,상해없음,보행자,여,67세,경상
2022022800100031,2022년 2월 28일 06시,월요일,경기도 수원시 권선구 권선동,경상사고,0,0,1,0,차대차 - 기타,안전거리미확보,건조,맑음,교차로 - 교차로횡단보도내,승용,남,61세,상해없음,승용,남,60세,상해없음
2022022800100091,2022년 2월 28일 09시,월요일,경기도 수원시 장안구 파장동,경상사고,0,0,2,0,차대차 - 기타,안전운전불이행,건조,맑음,교차로 - 교차로안,승용,여,64세,상해없음,승용,여,49세,경상
2022022800100142,2022년 2월 28일 11시,월요일,경기도 수원시 팔달구 우만동,경상사고,0,0,3,0,차대차 - 추돌,안전운전불이행,건조,맑음,단일로 - 기타,승용,남,27세,상해없음,화물,남,58세,경상
2022022800100182,2022년 2월 28일 12시,월요일,경기도 수원시 영통구 이의동,경상사고,0,0,1,0,차대사람 - 기타,안전운전불이행,건조,맑음,교차로 - 교차로부근,승용,남,62세,상해없음,보행자,남,34세,경상
2022022800100183,2022년 2월 28일 12시,월요일,경기도 수원시 권선구 권선동,경상사고,0,0,2,0,차대차 - 측면충돌,안전운전불이행,건조,맑음,단일로 - 기타,승용,남,55세,상해없음,승용,남,56세,경상
2022022800100286,2022년 2월 28일 15시,월요일,경기도 수원시 권선구 평동,경상사고,0,0,2,0,차대차 - 기타,신호위반,건조,맑음,교차로 - 교차로안,화물,남,48세,상해없음,승용,남,41세,경상
2022022800100351,2022년 2월 28일 17시,월요일,경기도 수원시 팔달구 우만동,중상사고,0,1,2,0,차대차 - 측면충돌,안전운전불이행,건조,맑음,단일로 - 고가도로위,승용,남,69세,상해없음,이륜,남,34세,중상
2022022800100356,2022년 2월 28일 17시,월요일,경기도 수원시 권선구 호매실동,경상사고,0,0,2,0,차대차 - 추돌,안전운전불이행,건조,맑음,단일로 - 기타,승용,남,48세,상해없음,승용,여,28세,경상
2022022800100393,2022년 2월 28일 18시,월요일,경기도 수원시 장안구 율전동,경상사고,0,0,1,0,차대차 - 측면충돌,신호위반,건조,맑음,교차로 - 교차로안,승용,남,60세,상해없음,이륜,남,21세,경상
2022022800100401,2022년 2월 28일 18시,월요일,경기도 수원시 팔달구 매교동,경상사고,0,0,1,0,차대차 - 측면충돌,중앙선침범,건조,맑음,교차로 - 교차로부근,승합,남,60세,상해없음,승용,남,26세,경상
2022022800100474,2022년 2월 28일 20시,월요일,경기도 수원시 팔달구 인계동,경상사고,0,0,1,0,차대사람 - 차도통행중,안전운전불이행,건조,맑음,기타 - 기타,승용,남,32세,상해없음,보행자,남,42세,경상
2022022800100516,2022년 2월 28일 22시,월요일,경기도 수원시 팔달구 북수동,부상신고사고,0,0,0,1,차대차 - 측면충돌,안전운전불이행,건조,맑음,교차로 - 교차로부근,승용,여,21세,상해없음,승용,남,24세,부상신고
2022022800100522,2022년 2월 28일 22시,월요일,경기도 수원시 팔달구 인계동,경상사고,0,0,1,0,차대차 - 측면충돌,안전운전불이행,건조,맑음,교차로 - 교차로안,승용,남,27세,상해없음,승용,남,21세,경상
2022030100100093,2022년 3월 1일 11시,화요일,경기도 수원시 팔달구 화서동,부상신고사고,0,0,0,1,차대차 - 추돌,신호위반,젖음/습기,비,단일로 - 기타,이륜,남,44세,부상신고,승용,남,52세,상해없음
2022030100100096,2022년 3월 1일 11시,화요일,경기도 수원시 권선구 세류동,경상사고,0,0,1,0,차대차 - 측면충돌,안전운전불이행,건조,맑음,단일로 - 기타,승용,남,44세,상해없음,승용,여,46세,경상
2022030100100174,2022년 3월 1일 15시,화요일,경기도 수원시 장안구 파장동,경상사고,0,0,1,0,차대차 - 기타,안전운전불이행,젖음/습기,맑음,단일로 - 기타,승용,남,36세,상해없음,이륜,남,39세,경상
2022030100100179,2022년 3월 1일 15시,화요일,경기도 수원시 권선구 서둔동,경상사고,0,0,1,0,차대차 - 기타,안전운전불이행,건조,맑음,단일로 - 기타,승용,남,22세,상해없음,승합,남,52세,상해없음
2022030100100180,2022년 3월 1일 15시,화요일,경기도 수원시 팔달구 매산로1가,경상사고,0,0,2,0,차대차 - 기타,교차로운행방법위반,건조,맑음,교차로 - 교차로부근,승용,남,51세,상해없음,승용,남,22세,경상
2022030100100268,2022년 3월 1일 18시,화요일,경기도 수원시 팔달구 인계동,중상사고,0,1,0,0,차대차 - 측면충돌,안전거리미확보,건조,맑음,단일로 - 기타,승용,남,74세,상해없음,이륜,남,25세,중상
2022030100100292,2022년 3월 1일 19시,화요일,경기도 수원시 권선구 세류동,경상사고,0,0,2,0,차대차 - 추돌,안전운전불이행,건조,맑음,교차로 - 교차로부근,승용,여,50세,상해없음,승용,남,56세,경상
2022030100100321,2022년 3월 1일 20시,화요일,경기도 수원시 장안구 하광교동,경상사고,0,0,1,0,차대차 - 기타,안전거리미확보,건조,맑음,기타 - 기타,승용,여,63세,상해없음,승용,남,34세,경상
2022030100100362,2022년 3월 1일 23시,화요일,경기도 수원시 권선구 세류동,중상사고,0,1,1,0,차대차 - 측면충돌,직진우회전진행방해,건조,맑음,교차로 - 교차로안,이륜,남,43세,중상,승용,남,28세,경상
2022030200100019,2022년 3월 2일 05시,수요일,경기도 수원시 권선구 금곡동,부상신고사고,0,0,0,1,차량단독 - 공작물충돌,안전운전불이행,건조,맑음,단일로 - 기타,승용,여,59세,부상신고,,,,
2022030200100104,2022년 3월 2일 09시,수요일,경기도 수원시 권선구 세류동,경상사고,0,0,1,0,차대사람 - 횡단중,보행자보호의무위반,건조,맑음,교차로 - 교차로부근,승용,남,25세,상해없음,보행자,여,27세,경상
2022030200100127,2022년 3월 2일 10시,수요일,경기도 수원시 장안구 조원동,경상사고,0,0,1,0,차량단독 - 기타,안전운전불이행,건조,맑음,단일로 - 기타,승합,남,62세,상해없음,,,,
2022030200100194,2022년 3월 2일 12시,수요일,경기도 수원시 권선구 권선동,경상사고,0,0,1,0,차대차 - 측면충돌,교차로운행방법위반,건조,맑음,교차로 - 교차로안,화물,남,29세,상해없음,이륜,남,36세,경상
2022030200100195,2022년 3월 2일 12시,수요일,경기도 수원시 영통구 영통동,경상사고,0,0,1,0,차대차 - 측면충돌,신호위반,건조,맑음,교차로 - 교차로안,승용,남,39세,기타불명,승용,여,51세,경상
2022030200100196,2022년 3월 2일 12시,수요일,경기도 수원시 영통구 원천동,경상사고,0,0,1,0,차대차 - 측면충돌,직진우회전진행방해,건조,맑음,교차로 - 교차로안,승용,남,44세,상해없음,승용,남,43세,경상
2022030200100228,2022년 3월 2일 13시,수요일,경기도 수원시 팔달구 화서동,부상신고사고,0,0,0,1,차대차 - 추돌,안전거리미확보,건조,맑음,단일로 - 기타,이륜,남,74세,부상신고,승용,여,50세,상해없음
2022030200100253,2022년 3월 2일 14시,수요일,경기도 수원시 팔달구 화서동,경상사고,0,0,1,0,차대차 - 추돌,안전운전불이행,건조,맑음,단일로 - 기타,승용,남,40세,상해없음,이륜,남,59세,경상
2022030200100358,2022년 3월 2일 17시,수요일,경기도 수원시 장안구 정자동,경상사고,0,0,1,0,차대차 - 기타,안전운전불이행,건조,맑음,교차로 - 교차로부근,이륜,남,55세,상해없음,자전거,남,10세,경상