사고번호,사고일시,요일,시군구,사고내용,사망자수,중상자수,경상자수,부상신고자수,사고유형,법규위반,노면상태,기상상태,도로형태,가해운전자 차종,가해운전자 성별,가해운전자 연령,가해운전자 상해정도,피해운전자 차종,피해운전자 성별,피해운전자 연령,피해운전자 상해정도
2022040500100218,2022년 4월 5일 12시,화요일,경기도 수원시 권선구 평리동,경상사고,0,0,1,0,차대차 - 기타,안전운전불이행,건조,맑음,기타 - 기타,화물,남,61세,상해없음,승용,남,57세,경상
2022040500100243,2022년 4월 5일 13시,화요일,경기도 수원시 장안구 송죽동,경상사고,0,0,3,0,차대차 - 기타,교차로운행방법위반,기타,맑음,교차로 - 교차로안,승용,여,59세,경상,승용,여,28세,경상
2022040500100312,2022년 4월 5일 15시,화요일,경기도 수원시 영통구 신동,중상사고,0,1,0,0,차대차 - 측면충돌,신호위반,건조,맑음,교차로 - 교차로안,승용,남,82세,상해없음,승용,여,53세,중상
2022040500100369,2022년 4월 5일 17시,화요일,경기도 수원시 장안구 정자동,경상사고,0,0,1,0,차대차 - 기타,안전거리미확보,건조,맑음,교차로 - 교차로부근,승용,남,68세,상해없음,승용,남,26세,경상
2022040500100370,2022년 4월 5일 17시,화요일,경기도 수원시 장안구 정자동,경상사고,0,0,1,0,차대사람 - 기타,안전운전불이행,건조,맑음,단일로 - 기타,승합,남,57세,상해없음,보행자,여,49세,경상
2022040500100412,2022년 4월 5일 18시,화요일,경기도 수원시 장안구 파장동,경상사고,0,0,2,0,차대차 - 추돌,안전운전불이행,건조,맑음,단일로 - 기타,승용,남,23세,상해없음,승용,남,23세,경상
2022040500100552,2022년 4월 5일 23시,화요일,경기도 수원시 권선구 곡반정동,경상사고,0,0,1,0,차대차 - 측면충돌,안전운전불이행,건조,맑음,단일로 - 기타,승용,남,31세,상해없음,승용,남,29세,기타불명
2022040600100128,2022년 4월 6일 10시,수요일,경기도 수원시 장안구 정자동,경상사고,0,0,1,0,차대차 - 측면충돌,신호위반,건조,맑음,교차로 - 교차로안,승합,남,29세,상해없음,화물,남,38세,경상
2022040600100156,2022년 4월 6일 11시,수요일,경기도 수원시 권선구 곡반정동,경상사고,0,0,1,0,차대사람 - 기타,안전운전불이행,건조,맑음,기타 - 기타,승용,남,73세,상해없음,보행자,여,38세,경상
2022040600100262,2022년 4월 6일 15시,수요일,경기도 수원시 영통구 영통동,중상사고,0,1,0,0,차대차 - 기타,안전운전불이행,건조,맑음,단일로 - 지하차도(도로)내,승용,남,41세,상해없음,이륜,남,42세,중상
2022040600100298,2022년 4월 6일 16시,수요일,경기도 수원시 장안구 영화동,경상사고,0,0,1,0,차량단독 - 기타,안전운전불이행,건조,맑음,단일로 - 기타,승합,남,52세,상해없음,,,,
2022040600100304,2022년 4월 6일 16시,수요일,경기도 수원시 팔달구 매산로1가,경상사고,0,0,1,0,차대차 - 측면충돌,안전운전불이행,건조,맑음,교차로 - 교차로안,승용,남,59세,상해없음,화물,남,58세,경상
2022040600100305,2022년 4월 6일 16시,수요일,경기도 수원시 권선구 오목천동,경상사고,0,0,1,0,차대차 - 추돌,안전거리미확보,건조,맑음,기타 - 기타,승용,남,40세,상해없음,승용,여,33세,경상
2022040600100343,2022년 4월 6일 17시,수요일,경기도 수원시 권선구 곡반정동,중상사고,0,1,0,0,차대차 - 측면충돌,안전운전불이행,건조,맑음,단일로 - 기타,승용,여,40세,상해없음,자전거,남,44세,중상
2022040600100435,2022년 4월 6일 19시,수요일,경기도 수원시 영통구 매탄동,경상사고,0,0,2,0,차대차 - 추돌,중앙선침범,건조,맑음,단일로 - 기타,승용,남,35세,상해없음,승용,남,49세,경상
2022040600100466,2022년 4월 6일 20시,수요일,경기도 수원시 장안구 조원동,경상사고,0,0,1,0,차대사람 - 기타,안전운전불이행,건조,맑음,교차로 - 교차로부근,승합,남,51세,상해없음,보행자,남,44세,경상
2022040600100471,2022년 4월 6일 20시,수요일,경기도 수원시 권선구 권선동,경상사고,0,0,1,0,차대차 - 추돌,안전운전불이행,건조,맑음,교차로 - 교차로부근,승용,남,40세,상해없음,이륜,남,24세,경상
2022040700100034,2022년 4월 7일 04시,목요일,경기도 수원시 권선구 대황교동,중상사고,0,1,1,0,차대차 - 정면충돌,중앙선침범,건조,맑음,단일로 - 기타,승용,여,46세,중상,승용,남,42세,경상
2022040700100161,2022년 4월 7일 11시,목요일,경기도 수원시 장안구 영화동,경상사고,0,0,2,0,차대차 - 측면충돌,안전운전불이행,건조,맑음,단일로 - 기타,화물,남,51세,상해없음,승용,여,32세,경상
2022040700100201,2022년 4월 7일 12시,목요일,경기도 수원시 권선구 평동,경상사고,0,0,1,0,차대차 - 기타,안전운전불이행,건조,맑음,교차로 - 교차로안,승용,여,62세,상해없음,이륜,남,72세,경상
2022040700100229,2022년 4월 7일 13시,목요일,경기도 수원시 장안구 영화동,경상사고,0,0,1,0,차대차 - 측면충돌,신호위반,건조,맑음,교차로 - 교차로부근,화물,남,74세,상해없음,승용,남,56세,경상
2022040700100232,2022년 4월 7일 13시,목요일,경기도 수원시 영통구 망포동,경상사고,0,0,1,0,차대차 - 측면충돌,안전운전불이행,건조,맑음,교차로 - 교차로부근,승용,남,33세,상해없음,승용,여,59세,경상
2022040700100456,2022년 4월 7일 19시,목요일,경기도 수원시 팔달구 화서동,경상사고,0,0,1,0,차대차 - 측면충돌,안전운전불이행,건조,맑음,교차로 - 교차로안,승용,남,36세,상해없음,이륜,남,37세,경상
2022040700100516,2022년 4월 7일 21시,목요일,경기도 수원시 영통구 망포동,경상사고,0,0,1,0,차대차 - 측면충돌,중앙선침범,건조,맑음,기타 - 기타,특수,남,24세,상해없음,승용,여,50세,경상
2022040700100547,2022년 4월 7일 22시,목요일,경기도 수원시 팔달구 인계동,경상사고,0,0,2,0,차대차 - 추돌,안전운전불이행,건조,맑음,교차로 - 교차로부근,승용,여,26세,상해없음,화물,여,46세,경상
2022040700100568,2022년 4월 7일 23시,목요일,경기도 수원시 권선구 세류동,중상사고,0,1,0,0,차대차 - 측면충돌,안전운전불이행,건조,맑음,교차로 - 교차로안,승용,남,32세,상해없음,이륜,남,58세,중상
2022040800100090,2022년 4월 8일 08시,금요일,경기도 수원시 권선구 세류동,경상사고,0,0,1,0,차대차 - 기타,안전운전불이행,건조,맑음,단일로 - 기타,승용,여,40세,경상,화물,남,48세,기타불명
2022040800100131,2022년 4월 8일 09시,금요일,경기도 수원시 팔달구 신풍동,경상사고,0,0,1,0,차대차 - 측면충돌,안전운전불이행,건조,맑음,교차로 - 교차로안,승용,남,75세,상해없음,승용,남,22세,경상
2022040800100132,2022년 4월 8일 09시,금요일,경기도 수원시 팔달구 구천동,중상사고,0,1,0,0,차대사람 - 횡단중,안전운전불이행,건조,맑음,단일로 - 기타,승용,남,70세,상해없음,보행자,남,66세,중상
2022040800100188,2022년 4월 8일 11시,금요일,경기도 수원시 팔달구 지동,경상사고,0,0,1,0,차대차 - 기타,직진우회전진행방해,건조,맑음,교차로 - 교차로안,승용,남,79세,상해없음,승용,남,58세,경상
2022040800100193,2022년 4월 8일 11시,금요일,경기도 수원시 권선구 당수동,부상신고사고,0,0,0,1,차대차 - 추돌,중앙선침범,건조,맑음,단일로 - 기타,자전거,남,71세,부상신고,승용,여,50세,상해없음
2022040800100323,2022년 4월 8일 15시,금요일,경기도 수원시 장안구 천천동,경상사고,0,0,1,1,차대차 - 정면충돌,안전운전불이행,건조,맑음,기타 - 기타,이륜,남,20세,부상신고,자전거,남,13세,경상
2022040800100418,2022년 4월 8일 17시,금요일,경기도 수원시 장안구 조원동,경상사고,0,0,1,1,차대차 - 기타,신호위반,건조,맑음,교차로 - 교차로안,승용,여,56세,상해없음,승용,남,69세,경상
2022040800100423,2022년 4월 8일 17시,금요일,경기도 수원시 권선구 금곡동,경상사고,0,0,1,0,차대차 - 측면충돌,안전운전불이행,건조,맑음,단일로 - 기타,화물,남,61세,상해없음,자전거,남,39세,경상
2022040800100587,2022년 4월 8일 20시,금요일,경기도 수원시 장안구 천천동,경상사고,0,0,1,0,차대차 - 기타,안전거리미확보,건조,맑음,단일로 - 기타,승용,여,46세,상해없음,이륜,남,39세,경상
2022040800100634,2022년 4월 8일 21시,금요일,경기도 수원시 권선구 호매실동,경상사고,0,0,1,0,차대차 - 기타,안전운전불이행,건조,맑음,교차로 - 교차로안,승용,남,21세,상해없음,화물,남,49세,경상
2022040800100656,2022년 4월 8일 22시,금요일,경기도 수원시 장안구 이목동,중상사고,0,1,0,0,차대사람 - 차도통행중,안전운전불이행,건조,맑음,교차로 - 교차로안,승용,여,47세,상해없음,보행자,남,54세,중상
2022040800100681,2022년 4월 8일 23시,금요일,경기도 수원시 영통구 이의동,경상사고,0,0,2,0,차대차 - 기타,안전운전불이행,건조,맑음,단일로 - 기타,승용,남,30세,상해없음,승용,남,29세,경상
2022040800100686,2022년 4월 8일 23시,금요일,경기도 수원시 팔달구 매산로1가,경상사고,0,0,1,0,차대차 - 측면충돌,안전거리미확보,건조,맑음,단일로 - 기타,승용,남,57세,상해없음,승용,남,53세,경상
2022040900100006,2022년 4월 9일 00시,토요일,경기도 수원시 팔달구 화서동,중상사고,0,2,0,0,차대차 - 기타,신호위반,건조,맑음,교차로 - 교차로안,승용,여,23세,상해없음,승용,남,45세,중상
2022040900100041,2022년 4월 9일 02시,토요일,경기도 수원시 팔달구 인계동,경상사고,0,0,1,0,차대사람 - 기타,보행자보호의무위반,건조,맑음,교차로 - 교차로횡단보도내,승용,남,63세,상해없음,보행자,남,38세,경상
2022040900100158,2022년 4월 9일 11시,토요일,경기도 수원시 장안구 연무동,경상사고,0,0,1,0,차대차 - 추돌,안전운전불이행,건조,맑음,교차로 - 교차로안,승용,여,57세,상해없음,승용,남,65세,경상
2022040900100163,2022년 4월 9일 11시,토요일,경기도 수원시 권선구 구운동,경상사고,0,0,1,0,차대사람 - 기타,안전운전불이행,건조,맑음,단일로 - 기타,승합,남,64세,기타불명,보행자,남,81세,경상
2022040900100236,2022년 4월 9일 13시,토요일,경기도 수원시 팔달구 화서동,경상사고,0,0,1,0,차대차 - 기타,교차로운행방법위반,건조,맑음,단일로 - 기타,승용,남,57세,상해없음,승용,남,34세,경상
2022040900100422,2022년 4월 9일 17시,토요일,경기도 수원시 팔달구 영동,경상사고,0,0,1,0,차량단독 - 기타,안전운전불이행,건조,맑음,단일로 - 기타,승합,남,63세,상해없음,,,,
2022040900100526,2022년 4월 9일 20시,토요일,경기도 수원시 장안구 정자동,경상사고,0,0,1,2,차대차 - 정면충돌,직진우회전진행방해,건조,맑음,교차로 - 교차로안,승용,남,33세,부상신고,이륜,남,30세,경상
2022040900100562,2022년 4월 9일 21시,토요일,경기도 수원시 팔달구 매교동,경상사고,0,0,1,0,차대차 - 측면충돌,안전거리미확보,건조,맑음,교차로 - 교차로부근,승용,남,59세,상해없음,화물,남,33세,경상
2022040900100579,2022년 4월 9일 22시,토요일,경기도 수원시 권선구 호매실동,부상신고사고,0,0,0,1,차량단독 - 기타,안전운전불이행,건조,맑음,단일로 - 기타,승용,남,21세,상해없음,,,,
2022041000100034,2022년 4월 10일 02시,일요일,경기도 수원시 권선구 서둔동,중상사고,0,1,1,0,차량단독 - 전도전복 - 전도,안전운전불이행,건조,맑음,단일로 - 기타,개인형이동수단(PM),남,12세,경상,,,,
2022041000100053,2022년 4월 10일 07시,일요일,경기도 수원시 권선구 당수동,경상사고,0,0,1,0,차대차 - 측면충돌,신호위반,건조,맑음,교차로 - 교차로안,승용,남,45세,상해없음,승용,남,30세,경상
2022041000100054,2022년 4월 10일 07시,일요일,경기도 수원시 팔달구 고등동,경상사고,0,0,1,0,차대사람 - 횡단중,보행자보호의무위반,건조,맑음,교차로 - 교차로횡단보도내,승용,남,74세,상해없음,보행자,남,75세,경상
2022041000100098,2022년 4월 10일 10시,일요일,경기도 수원시 권선구 구운동,경상사고,0,0,1,0,차대차 - 기타,불법유턴,건조,맑음,교차로 - 교차로부근,승용,남,59세,상해없음,이륜,남,33세,경상
2022041000100111,2022년 4월 10일 11시,일요일,경기도 수원시 장안구 파장동,경상사고,0,0,2,0,차대차 - 정면충돌,신호위반,건조,맑음,교차로 - 교차로안,승용,남,53세,상해없음,승용,여,42세,경상
2022041000100208,2022년 4월 10일 14시,일요일,경기도 수원시 영통구 이의동,중상사고,0,1,0,0,차대차 - 기타,신호위반,건조,맑음,교차로 - 교차로안,승용,남,30세,기타불명,이륜,남,64세,중상
2022041000100210,2022년 4월 10일 14시,일요일,경기도 수원시 권선구 입북동,경상사고,0,0,1,0,차대차 - 추돌,안전운전불이행,건조,맑음,교차로 - 교차로안,승용,남,66세,상해없음,승용,남,40세,경상
2022041000100237,2022년 4월 10일 15시,일요일,경기도 수원시 팔달구 화서동,경상사고,0,0,1,0,차대차 - 추돌,안전운전불이행,건조,맑음,단일로 - 기타,승용,남,59세,상해없음,승용,여,33세,경상
2022041000100388,2022년 4월 10일 20시,일요일,경기도 수원시 장안구 율전동,경상사고,0,0,1,0,차대차 - 기타,신호위반,건조,맑음,교차로 - 교차로부근,승용,여,31세,상해없음,승용,여,49세,경상
2022041100100020,2022년 4월 11일 03시,월요일,경기도 수원시 팔달구 화서동,중상사고,0,1,0,0,차대사람 - 기타,신호위반,건조,맑음,단일로 - 기타,화물,남,42세,상해없음,보행자,여,25세,중상
2022041100100035,2022년 4월 11일 06시,월요일,경기도 수원시 팔달구 화서동,경상사고,0,0,1,0,차대사람 - 기타,안전운전불이행,건조,맑음,교차로 - 교차로안,화물,남,74세,상해없음,보행자,남,54세,경상
2022041100100081,2022년 4월 11일 08시,월요일,경기도 수원시 장안구 천천동,경상사고,0,0,1,0,차대사람 - 길가장자리구역통행중,안전운전불이행,건조,맑음,교차로 - 교차로안,승용,남,45세,상해없음,보행자,남,16세,경상
2022041100100166,2022년 4월 11일 10시,월요일,경기도 수원시 권선구 고색동,경상사고,0,0,1,0,차대차 - 추돌,안전운전불이행,건조,맑음,교차로 - 교차로부근,승용,남,63세,상해없음,승용,여,42세,경상
2022041100100167,2022년 4월 11일 10시,월요일,경기도 수원시 권선구 호매실동,중상사고,0,1,3,0,차대차 - 정면충돌,안전운전불이행,건조,맑음,단일로 - 기타,승용,여,48세,경상,이륜,남,52세,중상
2022041100100227,2022년 4월 11일 12시,월요일,경기도 수원시 권선구 호매실동,경상사고,0,0,5,0,차대차 - 추돌,안전운전불이행,건조,맑음,단일로 - 기타,화물,남,48세,상해없음,화물,남,52세,경상
2022041100100296,2022년 4월 11일 14시,월요일,경기도 수원시 권선구 권선동,경상사고,0,0,1,0,차대차 - 측면충돌,안전거리미확보,건조,맑음,기타 - 기타,이륜,남,30세,상해없음,이륜,남,17세,경상
2022041100100331,2022년 4월 11일 15시,월요일,경기도 수원시 권선구 권선동,부상신고사고,0,0,0,1,차대차 - 정면충돌,교차로운행방법위반,건조,맑음,교차로 - 교차로부근,자전거,남,11세,부상신고,승용,여,60세,상해없음
2022041100100375,2022년 4월 11일 16시,월요일,경기도 수원시 영통구 망포동,경상사고,0,0,1,0,차대사람 - 기타,안전운전불이행,건조,맑음,단일로 - 기타,개인형이동수단(PM),여,14세,상해없음,보행자,여,48세,경상
2022041100100376,2022년 4월 11일 16시,월요일,경기도 수원시 팔달구 인계동,부상신고사고,0,0,0,1,차대사람 - 기타,안전운전불이행,건조,맑음,기타 - 기타,승용,여,52세,상해없음,보행자,여,23세,부상신고
2022041100100452,2022년 4월 11일 18시,월요일,경기도 수원시 장안구 이목동,경상사고,0,0,2,0,차대차 - 측면충돌,신호위반,건조,맑음,교차로 - 교차로안,승용,여,29세,상해없음,승용,남,59세,경상
2022041100100488,2022년 4월 11일 19시,월요일,경기도 수원시 장안구 정자동,부상신고사고,0,0,0,1,차대차 - 측면충돌,신호위반,건조,맑음,단일로 - 기타,자전거,남,11세,부상신고,승용,남,28세,상해없음
2022041100100523,2022년 4월 11일 20시,월요일,경기도 수원시 팔달구 신풍동,부상신고사고,0,0,0,1,차대차 - 후진중충돌,안전운전불이행,건조,맑음,단일로 - 기타,승용,남,25세,상해없음,이륜,남,21세,부상신고
2022041100100531,2022년 4월 11일 20시,월요일,경기도 수원시 팔달구 인계동,경상사고,0,0,1,0,차대차 - 측면충돌,불법유턴,건조,맑음,교차로 - 교차로부근,이륜,남,48세,상해없음,이륜,남,20세,경상
2022041100100558,2022년 4월 11일 21시,월요일,경기도 수원시 권선구 세류동,경상사고,0,0,1,0,차대차 - 기타,안전운전불이행,건조,맑음,교차로 - 교차로부근,승용,남,24세,기타불명,승용,여,32세,경상
2022041100100576,2022년 4월 11일 22시,월요일,경기도 수원시 장안구 정자동,경상사고,0,0,1,0,차대차 - 기타,안전운전불이행,건조,맑음,단일로 - 기타,승용,남,42세,상해없음,승용,남,29세,경상
2022041200100089,2022년 4월 12일 08시,화요일,경기도 수원시 영통구 망포동,경상사고,0,0,1,0,차대차 - 측면충돌,안전운전불이행,건조,흐림,단일로 - 기타,건설기계,남,50세,상해없음,승용,여,39세,경상
2022041200100133,2022년 4월 12일 09시,화요일,경기도 수원시 영통구 매탄동,중상사고,0,1,0,0,차대차 - 기타,기타,건조,흐림,단일로 - 기타,승용,남,56세,상해없음,원동기,남,74세,중상
2022041200100192,2022년 4월 12일 11시,화요일,경기도 수원시 장안구 연무동,경상사고,0,0,2,0,차대차 - 측면충돌,직진우회전진행방해,건조,맑음,교차로 - 교차로안,승용,남,66세,기타불명,승용,남,71세,경상
2022041200100247,2022년 4월 12일 13시,화요일,경기도 수원시 영통구 영통동,경상사고,0,0,1,0,차대차 - 측면충돌,교차로운행방법위반,건조,맑음,교차로 - 교차로안,승용,여,51세,상해없음,이륜,남,40세,경상
2022041200100248,2022년 4월 12일 13시,화요일,경기도 수원시 영통구 원천동,경상사고,0,0,1,0,차대차 - 후진중충돌,안전운전불이행,건조,맑음,단일로 - 기타,승용,남,67세,상해없음,승용,여,60세,경상
2022041200100302,2022년 4월 12일 15시,화요일,경기도 수원시 영통구 하동,중상사고,0,1,0,0,차대사람 - 횡단중,보행자보호의무위반,건조,맑음,교차로 - 교차로안,승합,남,63세,상해없음,보행자,여,8세,중상
2022041200100304,2022년 4월 12일 15시,화요일,경기도 수원시 권선구 고색동,경상사고,0,0,1,0,차대차 - 추돌,안전운전불이행,건조,맑음,교차로 - 교차로안,승용,여,55세,상해없음,승용,남,45세,상해없음
2022041200100370,2022년 4월 12일 17시,화요일,경기도 수원시 권선구 곡반정동,중상사고,0,1,0,0,차대차 - 측면충돌,안전운전불이행,건조,맑음,단일로 - 기타,승용,남,32세,상해없음,자전거,남,17세,중상
2022041200100425,2022년 4월 12일 18시,화요일,경기도 수원시 권선구 세류동,경상사고,0,0,2,0,차대차 - 추돌,불법유턴,건조,맑음,교차로 - 교차로부근,승용,남,46세,상해없음,승용,여,30세,경상
2022041200100452,2022년 4월 12일 19시,화요일,경기도 수원시 팔달구 화서동,경상사고,0,0,1,0,차대차 - 측면충돌,안전운전불이행,건조,맑음,단일로 - 기타,승용,남,52세,상해없음,승합,남,44세,경상
2022041200100484,2022년 4월 12일 20시,화요일,경기도 수원시 장안구 파장동,경상사고,0,0,1,0,차대차 - 기타,안전운전불이행,건조,맑음,교차로 - 교차로안,승용,남,26세,상해없음,이륜,남,64세,경상
2022041200100485,2022년 4월 12일 20시,화요일,경기도 수원시 팔달구 중동,경상사고,0,0,1,0,차대차 - 기타,신호위반,건조,맑음,교차로 - 교차로안,승용,남,59세,상해없음,승용,여,68세,경상
2022041200100513,2022년 4월 12일 21시,화요일,경기도 수원시 장안구 연무동,경상사고,0,0,1,0,차대차 - 측면충돌,안전운전불이행,건조,맑음,단일로 - 기타,승용,남,26세,기타불명,승용,남,31세,경상
2022041200100538,2022년 4월 12일 22시,화요일,경기도 수원시 팔달구 우만동,경상사고,0,0,1,2,차대차 - 기타,안전거리미확보,건조,맑음,교차로 - 교차로안,승용,여,42세,부상신고,화물,남,60세,경상
2022041300100195,2022년 4월 13일 12시,수요일,경기도 수원시 장안구 영화동,경상사고,0,0,2,0,차대차 - 기타,신호위반,젖음/습기,비,교차로 - 교차로안,화물,남,69세,상해없음,승용,남,74세,경상
2022041300100222,2022년 4월 13일 13시,수요일,경기도 수원시 팔달구 우만동,경상사고,0,0,1,0,차대차 - 기타,안전운전불이행,건조,맑음,단일로 - 기타,승용,남,39세,상해없음,이륜,남,20세,경상
2022041300100250,2022년 4월 13일 14시,수요일,경기도 수원시 장안구 연무동,경상사고,0,0,1,0,차대차 - 기타,교차로운행방법위반,건조,맑음,교차로 - 교차로안,승용,남,52세,상해없음,이륜,남,22세,경상
2022041300100277,2022년 4월 13일 15시,수요일,경기도 수원시 권선구 구운동,중상사고,0,1,0,0,차대사람 - 기타,안전운전불이행,건조,맑음,단일로 - 기타,승용,여,63세,상해없음,보행자,여,50세,중상
2022041300100390,2022년 4월 13일 18시,수요일,경기도 수원시 영통구 매탄동,경상사고,0,0,1,0,차대차 - 기타,안전운전불이행,젖음/습기,비,교차로 - 교차로안,승용,남,56세,상해없음,승용,여,40세,경상
2022041300100493,2022년 4월 13일 21시,수요일,경기도 수원시 팔달구 지동,경상사고,0,0,1,0,차대차 - 측면충돌,신호위반,건조,맑음,교차로 - 교차로안,승용,남,48세,상해없음,이륜,남,26세,경상
2022041300100498,2022년 4월 13일 21시,수요일,경기도 수원시 영통구 망포동,경상사고,0,0,2,0,차대차 - 측면충돌,신호위반,젖음/습기,비,단일로 - 터널,승용,남,61세,상해없음,승용,여,42세,경상
2022041300100503,2022년 4월 13일 21시,수요일,경기도 수원시 팔달구 매산로1가,경상사고,0,0,2,0,차대차 - 기타,교차로운행방법위반,건조,맑음,교차로 - 교차로안,승용,남,53세,상해없음,승용,여,39세,경상
2022041300100537,2022년 4월 13일 22시,수요일,경기도 수원시 팔달구 매산로1가,경상사고,0,0,1,0,차대차 - 추돌,안전운전불이행,건조,맑음,교차로 - 교차로부근,승용,남,31세,경상,승용,남,32세,상해없음
2022041400100006,2022년 4월 14일 00시,목요일,경기도 수원시 영통구 매탄동,중상사고,0,1,0,0,차대사람 - 횡단중,안전운전불이행,젖음/습기,흐림,교차로 - 교차로부근,이륜,남,49세,상해없음,보행자,여,52세,중상
2022041400100021,2022년 4월 14일 01시,목요일,경기도 수원시 장안구 영화동,경상사고,0,0,1,0,차대사람 - 기타,기타,건조,맑음,단일로 - 기타,승용,남,71세,상해없음,보행자,남,50세,경상
2022041400100147,2022년 4월 14일 10시,목요일,경기도 수원시 권선구 구운동,중상사고,0,1,0,0,차량단독 - 기타,안전운전불이행,건조,맑음,단일로 - 기타,승합,남,54세,상해없음,,,,
2022041400100206,2022년 4월 14일 12시,목요일,경기도 수원시 권선구 금곡동,중상사고,0,1,0,0,차대차 - 기타,안전운전불이행,건조,맑음,교차로 - 교차로안,승용,여,41세,상해없음,이륜,남,42세,중상
2022041400100274,2022년 4월 14일 14시,목요일,경기도 수원시 영통구 영통동,경상사고,0,0,1,0,차대차 - 측면충돌,신호위반,건조,맑음,기타 - 기타,승용,여,65세,상해없음,개인형이동수단(PM),여,19세,경상
2022041400100435,2022년 4월 14일 19시,목요일,경기도 수원시 장안구 천천동,중상사고,0,1,0,0,차대차 - 기타,신호위반,건조,맑음,교차로 - 교차로부근,이륜,남,51세,상해없음,자전거,여,11세,중상
2022041400100493,2022년 4월 14일 22시,목요일,경기도 수원시 권선구 권선동,경상사고,0,0,1,0,차대차 - 후진중충돌,안전운전불이행,건조,맑음,단일로 - 기타,승용,남,36세,상해없음,승합,남,42세,경상
2022041500100218,2022년 4월 15일 12시,금요일,경기도 수원시 장안구 파장동,경상사고,0,0,2,0,차대차 - 측면충돌,안전운전불이행,건조,맑음,교차로 - 교차로안,승용,남,61세,상해없음,승용,남,65세,경상
2022041500100222,2022년 4월 15일 12시,금요일,경기도 수원시 권선구 권선동,경상사고,0,0,1,0,차대사람 - 기타,보행자보호의무위반,건조,맑음,교차로 - 교차로부근,승용,여,64세,상해없음,보행자,남,35세,경상
2022041500100370,2022년 4월 15일 16시,금요일,경기도 수원시 팔달구 고등동,경상사고,0,0,1,0,차대차 - 추돌,안전운전불이행,건조,맑음,교차로 - 교차로부근,승용,남,59세,상해없음,자전거,여,53세,경상
2022041500100401,2022년 4월 15일 17시,금요일,경기도 수원시 장안구 정자동,중상사고,0,1,0,0,차대차 - 기타,교차로운행방법위반,건조,맑음,교차로 - 교차로안,승용,남,55세,상해없음,원동기,남,57세,중상
2022041500100404,2022년 4월 15일 17시,금요일,경기도 수원시 권선구 권선동,경상사고,0,0,1,0,차대사람 - 차도통행중,안전운전불이행,건조,맑음,교차로 - 교차로부근,승용,남,21세,상해없음,보행자,남,33세,경상
2022041500100458,2022년 4월 15일 18시,금요일,경기도 수원시 영통구 원천동,경상사고,0,0,1,0,차대차 - 측면충돌,안전운전불이행,건조,맑음,교차로 - 교차로안,승용,여,30세,상해없음,승용,여,46세,경상
2022041500100506,2022년 4월 15일 19시,금요일,경기도 수원시 팔달구 팔달로2가,경상사고,0,0,1,0,차대차 - 측면충돌,안전거리미확보,건조,맑음,단일로 - 기타,승용,남,54세,상해없음,승용,남,41세,경상
2022041500100517,2022년 4월 15일 19시,금요일,경기도 수원시 팔달구 매산로1가,부상신고사고,0,0,0,1,차대차 - 기타,안전운전불이행,건조,맑음,단일로 - 기타,자전거,남,49세,부상신고,승용,남,43세,상해없음
2022041500100609,2022년 4월 15일 22시,금요일,경기도 수원시 장안구 천천동,경상사고,0,0,1,0,차대차 - 추돌,안전운전불이행,건조,맑음,단일로 - 기타,승용,남,49세,상해없음,이륜,남,30세,경상
2022041500100640,2022년 4월 15일 23시,금요일,경기도 수원시 팔달구 인계동,경상사고,0,0,2,0,차대사람 - 길가장자리구역통행중,안전운전불이행,건조,맑음,단일로 - 기타,승용,남,44세,상해없음,보행자,남,21세,경상
2022041600100127,2022년 4월 16일 10시,토요일,경기도 수원시 팔달구 우만동,경상사고,0,0,1,0,차대차 - 추돌,안전운전불이행,건조,맑음,교차로 - 교차로부근,승용,남,25세,상해없음,승용,여,30세,경상
2022041600100172,2022년 4월 16일 11시,토요일,경기도 수원시 권선구 세류동,중상사고,0,1,0,0,차대차 - 측면충돌,안전운전불이행,건조,맑음,교차로 - 교차로횡단보도내,승용,남,56세,상해없음,자전거,남,72세,중상
2022041600100173,2022년 4월 16일 11시,토요일,경기도 수원시 권선구 세류동,부상신고사고,0,0,0,1,차량단독 - 기타,안전거리미확보,건조,맑음,단일로 - 기타,승용,남,66세,상해없음,,,,
2022041600100213,2022년 4월 16일 12시,토요일,경기도 수원시 팔달구 인계동,중상사고,0,1,0,0,차대사람 - 차도통행중,안전운전불이행,건조,맑음,단일로 - 기타,승용,남,64세,상해없음,보행자,여,73세,중상
2022041600100399,2022년 4월 16일 16시,토요일,경기도 수원시 권선구 권선동,경상사고,0,0,2,0,차대차 - 기타,차로위반,건조,맑음,단일로 - 기타,승용,남,50세,상해없음,승용,남,64세,경상
2022041600100400,2022년 4월 16일 16시,토요일,경기도 수원시 권선구 권선동,경상사고,0,0,1,0,차대차 - 측면충돌,교차로운행방법위반,건조,맑음,교차로 - 교차로부근,승용,여,29세,상해없음,승용,남,31세,경상
2022041600100402,2022년 4월 16일 16시,토요일,경기도 수원시 권선구 서둔동,경상사고,0,0,2,0,차대차 - 기타,안전운전불이행,건조,맑음,주차장 - 주차장,승용,남,20세,상해없음,승용,남,73세,경상
2022041600100576,2022년 4월 16일 21시,토요일,경기도 수원시 팔달구 화서동,경상사고,0,0,1,0,차대차 - 기타,기타,건조,맑음,교차로 - 교차로안,이륜,남,30세,경상,승용,남,25세,상해없음