사고번호,사고일시,요일,시군구,사고내용,사망자수,중상자수,경상자수,부상신고자수,사고유형,법규위반,노면상태,기상상태,도로형태,가해운전자 차종,가해운전자 성별,가해운전자 연령,가해운전자 상해정도,피해운전자 차종,피해운전자 성별,피해운전자 연령,피해운전자 상해정도
2022041600100602,2022년 4월 16일 22시,토요일,경기도 수원시 권선구 권선동,경상사고,0,0,1,0,차대차 - 측면충돌,안전거리미확보,건조,맑음,단일로 - 기타,승용,남,40세,상해없음,승용,남,48세,경상
2022041700100035,2022년 4월 17일 01시,일요일,경기도 수원시 권선구 평동,경상사고,0,0,2,0,차대차 - 측면충돌,안전거리미확보,건조,맑음,단일로 - 기타,승용,남,66세,상해없음,승용,남,26세,경상
2022041700100051,2022년 4월 17일 04시,일요일,경기도 수원시 장안구 하광교동,중상사고,0,1,0,0,차대사람 - 기타,안전운전불이행,건조,맑음,단일로 - 기타,특수,남,33세,상해없음,보행자,남,26세,중상
2022041700100075,2022년 4월 17일 08시,일요일,경기도 수원시 장안구 파장동,경상사고,0,0,1,0,차량단독 - 기타,안전운전불이행,건조,맑음,단일로 - 기타,승합,여,61세,상해없음,,,,
2022041700100142,2022년 4월 17일 11시,일요일,경기도 수원시 영통구 매탄동,경상사고,0,0,1,0,차대차 - 측면충돌,신호위반,건조,맑음,교차로 - 교차로안,이륜,남,44세,경상,이륜,남,78세,상해없음
2022041700100166,2022년 4월 17일 12시,일요일,경기도 수원시 팔달구 화서동,경상사고,0,0,1,0,차대차 - 기타,신호위반,건조,맑음,교차로 - 교차로안,승용,남,70세,상해없음,이륜,남,23세,경상
2022041700100359,2022년 4월 17일 18시,일요일,경기도 수원시 팔달구 남창동,경상사고,0,0,1,0,차대사람 - 차도통행중,신호위반,건조,맑음,단일로 - 기타,개인형이동수단(PM),남,16세,상해없음,보행자,남,62세,경상
2022041700100365,2022년 4월 17일 18시,일요일,경기도 수원시 영통구 매탄동,경상사고,0,0,2,0,차대차 - 측면충돌,신호위반,건조,맑음,교차로 - 교차로안,이륜,남,43세,상해없음,승용,남,49세,경상
2022041700100389,2022년 4월 17일 19시,일요일,경기도 수원시 팔달구 중동,중상사고,0,1,0,0,차대차 - 정면충돌,중앙선침범,건조,맑음,교차로 - 교차로부근,승용,여,30세,상해없음,승용,여,61세,중상
2022041700100394,2022년 4월 17일 19시,일요일,경기도 수원시 권선구 세류동,사망사고,1,0,0,0,차대차 - 기타,안전거리미확보,건조,맑음,기타 - 기타,승용,남,49세,상해없음,이륜,남,66세,사망
2022041700100462,2022년 4월 17일 22시,일요일,경기도 수원시 팔달구 인계동,사망사고,1,0,0,0,차대사람 - 횡단중,기타,건조,맑음,단일로 - 기타,승용,남,23세,상해없음,보행자,여,27세,사망
2022041800100004,2022년 4월 18일 00시,월요일,경기도 수원시 장안구 정자동,경상사고,0,0,1,0,차대사람 - 횡단중,신호위반,건조,맑음,교차로 - 교차로안,이륜,남,25세,상해없음,보행자,남,29세,경상
2022041800100058,2022년 4월 18일 07시,월요일,경기도 수원시 영통구 영통동,경상사고,0,0,2,0,차대차 - 추돌,안전운전불이행,건조,맑음,단일로 - 기타,승용,남,58세,상해없음,승용,남,37세,경상
2022041800100088,2022년 4월 18일 08시,월요일,경기도 수원시 영통구 이의동,경상사고,0,0,1,0,차대차 - 기타,안전거리미확보,건조,맑음,단일로 - 기타,승용,남,27세,상해없음,승용,여,28세,경상
2022041800100126,2022년 4월 18일 09시,월요일,경기도 수원시 영통구 영통동,경상사고,0,0,1,0,차대차 - 측면충돌,차로위반,건조,맑음,교차로 - 교차로부근,승용,남,61세,상해없음,승용,남,28세,경상
2022041800100206,2022년 4월 18일 12시,월요일,경기도 수원시 영통구 신동,경상사고,0,0,1,0,차대차 - 측면충돌,교차로운행방법위반,건조,맑음,교차로 - 교차로안,승용,여,52세,상해없음,승용,남,27세,경상
2022041800100278,2022년 4월 18일 14시,월요일,경기도 수원시 장안구 송죽동,경상사고,0,0,1,0,차대사람 - 기타,안전운전불이행,건조,맑음,교차로 - 교차로안,자전거,기타불명,미분류,기타불명,보행자,여,62세,경상
2022041800100352,2022년 4월 18일 16시,월요일,경기도 수원시 장안구 파장동,경상사고,0,0,1,0,차대사람 - 차도통행중,신호위반,건조,맑음,교차로 - 교차로안,승합,남,37세,상해없음,보행자,남,45세,경상
2022041800100429,2022년 4월 18일 18시,월요일,경기도 수원시 팔달구 화서동,경상사고,0,0,1,0,차대차 - 기타,안전거리미확보,건조,맑음,단일로 - 기타,승용,남,27세,상해없음,이륜,남,36세,경상
2022041800100519,2022년 4월 18일 21시,월요일,경기도 수원시 영통구 망포동,경상사고,0,0,3,0,차대차 - 기타,안전운전불이행,건조,맑음,교차로 - 교차로안,승용,여,22세,경상,승용,남,34세,경상
2022041800100542,2022년 4월 18일 22시,월요일,경기도 수원시 권선구 권선동,중상사고,0,1,0,0,차대차 - 측면충돌,신호위반,건조,맑음,교차로 - 교차로안,이륜,남,62세,중상,승용,남,49세,상해없음
2022041800100543,2022년 4월 18일 22시,월요일,경기도 수원시 팔달구 인계동,경상사고,0,0,1,0,차대차 - 측면충돌,안전운전불이행,건조,맑음,단일로 - 지하차도(도로)내,승용,남,20세,상해없음,승용,남,42세,경상
2022041900100005,2022년 4월 19일 00시,화요일,경기도 수원시 팔달구 우만동,경상사고,0,0,4,0,차대차 - 기타,기타,건조,맑음,교차로 - 교차로안,승용,남,18세,기타불명,이륜,남,49세,경상
2022041900100021,2022년 4월 19일 02시,화요일,경기도 수원시 권선구 권선동,경상사고,0,0,1,0,차대사람 - 기타,안전운전불이행,건조,맑음,단일로 - 기타,승용,남,66세,상해없음,보행자,남,26세,경상
2022041900100180,2022년 4월 19일 10시,화요일,경기도 수원시 팔달구 북수동,부상신고사고,0,0,0,1,차대차 - 기타,안전운전불이행,건조,맑음,단일로 - 기타,자전거,여,33세,부상신고,승용,남,47세,상해없음
2022041900100187,2022년 4월 19일 10시,화요일,경기도 수원시 권선구 당수동,경상사고,0,0,1,0,차대차 - 측면충돌,안전운전불이행,건조,맑음,교차로 - 교차로안,화물,남,48세,상해없음,승용,남,33세,경상
2022041900100188,2022년 4월 19일 10시,화요일,경기도 수원시 영통구 하동,부상신고사고,0,0,0,3,차대차 - 기타,신호위반,건조,맑음,단일로 - 기타,화물,남,54세,상해없음,승용,남,56세,부상신고
2022041900100249,2022년 4월 19일 12시,화요일,경기도 수원시 장안구 율전동,경상사고,0,0,1,0,차대차 - 측면충돌,중앙선침범,건조,맑음,단일로 - 기타,이륜,남,26세,경상,승용,남,30세,상해없음
2022041900100287,2022년 4월 19일 13시,화요일,경기도 수원시 장안구 연무동,부상신고사고,0,0,0,1,차대차 - 기타,불법유턴,건조,맑음,교차로 - 교차로안,개인형이동수단(PM),남,31세,부상신고,승용,남,58세,상해없음
2022041900100288,2022년 4월 19일 13시,화요일,경기도 수원시 장안구 율전동,경상사고,0,0,1,0,차대차 - 기타,안전운전불이행,건조,맑음,교차로 - 교차로안,승용,여,60세,상해없음,승용,남,72세,경상
2022041900100330,2022년 4월 19일 14시,화요일,경기도 수원시 팔달구 인계동,경상사고,0,0,1,0,차대차 - 추돌,안전운전불이행,건조,맑음,단일로 - 지하차도(도로)내,승용,남,32세,상해없음,승용,남,20세,경상
2022041900100359,2022년 4월 19일 15시,화요일,경기도 수원시 권선구 서둔동,경상사고,0,0,1,0,차대차 - 측면충돌,안전운전불이행,건조,맑음,교차로 - 교차로부근,승용,남,38세,상해없음,승용,여,59세,경상
2022041900100398,2022년 4월 19일 16시,화요일,경기도 수원시 권선구 오목천동,경상사고,0,0,1,0,차대차 - 후진중충돌,안전운전불이행,건조,맑음,단일로 - 기타,건설기계,남,58세,상해없음,승용,여,38세,경상
2022041900100436,2022년 4월 19일 17시,화요일,경기도 수원시 팔달구 영동,경상사고,0,0,1,0,차량단독 - 기타,안전운전불이행,건조,맑음,단일로 - 기타,승합,남,48세,상해없음,,,,
2022041900100439,2022년 4월 19일 17시,화요일,경기도 수원시 권선구 권선동,경상사고,0,0,1,0,차대사람 - 차도통행중,안전운전불이행,건조,맑음,단일로 - 기타,승용,남,61세,상해없음,보행자,남,13세,경상
2022041900100440,2022년 4월 19일 17시,화요일,경기도 수원시 권선구 권선동,경상사고,0,0,1,0,차대차 - 측면충돌,안전거리미확보,건조,맑음,단일로 - 기타,화물,남,39세,상해없음,승합,남,57세,경상
2022041900100484,2022년 4월 19일 18시,화요일,경기도 수원시 장안구 조원동,경상사고,0,0,1,0,차대차 - 측면충돌,중앙선침범,건조,맑음,교차로 - 교차로안,승용,남,57세,상해없음,승용,남,54세,경상
2022041900100485,2022년 4월 19일 18시,화요일,경기도 수원시 장안구 천천동,경상사고,0,0,1,0,차대차 - 기타,안전거리미확보,건조,맑음,교차로 - 교차로횡단보도내,승용,여,50세,기타불명,승용,남,44세,경상
2022041900100486,2022년 4월 19일 18시,화요일,경기도 수원시 팔달구 화서동,경상사고,0,0,2,0,차대차 - 측면충돌,직진우회전진행방해,건조,맑음,교차로 - 교차로안,이륜,남,36세,경상,승용,여,22세,경상
2022041900100534,2022년 4월 19일 19시,화요일,경기도 수원시 권선구 고색동,경상사고,0,0,1,0,차대차 - 측면충돌,안전운전불이행,건조,맑음,교차로 - 교차로안,화물,남,49세,상해없음,승용,남,63세,경상
2022041900100574,2022년 4월 19일 20시,화요일,경기도 수원시 영통구 원천동,경상사고,0,0,1,0,차대차 - 측면충돌,신호위반,건조,맑음,교차로 - 교차로안,승용,남,58세,상해없음,승용,남,26세,경상
2022041900100575,2022년 4월 19일 20시,화요일,경기도 수원시 권선구 호매실동,중상사고,0,1,0,0,차대사람 - 횡단중,안전운전불이행,건조,맑음,교차로 - 교차로횡단보도내,승용,여,42세,상해없음,보행자,남,78세,중상
2022041900100628,2022년 4월 19일 23시,화요일,경기도 수원시 팔달구 인계동,경상사고,0,0,1,0,차대차 - 측면충돌,안전거리미확보,건조,맑음,단일로 - 기타,승용,여,28세,상해없음,승합,남,32세,경상
2022042000100106,2022년 4월 20일 08시,수요일,경기도 수원시 영통구 영통동,경상사고,0,0,4,0,차대차 - 측면충돌,안전운전불이행,건조,맑음,교차로 - 교차로부근,승용,남,26세,상해없음,승용,남,65세,경상
2022042000100107,2022년 4월 20일 08시,수요일,경기도 수원시 영통구 망포동,경상사고,0,0,1,0,차대차 - 측면충돌,신호위반,건조,맑음,교차로 - 교차로안,승용,남,62세,상해없음,승용,남,50세,경상
2022042000100192,2022년 4월 20일 10시,수요일,경기도 수원시 팔달구 화서동,중상사고,0,1,0,0,차대사람 - 기타,안전운전불이행,건조,맑음,단일로 - 기타,자전거,남,40세,상해없음,보행자,여,61세,중상
2022042000100252,2022년 4월 20일 12시,수요일,경기도 수원시 팔달구 지동,부상신고사고,0,0,0,1,차대차 - 추돌,안전운전불이행,건조,맑음,단일로 - 기타,이륜,남,17세,부상신고,승용,남,49세,상해없음
2022042000100287,2022년 4월 20일 13시,수요일,경기도 수원시 영통구 원천동,중상사고,0,1,1,0,차대차 - 추돌,안전운전불이행,건조,맑음,단일로 - 기타,승용,남,69세,상해없음,승용,남,49세,중상
2022042000100315,2022년 4월 20일 14시,수요일,경기도 수원시 장안구 율전동,경상사고,0,0,1,0,차대차 - 측면충돌,안전거리미확보,건조,맑음,교차로 - 교차로부근,승용,여,38세,상해없음,이륜,남,48세,경상
2022042000100361,2022년 4월 20일 15시,수요일,경기도 수원시 권선구 세류동,경상사고,0,0,1,0,차대차 - 기타,안전운전불이행,건조,맑음,단일로 - 기타,승용,남,74세,상해없음,승용,여,51세,경상
2022042000100400,2022년 4월 20일 16시,수요일,경기도 수원시 권선구 오목천동,경상사고,0,0,1,0,차대사람 - 보도통행중,신호위반,건조,맑음,교차로 - 교차로횡단보도내,화물,남,72세,상해없음,보행자,여,51세,경상
2022042000100419,2022년 4월 20일 17시,수요일,경기도 수원시 장안구 영화동,경상사고,0,0,1,1,차대사람 - 기타,신호위반,건조,맑음,교차로 - 교차로횡단보도내,자전거,남,14세,부상신고,보행자,남,6세,경상
2022042000100420,2022년 4월 20일 17시,수요일,경기도 수원시 장안구 영화동,경상사고,0,0,1,0,차대차 - 기타,신호위반,건조,맑음,교차로 - 교차로안,승용,여,44세,상해없음,이륜,남,16세,경상
2022042000100452,2022년 4월 20일 18시,수요일,경기도 수원시 팔달구 지동,경상사고,0,0,1,0,차대사람 - 길가장자리구역통행중,안전운전불이행,건조,맑음,단일로 - 기타,승합,남,47세,상해없음,보행자,남,53세,경상
2022042000100513,2022년 4월 20일 19시,수요일,경기도 수원시 영통구 영통동,경상사고,0,0,2,0,차대차 - 측면충돌,안전운전불이행,건조,맑음,교차로 - 교차로부근,승용,남,32세,상해없음,개인형이동수단(PM),남,26세,경상
2022042000100550,2022년 4월 20일 20시,수요일,경기도 수원시 권선구 권선동,중상사고,0,1,0,0,차대차 - 측면충돌,신호위반,건조,맑음,교차로 - 교차로안,승용,남,25세,상해없음,이륜,남,47세,중상
2022042000100567,2022년 4월 20일 21시,수요일,경기도 수원시 팔달구 북수동,중상사고,0,1,0,0,차대차 - 측면충돌,안전운전불이행,건조,맑음,단일로 - 기타,승용,여,50세,상해없음,원동기,남,42세,중상
2022042000100568,2022년 4월 20일 21시,수요일,경기도 수원시 장안구 율전동,경상사고,0,0,1,0,차대차 - 정면충돌,안전운전불이행,건조,맑음,교차로 - 교차로안,승용,남,35세,상해없음,이륜,남,21세,경상
2022042100100040,2022년 4월 21일 06시,목요일,경기도 수원시 장안구 율전동,경상사고,0,0,1,0,차대차 - 기타,교차로운행방법위반,건조,맑음,교차로 - 교차로안,승용,남,59세,상해없음,자전거,남,45세,경상
2022042100100052,2022년 4월 21일 07시,목요일,경기도 수원시 팔달구 우만동,중상사고,0,1,0,0,차대사람 - 기타,보행자보호의무위반,건조,맑음,교차로 - 교차로안,화물,남,61세,상해없음,보행자,여,62세,중상
2022042100100056,2022년 4월 21일 07시,목요일,경기도 수원시 영통구 영통동,중상사고,0,1,0,0,차대차 - 측면충돌,교차로운행방법위반,건조,맑음,교차로 - 교차로횡단보도내,승합,남,62세,상해없음,개인형이동수단(PM),여,28세,중상
2022042100100078,2022년 4월 21일 08시,목요일,경기도 수원시 팔달구 매산로3가,경상사고,0,0,2,0,차대차 - 측면충돌,안전운전불이행,건조,맑음,단일로 - 기타,승용,여,61세,상해없음,승용,남,53세,경상
2022042100100227,2022년 4월 21일 13시,목요일,경기도 수원시 팔달구 인계동,경상사고,0,0,1,0,차대차 - 측면충돌,교차로운행방법위반,건조,맑음,교차로 - 교차로부근,승용,남,27세,기타불명,이륜,남,29세,경상
2022042100100326,2022년 4월 21일 16시,목요일,경기도 수원시 권선구 평동,경상사고,0,0,1,1,차대차 - 측면충돌,안전거리미확보,건조,맑음,단일로 - 기타,승용,남,34세,부상신고,승용,남,25세,경상
2022042100100359,2022년 4월 21일 17시,목요일,경기도 수원시 장안구 정자동,경상사고,0,0,1,0,차대차 - 측면충돌,안전운전불이행,건조,맑음,교차로 - 교차로안,이륜,남,42세,경상,승용,남,30세,상해없음
2022042100100442,2022년 4월 21일 19시,목요일,경기도 수원시 장안구 파장동,중상사고,0,1,0,0,차대차 - 정면충돌,직진우회전진행방해,건조,맑음,교차로 - 교차로안,승용,남,38세,상해없음,이륜,남,35세,중상
2022042100100446,2022년 4월 21일 19시,목요일,경기도 수원시 권선구 탑동,중상사고,0,1,0,0,차대차 - 기타,교차로운행방법위반,건조,맑음,교차로 - 교차로안,승용,남,26세,상해없음,이륜,남,45세,중상
2022042100100506,2022년 4월 21일 21시,목요일,경기도 수원시 권선구 금곡동,경상사고,0,0,4,1,차대차 - 측면충돌,안전운전불이행,건조,맑음,교차로 - 교차로부근,이륜,남,27세,부상신고,승용,남,28세,경상
2022042100100537,2022년 4월 21일 22시,목요일,경기도 수원시 팔달구 인계동,경상사고,0,0,1,0,차대사람 - 기타,기타,건조,맑음,단일로 - 기타,승용,남,62세,상해없음,보행자,남,36세,경상
2022042200100093,2022년 4월 22일 08시,금요일,경기도 수원시 팔달구 인계동,경상사고,0,0,1,0,차대차 - 측면충돌,안전운전불이행,건조,맑음,교차로 - 교차로부근,승용,여,53세,기타불명,승용,남,28세,경상
2022042200100202,2022년 4월 22일 12시,금요일,경기도 수원시 영통구 영통동,중상사고,0,1,0,0,차대차 - 측면충돌,안전운전불이행,건조,맑음,기타 - 기타,승용,남,22세,상해없음,이륜,남,26세,중상
2022042200100375,2022년 4월 22일 17시,금요일,경기도 수원시 영통구 매탄동,경상사고,0,0,1,0,차대차 - 측면충돌,안전운전불이행,건조,맑음,교차로 - 교차로횡단보도내,승용,남,56세,상해없음,개인형이동수단(PM),여,20세,경상
2022042200100496,2022년 4월 22일 20시,금요일,경기도 수원시 팔달구 중동,경상사고,0,0,2,0,차대차 - 기타,안전운전불이행,건조,맑음,단일로 - 기타,개인형이동수단(PM),여,56세,경상,이륜,남,62세,경상
2022042200100554,2022년 4월 22일 22시,금요일,경기도 수원시 권선구 세류동,경상사고,0,0,2,0,차대차 - 추돌,안전운전불이행,건조,맑음,단일로 - 기타,승용,남,36세,상해없음,승용,남,45세,경상
2022042300100020,2022년 4월 23일 01시,토요일,경기도 수원시 영통구 이의동,중상사고,0,1,1,0,차대차 - 추돌,안전운전불이행,건조,맑음,교차로 - 교차로안,승용,여,24세,상해없음,승용,남,64세,중상
2022042300100124,2022년 4월 23일 10시,토요일,경기도 수원시 영통구 영통동,경상사고,0,0,1,0,차대차 - 측면충돌,안전운전불이행,건조,맑음,교차로 - 교차로부근,승용,남,24세,상해없음,승용,여,57세,경상
2022042300100125,2022년 4월 23일 10시,토요일,경기도 수원시 권선구 권선동,경상사고,0,0,2,0,차대차 - 측면충돌,교차로운행방법위반,건조,맑음,교차로 - 교차로안,승용,남,57세,상해없음,승용,남,34세,경상
2022042300100154,2022년 4월 23일 11시,토요일,경기도 수원시 장안구 정자동,경상사고,0,0,1,0,차대사람 - 횡단중,안전운전불이행,건조,맑음,교차로 - 교차로횡단보도내,승용,여,75세,상해없음,보행자,남,51세,경상
2022042300100189,2022년 4월 23일 12시,토요일,경기도 수원시 권선구 평동,경상사고,0,0,1,0,차대차 - 정면충돌,신호위반,건조,맑음,교차로 - 교차로안,승용,여,51세,상해없음,이륜,남,37세,경상
2022042300100293,2022년 4월 23일 15시,토요일,경기도 수원시 권선구 권선동,경상사고,0,0,4,0,차대차 - 측면충돌,차로위반,건조,맑음,교차로 - 교차로부근,승용,남,44세,상해없음,승용,남,29세,경상
2022042300100329,2022년 4월 23일 16시,토요일,경기도 수원시 팔달구 우만동,중상사고,0,1,0,0,차대사람 - 기타,안전운전불이행,건조,맑음,단일로 - 기타,개인형이동수단(PM),남,29세,상해없음,보행자,여,65세,중상
2022042300100412,2022년 4월 23일 18시,토요일,경기도 수원시 팔달구 매산로2가,중상사고,0,1,0,0,차대차 - 측면충돌,안전운전불이행,건조,맑음,교차로 - 교차로안,승용,여,67세,상해없음,자전거,남,54세,중상
2022042300100494,2022년 4월 23일 20시,토요일,경기도 수원시 권선구 고색동,중상사고,0,1,0,0,차대사람 - 차도통행중,안전운전불이행,건조,맑음,단일로 - 기타,승용,남,59세,상해없음,보행자,남,54세,중상
2022042400100003,2022년 4월 24일 00시,일요일,경기도 수원시 팔달구 화서동,중상사고,0,1,0,0,차대차 - 측면충돌,신호위반,건조,맑음,교차로 - 교차로안,승용,남,27세,상해없음,이륜,남,36세,중상
2022042400100024,2022년 4월 24일 01시,일요일,경기도 수원시 영통구 신동,중상사고,0,1,0,0,차대차 - 측면충돌,신호위반,건조,맑음,기타 - 기타,승용,남,48세,상해없음,자전거,남,26세,중상
2022042400100025,2022년 4월 24일 01시,일요일,경기도 수원시 팔달구 인계동,경상사고,0,0,1,0,차대사람 - 기타,안전운전불이행,기타,맑음,단일로 - 기타,승용,남,25세,상해없음,보행자,남,32세,경상
2022042400100093,2022년 4월 24일 09시,일요일,경기도 수원시 팔달구 지동,부상신고사고,0,0,0,1,차대차 - 기타,안전운전불이행,건조,맑음,단일로 - 기타,승용,남,33세,상해없음,승용,남,62세,상해없음
2022042400100130,2022년 4월 24일 11시,일요일,경기도 수원시 권선구 권선동,경상사고,0,0,1,0,차대차 - 측면충돌,차로위반,건조,맑음,단일로 - 기타,승용,여,42세,상해없음,승용,남,32세,경상
2022042400100145,2022년 4월 24일 12시,일요일,경기도 수원시 장안구 연무동,중상사고,0,1,0,1,차대차 - 측면충돌,직진우회전진행방해,건조,맑음,교차로 - 교차로안,이륜,남,40세,부상신고,이륜,남,58세,중상
2022042400100237,2022년 4월 24일 15시,일요일,경기도 수원시 팔달구 남수동,부상신고사고,0,0,0,3,차대차 - 측면충돌,안전운전불이행,건조,맑음,단일로 - 기타,승용,여,45세,상해없음,승용,남,35세,부상신고
2022042400100274,2022년 4월 24일 16시,일요일,경기도 수원시 영통구 망포동,중상사고,0,1,0,0,차대차 - 기타,중앙선침범,건조,맑음,단일로 - 기타,승용,남,33세,상해없음,이륜,남,39세,중상
2022042400100303,2022년 4월 24일 17시,일요일,경기도 수원시 장안구 송죽동,경상사고,0,0,1,0,차대사람 - 기타,안전운전불이행,건조,맑음,교차로 - 교차로안,승용,남,72세,상해없음,보행자,남,49세,경상
2022042400100387,2022년 4월 24일 20시,일요일,경기도 수원시 영통구 이의동,경상사고,0,0,1,0,차대차 - 기타,안전운전불이행,건조,맑음,기타 - 기타,기타불명,기타불명,미분류,기타불명,승용,남,44세,경상
2022042400100388,2022년 4월 24일 20시,일요일,경기도 수원시 영통구 이의동,경상사고,0,0,1,0,차대차 - 기타,안전운전불이행,건조,맑음,교차로 - 교차로안,승용,남,53세,기타불명,승용,여,41세,상해없음
2022042400100443,2022년 4월 24일 23시,일요일,경기도 수원시 권선구 권선동,경상사고,0,0,1,0,차대차 - 측면충돌,안전운전불이행,건조,맑음,교차로 - 교차로횡단보도내,승용,남,72세,상해없음,이륜,남,53세,경상
2022042500100091,2022년 4월 25일 08시,월요일,경기도 수원시 팔달구 인계동,경상사고,0,0,1,0,차대차 - 측면충돌,안전운전불이행,건조,맑음,단일로 - 기타,승용,남,27세,상해없음,승용,남,25세,경상
2022042500100156,2022년 4월 25일 10시,월요일,경기도 수원시 권선구 구운동,경상사고,0,0,1,0,차대차 - 추돌,신호위반,건조,맑음,교차로 - 교차로부근,화물,남,63세,상해없음,승용,남,58세,상해없음
2022042500100253,2022년 4월 25일 13시,월요일,경기도 수원시 장안구 연무동,경상사고,0,0,1,0,차대차 - 기타,안전거리미확보,건조,맑음,교차로 - 교차로부근,승합,남,51세,상해없음,승용,남,48세,경상
2022042500100281,2022년 4월 25일 14시,월요일,경기도 수원시 팔달구 남창동,경상사고,0,0,1,0,차대사람 - 기타,안전운전불이행,건조,맑음,단일로 - 기타,자전거,남,35세,상해없음,보행자,여,68세,경상
2022042500100335,2022년 4월 25일 15시,월요일,경기도 수원시 영통구 망포동,경상사고,0,0,3,0,차대차 - 측면충돌,안전운전불이행,건조,맑음,교차로 - 교차로안,승용,남,27세,경상,승용,여,50세,경상
2022042500100383,2022년 4월 25일 16시,월요일,경기도 수원시 팔달구 매산로1가,경상사고,0,0,1,0,차대사람 - 기타,안전운전불이행,건조,맑음,단일로 - 기타,승용,남,58세,상해없음,보행자,여,23세,경상
2022042500100431,2022년 4월 25일 17시,월요일,경기도 수원시 권선구 고색동,경상사고,0,0,1,0,차대차 - 추돌,안전운전불이행,건조,맑음,교차로 - 교차로부근,승용,여,46세,상해없음,승용,남,39세,경상
2022042500100432,2022년 4월 25일 17시,월요일,경기도 수원시 팔달구 매산로1가,경상사고,0,0,1,0,차대차 - 측면충돌,안전운전불이행,건조,맑음,교차로 - 교차로안,승용,여,26세,상해없음,승합,남,54세,경상
2022042500100467,2022년 4월 25일 18시,월요일,경기도 수원시 팔달구 매산로1가,경상사고,0,0,1,1,차대차 - 추돌,안전운전불이행,건조,맑음,단일로 - 기타,승용,남,25세,상해없음,승용,여,34세,경상
2022042500100501,2022년 4월 25일 19시,월요일,경기도 수원시 장안구 조원동,경상사고,0,0,1,1,차대차 - 기타,안전운전불이행,건조,맑음,교차로 - 교차로안,승용,남,58세,부상신고,승용,남,26세,경상
2022042500100502,2022년 4월 25일 19시,월요일,경기도 수원시 영통구 하동,경상사고,0,0,1,0,차대차 - 측면충돌,안전거리미확보,건조,맑음,단일로 - 기타,화물,여,41세,상해없음,승용,여,31세,경상
2022042500100533,2022년 4월 25일 20시,월요일,경기도 수원시 장안구 정자동,중상사고,0,1,1,0,차대차 - 추돌,기타,건조,맑음,교차로 - 교차로안,이륜,남,43세,중상,이륜,남,17세,경상
2022042600100006,2022년 4월 26일 00시,화요일,경기도 수원시 장안구 파장동,경상사고,0,0,1,0,차대차 - 후진중충돌,안전운전불이행,젖음/습기,비,교차로 - 교차로부근,승용,여,65세,상해없음,승용,남,52세,상해없음
2022042600100008,2022년 4월 26일 00시,화요일,경기도 수원시 권선구 곡반정동,경상사고,0,0,1,0,차대차 - 추돌,안전운전불이행,젖음/습기,비,교차로 - 교차로부근,승용,남,29세,상해없음,승용,남,37세,경상
2022042600100038,2022년 4월 26일 02시,화요일,경기도 수원시 권선구 권선동,부상신고사고,0,0,0,1,차대차 - 측면충돌,교차로운행방법위반,젖음/습기,비,교차로 - 교차로부근,승용,남,51세,상해없음,이륜,남,48세,부상신고
2022042600100112,2022년 4월 26일 08시,화요일,경기도 수원시 권선구 고색동,경상사고,0,0,1,0,차대차 - 측면충돌,안전운전불이행,건조,맑음,교차로 - 교차로안,화물,남,57세,상해없음,자전거,남,73세,경상
2022042600100194,2022년 4월 26일 10시,화요일,경기도 수원시 권선구 권선동,경상사고,0,0,2,0,차대차 - 측면충돌,안전운전불이행,건조,맑음,교차로 - 교차로안,승용,여,63세,상해없음,승용,남,65세,경상
2022042600100258,2022년 4월 26일 12시,화요일,경기도 수원시 장안구 정자동,중상사고,0,1,0,0,차대차 - 기타,안전운전불이행,건조,맑음,교차로 - 교차로안,승용,여,42세,상해없음,자전거,남,58세,중상
2022042600100262,2022년 4월 26일 12시,화요일,경기도 수원시 권선구 세류동,경상사고,0,0,1,0,차대차 - 정면충돌,신호위반,건조,맑음,교차로 - 교차로안,승용,여,60세,상해없음,이륜,남,69세,경상
2022042600100345,2022년 4월 26일 15시,화요일,경기도 수원시 영통구 원천동,경상사고,0,0,1,0,차대차 - 추돌,안전운전불이행,건조,맑음,기타 - 기타,승용,남,41세,상해없음,승용,남,63세,경상
2022042600100348,2022년 4월 26일 15시,화요일,경기도 수원시 권선구 서둔동,경상사고,0,0,1,0,차대사람 - 기타,안전운전불이행,건조,맑음,기타 - 기타,자전거,남,72세,상해없음,보행자,남,58세,경상
2022042600100396,2022년 4월 26일 17시,화요일,경기도 수원시 장안구 영화동,중상사고,0,1,0,0,차대차 - 기타,안전거리미확보,건조,맑음,단일로 - 기타,승용,남,69세,상해없음,이륜,남,49세,중상
2022042600100401,2022년 4월 26일 17시,화요일,경기도 수원시 팔달구 인계동,경상사고,0,0,3,0,차대차 - 측면충돌,안전운전불이행,건조,맑음,교차로 - 교차로부근,승용,여,48세,경상,승용,남,53세,경상
2022042600100432,2022년 4월 26일 18시,화요일,경기도 수원시 팔달구 화서동,경상사고,0,0,1,0,차대차 - 기타,안전운전불이행,건조,맑음,단일로 - 기타,승용,남,63세,상해없음,이륜,여,22세,경상
2022042600100433,2022년 4월 26일 18시,화요일,경기도 수원시 팔달구 북수동,경상사고,0,0,2,0,차대차 - 기타,안전거리미확보,건조,맑음,단일로 - 기타,승용,남,19세,기타불명,승용,남,26세,경상