사고번호,사고일시,요일,시군구,사고내용,사망자수,중상자수,경상자수,부상신고자수,사고유형,법규위반,노면상태,기상상태,도로형태,가해운전자 차종,가해운전자 성별,가해운전자 연령,가해운전자 상해정도,피해운전자 차종,피해운전자 성별,피해운전자 연령,피해운전자 상해정도
2022050400100389,2022년 5월 4일 15시,수요일,경기도 수원시 장안구 송죽동,경상사고,0,0,1,0,차대차 - 추돌,안전거리미확보,건조,맑음,교차로 - 교차로안,승용,여,29세,상해없음,승용,남,36세,경상
2022050400100471,2022년 5월 4일 17시,수요일,경기도 수원시 권선구 세류동,경상사고,0,0,1,0,차대차 - 기타,안전운전불이행,건조,맑음,교차로 - 교차로부근,이륜,남,51세,상해없음,승용,남,57세,경상
2022050400100533,2022년 5월 4일 18시,수요일,경기도 수원시 장안구 파장동,중상사고,0,1,0,0,차대차 - 기타,신호위반,건조,맑음,교차로 - 교차로안,이륜,남,51세,상해없음,승용,남,61세,중상
2022050400100534,2022년 5월 4일 18시,수요일,경기도 수원시 장안구 송죽동,경상사고,0,0,1,0,차대사람 - 기타,안전운전불이행,건조,맑음,교차로 - 교차로안,승용,여,42세,상해없음,보행자,여,75세,경상
2022050400100539,2022년 5월 4일 18시,수요일,경기도 수원시 영통구 망포동,경상사고,0,0,2,0,차대차 - 측면충돌,신호위반,건조,맑음,교차로 - 교차로안,이륜,남,32세,경상,승용,남,23세,경상
2022050400100540,2022년 5월 4일 18시,수요일,경기도 수원시 권선구 권선동,경상사고,0,0,1,0,차대차 - 측면충돌,안전거리미확보,건조,맑음,단일로 - 기타,승합,남,53세,상해없음,이륜,남,23세,경상
2022050400100603,2022년 5월 4일 19시,수요일,경기도 수원시 권선구 세류동,중상사고,0,1,0,0,차대차 - 측면충돌,안전운전불이행,건조,맑음,교차로 - 교차로부근,승용,여,46세,상해없음,자전거,남,85세,중상
2022050400100670,2022년 5월 4일 21시,수요일,경기도 수원시 장안구 송죽동,경상사고,0,0,1,0,차대사람 - 기타,안전운전불이행,건조,맑음,교차로 - 교차로안,승용,남,64세,상해없음,보행자,여,61세,경상
2022050400100696,2022년 5월 4일 22시,수요일,경기도 수원시 장안구 천천동,중상사고,0,1,1,1,차대차 - 추돌,안전운전불이행,건조,맑음,교차로 - 교차로부근,승용,남,22세,상해없음,승용,남,56세,경상
2022050500100083,2022년 5월 5일 08시,목요일,경기도 수원시 장안구 이목동,중상사고,0,1,0,0,차대차 - 기타,교차로운행방법위반,건조,맑음,교차로 - 교차로횡단보도내,화물,남,71세,기타불명,승용,남,29세,중상
2022050500100116,2022년 5월 5일 10시,목요일,경기도 수원시 영통구 원천동,중상사고,0,1,0,0,차대차 - 측면충돌,안전운전불이행,건조,맑음,교차로 - 교차로안,화물,남,56세,상해없음,이륜,남,60세,중상
2022050500100150,2022년 5월 5일 11시,목요일,경기도 수원시 권선구 호매실동,경상사고,0,0,1,0,차대차 - 기타,안전거리미확보,건조,맑음,단일로 - 기타,건설기계,남,61세,상해없음,승용,남,55세,경상
2022050500100182,2022년 5월 5일 12시,목요일,경기도 수원시 권선구 탑동,부상신고사고,0,0,0,1,차대차 - 정면충돌,안전운전불이행,건조,맑음,교차로 - 교차로안,이륜,남,54세,부상신고,승용,남,27세,상해없음
2022050500100209,2022년 5월 5일 13시,목요일,경기도 수원시 장안구 정자동,경상사고,0,0,2,0,차대차 - 기타,안전운전불이행,건조,맑음,교차로 - 교차로부근,원동기,남,40세,기타불명,승용,남,36세,경상
2022050500100212,2022년 5월 5일 13시,목요일,경기도 수원시 팔달구 인계동,중상사고,0,1,0,0,차대차 - 기타,기타,건조,맑음,교차로 - 교차로부근,승용,여,50세,상해없음,이륜,남,31세,중상
2022050500100213,2022년 5월 5일 13시,목요일,경기도 수원시 영통구 하동,경상사고,0,0,1,0,차대사람 - 기타,안전운전불이행,건조,맑음,단일로 - 기타,기타불명,기타불명,미분류,기타불명,보행자,남,65세,경상
2022050500100437,2022년 5월 5일 19시,목요일,경기도 수원시 장안구 천천동,중상사고,0,1,0,0,차대차 - 기타,안전운전불이행,건조,맑음,교차로 - 교차로안,이륜,남,40세,기타불명,자전거,남,27세,중상
2022050500100438,2022년 5월 5일 19시,목요일,경기도 수원시 장안구 정자동,부상신고사고,0,0,0,1,차대차 - 기타,안전운전불이행,건조,맑음,단일로 - 기타,자전거,남,12세,부상신고,승용,여,39세,상해없음
2022050500100465,2022년 5월 5일 20시,목요일,경기도 수원시 팔달구 우만동,경상사고,0,0,1,0,차대차 - 추돌,안전운전불이행,건조,맑음,교차로 - 교차로부근,승용,남,68세,상해없음,승용,남,40세,경상
2022050500100492,2022년 5월 5일 21시,목요일,경기도 수원시 장안구 영화동,경상사고,0,0,3,0,차대차 - 추돌,신호위반,건조,맑음,교차로 - 교차로안,화물,남,47세,상해없음,승용,남,31세,경상
2022050500100533,2022년 5월 5일 23시,목요일,경기도 수원시 팔달구 인계동,경상사고,0,0,2,0,차대차 - 추돌,안전운전불이행,건조,맑음,단일로 - 기타,승용,남,28세,기타불명,승합,남,61세,상해없음
2022050600100110,2022년 5월 6일 09시,금요일,경기도 수원시 팔달구 인계동,경상사고,0,0,3,0,차대차 - 기타,안전거리미확보,건조,맑음,단일로 - 기타,승용,남,35세,경상,화물,남,48세,경상
2022050600100111,2022년 5월 6일 09시,금요일,경기도 수원시 권선구 오목천동,경상사고,0,0,4,0,차대차 - 기타,안전운전불이행,건조,맑음,교차로 - 교차로부근,승용,여,28세,상해없음,승용,남,49세,경상
2022050600100180,2022년 5월 6일 11시,금요일,경기도 수원시 영통구 이의동,경상사고,0,0,1,0,차대차 - 측면충돌,교차로운행방법위반,건조,맑음,교차로 - 교차로부근,승용,여,49세,상해없음,승용,남,60세,경상
2022050600100262,2022년 5월 6일 13시,금요일,경기도 수원시 장안구 조원동,경상사고,0,0,2,0,차대차 - 정면충돌,신호위반,건조,맑음,교차로 - 교차로안,승용,여,54세,상해없음,승용,여,49세,경상
2022050600100267,2022년 5월 6일 13시,금요일,경기도 수원시 권선구 금곡동,경상사고,0,0,2,0,차대차 - 측면충돌,신호위반,건조,맑음,교차로 - 교차로안,승용,남,35세,상해없음,승용,남,39세,경상
2022050600100353,2022년 5월 6일 15시,금요일,경기도 수원시 장안구 파장동,경상사고,0,0,2,0,차대차 - 측면충돌,안전거리미확보,건조,맑음,단일로 - 기타,건설기계,남,53세,상해없음,승용,남,49세,경상
2022050600100361,2022년 5월 6일 15시,금요일,경기도 수원시 영통구 매탄동,경상사고,0,0,1,0,차대차 - 측면충돌,안전운전불이행,건조,맑음,교차로 - 교차로안,개인형이동수단(PM),남,15세,기타불명,화물,남,27세,상해없음
2022050600100407,2022년 5월 6일 16시,금요일,경기도 수원시 팔달구 고등동,경상사고,0,0,1,0,차대차 - 기타,안전운전불이행,건조,맑음,교차로 - 교차로부근,승용,여,26세,상해없음,승용,남,28세,경상
2022050600100640,2022년 5월 6일 22시,금요일,경기도 수원시 팔달구 우만동,경상사고,0,0,1,0,차대차 - 측면충돌,안전운전불이행,건조,맑음,교차로 - 교차로안,승용,남,39세,상해없음,승용,여,38세,경상
2022050600100641,2022년 5월 6일 22시,금요일,경기도 수원시 장안구 파장동,경상사고,0,0,1,0,차대차 - 기타,안전거리미확보,건조,맑음,단일로 - 기타,승용,여,61세,상해없음,화물,여,55세,경상
2022050600100646,2022년 5월 6일 22시,금요일,경기도 수원시 팔달구 매산로3가,부상신고사고,0,0,0,1,차대사람 - 횡단중,신호위반,건조,맑음,교차로 - 교차로안,승용,여,59세,상해없음,보행자,남,52세,부상신고
2022050600100659,2022년 5월 6일 23시,금요일,경기도 수원시 팔달구 인계동,경상사고,0,0,1,0,차대사람 - 길가장자리구역통행중,안전운전불이행,건조,맑음,단일로 - 기타,승용,남,58세,상해없음,보행자,남,22세,경상
2022050700100028,2022년 5월 7일 03시,토요일,경기도 수원시 팔달구 매산로2가,경상사고,0,0,1,0,차대사람 - 차도통행중,안전운전불이행,건조,맑음,단일로 - 기타,승용,남,62세,상해없음,보행자,남,49세,경상
2022050700100048,2022년 5월 7일 06시,토요일,경기도 수원시 장안구 조원동,부상신고사고,0,0,0,1,차대차 - 측면충돌,신호위반,건조,맑음,교차로 - 교차로안,원동기,남,22세,부상신고,승용,남,53세,상해없음
2022050700100073,2022년 5월 7일 08시,토요일,경기도 수원시 영통구 매탄동,경상사고,0,0,2,0,차대차 - 측면충돌,교차로운행방법위반,건조,맑음,교차로 - 교차로안,승용,남,59세,상해없음,승용,남,66세,경상
2022050700100108,2022년 5월 7일 10시,토요일,경기도 수원시 팔달구 매산로3가,경상사고,0,0,1,0,차대차 - 기타,안전운전불이행,건조,맑음,교차로 - 교차로부근,기타불명,기타불명,미분류,기타불명,자전거,남,36세,경상
2022050700100136,2022년 5월 7일 11시,토요일,경기도 수원시 팔달구 인계동,중상사고,0,1,0,0,차대사람 - 기타,안전운전불이행,건조,맑음,기타 - 기타,승용,남,55세,상해없음,보행자,남,22세,중상
2022050700100171,2022년 5월 7일 12시,토요일,경기도 수원시 팔달구 지동,중상사고,0,3,1,0,차량단독 - 기타,안전운전불이행,건조,맑음,단일로 - 기타,승합,남,69세,상해없음,,,,
2022050700100220,2022년 5월 7일 13시,토요일,경기도 수원시 영통구 원천동,경상사고,0,0,1,0,차대사람 - 기타,안전운전불이행,건조,맑음,단일로 - 기타,승용,여,23세,상해없음,보행자,남,50세,경상
2022050700100221,2022년 5월 7일 13시,토요일,경기도 수원시 영통구 매탄동,중상사고,0,1,0,0,차대차 - 측면충돌,안전운전불이행,건조,맑음,교차로 - 교차로안,이륜,남,28세,중상,승용,남,44세,상해없음
2022050700100262,2022년 5월 7일 14시,토요일,경기도 수원시 팔달구 매산로1가,경상사고,0,0,3,1,차대차 - 측면충돌,안전거리미확보,건조,맑음,단일로 - 기타,승용,남,71세,상해없음,승용,남,31세,경상
2022050700100330,2022년 5월 7일 16시,토요일,경기도 수원시 팔달구 우만동,경상사고,0,0,1,0,차대사람 - 기타,안전운전불이행,건조,맑음,기타 - 기타,개인형이동수단(PM),남,73세,상해없음,보행자,남,68세,경상
2022050700100370,2022년 5월 7일 17시,토요일,경기도 수원시 장안구 천천동,경상사고,0,0,2,0,차대차 - 측면충돌,교차로운행방법위반,건조,맑음,교차로 - 교차로안,승용,남,63세,기타불명,승용,남,39세,경상
2022050700100378,2022년 5월 7일 17시,토요일,경기도 수원시 권선구 서둔동,경상사고,0,0,1,2,차대차 - 기타,안전거리미확보,건조,맑음,교차로 - 교차로부근,승용,여,72세,상해없음,승용,여,28세,경상
2022050700100412,2022년 5월 7일 18시,토요일,경기도 수원시 영통구 원천동,경상사고,0,0,1,0,차대차 - 측면충돌,신호위반,건조,맑음,교차로 - 교차로안,승용,여,64세,상해없음,이륜,남,37세,경상
2022050700100447,2022년 5월 7일 19시,토요일,경기도 수원시 권선구 구운동,경상사고,0,0,1,0,차대차 - 후진중충돌,안전운전불이행,건조,맑음,교차로 - 교차로부근,화물,남,58세,상해없음,이륜,남,23세,경상
2022050700100472,2022년 5월 7일 20시,토요일,경기도 수원시 팔달구 화서동,경상사고,0,0,1,0,차대차 - 정면충돌,안전운전불이행,건조,맑음,교차로 - 교차로안,승용,여,44세,상해없음,승용,남,29세,경상
2022050700100477,2022년 5월 7일 20시,토요일,경기도 수원시 권선구 구운동,경상사고,0,0,1,0,차대차 - 기타,안전거리미확보,건조,맑음,기타 - 기타,승용,여,29세,상해없음,승용,남,54세,경상
2022050700100478,2022년 5월 7일 20시,토요일,경기도 수원시 권선구 고색동,중상사고,0,1,0,0,차대차 - 기타,신호위반,건조,맑음,교차로 - 교차로부근,이륜,남,29세,중상,승용,남,57세,상해없음
2022050700100504,2022년 5월 7일 21시,토요일,경기도 수원시 팔달구 화서동,경상사고,0,0,2,0,차대차 - 기타,중앙선침범,건조,맑음,단일로 - 기타,이륜,남,26세,경상,이륜,남,19세,경상
2022050700100507,2022년 5월 7일 21시,토요일,경기도 수원시 영통구 이의동,경상사고,0,0,1,0,차대차 - 측면충돌,신호위반,건조,맑음,단일로 - 기타,승용,남,51세,상해없음,승용,남,38세,경상
2022050800100033,2022년 5월 8일 03시,일요일,경기도 수원시 팔달구 인계동,경상사고,0,0,1,0,차대사람 - 차도통행중,안전운전불이행,건조,맑음,단일로 - 기타,승용,남,29세,상해없음,보행자,남,54세,경상
2022050800100076,2022년 5월 8일 09시,일요일,경기도 수원시 권선구 호매실동,경상사고,0,0,1,0,차대차 - 측면충돌,안전운전불이행,건조,맑음,교차로 - 교차로부근,화물,남,41세,상해없음,승용,남,43세,경상
2022050800100253,2022년 5월 8일 15시,일요일,경기도 수원시 팔달구 고등동,경상사고,0,0,1,0,차대사람 - 기타,안전운전불이행,건조,맑음,단일로 - 기타,승용,남,47세,상해없음,보행자,여,54세,경상
2022050800100278,2022년 5월 8일 16시,일요일,경기도 수원시 팔달구 중동,경상사고,0,0,4,0,차대차 - 추돌,안전거리미확보,건조,맑음,교차로 - 교차로부근,승용,남,59세,상해없음,승용,남,32세,경상
2022050800100284,2022년 5월 8일 16시,일요일,경기도 수원시 영통구 영통동,경상사고,0,0,1,0,차대차 - 정면충돌,교차로운행방법위반,건조,맑음,단일로 - 지하차도(도로)내,승용,남,37세,상해없음,이륜,남,32세,경상
2022050800100405,2022년 5월 8일 20시,일요일,경기도 수원시 권선구 세류동,경상사고,0,0,1,0,차대차 - 기타,안전운전불이행,건조,맑음,단일로 - 기타,승합,남,40세,상해없음,원동기,남,48세,경상
2022050800100406,2022년 5월 8일 20시,일요일,경기도 수원시 팔달구 매산로1가,경상사고,0,0,1,0,차대차 - 기타,안전거리미확보,젖음/습기,비,단일로 - 기타,승용,남,29세,상해없음,승용,남,64세,경상
2022050800100435,2022년 5월 8일 21시,일요일,경기도 수원시 영통구 이의동,중상사고,0,2,1,0,차대차 - 측면충돌,신호위반,젖음/습기,맑음,교차로 - 교차로안,승용,남,64세,상해없음,승용,여,42세,중상
2022050800100436,2022년 5월 8일 21시,일요일,경기도 수원시 팔달구 인계동,경상사고,0,0,1,0,차대차 - 측면충돌,안전운전불이행,젖음/습기,비,교차로 - 교차로부근,승용,남,34세,상해없음,승용,여,50세,경상
2022050800100441,2022년 5월 8일 21시,일요일,경기도 수원시 팔달구 교동,중상사고,0,1,0,0,차대사람 - 횡단중,안전운전불이행,젖음/습기,비,단일로 - 기타,개인형이동수단(PM),여,57세,상해없음,보행자,여,66세,중상
2022050900100007,2022년 5월 9일 00시,월요일,경기도 수원시 권선구 호매실동,경상사고,0,0,1,0,차대차 - 추돌,안전운전불이행,건조,맑음,단일로 - 기타,승용,남,22세,상해없음,승용,남,48세,경상
2022050900100167,2022년 5월 9일 10시,월요일,경기도 수원시 영통구 매탄동,경상사고,0,0,1,0,차대차 - 측면충돌,기타,건조,맑음,단일로 - 기타,화물,남,41세,상해없음,개인형이동수단(PM),여,36세,경상
2022050900100264,2022년 5월 9일 13시,월요일,경기도 수원시 장안구 정자동,중상사고,0,1,0,0,차량단독 - 기타,기타,건조,맑음,교차로 - 교차로부근,승합,남,63세,상해없음,,,,
2022050900100348,2022년 5월 9일 15시,월요일,경기도 수원시 장안구 영화동,경상사고,0,0,1,0,차대차 - 기타,안전운전불이행,건조,맑음,단일로 - 기타,승용,남,36세,경상,승용,남,69세,상해없음
2022050900100355,2022년 5월 9일 15시,월요일,경기도 수원시 팔달구 고등동,경상사고,0,0,1,0,차대사람 - 횡단중,안전운전불이행,건조,맑음,교차로 - 교차로부근,승용,남,53세,상해없음,보행자,남,8세,경상
2022050900100395,2022년 5월 9일 16시,월요일,경기도 수원시 영통구 매탄동,중상사고,0,1,0,0,차대차 - 측면충돌,안전운전불이행,건조,맑음,교차로 - 교차로안,승합,남,56세,상해없음,자전거,남,15세,중상
2022050900100482,2022년 5월 9일 18시,월요일,경기도 수원시 장안구 파장동,경상사고,0,0,2,0,차대차 - 측면충돌,차로위반,건조,맑음,단일로 - 기타,승용,남,64세,상해없음,승용,여,45세,경상
2022050900100483,2022년 5월 9일 18시,월요일,경기도 수원시 팔달구 화서동,부상신고사고,0,0,0,1,차대사람 - 길가장자리구역통행중,안전운전불이행,건조,맑음,단일로 - 기타,승합,남,63세,상해없음,보행자,남,63세,부상신고
2022050900100557,2022년 5월 9일 20시,월요일,경기도 수원시 권선구 평동,경상사고,0,0,1,0,차대차 - 측면충돌,안전거리미확보,건조,맑음,교차로 - 교차로안,승용,남,75세,상해없음,승합,여,53세,상해없음
2022051000100005,2022년 5월 10일 00시,화요일,경기도 수원시 팔달구 인계동,부상신고사고,0,0,0,1,차대차 - 추돌,안전운전불이행,건조,맑음,교차로 - 교차로부근,승용,남,57세,상해없음,이륜,남,55세,부상신고
2022051000100033,2022년 5월 10일 04시,화요일,경기도 수원시 팔달구 인계동,경상사고,0,0,1,0,차대사람 - 기타,안전운전불이행,건조,맑음,단일로 - 기타,승용,남,67세,상해없음,보행자,남,24세,경상
2022051000100091,2022년 5월 10일 08시,화요일,경기도 수원시 권선구 권선동,경상사고,0,0,3,0,차대차 - 측면충돌,교차로운행방법위반,건조,맑음,교차로 - 교차로안,승용,남,58세,상해없음,승용,남,50세,경상
2022051000100092,2022년 5월 10일 08시,화요일,경기도 수원시 팔달구 인계동,경상사고,0,0,1,0,차대차 - 추돌,안전운전불이행,건조,맑음,기타 - 기타,승용,남,19세,상해없음,승용,여,32세,경상
2022051000100151,2022년 5월 10일 09시,화요일,경기도 수원시 팔달구 매산로1가,경상사고,0,0,1,0,차대사람 - 기타,안전운전불이행,건조,맑음,기타 - 기타,화물,남,41세,상해없음,보행자,여,82세,경상
2022051000100187,2022년 5월 10일 10시,화요일,경기도 수원시 권선구 탑동,경상사고,0,0,1,0,차대차 - 측면충돌,직진우회전진행방해,건조,맑음,교차로 - 교차로안,화물,남,70세,상해없음,승용,여,22세,경상
2022051000100398,2022년 5월 10일 16시,화요일,경기도 수원시 장안구 이목동,경상사고,0,0,1,0,차대차 - 추돌,안전운전불이행,건조,맑음,교차로 - 교차로부근,승용,남,61세,상해없음,승용,여,31세,경상
2022051000100399,2022년 5월 10일 16시,화요일,경기도 수원시 팔달구 북수동,중상사고,0,1,0,0,차대사람 - 차도통행중,안전운전불이행,건조,맑음,교차로 - 교차로안,승용,남,20세,상해없음,보행자,여,70세,중상
2022051000100480,2022년 5월 10일 18시,화요일,경기도 수원시 장안구 이목동,중상사고,0,1,0,0,차대차 - 기타,안전운전불이행,건조,맑음,교차로 - 교차로부근,승합,남,42세,상해없음,원동기,남,91세,중상
2022051000100549,2022년 5월 10일 20시,화요일,경기도 수원시 영통구 매탄동,부상신고사고,0,0,0,2,차대차 - 측면충돌,안전운전불이행,건조,맑음,단일로 - 기타,승합,남,72세,상해없음,승용,남,28세,부상신고
2022051100100010,2022년 5월 11일 01시,수요일,경기도 수원시 팔달구 인계동,중상사고,0,1,1,0,차대차 - 측면충돌,안전운전불이행,건조,맑음,단일로 - 지하차도(도로)내,승용,남,52세,경상,이륜,남,31세,중상
2022051100100124,2022년 5월 11일 09시,수요일,경기도 수원시 장안구 영화동,경상사고,0,0,1,0,차대사람 - 기타,안전운전불이행,건조,맑음,교차로 - 교차로안,승용,남,26세,상해없음,보행자,여,81세,경상
2022051100100299,2022년 5월 11일 15시,수요일,경기도 수원시 장안구 송죽동,경상사고,0,0,1,0,차대차 - 기타,안전운전불이행,건조,맑음,교차로 - 교차로부근,승용,남,62세,상해없음,이륜,남,32세,경상
2022051100100391,2022년 5월 11일 17시,수요일,경기도 수원시 영통구 매탄동,경상사고,0,0,1,0,차대사람 - 기타,안전운전불이행,건조,맑음,기타 - 기타,승용,남,51세,상해없음,보행자,남,40세,경상
2022051100100392,2022년 5월 11일 17시,수요일,경기도 수원시 팔달구 인계동,경상사고,0,0,1,0,차대차 - 기타,안전운전불이행,건조,맑음,단일로 - 기타,승용,남,62세,상해없음,개인형이동수단(PM),남,43세,경상
2022051100100393,2022년 5월 11일 17시,수요일,경기도 수원시 권선구 세류동,경상사고,0,0,1,0,차대차 - 추돌,안전운전불이행,건조,맑음,단일로 - 기타,승용,남,32세,상해없음,이륜,남,43세,경상
2022051100100430,2022년 5월 11일 18시,수요일,경기도 수원시 장안구 연무동,중상사고,0,1,0,0,차량단독 - 기타,안전거리미확보,건조,맑음,단일로 - 기타,승합,남,58세,상해없음,,,,
2022051100100476,2022년 5월 11일 19시,수요일,경기도 수원시 장안구 이목동,경상사고,0,0,1,0,차대차 - 추돌,안전거리미확보,건조,맑음,교차로 - 교차로부근,승용,여,51세,상해없음,승용,남,44세,경상
2022051100100535,2022년 5월 11일 21시,수요일,경기도 수원시 장안구 정자동,경상사고,0,0,1,0,차대차 - 추돌,안전운전불이행,건조,맑음,교차로 - 교차로부근,승용,남,46세,상해없음,승용,남,40세,상해없음
2022051100100553,2022년 5월 11일 22시,수요일,경기도 수원시 팔달구 고등동,경상사고,0,0,1,0,차대차 - 기타,교차로운행방법위반,건조,맑음,교차로 - 교차로안,승용,남,67세,상해없음,이륜,남,24세,경상
2022051100100570,2022년 5월 11일 23시,수요일,경기도 수원시 권선구 권선동,경상사고,0,0,3,0,차대차 - 추돌,안전운전불이행,건조,맑음,교차로 - 교차로부근,승용,여,33세,기타불명,승용,남,41세,경상
2022051200100008,2022년 5월 12일 00시,목요일,경기도 수원시 팔달구 인계동,경상사고,0,0,1,0,차대차 - 추돌,안전운전불이행,건조,맑음,교차로 - 교차로부근,승용,남,52세,상해없음,승용,남,60세,상해없음
2022051200100053,2022년 5월 12일 06시,목요일,경기도 수원시 장안구 정자동,경상사고,0,0,1,0,차대차 - 측면충돌,안전운전불이행,건조,맑음,교차로 - 교차로안,승합,남,65세,상해없음,승합,남,56세,경상
2022051200100097,2022년 5월 12일 08시,목요일,경기도 수원시 장안구 정자동,경상사고,0,0,1,0,차대차 - 기타,직진우회전진행방해,건조,맑음,교차로 - 교차로부근,승용,여,52세,상해없음,승용,남,29세,경상
2022051200100144,2022년 5월 12일 09시,목요일,경기도 수원시 권선구 권선동,경상사고,0,0,1,0,차대차 - 추돌,안전운전불이행,건조,맑음,단일로 - 기타,승용,남,44세,상해없음,승용,여,25세,경상
2022051200100195,2022년 5월 12일 11시,목요일,경기도 수원시 권선구 탑동,경상사고,0,0,1,0,차대차 - 측면충돌,안전운전불이행,건조,맑음,교차로 - 교차로부근,화물,남,34세,상해없음,승용,남,38세,경상
2022051200100253,2022년 5월 12일 13시,목요일,경기도 수원시 권선구 곡반정동,경상사고,0,0,1,0,차대사람 - 횡단중,보행자보호의무위반,건조,맑음,교차로 - 교차로횡단보도내,승용,남,55세,상해없음,보행자,남,45세,경상
2022051200100322,2022년 5월 12일 15시,목요일,경기도 수원시 권선구 호매실동,중상사고,0,1,0,0,차대차 - 측면충돌,안전운전불이행,건조,맑음,단일로 - 기타,건설기계,남,62세,상해없음,승용,남,39세,중상
2022051200100359,2022년 5월 12일 16시,목요일,경기도 수원시 팔달구 우만동,경상사고,0,0,1,0,차대차 - 추돌,안전운전불이행,건조,맑음,교차로 - 교차로부근,승용,여,43세,상해없음,승용,여,41세,경상
2022051200100360,2022년 5월 12일 16시,목요일,경기도 수원시 장안구 조원동,경상사고,0,0,1,0,차대차 - 기타,안전운전불이행,건조,맑음,단일로 - 기타,화물,남,42세,상해없음,승용,남,62세,경상
2022051200100403,2022년 5월 12일 17시,목요일,경기도 수원시 팔달구 고등동,중상사고,0,1,0,0,차대차 - 정면충돌,안전운전불이행,건조,맑음,교차로 - 교차로안,승용,여,34세,상해없음,개인형이동수단(PM),남,81세,중상
2022051200100453,2022년 5월 12일 18시,목요일,경기도 수원시 영통구 매탄동,중상사고,0,1,0,0,차대차 - 측면충돌,신호위반,건조,맑음,교차로 - 교차로안,승용,여,24세,상해없음,이륜,남,53세,중상
2022051200100456,2022년 5월 12일 18시,목요일,경기도 수원시 권선구 구운동,경상사고,0,0,1,0,차대차 - 측면충돌,안전거리미확보,건조,맑음,단일로 - 기타,승용,여,41세,상해없음,승용,여,28세,경상
2022051200100556,2022년 5월 12일 21시,목요일,경기도 수원시 장안구 파장동,경상사고,0,0,1,0,차대차 - 추돌,안전운전불이행,건조,맑음,교차로 - 교차로부근,승용,남,65세,상해없음,승용,남,41세,경상
2022051300100029,2022년 5월 13일 04시,금요일,경기도 수원시 팔달구 우만동,경상사고,0,0,2,0,차대차 - 기타,교차로운행방법위반,건조,흐림,교차로 - 교차로안,자전거,남,52세,경상,승용,남,66세,상해없음
2022051300100043,2022년 5월 13일 06시,금요일,경기도 수원시 영통구 신동,중상사고,0,1,0,0,차대차 - 측면충돌,안전운전불이행,건조,맑음,교차로 - 교차로횡단보도내,화물,남,53세,상해없음,자전거,여,26세,중상
2022051300100142,2022년 5월 13일 09시,금요일,경기도 수원시 권선구 구운동,경상사고,0,0,1,0,차량단독 - 기타,안전운전불이행,건조,맑음,단일로 - 기타,승합,남,63세,상해없음,,,,
2022051300100211,2022년 5월 13일 11시,금요일,경기도 수원시 팔달구 인계동,경상사고,0,0,1,0,차대사람 - 길가장자리구역통행중,안전운전불이행,건조,맑음,단일로 - 기타,승용,여,36세,상해없음,보행자,여,20세,경상
2022051300100245,2022년 5월 13일 12시,금요일,경기도 수원시 장안구 정자동,부상신고사고,0,0,0,1,차대차 - 기타,안전운전불이행,건조,맑음,단일로 - 기타,자전거,남,31세,부상신고,승용,여,66세,상해없음
2022051300100252,2022년 5월 13일 12시,금요일,경기도 수원시 권선구 곡반정동,경상사고,0,0,1,0,차대차 - 정면충돌,교차로운행방법위반,건조,맑음,단일로 - 지하차도(도로)내,승용,남,35세,상해없음,이륜,남,42세,경상
2022051300100287,2022년 5월 13일 13시,금요일,경기도 수원시 권선구 고색동,경상사고,0,0,1,0,차대차 - 기타,교차로운행방법위반,건조,맑음,교차로 - 교차로부근,화물,남,27세,상해없음,화물,남,63세,경상
2022051300100312,2022년 5월 13일 14시,금요일,경기도 수원시 팔달구 북수동,중상사고,0,1,0,0,차대차 - 기타,안전거리미확보,건조,맑음,교차로 - 교차로부근,특수,남,45세,상해없음,이륜,남,53세,중상
2022051300100318,2022년 5월 13일 14시,금요일,경기도 수원시 권선구 권선동,경상사고,0,0,1,0,차대차 - 측면충돌,안전운전불이행,건조,맑음,교차로 - 교차로부근,이륜,남,22세,상해없음,승용,여,31세,경상
2022051300100355,2022년 5월 13일 15시,금요일,경기도 수원시 팔달구 교동,경상사고,0,0,2,0,차대차 - 추돌,안전운전불이행,건조,맑음,교차로 - 교차로안,승합,남,58세,경상,승용,여,42세,경상
2022051300100415,2022년 5월 13일 17시,금요일,경기도 수원시 장안구 정자동,중상사고,0,1,0,0,차대사람 - 기타,안전운전불이행,건조,맑음,기타 - 기타,자전거,남,25세,기타불명,보행자,여,51세,중상
2022051300100424,2022년 5월 13일 17시,금요일,경기도 수원시 권선구 호매실동,중상사고,0,1,0,0,차대사람 - 보도통행중,보행자보호의무위반,건조,맑음,단일로 - 기타,승용,여,49세,상해없음,보행자,여,12세,중상
2022051300100470,2022년 5월 13일 18시,금요일,경기도 수원시 장안구 율전동,경상사고,0,0,1,1,차대차 - 기타,기타,건조,맑음,교차로 - 교차로안,이륜,남,31세,부상신고,승용,여,32세,경상
2022051300100481,2022년 5월 13일 18시,금요일,경기도 수원시 권선구 세류동,경상사고,0,0,1,0,차대사람 - 기타,안전운전불이행,건조,맑음,교차로 - 교차로안,승용,남,37세,상해없음,보행자,남,12세,경상
2022051300100612,2022년 5월 13일 21시,금요일,경기도 수원시 영통구 매탄동,경상사고,0,0,1,0,차대차 - 기타,중앙선침범,건조,맑음,기타 - 기타,승합,남,52세,상해없음,승용,남,27세,경상