사고번호,사고일시,요일,시군구,사고내용,사망자수,중상자수,경상자수,부상신고자수,사고유형,법규위반,노면상태,기상상태,도로형태,가해운전자 차종,가해운전자 성별,가해운전자 연령,가해운전자 상해정도,피해운전자 차종,피해운전자 성별,피해운전자 연령,피해운전자 상해정도
2022051400100008,2022년 5월 14일 00시,토요일,경기도 수원시 팔달구 인계동,부상신고사고,0,0,0,1,차대사람 - 기타,안전운전불이행,건조,맑음,단일로 - 기타,승용,남,29세,상해없음,보행자,남,29세,부상신고
2022051400100031,2022년 5월 14일 02시,토요일,경기도 수원시 권선구 세류동,경상사고,0,0,5,0,차대차 - 추돌,안전운전불이행,건조,맑음,기타 - 기타,승용,남,40세,상해없음,승용,남,45세,경상
2022051400100103,2022년 5월 14일 08시,토요일,경기도 수원시 영통구 매탄동,경상사고,0,0,1,0,차대차 - 기타,안전운전불이행,건조,맑음,교차로 - 교차로부근,화물,남,54세,상해없음,승용,남,61세,경상
2022051400100154,2022년 5월 14일 10시,토요일,경기도 수원시 권선구 세류동,경상사고,0,0,1,0,차대차 - 측면충돌,안전운전불이행,건조,맑음,교차로 - 교차로부근,승용,남,48세,상해없음,자전거,여,25세,경상
2022051400100181,2022년 5월 14일 11시,토요일,경기도 수원시 팔달구 영동,중상사고,0,1,0,0,차대사람 - 횡단중,안전운전불이행,건조,맑음,교차로 - 교차로안,화물,남,76세,상해없음,보행자,여,74세,중상
2022051400100189,2022년 5월 14일 11시,토요일,경기도 수원시 권선구 권선동,경상사고,0,0,1,0,차대사람 - 차도통행중,안전운전불이행,건조,맑음,단일로 - 기타,승합,여,59세,상해없음,보행자,남,50세,경상
2022051400100264,2022년 5월 14일 13시,토요일,경기도 수원시 영통구 원천동,경상사고,0,0,1,0,차대차 - 추돌,안전거리미확보,건조,맑음,단일로 - 기타,이륜,남,40세,상해없음,승용,여,29세,경상
2022051400100266,2022년 5월 14일 13시,토요일,경기도 수원시 권선구 서둔동,경상사고,0,0,1,0,차대사람 - 기타,안전운전불이행,건조,맑음,단일로 - 기타,화물,남,41세,상해없음,보행자,남,62세,경상
2022051400100267,2022년 5월 14일 13시,토요일,경기도 수원시 권선구 평동,경상사고,0,0,1,0,차대차 - 측면충돌,안전거리미확보,건조,맑음,단일로 - 기타,화물,남,67세,상해없음,승용,남,31세,경상
2022051400100350,2022년 5월 14일 15시,토요일,경기도 수원시 장안구 율전동,경상사고,0,0,1,0,차대차 - 추돌,안전운전불이행,건조,맑음,교차로 - 교차로부근,승용,남,21세,상해없음,이륜,남,75세,경상
2022051400100362,2022년 5월 14일 15시,토요일,경기도 수원시 팔달구 매산로1가,부상신고사고,0,0,0,1,차대차 - 기타,안전거리미확보,건조,맑음,단일로 - 기타,승용,여,42세,상해없음,이륜,남,43세,부상신고
2022051400100490,2022년 5월 14일 18시,토요일,경기도 수원시 권선구 권선동,경상사고,0,0,1,0,차대차 - 기타,안전운전불이행,건조,맑음,교차로 - 교차로안,승용,여,41세,기타불명,승용,여,28세,경상
2022051400100491,2022년 5월 14일 18시,토요일,경기도 수원시 영통구 원천동,경상사고,0,0,1,0,차대차 - 측면충돌,안전운전불이행,건조,맑음,교차로 - 교차로횡단보도내,승용,남,42세,상해없음,자전거,남,46세,경상
2022051400100591,2022년 5월 14일 21시,토요일,경기도 수원시 장안구 영화동,경상사고,0,0,1,0,차대차 - 추돌,안전운전불이행,건조,맑음,교차로 - 교차로부근,승용,남,73세,상해없음,이륜,남,38세,경상
2022051400100618,2022년 5월 14일 22시,토요일,경기도 수원시 팔달구 인계동,중상사고,0,1,0,0,차대사람 - 기타,안전운전불이행,건조,맑음,단일로 - 기타,승용,남,23세,상해없음,보행자,남,44세,중상
2022051400100641,2022년 5월 14일 23시,토요일,경기도 수원시 장안구 정자동,경상사고,0,0,1,0,차대차 - 기타,안전운전불이행,건조,맑음,단일로 - 기타,승용,남,44세,상해없음,이륜,남,57세,경상
2022051500100008,2022년 5월 15일 00시,일요일,경기도 수원시 권선구 권선동,경상사고,0,0,6,0,차대차 - 측면충돌,신호위반,건조,맑음,교차로 - 교차로안,승용,남,60세,상해없음,승용,남,39세,경상
2022051500100075,2022년 5월 15일 05시,일요일,경기도 수원시 권선구 입북동,중상사고,0,2,0,0,차대차 - 기타,안전운전불이행,건조,맑음,단일로 - 기타,승용,남,32세,상해없음,승용,남,66세,중상
2022051500100090,2022년 5월 15일 07시,일요일,경기도 수원시 팔달구 화서동,경상사고,0,0,2,0,차대차 - 기타,신호위반,건조,맑음,교차로 - 교차로안,승용,남,69세,상해없음,승용,남,44세,상해없음
2022051500100161,2022년 5월 15일 11시,일요일,경기도 수원시 팔달구 인계동,경상사고,0,0,1,0,차대차 - 측면충돌,안전거리미확보,건조,맑음,단일로 - 기타,승용,남,30세,상해없음,승용,여,34세,경상
2022051500100222,2022년 5월 15일 13시,일요일,경기도 수원시 권선구 평동,경상사고,0,0,1,0,차대차 - 기타,안전운전불이행,건조,맑음,기타 - 기타,승용,남,25세,상해없음,승용,여,32세,경상
2022051500100292,2022년 5월 15일 15시,일요일,경기도 수원시 권선구 오목천동,경상사고,0,0,1,0,차대차 - 추돌,안전운전불이행,건조,맑음,기타 - 기타,건설기계,남,57세,상해없음,건설기계,남,42세,경상
2022051500100317,2022년 5월 15일 16시,일요일,경기도 수원시 영통구 영통동,경상사고,0,0,1,0,차대차 - 측면충돌,안전운전불이행,건조,맑음,교차로 - 교차로부근,승용,여,24세,상해없음,승용,남,37세,경상
2022051500100396,2022년 5월 15일 18시,일요일,경기도 수원시 장안구 영화동,경상사고,0,0,1,0,차대사람 - 기타,안전운전불이행,건조,맑음,교차로 - 교차로안,승용,남,37세,상해없음,보행자,남,8세,경상
2022051500100421,2022년 5월 15일 19시,일요일,경기도 수원시 팔달구 우만동,부상신고사고,0,0,0,1,차대차 - 정면충돌,신호위반,건조,맑음,교차로 - 교차로안,개인형이동수단(PM),남,14세,부상신고,승용,남,64세,상해없음
2022051500100441,2022년 5월 15일 20시,일요일,경기도 수원시 팔달구 화서동,경상사고,0,0,2,0,차대차 - 측면충돌,안전거리미확보,건조,맑음,교차로 - 교차로안,승용,남,48세,상해없음,승용,남,25세,경상
2022051500100444,2022년 5월 15일 20시,일요일,경기도 수원시 팔달구 인계동,경상사고,0,0,1,0,차대차 - 추돌,안전운전불이행,건조,맑음,단일로 - 기타,승용,여,41세,상해없음,이륜,남,32세,경상
2022051600100095,2022년 5월 16일 08시,월요일,경기도 수원시 영통구 영통동,경상사고,0,0,1,0,차대사람 - 기타,안전운전불이행,건조,맑음,기타 - 기타,개인형이동수단(PM),기타불명,미분류,기타불명,보행자,여,30세,경상
2022051600100143,2022년 5월 16일 09시,월요일,경기도 수원시 영통구 매탄동,경상사고,0,0,1,0,차대차 - 기타,교차로운행방법위반,건조,맑음,교차로 - 교차로안,승용,남,58세,상해없음,승합,남,63세,상해없음
2022051600100182,2022년 5월 16일 10시,월요일,경기도 수원시 장안구 조원동,사망사고,1,0,0,0,차대차 - 측면충돌,중앙선침범,건조,맑음,교차로 - 교차로부근,자전거,남,83세,사망,승용,남,41세,상해없음
2022051600100211,2022년 5월 16일 11시,월요일,경기도 수원시 영통구 원천동,경상사고,0,0,1,0,차대사람 - 기타,보행자보호의무위반,건조,맑음,교차로 - 교차로횡단보도내,승용,남,33세,상해없음,보행자,남,42세,경상
2022051600100214,2022년 5월 16일 11시,월요일,경기도 수원시 팔달구 매산로2가,경상사고,0,0,1,0,차대사람 - 기타,안전운전불이행,건조,맑음,단일로 - 기타,화물,남,34세,기타불명,보행자,남,21세,경상
2022051600100277,2022년 5월 16일 13시,월요일,경기도 수원시 권선구 권선동,경상사고,0,0,1,0,차대차 - 추돌,안전운전불이행,건조,맑음,교차로 - 교차로부근,건설기계,남,63세,상해없음,승용,여,55세,경상
2022051600100346,2022년 5월 16일 15시,월요일,경기도 수원시 장안구 영화동,경상사고,0,0,1,0,차대차 - 기타,신호위반,건조,맑음,교차로 - 교차로안,승용,여,22세,상해없음,승용,남,44세,경상
2022051600100475,2022년 5월 16일 18시,월요일,경기도 수원시 장안구 천천동,중상사고,0,1,0,0,차대사람 - 횡단중,안전운전불이행,건조,맑음,주차장 - 주차장,승합,남,60세,상해없음,보행자,남,11세,중상
2022051600100481,2022년 5월 16일 18시,월요일,경기도 수원시 권선구 평동,경상사고,0,0,1,0,차대차 - 기타,교차로운행방법위반,건조,맑음,교차로 - 교차로안,승용,여,47세,상해없음,승용,남,57세,경상
2022051600100517,2022년 5월 16일 19시,월요일,경기도 수원시 장안구 조원동,경상사고,0,0,1,0,차대차 - 추돌,안전운전불이행,건조,맑음,단일로 - 기타,승용,남,31세,상해없음,승용,여,50세,경상
2022051600100521,2022년 5월 16일 19시,월요일,경기도 수원시 권선구 구운동,경상사고,0,0,1,0,차대차 - 기타,안전운전불이행,건조,맑음,교차로 - 교차로부근,승합,남,65세,상해없음,승용,여,43세,경상
2022051600100550,2022년 5월 16일 20시,월요일,경기도 수원시 권선구 탑동,경상사고,0,0,1,0,차대차 - 추돌,안전운전불이행,건조,맑음,교차로 - 교차로부근,화물,남,68세,상해없음,승용,남,21세,경상
2022051600100551,2022년 5월 16일 20시,월요일,경기도 수원시 권선구 금곡동,경상사고,0,0,1,0,차대차 - 추돌,안전운전불이행,건조,맑음,교차로 - 교차로안,승용,여,29세,상해없음,승용,남,66세,상해없음
2022051600100589,2022년 5월 16일 22시,월요일,경기도 수원시 장안구 영화동,경상사고,0,0,1,0,차대차 - 추돌,안전운전불이행,건조,맑음,교차로 - 교차로안,승용,남,28세,경상,승용,남,66세,상해없음
2022051700100005,2022년 5월 17일 00시,화요일,경기도 수원시 영통구 매탄동,중상사고,0,1,0,0,차대차 - 추돌,안전운전불이행,건조,맑음,교차로 - 교차로부근,승용,남,41세,상해없음,승용,남,44세,중상
2022051700100019,2022년 5월 17일 02시,화요일,경기도 수원시 장안구 송죽동,부상신고사고,0,0,0,1,차량단독 - 전도전복 - 전도,안전운전불이행,건조,맑음,교차로 - 교차로부근,이륜,남,17세,상해없음,,,,
2022051700100026,2022년 5월 17일 03시,화요일,경기도 수원시 권선구 세류동,경상사고,0,0,5,0,차대차 - 측면충돌,신호위반,건조,맑음,교차로 - 교차로안,화물,남,67세,상해없음,승용,남,63세,경상
2022051700100078,2022년 5월 17일 08시,화요일,경기도 수원시 팔달구 남수동,경상사고,0,0,1,0,차대사람 - 횡단중,보행자보호의무위반,건조,맑음,교차로 - 교차로횡단보도내,화물,남,63세,상해없음,보행자,여,71세,경상
2022051700100125,2022년 5월 17일 09시,화요일,경기도 수원시 팔달구 지동,경상사고,0,0,1,0,차대차 - 추돌,안전운전불이행,건조,맑음,단일로 - 기타,승용,여,45세,상해없음,자전거,남,76세,경상
2022051700100161,2022년 5월 17일 10시,화요일,경기도 수원시 팔달구 인계동,경상사고,0,0,1,0,차대차 - 측면충돌,교차로운행방법위반,건조,맑음,교차로 - 교차로안,승용,남,40세,상해없음,승용,여,55세,경상
2022051700100398,2022년 5월 17일 17시,화요일,경기도 수원시 팔달구 팔달로2가,경상사고,0,0,1,0,차대차 - 측면충돌,안전거리미확보,건조,맑음,교차로 - 교차로안,승용,남,24세,기타불명,이륜,남,30세,경상
2022051700100399,2022년 5월 17일 17시,화요일,경기도 수원시 장안구 영화동,중상사고,0,1,0,0,차대사람 - 기타,안전운전불이행,건조,맑음,단일로 - 기타,승용,남,63세,상해없음,보행자,여,83세,중상
2022051700100400,2022년 5월 17일 17시,화요일,경기도 수원시 장안구 율전동,부상신고사고,0,0,0,1,차대차 - 기타,안전운전불이행,건조,맑음,교차로 - 교차로안,자전거,남,16세,부상신고,승용,남,65세,상해없음
2022051700100401,2022년 5월 17일 17시,화요일,경기도 수원시 팔달구 팔달로2가,경상사고,0,0,1,0,차대차 - 기타,안전거리미확보,건조,맑음,단일로 - 기타,승용,남,51세,상해없음,승용,여,25세,경상
2022051700100408,2022년 5월 17일 17시,화요일,경기도 수원시 영통구 하동,경상사고,0,0,1,0,차대차 - 측면충돌,교차로운행방법위반,건조,맑음,교차로 - 교차로안,승용,여,64세,상해없음,승용,여,46세,경상
2022051700100509,2022년 5월 17일 19시,화요일,경기도 수원시 영통구 하동,경상사고,0,0,1,0,차대사람 - 기타,안전운전불이행,건조,맑음,단일로 - 기타,승합,남,57세,상해없음,보행자,남,19세,경상
2022051700100536,2022년 5월 17일 20시,화요일,경기도 수원시 영통구 하동,경상사고,0,0,1,0,차대사람 - 횡단중,신호위반,건조,맑음,교차로 - 교차로안,이륜,남,27세,상해없음,보행자,남,11세,경상
2022051700100580,2022년 5월 17일 22시,화요일,경기도 수원시 장안구 파장동,경상사고,0,0,2,0,차대차 - 추돌,안전운전불이행,건조,맑음,교차로 - 교차로부근,승용,남,42세,상해없음,승용,남,51세,경상
2022051800100143,2022년 5월 18일 09시,수요일,경기도 수원시 장안구 정자동,중상사고,0,1,0,1,차대사람 - 차도통행중,안전운전불이행,건조,맑음,교차로 - 교차로부근,승합,남,67세,상해없음,보행자,여,75세,중상
2022051800100148,2022년 5월 18일 09시,수요일,경기도 수원시 영통구 원천동,중상사고,0,1,0,0,차대차 - 측면충돌,신호위반,건조,맑음,교차로 - 교차로안,승용,남,22세,상해없음,이륜,남,47세,중상
2022051800100201,2022년 5월 18일 11시,수요일,경기도 수원시 장안구 율전동,경상사고,0,0,1,0,차량단독 - 기타,안전운전불이행,건조,맑음,교차로 - 교차로안,승용,남,56세,상해없음,,,,
2022051800100202,2022년 5월 18일 11시,수요일,경기도 수원시 장안구 정자동,경상사고,0,0,2,0,차대차 - 측면충돌,안전운전불이행,건조,맑음,교차로 - 교차로부근,승합,남,53세,상해없음,승용,남,43세,경상
2022051800100282,2022년 5월 18일 14시,수요일,경기도 수원시 권선구 세류동,경상사고,0,0,3,0,차대차 - 측면충돌,신호위반,건조,맑음,교차로 - 교차로안,승용,여,30세,상해없음,승용,여,43세,경상
2022051800100418,2022년 5월 18일 17시,수요일,경기도 수원시 팔달구 인계동,경상사고,0,0,1,0,차대차 - 추돌,안전운전불이행,건조,맑음,단일로 - 기타,이륜,남,88세,상해없음,이륜,남,37세,경상
2022051800100422,2022년 5월 18일 17시,수요일,경기도 수원시 권선구 당수동,경상사고,0,0,3,0,차대차 - 추돌,안전운전불이행,건조,맑음,단일로 - 기타,승용,남,28세,상해없음,승용,여,40세,경상
2022051800100469,2022년 5월 18일 18시,수요일,경기도 수원시 장안구 파장동,경상사고,0,0,2,0,차대차 - 기타,신호위반,건조,맑음,교차로 - 교차로안,원동기,남,26세,상해없음,승용,남,52세,경상
2022051800100541,2022년 5월 18일 20시,수요일,경기도 수원시 권선구 권선동,경상사고,0,0,1,0,차대차 - 추돌,안전운전불이행,건조,맑음,교차로 - 교차로부근,승용,남,22세,상해없음,승용,남,27세,경상
2022051800100568,2022년 5월 18일 21시,수요일,경기도 수원시 영통구 영통동,중상사고,0,1,0,0,차대차 - 측면충돌,안전운전불이행,건조,맑음,교차로 - 교차로횡단보도내,자전거,남,14세,중상,승용,여,48세,상해없음
2022051800100603,2022년 5월 18일 23시,수요일,경기도 수원시 팔달구 우만동,경상사고,0,0,1,0,차대차 - 추돌,안전운전불이행,건조,맑음,교차로 - 교차로부근,승용,남,36세,상해없음,승용,남,36세,경상
2022051900100004,2022년 5월 19일 00시,목요일,경기도 수원시 영통구 이의동,경상사고,0,0,2,0,차대차 - 측면충돌,신호위반,건조,맑음,교차로 - 교차로안,승용,남,45세,상해없음,승용,여,60세,경상
2022051900100014,2022년 5월 19일 01시,목요일,경기도 수원시 장안구 정자동,중상사고,0,1,0,0,차대사람 - 횡단중,신호위반,건조,맑음,교차로 - 교차로안,승용,남,70세,상해없음,보행자,여,26세,중상
2022051900100022,2022년 5월 19일 02시,목요일,경기도 수원시 권선구 권선동,중상사고,0,2,0,1,차대차 - 기타,신호위반,건조,맑음,교차로 - 교차로안,승용,남,22세,부상신고,승용,남,54세,중상
2022051900100041,2022년 5월 19일 05시,목요일,경기도 수원시 영통구 원천동,중상사고,0,1,0,0,차량단독 - 공작물충돌,신호위반,건조,맑음,교차로 - 교차로부근,이륜,남,42세,중상,,,,
2022051900100047,2022년 5월 19일 06시,목요일,경기도 수원시 영통구 매탄동,경상사고,0,0,1,0,차대차 - 측면충돌,안전거리미확보,건조,맑음,단일로 - 기타,승용,남,63세,상해없음,화물,남,48세,경상
2022051900100079,2022년 5월 19일 07시,목요일,경기도 수원시 영통구 영통동,경상사고,0,0,1,1,차대차 - 측면충돌,안전거리미확보,건조,맑음,단일로 - 기타,기타불명,남,미분류,상해없음,승용,남,74세,상해없음
2022051900100228,2022년 5월 19일 12시,목요일,경기도 수원시 팔달구 구천동,경상사고,0,0,1,0,차대차 - 기타,불법유턴,건조,맑음,단일로 - 기타,승용,남,65세,상해없음,이륜,남,50세,경상
2022051900100229,2022년 5월 19일 12시,목요일,경기도 수원시 장안구 영화동,경상사고,0,0,1,0,차대차 - 기타,안전운전불이행,건조,맑음,교차로 - 교차로안,승합,남,65세,상해없음,승용,여,47세,경상
2022051900100259,2022년 5월 19일 13시,목요일,경기도 수원시 장안구 천천동,경상사고,0,0,1,0,차대차 - 기타,불법유턴,건조,맑음,단일로 - 기타,승용,여,57세,상해없음,이륜,남,54세,경상
2022051900100308,2022년 5월 19일 15시,목요일,경기도 수원시 팔달구 우만동,경상사고,0,0,1,0,차대차 - 추돌,안전운전불이행,건조,맑음,단일로 - 기타,승용,남,48세,상해없음,승용,여,38세,경상
2022051900100312,2022년 5월 19일 15시,목요일,경기도 수원시 권선구 서둔동,경상사고,0,0,1,0,차대차 - 추돌,안전운전불이행,건조,맑음,단일로 - 기타,승용,남,44세,상해없음,이륜,남,24세,경상
2022051900100383,2022년 5월 19일 17시,목요일,경기도 수원시 장안구 정자동,중상사고,0,2,0,0,차대차 - 기타,안전운전불이행,건조,맑음,단일로 - 기타,승용,여,41세,상해없음,승용,남,63세,중상
2022051900100384,2022년 5월 19일 17시,목요일,경기도 수원시 팔달구 우만동,경상사고,0,0,1,0,차대차 - 기타,안전운전불이행,건조,맑음,교차로 - 교차로부근,승용,남,28세,상해없음,승용,남,43세,경상
2022051900100392,2022년 5월 19일 17시,목요일,경기도 수원시 영통구 매탄동,중상사고,0,1,0,0,차대차 - 측면충돌,교차로운행방법위반,건조,맑음,교차로 - 교차로안,승용,여,44세,기타불명,이륜,남,55세,중상
2022051900100394,2022년 5월 19일 17시,목요일,경기도 수원시 영통구 이의동,경상사고,0,0,2,0,차대차 - 측면충돌,안전거리미확보,건조,맑음,단일로 - 기타,화물,남,60세,상해없음,승용,여,54세,경상
2022051900100472,2022년 5월 19일 19시,목요일,경기도 수원시 영통구 영통동,경상사고,0,0,1,0,차대차 - 측면충돌,교차로운행방법위반,건조,맑음,교차로 - 교차로안,승용,여,31세,상해없음,이륜,남,54세,경상
2022051900100473,2022년 5월 19일 19시,목요일,경기도 수원시 권선구 구운동,경상사고,0,0,1,0,차대차 - 추돌,신호위반,건조,맑음,교차로 - 교차로안,승용,남,31세,상해없음,이륜,남,16세,경상
2022051900100495,2022년 5월 19일 20시,목요일,경기도 수원시 영통구 하동,경상사고,0,0,4,0,차대차 - 추돌,안전운전불이행,건조,맑음,교차로 - 교차로부근,승용,남,35세,상해없음,승용,남,37세,경상
2022051900100496,2022년 5월 19일 20시,목요일,경기도 수원시 영통구 원천동,경상사고,0,0,1,0,차대차 - 기타,신호위반,건조,맑음,단일로 - 기타,이륜,남,30세,상해없음,승합,남,53세,상해없음
2022051900100524,2022년 5월 19일 21시,목요일,경기도 수원시 팔달구 북수동,경상사고,0,0,1,0,차대사람 - 횡단중,보행자보호의무위반,건조,맑음,교차로 - 교차로횡단보도내,승용,남,29세,상해없음,보행자,남,55세,경상
2022051900100575,2022년 5월 19일 23시,목요일,경기도 수원시 장안구 조원동,경상사고,0,0,2,0,차대차 - 기타,신호위반,건조,맑음,교차로 - 교차로안,승용,남,34세,상해없음,승용,남,39세,경상
2022052000100104,2022년 5월 20일 08시,금요일,경기도 수원시 장안구 정자동,경상사고,0,0,1,0,차대차 - 기타,안전거리미확보,건조,맑음,단일로 - 기타,승용,남,54세,상해없음,승합,남,41세,상해없음
2022052000100106,2022년 5월 20일 08시,금요일,경기도 수원시 영통구 이의동,경상사고,0,0,1,0,차대차 - 측면충돌,안전운전불이행,건조,맑음,단일로 - 기타,승용,여,37세,상해없음,승용,여,34세,상해없음
2022052000100107,2022년 5월 20일 08시,금요일,경기도 수원시 권선구 권선동,경상사고,0,0,1,0,차대차 - 측면충돌,안전운전불이행,건조,맑음,단일로 - 기타,승용,남,33세,기타불명,승용,여,40세,경상
2022052000100109,2022년 5월 20일 08시,금요일,경기도 수원시 영통구 이의동,경상사고,0,0,1,0,차대차 - 측면충돌,안전거리미확보,건조,맑음,단일로 - 기타,승합,남,56세,상해없음,승용,여,23세,경상
2022052000100146,2022년 5월 20일 09시,금요일,경기도 수원시 권선구 세류동,경상사고,0,0,1,0,차대차 - 측면충돌,안전운전불이행,건조,맑음,기타 - 기타,승용,여,45세,상해없음,이륜,남,52세,경상
2022052000100341,2022년 5월 20일 15시,금요일,경기도 수원시 팔달구 우만동,중상사고,0,1,0,0,차대차 - 측면충돌,신호위반,건조,맑음,교차로 - 교차로안,승용,남,69세,상해없음,이륜,남,19세,중상
2022052000100342,2022년 5월 20일 15시,금요일,경기도 수원시 팔달구 인계동,중상사고,0,1,0,0,차대차 - 측면충돌,안전운전불이행,건조,맑음,단일로 - 기타,화물,남,54세,상해없음,이륜,남,48세,중상
2022052000100586,2022년 5월 20일 20시,금요일,경기도 수원시 영통구 이의동,경상사고,0,0,3,0,차대차 - 측면충돌,신호위반,건조,맑음,교차로 - 교차로안,승용,남,75세,상해없음,승용,여,27세,경상
2022052000100587,2022년 5월 20일 20시,금요일,경기도 수원시 팔달구 매산로1가,경상사고,0,0,2,0,차대차 - 기타,신호위반,건조,맑음,교차로 - 교차로안,승용,남,27세,상해없음,승용,남,61세,경상
2022052000100648,2022년 5월 20일 22시,금요일,경기도 수원시 팔달구 매산로1가,경상사고,0,0,1,0,차대차 - 기타,안전운전불이행,건조,맑음,단일로 - 기타,승용,남,41세,상해없음,이륜,남,30세,경상
2022052000100649,2022년 5월 20일 22시,금요일,경기도 수원시 영통구 이의동,경상사고,0,0,1,0,차대차 - 측면충돌,안전거리미확보,건조,맑음,단일로 - 기타,화물,남,77세,상해없음,승용,남,47세,경상
2022052100100013,2022년 5월 21일 00시,토요일,경기도 수원시 팔달구 인계동,경상사고,0,0,1,0,차대차 - 측면충돌,안전운전불이행,건조,맑음,단일로 - 기타,승용,남,43세,상해없음,승용,남,26세,경상
2022052100100031,2022년 5월 21일 01시,토요일,경기도 수원시 권선구 호매실동,경상사고,0,0,1,0,차대차 - 추돌,안전운전불이행,건조,맑음,교차로 - 교차로부근,화물,남,45세,상해없음,화물,남,45세,경상
2022052100100040,2022년 5월 21일 02시,토요일,경기도 수원시 권선구 권선동,경상사고,0,0,1,0,차대차 - 측면충돌,안전운전불이행,건조,맑음,기타 - 기타,승용,남,42세,상해없음,화물,남,45세,경상
2022052100100059,2022년 5월 21일 04시,토요일,경기도 수원시 팔달구 화서동,경상사고,0,0,1,0,차대차 - 기타,교차로운행방법위반,건조,맑음,교차로 - 교차로안,승용,남,36세,상해없음,이륜,남,24세,경상
2022052100100064,2022년 5월 21일 05시,토요일,경기도 수원시 팔달구 인계동,경상사고,0,0,1,0,차대사람 - 기타,안전운전불이행,건조,맑음,단일로 - 기타,승용,남,19세,상해없음,보행자,남,26세,경상
2022052100100068,2022년 5월 21일 06시,토요일,경기도 수원시 장안구 율전동,중상사고,0,1,0,0,차대차 - 기타,교차로운행방법위반,건조,맑음,교차로 - 교차로안,화물,남,53세,상해없음,승용,남,58세,중상
2022052100100093,2022년 5월 21일 08시,토요일,경기도 수원시 영통구 매탄동,경상사고,0,0,1,0,차대차 - 측면충돌,안전운전불이행,건조,맑음,단일로 - 기타,화물,남,29세,상해없음,자전거,남,13세,경상
2022052100100114,2022년 5월 21일 09시,토요일,경기도 수원시 영통구 매탄동,경상사고,0,0,1,0,차대사람 - 횡단중,안전운전불이행,건조,맑음,교차로 - 교차로안,승용,여,43세,상해없음,보행자,여,28세,경상
2022052100100144,2022년 5월 21일 10시,토요일,경기도 수원시 장안구 조원동,부상신고사고,0,0,0,1,차대사람 - 기타,안전운전불이행,건조,맑음,단일로 - 기타,자전거,여,13세,상해없음,보행자,여,72세,부상신고
2022052100100229,2022년 5월 21일 12시,토요일,경기도 수원시 장안구 조원동,경상사고,0,0,1,0,차대사람 - 횡단중,안전운전불이행,건조,맑음,단일로 - 기타,승용,남,74세,상해없음,보행자,여,59세,경상
2022052100100236,2022년 5월 21일 12시,토요일,경기도 수원시 영통구 신동,부상신고사고,0,0,0,1,차대차 - 측면충돌,안전운전불이행,건조,맑음,교차로 - 교차로횡단보도내,자전거,여,67세,부상신고,승용,남,41세,상해없음
2022052100100238,2022년 5월 21일 12시,토요일,경기도 수원시 권선구 오목천동,경상사고,0,0,3,0,차대차 - 추돌,안전운전불이행,건조,맑음,교차로 - 교차로부근,승용,남,25세,상해없음,승용,여,33세,경상
2022052100100276,2022년 5월 21일 13시,토요일,경기도 수원시 팔달구 우만동,중상사고,0,1,1,0,차대차 - 기타,신호위반,건조,맑음,교차로 - 교차로안,이륜,남,30세,중상,승합,남,58세,상해없음
2022052100100317,2022년 5월 21일 14시,토요일,경기도 수원시 팔달구 우만동,경상사고,0,0,2,0,차대차 - 측면충돌,교차로운행방법위반,건조,맑음,교차로 - 교차로안,승용,남,54세,상해없음,승용,남,34세,경상
2022052100100318,2022년 5월 21일 14시,토요일,경기도 수원시 장안구 조원동,경상사고,0,0,1,0,차대차 - 기타,안전거리미확보,건조,맑음,단일로 - 기타,승용,여,45세,상해없음,승용,여,54세,경상
2022052100100438,2022년 5월 21일 17시,토요일,경기도 수원시 권선구 고색동,중상사고,0,1,0,0,차대사람 - 기타,안전운전불이행,건조,맑음,교차로 - 교차로부근,승용,남,71세,상해없음,보행자,남,81세,중상
2022052100100476,2022년 5월 21일 18시,토요일,경기도 수원시 영통구 원천동,경상사고,0,0,1,0,차대차 - 후진중충돌,안전운전불이행,건조,맑음,기타 - 기타,승용,남,46세,상해없음,이륜,남,53세,경상
2022052100100532,2022년 5월 21일 20시,토요일,경기도 수원시 팔달구 인계동,경상사고,0,0,1,0,차대차 - 추돌,안전거리미확보,건조,맑음,교차로 - 교차로부근,이륜,남,21세,상해없음,이륜,남,30세,경상
2022052100100533,2022년 5월 21일 20시,토요일,경기도 수원시 권선구 탑동,중상사고,0,1,4,0,차대차 - 후진중충돌,안전운전불이행,건조,맑음,교차로 - 교차로부근,승합,남,62세,상해없음,승용,남,39세,중상
2022052100100560,2022년 5월 21일 21시,토요일,경기도 수원시 팔달구 화서동,경상사고,0,0,1,0,차대사람 - 차도통행중,안전운전불이행,건조,맑음,단일로 - 기타,승용,남,28세,상해없음,보행자,남,55세,경상
2022052200100003,2022년 5월 22일 00시,일요일,경기도 수원시 장안구 정자동,경상사고,0,0,1,0,차대차 - 기타,신호위반,건조,맑음,교차로 - 교차로부근,승용,남,63세,상해없음,이륜,남,39세,경상
2022052200100006,2022년 5월 22일 00시,일요일,경기도 수원시 팔달구 매산로2가,경상사고,0,0,1,0,차대차 - 기타,안전거리미확보,건조,맑음,교차로 - 교차로안,승용,남,42세,상해없음,승용,남,58세,상해없음