사고번호,사고일시,요일,시군구,사고내용,사망자수,중상자수,경상자수,부상신고자수,사고유형,법규위반,노면상태,기상상태,도로형태,가해운전자 차종,가해운전자 성별,가해운전자 연령,가해운전자 상해정도,피해운전자 차종,피해운전자 성별,피해운전자 연령,피해운전자 상해정도
2022052200100056,2022년 5월 22일 06시,일요일,경기도 수원시 팔달구 우만동,경상사고,0,0,1,0,차대차 - 추돌,안전운전불이행,건조,맑음,교차로 - 교차로부근,승용,남,24세,상해없음,승용,남,58세,경상
2022052200100154,2022년 5월 22일 12시,일요일,경기도 수원시 장안구 송죽동,부상신고사고,0,0,0,1,차량단독 - 기타,안전운전불이행,건조,맑음,교차로 - 교차로부근,승합,여,54세,상해없음,,,,
2022052200100255,2022년 5월 22일 15시,일요일,경기도 수원시 팔달구 팔달로1가,중상사고,0,1,0,0,차대사람 - 기타,안전운전불이행,건조,맑음,단일로 - 기타,승용,남,32세,상해없음,보행자,여,57세,중상
2022052200100262,2022년 5월 22일 15시,일요일,경기도 수원시 권선구 서둔동,경상사고,0,0,1,0,차대차 - 기타,안전운전불이행,건조,맑음,기타 - 기타,화물,남,66세,상해없음,화물,남,64세,기타불명
2022052200100263,2022년 5월 22일 15시,일요일,경기도 수원시 권선구 서둔동,경상사고,0,0,1,0,차대사람 - 기타,안전운전불이행,건조,맑음,단일로 - 기타,승용,남,53세,기타불명,보행자,남,7세,경상
2022052200100337,2022년 5월 22일 17시,일요일,경기도 수원시 영통구 영통동,경상사고,0,0,2,0,차대차 - 추돌,안전운전불이행,건조,맑음,단일로 - 기타,승용,남,60세,상해없음,승용,남,37세,경상
2022052200100399,2022년 5월 22일 19시,일요일,경기도 수원시 장안구 파장동,중상사고,0,1,0,0,차대차 - 추돌,안전운전불이행,건조,맑음,교차로 - 교차로부근,승용,남,42세,상해없음,승용,여,48세,중상
2022052200100405,2022년 5월 22일 19시,일요일,경기도 수원시 영통구 이의동,부상신고사고,0,0,0,1,차대차 - 측면충돌,안전운전불이행,건조,맑음,단일로 - 터널,자전거,남,14세,부상신고,개인형이동수단(PM),남,19세,상해없음
2022052300100020,2022년 5월 23일 03시,월요일,경기도 수원시 권선구 세류동,중상사고,0,1,1,0,차대차 - 기타,신호위반,건조,맑음,교차로 - 교차로안,승용,남,21세,기타불명,승용,남,50세,중상
2022052300100043,2022년 5월 23일 06시,월요일,경기도 수원시 권선구 권선동,중상사고,0,1,0,0,차대사람 - 횡단중,기타,건조,맑음,교차로 - 교차로횡단보도내,승용,여,62세,상해없음,보행자,남,57세,중상
2022052300100175,2022년 5월 23일 10시,월요일,경기도 수원시 영통구 원천동,경상사고,0,0,1,0,차대차 - 측면충돌,안전운전불이행,건조,맑음,단일로 - 기타,화물,남,62세,상해없음,자전거,남,21세,경상
2022052300100177,2022년 5월 23일 10시,월요일,경기도 수원시 권선구 세류동,중상사고,0,2,0,0,차대차 - 추돌,신호위반,건조,맑음,교차로 - 교차로안,승용,남,25세,중상,화물,남,60세,중상
2022052300100178,2022년 5월 23일 10시,월요일,경기도 수원시 권선구 오목천동,경상사고,0,0,1,0,차대사람 - 기타,안전운전불이행,건조,맑음,교차로 - 교차로부근,승용,남,34세,상해없음,보행자,여,83세,경상
2022052300100179,2022년 5월 23일 10시,월요일,경기도 수원시 팔달구 매산로1가,경상사고,0,0,1,0,차대사람 - 차도통행중,안전운전불이행,건조,맑음,단일로 - 기타,화물,남,56세,상해없음,보행자,여,33세,경상
2022052300100180,2022년 5월 23일 10시,월요일,경기도 수원시 권선구 금곡동,중상사고,0,1,0,0,차량단독 - 기타,안전운전불이행,건조,맑음,단일로 - 기타,승합,남,47세,상해없음,,,,
2022052300100210,2022년 5월 23일 11시,월요일,경기도 수원시 권선구 서둔동,중상사고,0,1,2,0,차대차 - 추돌,안전운전불이행,건조,맑음,단일로 - 기타,승용,남,62세,상해없음,승용,남,41세,중상
2022052300100276,2022년 5월 23일 13시,월요일,경기도 수원시 팔달구 인계동,경상사고,0,0,1,0,차대차 - 후진중충돌,안전운전불이행,건조,맑음,단일로 - 기타,화물,남,42세,상해없음,승용,남,64세,경상
2022052300100277,2022년 5월 23일 13시,월요일,경기도 수원시 권선구 호매실동,경상사고,0,0,1,0,차대차 - 측면충돌,중앙선침범,건조,맑음,단일로 - 기타,개인형이동수단(PM),남,28세,경상,화물,남,58세,상해없음
2022052300100278,2022년 5월 23일 13시,월요일,경기도 수원시 권선구 구운동,경상사고,0,0,1,0,차대사람 - 보도통행중,보행자보호의무위반,건조,맑음,단일로 - 기타,승용,여,34세,상해없음,보행자,여,1세,경상
2022052300100395,2022년 5월 23일 16시,월요일,경기도 수원시 권선구 고색동,경상사고,0,0,2,0,차대차 - 추돌,안전운전불이행,건조,맑음,교차로 - 교차로부근,화물,남,62세,상해없음,승용,여,31세,경상
2022052300100442,2022년 5월 23일 17시,월요일,경기도 수원시 영통구 영통동,중상사고,0,1,0,0,차대차 - 측면충돌,중앙선침범,건조,맑음,단일로 - 기타,승용,남,55세,상해없음,이륜,남,43세,중상
2022052300100445,2022년 5월 23일 17시,월요일,경기도 수원시 권선구 금곡동,경상사고,0,0,1,0,차대차 - 기타,안전거리미확보,건조,맑음,기타 - 기타,특수,남,62세,상해없음,승용,여,40세,경상
2022052300100489,2022년 5월 23일 18시,월요일,경기도 수원시 팔달구 인계동,경상사고,0,0,1,0,차대차 - 측면충돌,안전거리미확보,건조,맑음,단일로 - 기타,승용,남,53세,상해없음,승용,남,58세,경상
2022052300100519,2022년 5월 23일 19시,월요일,경기도 수원시 팔달구 매산로3가,경상사고,0,0,1,0,차대사람 - 기타,안전운전불이행,건조,맑음,기타 - 기타,승용,남,67세,상해없음,보행자,남,48세,경상
2022052300100617,2022년 5월 23일 23시,월요일,경기도 수원시 장안구 조원동,경상사고,0,0,1,0,차대사람 - 기타,안전운전불이행,건조,맑음,주차장 - 주차장,승용,남,64세,상해없음,보행자,남,40세,경상
2022052400100049,2022년 5월 24일 07시,화요일,경기도 수원시 권선구 금곡동,경상사고,0,0,1,0,차대차 - 정면충돌,중앙선침범,건조,맑음,교차로 - 교차로안,승용,남,73세,상해없음,승용,남,43세,경상
2022052400100073,2022년 5월 24일 08시,화요일,경기도 수원시 팔달구 중동,중상사고,0,1,0,0,차대사람 - 횡단중,보행자보호의무위반,건조,맑음,교차로 - 교차로부근,승용,남,46세,상해없음,보행자,여,30세,중상
2022052400100084,2022년 5월 24일 08시,화요일,경기도 수원시 권선구 금곡동,경상사고,0,0,2,0,차대차 - 측면충돌,안전거리미확보,건조,맑음,교차로 - 교차로부근,승용,남,52세,상해없음,승합,남,61세,경상
2022052400100238,2022년 5월 24일 12시,화요일,경기도 수원시 장안구 정자동,경상사고,0,0,1,0,차대차 - 후진중충돌,안전운전불이행,건조,맑음,교차로 - 교차로부근,승용,여,42세,상해없음,승용,남,33세,경상
2022052400100302,2022년 5월 24일 14시,화요일,경기도 수원시 권선구 세류동,중상사고,0,1,0,0,차대차 - 정면충돌,교차로운행방법위반,건조,맑음,단일로 - 지하차도(도로)내,화물,남,54세,상해없음,자전거,남,64세,중상
2022052400100423,2022년 5월 24일 17시,화요일,경기도 수원시 장안구 정자동,경상사고,0,0,1,0,차대차 - 기타,안전운전불이행,건조,맑음,단일로 - 기타,승용,여,65세,상해없음,자전거,남,9세,경상
2022052400100463,2022년 5월 24일 18시,화요일,경기도 수원시 팔달구 우만동,경상사고,0,0,1,0,차대차 - 기타,안전운전불이행,건조,맑음,교차로 - 교차로안,승용,남,33세,상해없음,자전거,여,21세,경상
2022052400100464,2022년 5월 24일 18시,화요일,경기도 수원시 장안구 정자동,경상사고,0,0,1,0,차대차 - 기타,교차로운행방법위반,건조,맑음,교차로 - 교차로부근,승용,남,31세,상해없음,이륜,남,39세,경상
2022052400100507,2022년 5월 24일 19시,화요일,경기도 수원시 팔달구 우만동,중상사고,0,1,1,0,차대사람 - 기타,안전운전불이행,건조,맑음,단일로 - 기타,이륜,남,49세,경상,보행자,여,80세,중상
2022052400100509,2022년 5월 24일 19시,화요일,경기도 수원시 팔달구 교동,중상사고,0,1,0,0,차대차 - 측면충돌,안전운전불이행,건조,맑음,교차로 - 교차로안,승용,남,29세,상해없음,이륜,남,38세,중상
2022052400100533,2022년 5월 24일 20시,화요일,경기도 수원시 영통구 원천동,중상사고,0,1,0,0,차대차 - 추돌,안전거리미확보,건조,맑음,교차로 - 교차로부근,승용,남,80세,상해없음,이륜,남,53세,중상
2022052500100237,2022년 5월 25일 12시,수요일,경기도 수원시 영통구 원천동,경상사고,0,0,1,0,차대차 - 추돌,안전운전불이행,건조,맑음,교차로 - 교차로부근,승용,남,67세,상해없음,승용,남,66세,경상
2022052500100401,2022년 5월 25일 16시,수요일,경기도 수원시 권선구 세류동,경상사고,0,0,1,0,차대차 - 기타,안전거리미확보,건조,맑음,단일로 - 기타,승용,여,27세,상해없음,승용,남,47세,경상
2022052500100442,2022년 5월 25일 17시,수요일,경기도 수원시 영통구 매탄동,경상사고,0,0,2,0,차대차 - 측면충돌,안전거리미확보,건조,맑음,교차로 - 교차로부근,승용,남,35세,기타불명,승용,남,54세,경상
2022052500100476,2022년 5월 25일 18시,수요일,경기도 수원시 장안구 정자동,경상사고,0,0,1,0,차대사람 - 횡단중,안전운전불이행,건조,흐림,교차로 - 교차로부근,승용,남,65세,상해없음,보행자,남,10세,경상
2022052500100532,2022년 5월 25일 19시,수요일,경기도 수원시 영통구 원천동,중상사고,0,2,0,0,차대차 - 정면충돌,불법유턴,건조,맑음,교차로 - 교차로횡단보도내,자전거,남,41세,상해없음,승용,여,42세,중상
2022052500100536,2022년 5월 25일 19시,수요일,경기도 수원시 팔달구 매산로1가,경상사고,0,0,4,0,차대차 - 측면충돌,안전거리미확보,건조,맑음,단일로 - 기타,승용,남,67세,상해없음,승용,여,52세,경상
2022052500100610,2022년 5월 25일 21시,수요일,경기도 수원시 장안구 연무동,경상사고,0,0,4,0,차대차 - 기타,신호위반,젖음/습기,비,교차로 - 교차로안,승용,여,23세,기타불명,승용,남,44세,경상
2022052500100611,2022년 5월 25일 21시,수요일,경기도 수원시 장안구 이목동,경상사고,0,0,2,0,차대차 - 추돌,안전운전불이행,젖음/습기,비,단일로 - 기타,승용,남,60세,기타불명,승용,남,66세,경상
2022052500100658,2022년 5월 25일 23시,수요일,경기도 수원시 영통구 이의동,경상사고,0,0,1,0,차대차 - 측면충돌,신호위반,젖음/습기,비,기타 - 기타,승용,남,29세,상해없음,승용,남,52세,경상
2022052600100009,2022년 5월 26일 00시,목요일,경기도 수원시 권선구 권선동,경상사고,0,0,2,0,차대차 - 측면충돌,신호위반,젖음/습기,비,기타 - 기타,승용,남,38세,상해없음,승용,남,27세,경상
2022052600100049,2022년 5월 26일 04시,목요일,경기도 수원시 영통구 매탄동,중상사고,0,1,0,0,차대사람 - 차도통행중,안전운전불이행,건조,맑음,교차로 - 교차로부근,이륜,남,46세,상해없음,보행자,남,27세,중상
2022052600100121,2022년 5월 26일 08시,목요일,경기도 수원시 권선구 서둔동,경상사고,0,0,1,0,차대차 - 측면충돌,안전운전불이행,건조,맑음,교차로 - 교차로안,승용,남,54세,상해없음,자전거,남,67세,경상
2022052600100165,2022년 5월 26일 09시,목요일,경기도 수원시 권선구 서둔동,경상사고,0,0,1,0,차대차 - 기타,안전거리미확보,건조,맑음,교차로 - 교차로부근,승용,여,32세,상해없음,승용,여,47세,경상
2022052600100190,2022년 5월 26일 10시,목요일,경기도 수원시 팔달구 우만동,경상사고,0,0,1,0,차대차 - 기타,신호위반,건조,맑음,교차로 - 교차로안,승용,여,58세,상해없음,승용,여,54세,경상
2022052600100245,2022년 5월 26일 12시,목요일,경기도 수원시 장안구 율전동,경상사고,0,0,1,0,차대차 - 기타,교차로운행방법위반,건조,맑음,교차로 - 교차로안,승용,여,44세,상해없음,승합,남,26세,경상
2022052600100277,2022년 5월 26일 13시,목요일,경기도 수원시 장안구 정자동,경상사고,0,0,1,0,차대차 - 기타,안전운전불이행,건조,맑음,교차로 - 교차로안,이륜,남,42세,기타불명,승용,여,45세,경상
2022052600100344,2022년 5월 26일 15시,목요일,경기도 수원시 영통구 이의동,중상사고,0,1,0,0,차대사람 - 횡단중,기타,건조,맑음,교차로 - 교차로부근,승용,여,47세,상해없음,보행자,남,6세,중상
2022052600100386,2022년 5월 26일 16시,목요일,경기도 수원시 팔달구 우만동,중상사고,0,1,0,0,차대차 - 측면충돌,안전운전불이행,건조,맑음,교차로 - 교차로안,자전거,남,64세,중상,이륜,남,29세,상해없음
2022052600100501,2022년 5월 26일 18시,목요일,경기도 수원시 영통구 영통동,경상사고,0,0,1,0,차대차 - 기타,안전운전불이행,건조,맑음,교차로 - 교차로안,승용,남,32세,기타불명,승용,여,51세,경상
2022052600100503,2022년 5월 26일 18시,목요일,경기도 수원시 권선구 고색동,중상사고,0,1,0,0,차대차 - 측면충돌,불법유턴,건조,맑음,단일로 - 기타,승용,남,64세,상해없음,이륜,남,34세,중상
2022052600100549,2022년 5월 26일 19시,목요일,경기도 수원시 팔달구 인계동,경상사고,0,0,1,0,차대차 - 기타,안전운전불이행,건조,맑음,단일로 - 기타,이륜,남,35세,경상,승용,남,57세,상해없음
2022052600100609,2022년 5월 26일 21시,목요일,경기도 수원시 팔달구 북수동,중상사고,0,1,0,0,차대사람 - 기타,중앙선침범,건조,맑음,교차로 - 교차로안,승용,남,27세,상해없음,보행자,여,83세,중상
2022052700100049,2022년 5월 27일 05시,금요일,경기도 수원시 장안구 정자동,경상사고,0,0,1,0,차대차 - 측면충돌,신호위반,건조,맑음,교차로 - 교차로안,승용,남,27세,상해없음,자전거,남,71세,경상
2022052700100051,2022년 5월 27일 05시,금요일,경기도 수원시 권선구 세류동,중상사고,0,1,0,0,차대사람 - 횡단중,안전운전불이행,건조,맑음,교차로 - 교차로횡단보도내,승합,남,55세,상해없음,보행자,남,66세,중상
2022052700100149,2022년 5월 27일 09시,금요일,경기도 수원시 권선구 구운동,경상사고,0,0,1,0,차대차 - 추돌,안전운전불이행,건조,맑음,교차로 - 교차로부근,승용,남,69세,상해없음,승용,여,37세,경상
2022052700100211,2022년 5월 27일 11시,금요일,경기도 수원시 권선구 탑동,중상사고,0,1,0,0,차대차 - 추돌,안전운전불이행,건조,맑음,교차로 - 교차로부근,승용,여,47세,상해없음,이륜,남,47세,중상
2022052700100235,2022년 5월 27일 12시,금요일,경기도 수원시 팔달구 중동,중상사고,0,2,0,0,차대사람 - 기타,기타,건조,맑음,기타 - 기타,승합,남,43세,상해없음,보행자,여,79세,중상
2022052700100236,2022년 5월 27일 12시,금요일,경기도 수원시 팔달구 우만동,경상사고,0,0,1,0,차대차 - 추돌,안전운전불이행,건조,맑음,교차로 - 교차로부근,이륜,남,31세,상해없음,이륜,남,31세,경상
2022052700100381,2022년 5월 27일 16시,금요일,경기도 수원시 팔달구 팔달로2가,경상사고,0,0,1,0,차대차 - 기타,교차로운행방법위반,건조,맑음,교차로 - 교차로안,승용,남,48세,상해없음,승합,남,62세,상해없음
2022052700100386,2022년 5월 27일 16시,금요일,경기도 수원시 권선구 권선동,중상사고,0,1,0,0,차대차 - 측면충돌,중앙선침범,건조,맑음,단일로 - 기타,승용,남,47세,상해없음,자전거,남,8세,중상
2022052700100389,2022년 5월 27일 16시,금요일,경기도 수원시 권선구 오목천동,경상사고,0,0,1,0,차대차 - 측면충돌,안전거리미확보,건조,맑음,단일로 - 기타,승용,여,48세,상해없음,승용,여,39세,경상
2022052700100566,2022년 5월 27일 19시,금요일,경기도 수원시 팔달구 중동,경상사고,0,0,4,0,차대차 - 정면충돌,중앙선침범,건조,맑음,단일로 - 기타,승용,남,69세,상해없음,승합,남,49세,경상
2022052700100570,2022년 5월 27일 19시,금요일,경기도 수원시 영통구 신동,경상사고,0,0,2,0,차대차 - 측면충돌,직진우회전진행방해,건조,맑음,교차로 - 교차로안,승용,여,61세,경상,승용,여,41세,경상
2022052700100611,2022년 5월 27일 20시,금요일,경기도 수원시 팔달구 지동,중상사고,0,1,0,0,차대차 - 기타,직진우회전진행방해,건조,맑음,교차로 - 교차로안,화물,남,63세,상해없음,개인형이동수단(PM),남,73세,중상
2022052800100042,2022년 5월 28일 04시,토요일,경기도 수원시 권선구 권선동,경상사고,0,0,2,0,차대차 - 기타,신호위반,건조,맑음,교차로 - 교차로부근,승용,남,68세,경상,승용,남,55세,상해없음
2022052800100069,2022년 5월 28일 07시,토요일,경기도 수원시 권선구 호매실동,경상사고,0,0,1,0,차대차 - 기타,안전운전불이행,건조,맑음,교차로 - 교차로안,기타불명,기타불명,미분류,기타불명,승용,남,51세,상해없음
2022052800100070,2022년 5월 28일 07시,토요일,경기도 수원시 권선구 구운동,중상사고,0,1,0,0,차대사람 - 기타,안전운전불이행,건조,흐림,교차로 - 교차로안,기타불명,기타불명,미분류,기타불명,보행자,여,52세,중상
2022052800100083,2022년 5월 28일 08시,토요일,경기도 수원시 권선구 권선동,경상사고,0,0,2,0,차대사람 - 횡단중,보행자보호의무위반,건조,맑음,교차로 - 교차로안,승용,여,24세,상해없음,보행자,여,9세,경상
2022052800100105,2022년 5월 28일 09시,토요일,경기도 수원시 권선구 구운동,중상사고,0,1,5,0,차대차 - 추돌,안전거리미확보,건조,맑음,단일로 - 기타,승합,남,40세,상해없음,승용,여,37세,경상
2022052800100150,2022년 5월 28일 10시,토요일,경기도 수원시 권선구 권선동,경상사고,0,0,1,0,차대차 - 측면충돌,안전운전불이행,건조,맑음,단일로 - 기타,승용,여,65세,상해없음,자전거,남,61세,경상
2022052800100224,2022년 5월 28일 12시,토요일,경기도 수원시 장안구 율전동,경상사고,0,0,2,0,차대차 - 추돌,교차로운행방법위반,건조,맑음,교차로 - 교차로안,승용,여,52세,상해없음,개인형이동수단(PM),여,15세,경상
2022052800100271,2022년 5월 28일 13시,토요일,경기도 수원시 권선구 금곡동,경상사고,0,0,1,0,차대차 - 추돌,신호위반,건조,맑음,교차로 - 교차로안,승용,남,65세,상해없음,승용,남,22세,경상
2022052800100272,2022년 5월 28일 13시,토요일,경기도 수원시 팔달구 매산로1가,경상사고,0,0,1,0,차대차 - 추돌,안전운전불이행,건조,맑음,단일로 - 기타,승용,남,20세,상해없음,이륜,남,59세,경상
2022052800100308,2022년 5월 28일 14시,토요일,경기도 수원시 팔달구 매산로1가,경상사고,0,0,1,0,차대차 - 추돌,안전거리미확보,건조,맑음,단일로 - 기타,승합,남,59세,상해없음,승용,남,29세,경상
2022052800100350,2022년 5월 28일 15시,토요일,경기도 수원시 권선구 권선동,경상사고,0,0,1,0,차대차 - 측면충돌,신호위반,건조,맑음,기타 - 기타,승용,여,48세,상해없음,이륜,남,42세,경상
2022052800100356,2022년 5월 28일 15시,토요일,경기도 수원시 권선구 구운동,경상사고,0,0,1,0,차대차 - 후진중충돌,안전운전불이행,건조,맑음,단일로 - 기타,승용,여,43세,상해없음,특수,남,47세,경상
2022052800100389,2022년 5월 28일 16시,토요일,경기도 수원시 권선구 구운동,중상사고,0,1,0,0,차대차 - 추돌,신호위반,건조,맑음,교차로 - 교차로안,화물,남,74세,상해없음,자전거,남,38세,중상
2022052800100493,2022년 5월 28일 19시,토요일,경기도 수원시 장안구 송죽동,경상사고,0,0,1,0,차대차 - 기타,중앙선침범,건조,맑음,단일로 - 기타,승용,남,63세,상해없음,이륜,남,49세,경상
2022052900100006,2022년 5월 29일 00시,일요일,경기도 수원시 권선구 탑동,경상사고,0,0,1,0,차대차 - 추돌,신호위반,건조,맑음,교차로 - 교차로안,승용,남,68세,상해없음,승용,여,45세,경상
2022052900100098,2022년 5월 29일 09시,일요일,경기도 수원시 권선구 탑동,경상사고,0,0,1,0,차대차 - 정면충돌,안전운전불이행,건조,흐림,교차로 - 교차로부근,자전거,여,60세,경상,승용,남,60세,상해없음
2022052900100164,2022년 5월 29일 12시,일요일,경기도 수원시 팔달구 우만동,부상신고사고,0,0,0,1,차대차 - 측면충돌,신호위반,건조,맑음,단일로 - 기타,화물,남,68세,상해없음,승용,남,44세,부상신고
2022052900100200,2022년 5월 29일 13시,일요일,경기도 수원시 팔달구 인계동,경상사고,0,0,1,0,차대차 - 측면충돌,안전거리미확보,건조,맑음,단일로 - 기타,승용,남,43세,상해없음,승합,남,33세,경상
2022052900100255,2022년 5월 29일 15시,일요일,경기도 수원시 장안구 정자동,경상사고,0,0,1,0,차량단독 - 전도전복 - 전도,안전운전불이행,건조,맑음,단일로 - 기타,자전거,남,8세,경상,,,,
2022052900100291,2022년 5월 29일 16시,일요일,경기도 수원시 영통구 망포동,중상사고,0,1,0,0,차대차 - 기타,교차로운행방법위반,건조,맑음,교차로 - 교차로안,승용,남,58세,상해없음,이륜,남,46세,중상
2022052900100295,2022년 5월 29일 16시,일요일,경기도 수원시 권선구 탑동,경상사고,0,0,1,0,차대차 - 측면충돌,안전운전불이행,건조,맑음,교차로 - 교차로안,자전거,남,11세,경상,승용,여,45세,상해없음
2022052900100328,2022년 5월 29일 17시,일요일,경기도 수원시 권선구 세류동,중상사고,0,1,0,0,차대차 - 측면충돌,차로위반,건조,맑음,단일로 - 기타,승용,남,59세,상해없음,이륜,남,41세,중상
2022052900100442,2022년 5월 29일 21시,일요일,경기도 수원시 팔달구 인계동,경상사고,0,0,2,0,차대차 - 추돌,안전운전불이행,건조,맑음,기타 - 기타,승용,남,66세,상해없음,화물,여,55세,경상
2022053000100008,2022년 5월 30일 02시,월요일,경기도 수원시 장안구 정자동,경상사고,0,0,1,0,차대사람 - 기타,안전운전불이행,건조,맑음,단일로 - 기타,승용,남,62세,상해없음,보행자,남,65세,경상
2022053000100011,2022년 5월 30일 04시,월요일,경기도 수원시 팔달구 매산로1가,경상사고,0,0,1,0,차대사람 - 차도통행중,안전운전불이행,건조,맑음,단일로 - 기타,승용,남,24세,상해없음,보행자,남,64세,경상
2022053000100012,2022년 5월 30일 04시,월요일,경기도 수원시 권선구 호매실동,중상사고,0,1,0,0,차대차 - 기타,교차로운행방법위반,젖음/습기,비,교차로 - 교차로부근,승용,여,57세,상해없음,승용,남,60세,중상
2022053000100061,2022년 5월 30일 08시,월요일,경기도 수원시 장안구 영화동,중상사고,0,1,0,0,차대차 - 측면충돌,안전운전불이행,건조,맑음,단일로 - 기타,승용,여,43세,상해없음,이륜,남,57세,중상
2022053000100190,2022년 5월 30일 12시,월요일,경기도 수원시 장안구 파장동,중상사고,0,1,0,0,차대차 - 정면충돌,신호위반,건조,맑음,교차로 - 교차로부근,자전거,여,56세,중상,이륜,남,48세,상해없음
2022053000100221,2022년 5월 30일 13시,월요일,경기도 수원시 권선구 고색동,경상사고,0,0,1,0,차대차 - 기타,신호위반,건조,맑음,교차로 - 교차로부근,승합,남,64세,상해없음,승용,여,42세,경상
2022053000100222,2022년 5월 30일 13시,월요일,경기도 수원시 권선구 고색동,경상사고,0,0,1,0,차대차 - 기타,안전운전불이행,건조,맑음,기타 - 기타,승용,남,77세,상해없음,승합,남,61세,기타불명
2022053000100327,2022년 5월 30일 16시,월요일,경기도 수원시 팔달구 신풍동,경상사고,0,0,1,0,차대차 - 기타,안전거리미확보,건조,맑음,단일로 - 기타,승용,여,51세,상해없음,승용,남,53세,경상
2022053000100333,2022년 5월 30일 16시,월요일,경기도 수원시 권선구 세류동,경상사고,0,0,1,0,차대사람 - 보도통행중,기타,건조,맑음,기타 - 기타,승용,남,67세,상해없음,보행자,여,13세,경상
2022053000100373,2022년 5월 30일 17시,월요일,경기도 수원시 영통구 이의동,경상사고,0,0,1,0,차대차 - 기타,안전운전불이행,건조,맑음,교차로 - 교차로횡단보도내,승용,여,45세,상해없음,자전거,남,62세,경상
2022053000100417,2022년 5월 30일 18시,월요일,경기도 수원시 장안구 정자동,중상사고,0,1,0,0,차대사람 - 기타,안전운전불이행,건조,맑음,단일로 - 기타,승용,여,52세,상해없음,보행자,여,22세,중상
2022053000100463,2022년 5월 30일 19시,월요일,경기도 수원시 권선구 구운동,경상사고,0,0,1,0,차대차 - 기타,교차로운행방법위반,건조,흐림,단일로 - 기타,승용,남,25세,상해없음,자전거,남,53세,경상
2022053000100482,2022년 5월 30일 20시,월요일,경기도 수원시 장안구 조원동,경상사고,0,0,1,0,차대사람 - 횡단중,안전운전불이행,건조,맑음,단일로 - 기타,승용,남,20세,상해없음,보행자,남,75세,경상
2022053000100507,2022년 5월 30일 21시,월요일,경기도 수원시 권선구 권선동,경상사고,0,0,1,0,차대차 - 측면충돌,안전운전불이행,건조,맑음,교차로 - 교차로횡단보도내,승용,여,37세,상해없음,개인형이동수단(PM),남,28세,경상
2022053100100019,2022년 5월 31일 02시,화요일,경기도 수원시 팔달구 인계동,중상사고,0,1,2,0,차대사람 - 길가장자리구역통행중,안전운전불이행,건조,맑음,단일로 - 기타,승용,남,29세,상해없음,보행자,남,22세,경상
2022053100100021,2022년 5월 31일 03시,화요일,경기도 수원시 팔달구 인계동,경상사고,0,0,1,0,차대차 - 추돌,안전운전불이행,건조,맑음,단일로 - 기타,승용,남,58세,상해없음,개인형이동수단(PM),남,53세,경상
2022053100100101,2022년 5월 31일 08시,화요일,경기도 수원시 권선구 권선동,경상사고,0,0,1,0,차대차 - 측면충돌,신호위반,건조,맑음,단일로 - 기타,승합,남,62세,상해없음,자전거,남,13세,경상
2022053100100106,2022년 5월 31일 08시,화요일,경기도 수원시 권선구 금곡동,경상사고,0,0,1,0,차대차 - 추돌,교차로운행방법위반,건조,맑음,단일로 - 기타,자전거,남,64세,경상,화물,남,44세,상해없음
2022053100100152,2022년 5월 31일 09시,화요일,경기도 수원시 팔달구 인계동,경상사고,0,0,1,0,차대차 - 측면충돌,교차로운행방법위반,건조,맑음,단일로 - 기타,승용,여,54세,상해없음,자전거,여,27세,경상
2022053100100223,2022년 5월 31일 11시,화요일,경기도 수원시 장안구 이목동,중상사고,0,1,0,0,차대차 - 추돌,안전운전불이행,건조,맑음,단일로 - 기타,화물,남,69세,상해없음,승용,남,60세,중상
2022053100100333,2022년 5월 31일 14시,화요일,경기도 수원시 장안구 천천동,경상사고,0,0,1,0,차대차 - 기타,안전거리미확보,건조,맑음,단일로 - 기타,승합,남,63세,상해없음,화물,여,53세,경상
2022053100100474,2022년 5월 31일 17시,화요일,경기도 수원시 영통구 원천동,중상사고,0,1,0,0,차대사람 - 횡단중,안전운전불이행,건조,맑음,단일로 - 기타,이륜,남,29세,상해없음,보행자,여,33세,중상
2022053100100475,2022년 5월 31일 17시,화요일,경기도 수원시 영통구 원천동,경상사고,0,0,3,0,차대차 - 추돌,안전운전불이행,건조,맑음,교차로 - 교차로부근,승용,여,43세,상해없음,승용,남,56세,경상
2022053100100533,2022년 5월 31일 18시,화요일,경기도 수원시 영통구 영통동,경상사고,0,0,2,0,차대차 - 추돌,안전운전불이행,건조,맑음,단일로 - 기타,화물,남,77세,상해없음,화물,남,42세,경상
2022053100100618,2022년 5월 31일 20시,화요일,경기도 수원시 영통구 영통동,경상사고,0,0,1,0,차대사람 - 횡단중,안전운전불이행,건조,맑음,교차로 - 교차로부근,승용,여,33세,상해없음,보행자,남,33세,경상
2022053100100648,2022년 5월 31일 21시,화요일,경기도 수원시 영통구 영통동,경상사고,0,0,1,0,차대차 - 추돌,안전운전불이행,건조,맑음,교차로 - 교차로부근,승용,여,31세,상해없음,승용,남,61세,경상
2022053100100699,2022년 5월 31일 23시,화요일,경기도 수원시 팔달구 인계동,중상사고,0,1,0,0,차대차 - 측면충돌,교차로운행방법위반,건조,맑음,교차로 - 교차로안,승용,남,32세,상해없음,이륜,남,55세,중상
2022060100100004,2022년 6월 1일 00시,수요일,경기도 수원시 팔달구 인계동,중상사고,0,1,0,0,차대차 - 측면충돌,기타,건조,맑음,교차로 - 교차로부근,승용,남,64세,상해없음,이륜,남,30세,중상