사고번호,사고일시,요일,시군구,사고내용,사망자수,중상자수,경상자수,부상신고자수,사고유형,법규위반,노면상태,기상상태,도로형태,가해운전자 차종,가해운전자 성별,가해운전자 연령,가해운전자 상해정도,피해운전자 차종,피해운전자 성별,피해운전자 연령,피해운전자 상해정도
2022060100100048,2022년 6월 1일 02시,수요일,경기도 수원시 팔달구 인계동,경상사고,0,0,1,0,차대사람 - 기타,안전운전불이행,건조,맑음,단일로 - 기타,승용,남,38세,상해없음,보행자,남,32세,경상
2022060100100060,2022년 6월 1일 03시,수요일,경기도 수원시 팔달구 화서동,중상사고,0,1,1,0,차대사람 - 횡단중,기타,건조,맑음,교차로 - 교차로횡단보도내,승용,남,59세,상해없음,보행자,남,49세,중상
2022060100100069,2022년 6월 1일 04시,수요일,경기도 수원시 팔달구 인계동,경상사고,0,0,3,0,차대차 - 측면충돌,신호위반,건조,맑음,교차로 - 교차로안,승용,남,41세,상해없음,승용,여,35세,경상
2022060100100102,2022년 6월 1일 07시,수요일,경기도 수원시 팔달구 우만동,경상사고,0,0,2,0,차대차 - 측면충돌,기타,건조,맑음,단일로 - 기타,승용,여,30세,상해없음,승용,남,64세,경상
2022060100100120,2022년 6월 1일 08시,수요일,경기도 수원시 영통구 원천동,중상사고,0,1,0,0,차대사람 - 횡단중,보행자보호의무위반,건조,맑음,교차로 - 교차로횡단보도내,승용,남,59세,상해없음,보행자,여,67세,중상
2022060100100221,2022년 6월 1일 12시,수요일,경기도 수원시 권선구 구운동,중상사고,0,1,0,0,차대차 - 기타,신호위반,건조,맑음,교차로 - 교차로안,승용,남,60세,상해없음,이륜,남,35세,중상
2022060100100222,2022년 6월 1일 12시,수요일,경기도 수원시 권선구 호매실동,경상사고,0,0,1,0,차대사람 - 기타,기타,건조,맑음,기타 - 기타,화물,남,35세,상해없음,보행자,남,65세,경상
2022060100100254,2022년 6월 1일 13시,수요일,경기도 수원시 팔달구 팔달로3가,경상사고,0,0,1,0,차대사람 - 길가장자리구역통행중,안전운전불이행,건조,맑음,단일로 - 기타,승용,남,62세,상해없음,보행자,여,53세,경상
2022060100100255,2022년 6월 1일 13시,수요일,경기도 수원시 팔달구 화서동,부상신고사고,0,0,0,1,차대사람 - 기타,안전운전불이행,건조,맑음,교차로 - 교차로안,화물,남,41세,기타불명,보행자,남,46세,부상신고
2022060100100327,2022년 6월 1일 15시,수요일,경기도 수원시 팔달구 우만동,경상사고,0,0,2,0,차대차 - 측면충돌,안전운전불이행,건조,맑음,교차로 - 교차로안,승용,여,71세,상해없음,승용,남,22세,경상
2022060100100374,2022년 6월 1일 16시,수요일,경기도 수원시 팔달구 매산로1가,경상사고,0,0,1,0,차대사람 - 보도통행중,기타,건조,맑음,단일로 - 기타,개인형이동수단(PM),기타불명,미분류,기타불명,보행자,남,24세,경상
2022060100100405,2022년 6월 1일 17시,수요일,경기도 수원시 장안구 영화동,경상사고,0,0,1,0,차대차 - 기타,안전운전불이행,건조,맑음,교차로 - 교차로부근,승용,남,66세,상해없음,화물,남,36세,경상
2022060100100442,2022년 6월 1일 18시,수요일,경기도 수원시 영통구 이의동,경상사고,0,0,1,0,차대차 - 측면충돌,교차로운행방법위반,건조,맑음,교차로 - 교차로안,이륜,남,44세,상해없음,자전거,남,15세,경상
2022060100100470,2022년 6월 1일 19시,수요일,경기도 수원시 장안구 천천동,경상사고,0,0,1,0,차대사람 - 횡단중,신호위반,건조,맑음,단일로 - 기타,이륜,남,21세,상해없음,보행자,여,10세,경상
2022060100100546,2022년 6월 1일 22시,수요일,경기도 수원시 권선구 곡반정동,경상사고,0,0,1,0,차대차 - 추돌,안전운전불이행,건조,맑음,교차로 - 교차로부근,승용,남,25세,상해없음,승용,여,52세,경상
2022060100100558,2022년 6월 1일 23시,수요일,경기도 수원시 팔달구 우만동,중상사고,0,1,2,0,차대차 - 기타,신호위반,건조,맑음,교차로 - 교차로안,승용,남,42세,상해없음,승용,남,56세,중상
2022060200100002,2022년 6월 2일 00시,목요일,경기도 수원시 팔달구 화서동,부상신고사고,0,0,0,1,차대차 - 기타,안전운전불이행,건조,맑음,교차로 - 교차로부근,자전거,남,8세,부상신고,승용,남,55세,상해없음
2022060200100115,2022년 6월 2일 09시,목요일,경기도 수원시 권선구 금곡동,경상사고,0,0,1,0,차대사람 - 기타,기타,건조,맑음,단일로 - 기타,승합,남,56세,상해없음,보행자,여,24세,경상
2022060200100143,2022년 6월 2일 10시,목요일,경기도 수원시 팔달구 인계동,경상사고,0,0,1,0,차대차 - 측면충돌,안전운전불이행,건조,맑음,교차로 - 교차로안,승용,남,53세,상해없음,자전거,남,48세,경상
2022060200100443,2022년 6월 2일 18시,목요일,경기도 수원시 권선구 호매실동,부상신고사고,0,0,0,1,차대사람 - 보도통행중,안전운전불이행,건조,맑음,기타 - 기타,개인형이동수단(PM),남,16세,상해없음,보행자,남,2세,부상신고
2022060200100494,2022년 6월 2일 19시,목요일,경기도 수원시 팔달구 화서동,중상사고,0,1,0,0,차대차 - 기타,안전거리미확보,건조,맑음,단일로 - 기타,승용,남,66세,상해없음,이륜,남,20세,중상
2022060200100500,2022년 6월 2일 19시,목요일,경기도 수원시 팔달구 매산로1가,경상사고,0,0,1,0,차대차 - 정면충돌,안전운전불이행,건조,맑음,단일로 - 기타,이륜,남,16세,상해없음,이륜,남,31세,경상
2022060200100574,2022년 6월 2일 22시,목요일,경기도 수원시 팔달구 인계동,경상사고,0,0,1,0,차대차 - 기타,신호위반,건조,맑음,교차로 - 교차로안,원동기,남,22세,기타불명,승용,남,43세,경상
2022060300100041,2022년 6월 3일 06시,금요일,경기도 수원시 장안구 영화동,경상사고,0,0,1,0,차대차 - 기타,안전운전불이행,건조,맑음,단일로 - 기타,건설기계,남,31세,상해없음,승합,남,53세,상해없음
2022060300100124,2022년 6월 3일 09시,금요일,경기도 수원시 권선구 권선동,경상사고,0,0,3,0,차대차 - 측면충돌,신호위반,건조,맑음,교차로 - 교차로안,승용,남,27세,상해없음,승용,남,61세,경상
2022060300100160,2022년 6월 3일 10시,금요일,경기도 수원시 장안구 천천동,경상사고,0,0,1,0,차대차 - 측면충돌,안전운전불이행,건조,맑음,교차로 - 교차로안,승용,여,62세,상해없음,승용,남,52세,경상
2022060300100213,2022년 6월 3일 11시,금요일,경기도 수원시 장안구 영화동,중상사고,0,1,0,0,차대차 - 측면충돌,안전운전불이행,건조,맑음,교차로 - 교차로횡단보도내,자전거,남,76세,중상,승용,남,53세,상해없음
2022060300100249,2022년 6월 3일 12시,금요일,경기도 수원시 영통구 영통동,경상사고,0,0,1,0,차대차 - 측면충돌,안전운전불이행,건조,맑음,교차로 - 교차로안,승용,여,71세,상해없음,자전거,남,36세,경상
2022060300100274,2022년 6월 3일 13시,금요일,경기도 수원시 장안구 영화동,중상사고,0,1,0,0,차대사람 - 차도통행중,안전운전불이행,건조,맑음,단일로 - 기타,승용,남,57세,상해없음,보행자,여,60세,중상
2022060300100308,2022년 6월 3일 14시,금요일,경기도 수원시 팔달구 북수동,경상사고,0,0,1,0,차대차 - 측면충돌,안전운전불이행,건조,맑음,단일로 - 기타,화물,남,59세,상해없음,자전거,남,68세,경상
2022060300100340,2022년 6월 3일 15시,금요일,경기도 수원시 장안구 파장동,경상사고,0,0,1,0,차대사람 - 차도통행중,안전운전불이행,건조,맑음,단일로 - 기타,승합,여,56세,상해없음,보행자,여,66세,경상
2022060300100344,2022년 6월 3일 15시,금요일,경기도 수원시 권선구 권선동,경상사고,0,0,2,0,차대차 - 측면충돌,신호위반,건조,맑음,교차로 - 교차로안,승합,남,51세,상해없음,승용,남,64세,경상
2022060300100516,2022년 6월 3일 19시,금요일,경기도 수원시 영통구 매탄동,경상사고,0,0,1,0,차대차 - 측면충돌,직진우회전진행방해,건조,맑음,교차로 - 교차로안,승용,남,30세,상해없음,이륜,남,57세,경상
2022060300100610,2022년 6월 3일 22시,금요일,경기도 수원시 장안구 영화동,사망사고,1,0,0,0,차대사람 - 횡단중,안전운전불이행,건조,맑음,단일로 - 기타,승용,여,51세,상해없음,보행자,남,56세,사망
2022060300100615,2022년 6월 3일 22시,금요일,경기도 수원시 영통구 매탄동,중상사고,0,1,2,0,차대차 - 추돌,안전운전불이행,건조,맑음,단일로 - 기타,승용,남,67세,상해없음,승용,남,32세,경상
2022060400100006,2022년 6월 4일 00시,토요일,경기도 수원시 팔달구 고등동,경상사고,0,0,1,0,차대차 - 추돌,안전운전불이행,건조,맑음,단일로 - 기타,이륜,남,22세,경상,승용,남,57세,상해없음
2022060400100046,2022년 6월 4일 03시,토요일,경기도 수원시 장안구 정자동,경상사고,0,0,2,0,차대차 - 기타,신호위반,건조,맑음,교차로 - 교차로안,이륜,남,24세,경상,승용,남,54세,경상
2022060400100079,2022년 6월 4일 06시,토요일,경기도 수원시 영통구 망포동,경상사고,0,0,1,0,차대차 - 정면충돌,중앙선침범,건조,맑음,교차로 - 교차로부근,승용,남,33세,상해없음,승용,남,68세,경상
2022060400100151,2022년 6월 4일 10시,토요일,경기도 수원시 장안구 영화동,부상신고사고,0,0,0,1,차대차 - 기타,안전운전불이행,건조,맑음,교차로 - 교차로안,자전거,남,61세,부상신고,화물,남,57세,상해없음
2022060400100209,2022년 6월 4일 11시,토요일,경기도 수원시 영통구 영통동,경상사고,0,0,2,0,차대차 - 기타,안전운전불이행,건조,맑음,단일로 - 기타,승용,여,51세,경상,승용,남,41세,경상
2022060400100284,2022년 6월 4일 13시,토요일,경기도 수원시 권선구 평동,부상신고사고,0,0,0,2,차대차 - 기타,직진우회전진행방해,건조,맑음,교차로 - 교차로안,승용,남,55세,상해없음,승용,여,34세,부상신고
2022060400100285,2022년 6월 4일 13시,토요일,경기도 수원시 권선구 세류동,경상사고,0,0,2,0,차대차 - 측면충돌,안전거리미확보,건조,맑음,교차로 - 교차로부근,이륜,남,49세,기타불명,승용,남,41세,상해없음
2022060400100381,2022년 6월 4일 16시,토요일,경기도 수원시 권선구 세류동,중상사고,0,1,0,0,차대차 - 기타,안전거리미확보,건조,맑음,단일로 - 기타,승용,남,65세,상해없음,이륜,남,22세,중상
2022060400100452,2022년 6월 4일 18시,토요일,경기도 수원시 영통구 원천동,경상사고,0,0,1,0,차대차 - 측면충돌,신호위반,건조,맑음,교차로 - 교차로안,이륜,남,59세,기타불명,승용,남,40세,경상
2022060400100499,2022년 6월 4일 20시,토요일,경기도 수원시 권선구 탑동,경상사고,0,0,1,0,차대차 - 추돌,안전운전불이행,건조,맑음,단일로 - 기타,승용,남,54세,상해없음,승용,남,26세,경상
2022060400100561,2022년 6월 4일 22시,토요일,경기도 수원시 팔달구 매산로1가,경상사고,0,0,1,0,차대차 - 기타,신호위반,건조,맑음,교차로 - 교차로안,승용,남,20세,상해없음,승용,남,51세,경상
2022060500100018,2022년 6월 5일 01시,일요일,경기도 수원시 팔달구 화서동,경상사고,0,0,2,0,차대차 - 추돌,안전운전불이행,건조,맑음,교차로 - 교차로부근,승용,남,35세,상해없음,승용,남,46세,경상
2022060500100053,2022년 6월 5일 05시,일요일,경기도 수원시 영통구 망포동,경상사고,0,0,3,0,차대차 - 추돌,안전운전불이행,건조,흐림,단일로 - 기타,승용,남,45세,상해없음,승용,남,53세,경상
2022060500100058,2022년 6월 5일 06시,일요일,경기도 수원시 장안구 파장동,경상사고,0,0,1,0,차대차 - 측면충돌,신호위반,건조,맑음,교차로 - 교차로안,이륜,남,25세,기타불명,승용,남,64세,경상
2022060500100136,2022년 6월 5일 12시,일요일,경기도 수원시 장안구 정자동,경상사고,0,0,1,0,차대사람 - 기타,안전운전불이행,건조,맑음,기타 - 기타,자전거,남,16세,기타불명,보행자,여,36세,경상
2022060500100142,2022년 6월 5일 12시,일요일,경기도 수원시 권선구 서둔동,중상사고,0,1,0,0,차대차 - 기타,안전운전불이행,건조,맑음,단일로 - 기타,승용,남,33세,상해없음,이륜,남,61세,중상
2022060500100170,2022년 6월 5일 13시,일요일,경기도 수원시 팔달구 매향동,중상사고,0,1,0,0,차대차 - 기타,안전운전불이행,건조,맑음,교차로 - 교차로안,화물,남,40세,상해없음,이륜,남,61세,중상
2022060500100173,2022년 6월 5일 13시,일요일,경기도 수원시 권선구 서둔동,경상사고,0,0,1,1,차대차 - 기타,교차로운행방법위반,건조,맑음,교차로 - 교차로안,승용,남,70세,상해없음,승용,남,35세,경상
2022060500100391,2022년 6월 5일 21시,일요일,경기도 수원시 권선구 권선동,중상사고,0,1,0,0,차대사람 - 차도통행중,안전운전불이행,젖음/습기,비,단일로 - 기타,승용,여,48세,상해없음,보행자,남,59세,중상
2022060500100392,2022년 6월 5일 21시,일요일,경기도 수원시 권선구 권선동,경상사고,0,0,2,0,차대차 - 측면충돌,안전운전불이행,젖음/습기,비,단일로 - 기타,승용,남,43세,상해없음,승용,남,41세,경상
2022060500100406,2022년 6월 5일 22시,일요일,경기도 수원시 팔달구 매향동,경상사고,0,0,2,1,차대차 - 기타,안전거리미확보,건조,맑음,단일로 - 기타,승합,여,44세,부상신고,승용,남,55세,경상
2022060600100019,2022년 6월 6일 01시,월요일,경기도 수원시 팔달구 중동,경상사고,0,0,1,0,차대차 - 추돌,안전운전불이행,건조,맑음,교차로 - 교차로안,화물,남,51세,상해없음,자전거,남,33세,경상
2022060600100064,2022년 6월 6일 07시,월요일,경기도 수원시 장안구 정자동,경상사고,0,0,1,0,차대차 - 기타,신호위반,건조,맑음,교차로 - 교차로안,승용,남,49세,상해없음,승용,여,58세,경상
2022060600100096,2022년 6월 6일 09시,월요일,경기도 수원시 장안구 영화동,경상사고,0,0,1,0,차대차 - 측면충돌,안전운전불이행,젖음/습기,비,교차로 - 교차로안,승용,여,34세,상해없음,화물,남,40세,경상
2022060600100187,2022년 6월 6일 13시,월요일,경기도 수원시 권선구 탑동,경상사고,0,0,1,0,차대차 - 추돌,교차로운행방법위반,건조,맑음,교차로 - 교차로안,승용,남,52세,상해없음,승용,여,43세,경상
2022060600100382,2022년 6월 6일 19시,월요일,경기도 수원시 영통구 매탄동,경상사고,0,0,1,0,차대차 - 측면충돌,안전운전불이행,건조,맑음,교차로 - 교차로안,이륜,남,49세,경상,승용,여,45세,상해없음
2022060600100461,2022년 6월 6일 22시,월요일,경기도 수원시 권선구 탑동,경상사고,0,0,1,0,차대차 - 기타,교차로운행방법위반,건조,맑음,교차로 - 교차로부근,승용,남,35세,상해없음,승용,남,27세,경상
2022060700100023,2022년 6월 7일 05시,화요일,경기도 수원시 팔달구 교동,중상사고,0,1,0,0,차대차 - 기타,안전운전불이행,건조,맑음,교차로 - 교차로안,승용,여,64세,상해없음,자전거,여,67세,중상
2022060700100030,2022년 6월 7일 06시,화요일,경기도 수원시 권선구 고색동,중상사고,0,1,0,0,차대차 - 정면충돌,안전운전불이행,건조,맑음,교차로 - 교차로안,승용,남,58세,상해없음,원동기,남,62세,중상
2022060700100096,2022년 6월 7일 08시,화요일,경기도 수원시 권선구 고색동,경상사고,0,0,1,0,차대차 - 추돌,안전운전불이행,건조,맑음,교차로 - 교차로부근,화물,남,24세,상해없음,승용,여,27세,경상
2022060700100133,2022년 6월 7일 09시,화요일,경기도 수원시 장안구 정자동,경상사고,0,0,1,0,차대차 - 측면충돌,안전운전불이행,건조,맑음,단일로 - 기타,승합,남,73세,기타불명,승용,여,35세,경상
2022060700100170,2022년 6월 7일 10시,화요일,경기도 수원시 권선구 금곡동,중상사고,0,1,0,0,차대사람 - 기타,안전운전불이행,건조,맑음,단일로 - 기타,승용,여,43세,상해없음,보행자,남,73세,중상
2022060700100251,2022년 6월 7일 13시,화요일,경기도 수원시 팔달구 인계동,중상사고,0,1,0,0,차대차 - 측면충돌,신호위반,건조,맑음,단일로 - 기타,승용,여,60세,상해없음,이륜,남,48세,중상
2022060700100280,2022년 6월 7일 14시,화요일,경기도 수원시 영통구 영통동,경상사고,0,0,2,0,차대차 - 측면충돌,안전운전불이행,건조,맑음,단일로 - 기타,승용,남,68세,상해없음,화물,남,32세,경상
2022060700100334,2022년 6월 7일 16시,화요일,경기도 수원시 장안구 정자동,경상사고,0,0,1,0,차대사람 - 기타,신호위반,건조,맑음,단일로 - 기타,이륜,남,44세,상해없음,보행자,여,60세,경상
2022060700100520,2022년 6월 7일 21시,화요일,경기도 수원시 권선구 권선동,경상사고,0,0,1,0,차대사람 - 기타,안전운전불이행,건조,맑음,단일로 - 기타,자전거,남,33세,상해없음,보행자,여,65세,경상
2022060700100521,2022년 6월 7일 21시,화요일,경기도 수원시 권선구 세류동,부상신고사고,0,0,0,1,차대사람 - 기타,안전운전불이행,건조,맑음,교차로 - 교차로안,승용,남,45세,상해없음,보행자,남,56세,부상신고
2022060700100522,2022년 6월 7일 21시,화요일,경기도 수원시 영통구 매탄동,경상사고,0,0,1,0,차대차 - 기타,안전운전불이행,건조,맑음,교차로 - 교차로부근,승용,남,49세,기타불명,승용,남,22세,상해없음
2022060700100523,2022년 6월 7일 21시,화요일,경기도 수원시 권선구 서둔동,경상사고,0,0,1,0,차대차 - 추돌,안전운전불이행,건조,맑음,교차로 - 교차로부근,승용,남,30세,상해없음,승용,여,39세,경상
2022060700100551,2022년 6월 7일 22시,화요일,경기도 수원시 팔달구 인계동,경상사고,0,0,1,0,차대차 - 기타,안전운전불이행,건조,맑음,단일로 - 기타,이륜,남,27세,상해없음,이륜,남,40세,경상
2022060800100060,2022년 6월 8일 07시,수요일,경기도 수원시 팔달구 팔달로3가,경상사고,0,0,1,0,차대차 - 기타,안전운전불이행,건조,맑음,단일로 - 기타,화물,남,44세,상해없음,승합,남,27세,경상
2022060800100093,2022년 6월 8일 08시,수요일,경기도 수원시 권선구 권선동,경상사고,0,0,1,0,차대차 - 측면충돌,교차로운행방법위반,건조,맑음,교차로 - 교차로안,화물,남,28세,상해없음,승용,여,49세,경상
2022060800100128,2022년 6월 8일 09시,수요일,경기도 수원시 영통구 망포동,경상사고,0,0,1,0,차대차 - 기타,안전거리미확보,건조,맑음,단일로 - 기타,승용,남,27세,기타불명,화물,여,66세,경상
2022060800100164,2022년 6월 8일 10시,수요일,경기도 수원시 팔달구 북수동,중상사고,0,1,0,0,차대차 - 추돌,안전운전불이행,건조,맑음,교차로 - 교차로부근,승용,남,64세,상해없음,화물,남,37세,중상
2022060800100191,2022년 6월 8일 11시,수요일,경기도 수원시 장안구 연무동,중상사고,0,1,0,0,차대차 - 기타,안전운전불이행,건조,맑음,단일로 - 기타,승용,남,71세,상해없음,자전거,남,70세,중상
2022060800100219,2022년 6월 8일 12시,수요일,경기도 수원시 팔달구 화서동,경상사고,0,0,1,0,차대차 - 측면충돌,안전운전불이행,건조,맑음,단일로 - 기타,승용,남,71세,상해없음,승용,여,24세,경상
2022060800100244,2022년 6월 8일 13시,수요일,경기도 수원시 팔달구 우만동,경상사고,0,0,1,0,차대차 - 추돌,안전운전불이행,건조,맑음,교차로 - 교차로부근,승용,남,33세,상해없음,승용,남,35세,경상
2022060800100300,2022년 6월 8일 15시,수요일,경기도 수원시 팔달구 우만동,중상사고,0,1,0,0,차대사람 - 기타,기타,건조,맑음,단일로 - 기타,승합,남,57세,상해없음,보행자,여,62세,중상
2022060800100334,2022년 6월 8일 16시,수요일,경기도 수원시 장안구 이목동,경상사고,0,0,2,0,차대차 - 기타,안전거리미확보,건조,맑음,단일로 - 기타,건설기계,남,59세,상해없음,승용,남,26세,경상
2022060800100335,2022년 6월 8일 16시,수요일,경기도 수원시 팔달구 우만동,경상사고,0,0,1,0,차대차 - 기타,신호위반,건조,맑음,단일로 - 기타,승용,남,62세,상해없음,승용,남,41세,경상
2022060800100382,2022년 6월 8일 17시,수요일,경기도 수원시 권선구 고색동,중상사고,0,2,0,0,차대차 - 기타,교차로운행방법위반,건조,맑음,교차로 - 교차로부근,승용,여,58세,상해없음,승합,남,55세,상해없음
2022060800100431,2022년 6월 8일 18시,수요일,경기도 수원시 권선구 곡반정동,경상사고,0,0,1,0,차대차 - 측면충돌,신호위반,건조,맑음,교차로 - 교차로안,승용,여,28세,상해없음,이륜,남,36세,경상
2022060800100521,2022년 6월 8일 21시,수요일,경기도 수원시 팔달구 인계동,중상사고,0,1,0,0,차대사람 - 차도통행중,안전운전불이행,건조,맑음,단일로 - 기타,화물,남,54세,상해없음,보행자,남,67세,중상
2022060900100057,2022년 6월 9일 07시,목요일,경기도 수원시 권선구 호매실동,경상사고,0,0,1,0,차대차 - 기타,안전운전불이행,건조,맑음,교차로 - 교차로안,승용,여,58세,상해없음,승용,남,46세,경상
2022060900100187,2022년 6월 9일 11시,목요일,경기도 수원시 장안구 파장동,경상사고,0,0,1,0,차대차 - 기타,기타,건조,맑음,교차로 - 교차로안,승용,남,67세,기타불명,승용,남,56세,경상
2022060900100217,2022년 6월 9일 12시,목요일,경기도 수원시 영통구 이의동,경상사고,0,0,1,0,차대차 - 측면충돌,교차로운행방법위반,건조,맑음,교차로 - 교차로안,화물,남,62세,상해없음,승용,남,31세,경상
2022060900100219,2022년 6월 9일 12시,목요일,경기도 수원시 권선구 금곡동,경상사고,0,0,4,0,차대차 - 정면충돌,신호위반,건조,맑음,교차로 - 교차로안,승용,여,43세,경상,승용,여,41세,경상
2022060900100242,2022년 6월 9일 13시,목요일,경기도 수원시 영통구 매탄동,경상사고,0,0,3,0,차대차 - 추돌,안전운전불이행,건조,맑음,기타 - 기타,승용,여,57세,상해없음,승용,남,35세,경상
2022060900100266,2022년 6월 9일 14시,목요일,경기도 수원시 팔달구 매산로2가,경상사고,0,0,1,0,차대사람 - 차도통행중,안전운전불이행,건조,맑음,단일로 - 기타,승용,여,21세,상해없음,보행자,여,56세,경상
2022060900100333,2022년 6월 9일 16시,목요일,경기도 수원시 팔달구 매산로2가,경상사고,0,0,1,0,차대사람 - 기타,안전운전불이행,건조,맑음,단일로 - 기타,승용,남,19세,상해없음,보행자,여,65세,경상
2022060900100334,2022년 6월 9일 16시,목요일,경기도 수원시 팔달구 매산로1가,경상사고,0,0,2,0,차대차 - 측면충돌,안전거리미확보,건조,맑음,교차로 - 교차로부근,승용,남,67세,상해없음,승용,남,28세,경상
2022060900100368,2022년 6월 9일 17시,목요일,경기도 수원시 장안구 정자동,부상신고사고,0,0,0,1,차대차 - 기타,안전거리미확보,건조,맑음,교차로 - 교차로안,이륜,남,40세,부상신고,승용,남,51세,상해없음
2022060900100372,2022년 6월 9일 17시,목요일,경기도 수원시 권선구 권선동,경상사고,0,0,1,0,차대사람 - 횡단중,신호위반,건조,맑음,교차로 - 교차로안,승용,여,68세,상해없음,보행자,여,61세,경상
2022060900100373,2022년 6월 9일 17시,목요일,경기도 수원시 권선구 곡반정동,경상사고,0,0,1,0,차대차 - 측면충돌,안전운전불이행,건조,맑음,단일로 - 기타,승용,여,32세,상해없음,이륜,남,24세,경상
2022060900100451,2022년 6월 9일 19시,목요일,경기도 수원시 팔달구 우만동,부상신고사고,0,0,0,1,차대사람 - 기타,안전운전불이행,젖음/습기,비,기타 - 기타,기타불명,기타불명,미분류,기타불명,보행자,남,45세,부상신고
2022061000100050,2022년 6월 10일 06시,금요일,경기도 수원시 영통구 영통동,중상사고,0,1,0,0,차대사람 - 횡단중,신호위반,건조,맑음,교차로 - 교차로횡단보도내,승용,남,65세,상해없음,보행자,남,33세,중상
2022061000100053,2022년 6월 10일 06시,금요일,경기도 수원시 권선구 서둔동,경상사고,0,0,1,0,차대차 - 기타,교차로운행방법위반,건조,맑음,교차로 - 교차로부근,화물,남,74세,상해없음,승용,남,27세,경상
2022061000100170,2022년 6월 10일 10시,금요일,경기도 수원시 권선구 권선동,중상사고,0,1,0,0,차대차 - 기타,신호위반,건조,맑음,교차로 - 교차로안,원동기,남,30세,중상,승용,남,30세,상해없음
2022061000100171,2022년 6월 10일 10시,금요일,경기도 수원시 권선구 금곡동,중상사고,0,1,0,0,차대차 - 기타,안전운전불이행,건조,맑음,교차로 - 교차로안,승용,여,44세,상해없음,자전거,남,21세,중상
2022061000100172,2022년 6월 10일 10시,금요일,경기도 수원시 권선구 고색동,경상사고,0,0,1,0,차대차 - 측면충돌,직진우회전진행방해,건조,맑음,교차로 - 교차로안,승용,남,25세,상해없음,승용,남,25세,경상
2022061000100203,2022년 6월 10일 11시,금요일,경기도 수원시 권선구 구운동,경상사고,0,0,1,0,차대차 - 추돌,안전거리미확보,건조,맑음,교차로 - 교차로부근,화물,남,34세,상해없음,승용,여,59세,경상
2022061000100227,2022년 6월 10일 12시,금요일,경기도 수원시 팔달구 남수동,부상신고사고,0,0,0,1,차대사람 - 기타,안전운전불이행,건조,맑음,교차로 - 교차로안,승용,남,63세,상해없음,보행자,남,68세,부상신고
2022061000100292,2022년 6월 10일 14시,금요일,경기도 수원시 팔달구 매교동,경상사고,0,0,1,0,차대차 - 기타,안전운전불이행,건조,맑음,단일로 - 기타,승합,남,61세,상해없음,이륜,남,25세,경상
2022061000100368,2022년 6월 10일 16시,금요일,경기도 수원시 권선구 권선동,경상사고,0,0,1,0,차대차 - 측면충돌,기타,건조,맑음,교차로 - 교차로안,화물,남,24세,상해없음,이륜,남,34세,경상
2022061000100413,2022년 6월 10일 17시,금요일,경기도 수원시 팔달구 지동,경상사고,0,0,1,0,차대차 - 추돌,안전운전불이행,건조,맑음,교차로 - 교차로안,승용,남,49세,상해없음,승용,여,65세,경상
2022061000100419,2022년 6월 10일 17시,금요일,경기도 수원시 영통구 신동,경상사고,0,0,1,0,차대차 - 기타,신호위반,건조,맑음,교차로 - 교차로안,승용,여,40세,상해없음,이륜,남,33세,경상
2022061000100464,2022년 6월 10일 18시,금요일,경기도 수원시 권선구 고색동,중상사고,0,1,0,0,차대차 - 기타,안전운전불이행,건조,맑음,교차로 - 교차로안,원동기,남,27세,중상,승용,남,48세,상해없음
2022061000100465,2022년 6월 10일 18시,금요일,경기도 수원시 권선구 호매실동,경상사고,0,0,4,0,차대차 - 기타,기타,건조,맑음,단일로 - 기타,승용,남,20세,경상,승용,여,29세,경상
2022061000100504,2022년 6월 10일 19시,금요일,경기도 수원시 장안구 파장동,부상신고사고,0,0,0,1,차대차 - 추돌,교차로운행방법위반,건조,맑음,교차로 - 교차로안,원동기,남,19세,부상신고,승용,남,57세,상해없음
2022061000100507,2022년 6월 10일 19시,금요일,경기도 수원시 권선구 세류동,경상사고,0,0,1,0,차대사람 - 횡단중,안전운전불이행,건조,맑음,교차로 - 교차로안,승합,남,44세,상해없음,보행자,남,7세,경상
2022061000100538,2022년 6월 10일 20시,금요일,경기도 수원시 권선구 탑동,경상사고,0,0,1,0,차대차 - 측면충돌,안전운전불이행,건조,맑음,교차로 - 교차로안,승용,남,31세,상해없음,이륜,남,19세,경상
2022061000100581,2022년 6월 10일 22시,금요일,경기도 수원시 영통구 영통동,경상사고,0,0,1,0,차대사람 - 기타,기타,건조,맑음,기타 - 기타,개인형이동수단(PM),남,17세,상해없음,보행자,남,34세,경상
2022061100100124,2022년 6월 11일 09시,토요일,경기도 수원시 권선구 세류동,중상사고,0,1,0,0,차대사람 - 횡단중,안전운전불이행,건조,맑음,단일로 - 기타,자전거,남,80세,상해없음,보행자,여,51세,중상
2022061100100183,2022년 6월 11일 11시,토요일,경기도 수원시 장안구 송죽동,경상사고,0,0,3,0,차대차 - 측면충돌,기타,건조,맑음,단일로 - 기타,승용,남,57세,상해없음,승용,남,37세,경상
2022061100100186,2022년 6월 11일 11시,토요일,경기도 수원시 권선구 권선동,경상사고,0,0,2,0,차대차 - 측면충돌,안전운전불이행,건조,맑음,교차로 - 교차로횡단보도내,승용,여,44세,상해없음,자전거,남,9세,경상