사고번호,사고일시,요일,시군구,사고내용,사망자수,중상자수,경상자수,부상신고자수,사고유형,법규위반,노면상태,기상상태,도로형태,가해운전자 차종,가해운전자 성별,가해운전자 연령,가해운전자 상해정도,피해운전자 차종,피해운전자 성별,피해운전자 연령,피해운전자 상해정도
2022061100100267,2022년 6월 11일 13시,토요일,경기도 수원시 팔달구 인계동,경상사고,0,0,1,0,차대차 - 측면충돌,차로위반,건조,맑음,단일로 - 지하차도(도로)내,승용,여,28세,상해없음,승용,여,60세,경상
2022061100100332,2022년 6월 11일 15시,토요일,경기도 수원시 영통구 원천동,중상사고,0,1,0,0,차대사람 - 보도통행중,기타,건조,맑음,단일로 - 기타,이륜,남,44세,상해없음,보행자,여,9세,중상
2022061100100403,2022년 6월 11일 17시,토요일,경기도 수원시 장안구 정자동,경상사고,0,0,2,0,차대차 - 측면충돌,직진우회전진행방해,건조,맑음,교차로 - 교차로안,승용,남,46세,기타불명,승용,남,28세,경상
2022061100100404,2022년 6월 11일 17시,토요일,경기도 수원시 팔달구 북수동,경상사고,0,0,1,0,차대차 - 기타,안전운전불이행,건조,맑음,교차로 - 교차로안,승용,여,40세,상해없음,자전거,남,83세,경상
2022061100100405,2022년 6월 11일 17시,토요일,경기도 수원시 장안구 파장동,경상사고,0,0,1,0,차대사람 - 길가장자리구역통행중,안전운전불이행,건조,맑음,단일로 - 기타,승용,여,49세,상해없음,보행자,남,72세,경상
2022061100100412,2022년 6월 11일 17시,토요일,경기도 수원시 권선구 호매실동,경상사고,0,0,1,0,차대차 - 측면충돌,안전거리미확보,건조,맑음,단일로 - 기타,승용,남,32세,상해없음,화물,남,66세,상해없음
2022061100100479,2022년 6월 11일 19시,토요일,경기도 수원시 장안구 영화동,중상사고,0,1,2,0,차대차 - 기타,안전운전불이행,건조,맑음,단일로 - 기타,이륜,남,32세,중상,승용,남,28세,경상
2022061100100529,2022년 6월 11일 21시,토요일,경기도 수원시 팔달구 매산로1가,경상사고,0,0,1,0,차대차 - 기타,안전운전불이행,건조,맑음,단일로 - 기타,승용,남,65세,상해없음,승용,남,52세,경상
2022061100100567,2022년 6월 11일 23시,토요일,경기도 수원시 장안구 영화동,경상사고,0,0,1,0,차대차 - 추돌,안전운전불이행,건조,맑음,교차로 - 교차로안,화물,남,47세,상해없음,승용,남,56세,경상
2022061200100029,2022년 6월 12일 02시,일요일,경기도 수원시 권선구 권선동,중상사고,0,1,0,0,차대사람 - 횡단중,기타,건조,맑음,교차로 - 교차로횡단보도내,승용,남,56세,상해없음,보행자,남,46세,중상
2022061200100030,2022년 6월 12일 02시,일요일,경기도 수원시 팔달구 인계동,사망사고,1,0,0,0,차대사람 - 횡단중,신호위반,건조,맑음,교차로 - 교차로횡단보도내,승용,남,38세,상해없음,보행자,여,43세,사망
2022061200100044,2022년 6월 12일 04시,일요일,경기도 수원시 권선구 구운동,경상사고,0,0,1,0,차대차 - 기타,신호위반,건조,맑음,교차로 - 교차로안,기타불명,기타불명,미분류,기타불명,승용,남,57세,상해없음
2022061200100060,2022년 6월 12일 06시,일요일,경기도 수원시 권선구 호매실동,경상사고,0,0,1,0,차대사람 - 기타,안전운전불이행,건조,맑음,단일로 - 기타,개인형이동수단(PM),남,21세,상해없음,보행자,여,52세,경상
2022061200100101,2022년 6월 12일 10시,일요일,경기도 수원시 권선구 구운동,경상사고,0,0,2,0,차대사람 - 기타,안전운전불이행,건조,맑음,기타 - 기타,승용,남,64세,상해없음,보행자,여,42세,경상
2022061200100120,2022년 6월 12일 11시,일요일,경기도 수원시 영통구 매탄동,경상사고,0,0,1,0,차대사람 - 차도통행중,안전운전불이행,건조,맑음,단일로 - 기타,승용,남,38세,상해없음,보행자,여,15세,경상
2022061200100340,2022년 6월 12일 20시,일요일,경기도 수원시 영통구 이의동,경상사고,0,0,1,0,차대차 - 측면충돌,안전운전불이행,건조,맑음,단일로 - 기타,화물,남,54세,상해없음,승합,남,60세,경상
2022061300100025,2022년 6월 13일 05시,월요일,경기도 수원시 영통구 매탄동,사망사고,1,0,0,0,차량단독 - 공작물충돌,안전운전불이행,건조,맑음,단일로 - 지하차도(도로)내,이륜,남,63세,사망,,,,
2022061300100120,2022년 6월 13일 09시,월요일,경기도 수원시 영통구 영통동,경상사고,0,0,2,0,차대차 - 측면충돌,신호위반,건조,맑음,교차로 - 교차로안,승용,남,34세,상해없음,승용,남,35세,경상
2022061300100228,2022년 6월 13일 13시,월요일,경기도 수원시 영통구 하동,경상사고,0,0,1,2,차대차 - 기타,중앙선침범,건조,맑음,교차로 - 교차로부근,승용,여,34세,부상신고,승용,남,45세,경상
2022061300100230,2022년 6월 13일 13시,월요일,경기도 수원시 권선구 세류동,경상사고,0,0,1,0,차대차 - 측면충돌,안전거리미확보,건조,맑음,교차로 - 교차로부근,승용,여,33세,기타불명,승용,여,67세,경상
2022061300100250,2022년 6월 13일 14시,월요일,경기도 수원시 팔달구 우만동,경상사고,0,0,1,0,차대차 - 기타,신호위반,건조,맑음,교차로 - 교차로안,자전거,남,10세,경상,승용,남,23세,상해없음
2022061300100251,2022년 6월 13일 14시,월요일,경기도 수원시 팔달구 우만동,부상신고사고,0,0,0,1,차대차 - 기타,직진우회전진행방해,건조,맑음,교차로 - 교차로안,이륜,남,39세,부상신고,승용,여,45세,상해없음
2022061300100337,2022년 6월 13일 16시,월요일,경기도 수원시 권선구 평동,경상사고,0,0,1,0,차대차 - 기타,안전운전불이행,건조,맑음,단일로 - 기타,특수,남,56세,경상,승용,남,40세,기타불명
2022061300100372,2022년 6월 13일 17시,월요일,경기도 수원시 장안구 정자동,부상신고사고,0,0,0,2,차대차 - 기타,안전운전불이행,건조,맑음,단일로 - 기타,자전거,여,40세,부상신고,자전거,남,12세,부상신고
2022061300100373,2022년 6월 13일 17시,월요일,경기도 수원시 팔달구 우만동,경상사고,0,0,2,0,차대사람 - 기타,안전운전불이행,건조,맑음,단일로 - 기타,자전거,남,10세,경상,보행자,여,25세,경상
2022061300100378,2022년 6월 13일 17시,월요일,경기도 수원시 팔달구 인계동,경상사고,0,0,1,0,차대사람 - 차도통행중,안전운전불이행,건조,맑음,단일로 - 기타,승용,여,55세,기타불명,보행자,남,30세,경상
2022061300100379,2022년 6월 13일 17시,월요일,경기도 수원시 영통구 원천동,경상사고,0,0,1,0,차대차 - 기타,안전거리미확보,건조,맑음,단일로 - 기타,승용,남,53세,상해없음,승합,남,63세,상해없음
2022061300100421,2022년 6월 13일 18시,월요일,경기도 수원시 권선구 곡반정동,경상사고,0,0,1,0,차대차 - 추돌,안전운전불이행,건조,맑음,교차로 - 교차로부근,승용,여,46세,상해없음,이륜,남,21세,경상
2022061300100424,2022년 6월 13일 18시,월요일,경기도 수원시 권선구 평동,경상사고,0,0,2,0,차대차 - 추돌,안전거리미확보,건조,맑음,단일로 - 기타,승용,여,72세,상해없음,승용,남,22세,경상
2022061300100461,2022년 6월 13일 19시,월요일,경기도 수원시 권선구 곡반정동,경상사고,0,0,1,0,차대차 - 측면충돌,신호위반,건조,맑음,교차로 - 교차로안,이륜,남,25세,상해없음,승합,여,65세,상해없음
2022061300100509,2022년 6월 13일 21시,월요일,경기도 수원시 장안구 천천동,중상사고,0,1,0,0,차대사람 - 기타,보행자보호의무위반,건조,맑음,교차로 - 교차로횡단보도내,승용,여,53세,상해없음,보행자,남,47세,중상
2022061300100514,2022년 6월 13일 21시,월요일,경기도 수원시 영통구 이의동,경상사고,0,0,1,0,차대차 - 측면충돌,교차로운행방법위반,건조,맑음,교차로 - 교차로부근,이륜,남,31세,상해없음,승용,남,27세,경상
2022061400100086,2022년 6월 14일 08시,화요일,경기도 수원시 팔달구 화서동,경상사고,0,0,2,0,차대차 - 기타,안전운전불이행,건조,맑음,교차로 - 교차로안,승합,남,75세,상해없음,이륜,남,33세,경상
2022061400100093,2022년 6월 14일 08시,화요일,경기도 수원시 권선구 탑동,경상사고,0,0,1,0,차대사람 - 기타,안전운전불이행,건조,맑음,교차로 - 교차로안,승용,여,49세,상해없음,보행자,남,8세,경상
2022061400100179,2022년 6월 14일 10시,화요일,경기도 수원시 팔달구 우만동,경상사고,0,0,1,0,차대차 - 추돌,안전운전불이행,건조,맑음,단일로 - 기타,승용,남,32세,상해없음,승용,남,31세,경상
2022061400100205,2022년 6월 14일 11시,화요일,경기도 수원시 팔달구 남수동,경상사고,0,0,1,0,차량단독 - 기타,안전운전불이행,건조,맑음,교차로 - 교차로부근,승합,남,63세,상해없음,,,,
2022061400100277,2022년 6월 14일 13시,화요일,경기도 수원시 권선구 서둔동,중상사고,0,1,0,0,차대차 - 기타,신호위반,건조,맑음,교차로 - 교차로부근,승용,남,29세,상해없음,자전거,남,38세,중상
2022061400100343,2022년 6월 14일 15시,화요일,경기도 수원시 장안구 파장동,경상사고,0,0,2,0,차대차 - 후진중충돌,안전운전불이행,건조,맑음,교차로 - 교차로안,승용,남,55세,상해없음,승용,남,70세,경상
2022061400100381,2022년 6월 14일 16시,화요일,경기도 수원시 팔달구 우만동,경상사고,0,0,1,0,차대사람 - 기타,보행자보호의무위반,건조,맑음,교차로 - 교차로부근,승용,남,56세,상해없음,보행자,여,15세,경상
2022061400100417,2022년 6월 14일 17시,화요일,경기도 수원시 권선구 당수동,경상사고,0,0,2,1,차대차 - 추돌,안전운전불이행,건조,맑음,단일로 - 기타,승용,남,73세,상해없음,승용,남,61세,경상
2022061400100524,2022년 6월 14일 20시,화요일,경기도 수원시 팔달구 인계동,경상사고,0,0,1,0,차대차 - 추돌,안전운전불이행,건조,맑음,기타 - 기타,승용,남,34세,상해없음,승용,남,60세,경상
2022061500100004,2022년 6월 15일 00시,수요일,경기도 수원시 권선구 오목천동,경상사고,0,0,1,0,차대차 - 기타,중앙선침범,젖음/습기,비,단일로 - 기타,승용,남,68세,상해없음,개인형이동수단(PM),여,28세,경상
2022061500100024,2022년 6월 15일 02시,수요일,경기도 수원시 권선구 권선동,경상사고,0,0,1,0,차대사람 - 횡단중,신호위반,젖음/습기,비,교차로 - 교차로안,이륜,남,25세,상해없음,보행자,남,51세,경상
2022061500100059,2022년 6월 15일 07시,수요일,경기도 수원시 팔달구 매산로1가,부상신고사고,0,0,0,1,차대차 - 기타,안전거리미확보,건조,맑음,단일로 - 기타,승합,남,37세,상해없음,이륜,남,36세,부상신고
2022061500100084,2022년 6월 15일 08시,수요일,경기도 수원시 장안구 정자동,중상사고,0,1,0,0,차대차 - 정면충돌,안전운전불이행,건조,맑음,교차로 - 교차로안,이륜,남,50세,중상,승용,남,62세,상해없음
2022061500100085,2022년 6월 15일 08시,수요일,경기도 수원시 장안구 천천동,부상신고사고,0,0,0,1,차대차 - 추돌,안전거리미확보,건조,맑음,교차로 - 교차로부근,승용,여,31세,상해없음,승용,남,47세,부상신고
2022061500100125,2022년 6월 15일 09시,수요일,경기도 수원시 장안구 조원동,경상사고,0,0,1,0,차대차 - 기타,안전운전불이행,건조,맑음,단일로 - 기타,화물,남,49세,상해없음,승용,남,42세,경상
2022061500100129,2022년 6월 15일 09시,수요일,경기도 수원시 장안구 하광교동,부상신고사고,0,0,0,1,차대차 - 추돌,안전운전불이행,건조,맑음,단일로 - 기타,승용,남,34세,상해없음,화물,남,56세,부상신고
2022061500100182,2022년 6월 15일 11시,수요일,경기도 수원시 장안구 정자동,경상사고,0,0,1,0,차대차 - 추돌,안전운전불이행,젖음/습기,비,단일로 - 기타,승용,여,59세,상해없음,승용,남,55세,경상
2022061500100214,2022년 6월 15일 12시,수요일,경기도 수원시 권선구 세류동,경상사고,0,0,1,0,차량단독 - 기타,안전운전불이행,건조,맑음,단일로 - 기타,승합,남,52세,상해없음,,,,
2022061500100278,2022년 6월 15일 14시,수요일,경기도 수원시 영통구 매탄동,중상사고,0,1,0,0,차대차 - 기타,안전운전불이행,건조,맑음,교차로 - 교차로안,승합,남,58세,상해없음,이륜,남,41세,중상
2022061500100392,2022년 6월 15일 17시,수요일,경기도 수원시 영통구 이의동,경상사고,0,0,1,0,차대차 - 측면충돌,안전운전불이행,건조,맑음,단일로 - 기타,이륜,남,37세,경상,승용,여,35세,상해없음
2022061500100506,2022년 6월 15일 20시,수요일,경기도 수원시 장안구 정자동,경상사고,0,0,1,0,차대차 - 기타,신호위반,젖음/습기,비,교차로 - 교차로안,이륜,남,28세,상해없음,자전거,남,46세,경상
2022061500100507,2022년 6월 15일 20시,수요일,경기도 수원시 장안구 정자동,경상사고,0,0,1,0,차량단독 - 기타,안전운전불이행,건조,맑음,단일로 - 기타,승합,남,41세,상해없음,,,,
2022061600100025,2022년 6월 16일 02시,목요일,경기도 수원시 팔달구 인계동,경상사고,0,0,1,0,차대사람 - 기타,안전운전불이행,건조,맑음,교차로 - 교차로안,승용,남,21세,상해없음,보행자,남,28세,경상
2022061600100060,2022년 6월 16일 07시,목요일,경기도 수원시 팔달구 인계동,경상사고,0,0,1,0,차대차 - 측면충돌,안전운전불이행,건조,맑음,단일로 - 기타,승용,남,53세,상해없음,승용,남,35세,경상
2022061600100098,2022년 6월 16일 08시,목요일,경기도 수원시 권선구 고색동,중상사고,0,1,1,0,차대차 - 정면충돌,안전운전불이행,건조,맑음,단일로 - 기타,승합,남,65세,상해없음,승용,여,30세,중상
2022061600100253,2022년 6월 16일 13시,목요일,경기도 수원시 팔달구 장안동,경상사고,0,0,1,0,차대사람 - 기타,안전운전불이행,건조,맑음,단일로 - 기타,승용,남,55세,상해없음,보행자,여,29세,경상
2022061600100294,2022년 6월 16일 14시,목요일,경기도 수원시 권선구 서둔동,경상사고,0,0,1,0,차대사람 - 횡단중,안전운전불이행,건조,맑음,교차로 - 교차로부근,승용,남,35세,상해없음,보행자,남,52세,경상
2022061600100399,2022년 6월 16일 17시,목요일,경기도 수원시 장안구 정자동,중상사고,0,1,3,0,차대차 - 정면충돌,신호위반,건조,맑음,교차로 - 교차로안,승용,남,29세,경상,승용,남,27세,중상
2022061600100453,2022년 6월 16일 18시,목요일,경기도 수원시 장안구 천천동,중상사고,0,1,1,0,차대차 - 추돌,안전거리미확보,건조,맑음,단일로 - 지하차도(도로)내,승합,남,49세,상해없음,승용,여,22세,경상
2022061600100464,2022년 6월 16일 18시,목요일,경기도 수원시 영통구 원천동,경상사고,0,0,1,0,차대차 - 추돌,안전거리미확보,건조,맑음,단일로 - 기타,승용,여,44세,상해없음,승용,남,63세,경상
2022061600100586,2022년 6월 16일 22시,목요일,경기도 수원시 장안구 정자동,경상사고,0,0,1,0,차대사람 - 길가장자리구역통행중,안전운전불이행,건조,맑음,교차로 - 교차로안,승용,남,57세,상해없음,보행자,여,53세,경상
2022061700100006,2022년 6월 17일 00시,금요일,경기도 수원시 권선구 권선동,경상사고,0,0,1,0,차대차 - 추돌,안전운전불이행,건조,맑음,교차로 - 교차로부근,승용,남,30세,상해없음,승용,남,32세,경상
2022061700100007,2022년 6월 17일 00시,금요일,경기도 수원시 팔달구 인계동,경상사고,0,0,1,0,차대차 - 측면충돌,안전운전불이행,건조,맑음,단일로 - 기타,승용,여,27세,상해없음,승용,남,59세,기타불명
2022061700100014,2022년 6월 17일 01시,금요일,경기도 수원시 장안구 영화동,중상사고,0,1,0,0,차대차 - 정면충돌,안전운전불이행,건조,맑음,교차로 - 교차로부근,승용,남,26세,상해없음,이륜,남,51세,중상
2022061700100076,2022년 6월 17일 08시,금요일,경기도 수원시 장안구 영화동,경상사고,0,0,1,0,차대차 - 기타,기타,건조,맑음,교차로 - 교차로부근,승용,여,44세,상해없음,자전거,남,14세,경상
2022061700100077,2022년 6월 17일 08시,금요일,경기도 수원시 장안구 조원동,경상사고,0,0,1,0,차대차 - 측면충돌,안전운전불이행,건조,맑음,교차로 - 교차로부근,승용,남,54세,기타불명,승용,남,41세,경상
2022061700100085,2022년 6월 17일 08시,금요일,경기도 수원시 권선구 권선동,중상사고,0,1,0,0,차대차 - 측면충돌,안전거리미확보,건조,맑음,교차로 - 교차로부근,승용,남,67세,상해없음,이륜,남,74세,중상
2022061700100089,2022년 6월 17일 08시,금요일,경기도 수원시 권선구 금곡동,경상사고,0,0,2,0,차대차 - 측면충돌,직진우회전진행방해,건조,맑음,교차로 - 교차로안,승용,여,32세,경상,승용,여,51세,경상
2022061700100090,2022년 6월 17일 08시,금요일,경기도 수원시 권선구 오목천동,부상신고사고,0,0,0,2,차대차 - 측면충돌,안전거리미확보,건조,맑음,교차로 - 교차로부근,승용,남,74세,상해없음,승용,남,40세,부상신고
2022061700100191,2022년 6월 17일 11시,금요일,경기도 수원시 권선구 호매실동,경상사고,0,0,2,0,차대차 - 측면충돌,안전운전불이행,건조,맑음,단일로 - 기타,승용,여,38세,상해없음,승용,남,32세,상해없음
2022061700100223,2022년 6월 17일 12시,금요일,경기도 수원시 장안구 송죽동,경상사고,0,0,1,0,차대차 - 기타,기타,건조,맑음,단일로 - 기타,승용,여,28세,상해없음,승용,남,65세,상해없음
2022061700100291,2022년 6월 17일 14시,금요일,경기도 수원시 팔달구 우만동,경상사고,0,0,1,0,차대차 - 기타,신호위반,건조,맑음,교차로 - 교차로안,승합,남,31세,상해없음,이륜,남,21세,경상
2022061700100451,2022년 6월 17일 18시,금요일,경기도 수원시 장안구 연무동,경상사고,0,0,1,0,차대차 - 측면충돌,안전거리미확보,건조,맑음,단일로 - 기타,승용,여,30세,상해없음,승용,여,44세,경상
2022061700100459,2022년 6월 17일 18시,금요일,경기도 수원시 영통구 매탄동,경상사고,0,0,1,0,차대사람 - 차도통행중,안전운전불이행,건조,맑음,단일로 - 기타,승용,여,46세,기타불명,보행자,여,25세,경상
2022061700100462,2022년 6월 17일 18시,금요일,경기도 수원시 팔달구 고등동,경상사고,0,0,1,0,차대차 - 추돌,안전운전불이행,건조,맑음,교차로 - 교차로안,승용,여,63세,상해없음,승용,남,30세,경상
2022061700100497,2022년 6월 17일 19시,금요일,경기도 수원시 장안구 율전동,경상사고,0,0,3,0,차대사람 - 보도통행중,기타,건조,맑음,단일로 - 기타,승용,여,43세,상해없음,보행자,여,14세,경상
2022061700100502,2022년 6월 17일 19시,금요일,경기도 수원시 권선구 오목천동,부상신고사고,0,0,0,1,차량단독 - 기타,안전운전불이행,건조,맑음,기타 - 기타,개인형이동수단(PM),여,21세,부상신고,,,,
2022061700100503,2022년 6월 17일 19시,금요일,경기도 수원시 권선구 오목천동,경상사고,0,0,1,0,차대사람 - 기타,안전운전불이행,건조,맑음,교차로 - 교차로안,승합,남,60세,상해없음,보행자,남,23세,경상
2022061700100537,2022년 6월 17일 20시,금요일,경기도 수원시 영통구 매탄동,중상사고,0,1,0,0,차대사람 - 기타,보행자보호의무위반,건조,맑음,교차로 - 교차로부근,승용,남,61세,상해없음,보행자,남,41세,중상
2022061700100580,2022년 6월 17일 21시,금요일,경기도 수원시 권선구 금곡동,경상사고,0,0,1,0,차대차 - 측면충돌,안전운전불이행,건조,맑음,교차로 - 교차로안,승용,여,62세,상해없음,승용,여,39세,경상
2022061700100601,2022년 6월 17일 22시,금요일,경기도 수원시 장안구 영화동,경상사고,0,0,1,0,차대차 - 기타,신호위반,건조,맑음,교차로 - 교차로안,승용,남,62세,상해없음,이륜,남,29세,경상
2022061800100004,2022년 6월 18일 00시,토요일,경기도 수원시 장안구 율전동,경상사고,0,0,1,0,차대차 - 기타,신호위반,건조,맑음,교차로 - 교차로안,이륜,남,25세,상해없음,이륜,남,21세,경상
2022061800100085,2022년 6월 18일 07시,토요일,경기도 수원시 장안구 조원동,경상사고,0,0,1,0,차대차 - 기타,안전운전불이행,건조,맑음,단일로 - 기타,자전거,남,77세,경상,승용,남,69세,상해없음
2022061800100124,2022년 6월 18일 09시,토요일,경기도 수원시 팔달구 인계동,중상사고,0,1,0,0,차대사람 - 횡단중,보행자보호의무위반,건조,맑음,교차로 - 교차로횡단보도내,승용,남,63세,상해없음,보행자,여,20세,중상
2022061800100152,2022년 6월 18일 10시,토요일,경기도 수원시 팔달구 우만동,경상사고,0,0,1,0,차대차 - 추돌,안전운전불이행,건조,맑음,교차로 - 교차로부근,승용,남,25세,상해없음,승용,남,61세,경상
2022061800100158,2022년 6월 18일 10시,토요일,경기도 수원시 권선구 고색동,경상사고,0,0,2,0,차대차 - 측면충돌,안전운전불이행,건조,맑음,교차로 - 교차로안,승용,남,69세,상해없음,승용,남,37세,경상
2022061800100219,2022년 6월 18일 12시,토요일,경기도 수원시 장안구 정자동,경상사고,0,0,1,0,차대차 - 추돌,안전운전불이행,건조,맑음,단일로 - 기타,승용,남,79세,상해없음,승용,여,52세,경상
2022061800100226,2022년 6월 18일 12시,토요일,경기도 수원시 영통구 영통동,경상사고,0,0,1,0,차대차 - 측면충돌,안전운전불이행,건조,맑음,단일로 - 기타,화물,남,62세,상해없음,승용,남,23세,경상
2022061800100227,2022년 6월 18일 12시,토요일,경기도 수원시 팔달구 매산로1가,경상사고,0,0,1,0,차대차 - 기타,안전운전불이행,건조,맑음,단일로 - 기타,승용,남,64세,상해없음,승용,남,68세,경상
2022061800100334,2022년 6월 18일 15시,토요일,경기도 수원시 팔달구 인계동,경상사고,0,0,1,0,차대사람 - 기타,안전운전불이행,건조,맑음,단일로 - 기타,승용,여,25세,상해없음,보행자,여,48세,경상
2022061800100403,2022년 6월 18일 17시,토요일,경기도 수원시 장안구 영화동,경상사고,0,0,1,0,차대차 - 정면충돌,안전운전불이행,건조,맑음,교차로 - 교차로안,승용,남,60세,기타불명,이륜,남,37세,경상
2022061800100470,2022년 6월 18일 19시,토요일,경기도 수원시 영통구 매탄동,경상사고,0,0,1,0,차대사람 - 기타,안전운전불이행,건조,맑음,단일로 - 기타,승용,남,35세,상해없음,보행자,남,15세,경상
2022061800100471,2022년 6월 18일 19시,토요일,경기도 수원시 영통구 매탄동,부상신고사고,0,0,0,1,차대사람 - 기타,안전운전불이행,건조,맑음,단일로 - 기타,승용,여,51세,상해없음,보행자,여,44세,부상신고
2022061800100504,2022년 6월 18일 20시,토요일,경기도 수원시 팔달구 우만동,중상사고,0,1,0,0,차대차 - 기타,안전거리미확보,건조,맑음,단일로 - 기타,승용,남,28세,상해없음,승용,남,40세,중상
2022061800100541,2022년 6월 18일 21시,토요일,경기도 수원시 권선구 호매실동,경상사고,0,0,1,0,차대차 - 기타,신호위반,건조,맑음,교차로 - 교차로횡단보도내,승용,남,43세,상해없음,개인형이동수단(PM),남,25세,경상
2022061800100585,2022년 6월 18일 23시,토요일,경기도 수원시 장안구 연무동,경상사고,0,0,1,0,차대사람 - 길가장자리구역통행중,안전운전불이행,건조,맑음,단일로 - 기타,승합,남,59세,상해없음,보행자,여,43세,경상
2022061900100009,2022년 6월 19일 00시,일요일,경기도 수원시 장안구 파장동,중상사고,0,1,0,0,차대사람 - 차도통행중,기타,건조,맑음,단일로 - 기타,승용,남,30세,상해없음,보행자,여,76세,중상
2022061900100021,2022년 6월 19일 01시,일요일,경기도 수원시 장안구 정자동,경상사고,0,0,1,0,차대차 - 추돌,기타,건조,맑음,교차로 - 교차로안,이륜,남,19세,경상,승용,여,59세,상해없음
2022061900100023,2022년 6월 19일 01시,일요일,경기도 수원시 권선구 권선동,경상사고,0,0,1,0,차대차 - 측면충돌,신호위반,건조,맑음,교차로 - 교차로부근,승용,남,69세,상해없음,이륜,남,53세,상해없음
2022061900100039,2022년 6월 19일 02시,일요일,경기도 수원시 팔달구 인계동,경상사고,0,0,3,0,차대차 - 측면충돌,안전운전불이행,건조,맑음,단일로 - 지하차도(도로)내,승용,남,46세,상해없음,승용,남,24세,경상
2022061900100062,2022년 6월 19일 05시,일요일,경기도 수원시 영통구 하동,경상사고,0,0,1,0,차대차 - 기타,신호위반,건조,맑음,단일로 - 터널,승용,남,25세,상해없음,승용,남,59세,경상
2022061900100111,2022년 6월 19일 10시,일요일,경기도 수원시 팔달구 영동,부상신고사고,0,0,0,1,차대사람 - 기타,안전운전불이행,건조,맑음,단일로 - 기타,승용,여,68세,상해없음,보행자,남,64세,부상신고
2022062000100004,2022년 6월 20일 00시,월요일,경기도 수원시 권선구 권선동,경상사고,0,0,3,0,차대차 - 측면충돌,신호위반,건조,맑음,교차로 - 교차로부근,이륜,남,18세,경상,승용,남,63세,상해없음
2022062000100011,2022년 6월 20일 01시,월요일,경기도 수원시 팔달구 우만동,중상사고,0,1,0,1,차량단독 - 기타,안전운전불이행,건조,맑음,교차로 - 교차로부근,승용,남,62세,부상신고,,,,
2022062000100100,2022년 6월 20일 08시,월요일,경기도 수원시 영통구 매탄동,중상사고,0,1,0,0,차대사람 - 횡단중,보행자보호의무위반,건조,맑음,교차로 - 교차로횡단보도내,화물,남,47세,상해없음,보행자,남,22세,중상
2022062000100155,2022년 6월 20일 09시,월요일,경기도 수원시 영통구 원천동,경상사고,0,0,1,0,차대차 - 측면충돌,직진우회전진행방해,건조,맑음,교차로 - 교차로안,화물,남,44세,상해없음,승용,남,37세,경상
2022062000100216,2022년 6월 20일 11시,월요일,경기도 수원시 권선구 금곡동,경상사고,0,0,1,0,차대사람 - 기타,보행자보호의무위반,건조,맑음,교차로 - 교차로안,승용,남,69세,상해없음,보행자,남,67세,경상
2022062000100370,2022년 6월 20일 15시,월요일,경기도 수원시 팔달구 화서동,경상사고,0,0,1,0,차대사람 - 횡단중,보행자보호의무위반,건조,맑음,교차로 - 교차로횡단보도내,승용,여,65세,상해없음,보행자,여,11세,경상
2022062000100409,2022년 6월 20일 16시,월요일,경기도 수원시 장안구 영화동,경상사고,0,0,1,0,차대차 - 기타,안전운전불이행,건조,맑음,교차로 - 교차로안,승용,여,72세,기타불명,승용,여,46세,경상
2022062000100548,2022년 6월 20일 20시,월요일,경기도 수원시 권선구 세류동,경상사고,0,0,1,0,차대차 - 기타,중앙선침범,건조,맑음,단일로 - 기타,승용,여,34세,상해없음,승합,남,56세,상해없음
2022062100100017,2022년 6월 21일 04시,화요일,경기도 수원시 권선구 오목천동,경상사고,0,0,1,0,차대차 - 추돌,안전운전불이행,건조,맑음,교차로 - 교차로안,승용,남,53세,상해없음,화물,남,53세,경상
2022062100100048,2022년 6월 21일 07시,화요일,경기도 수원시 장안구 율전동,경상사고,0,0,2,0,차대차 - 기타,안전거리미확보,건조,맑음,교차로 - 교차로안,승용,남,64세,상해없음,승용,여,48세,경상
2022062100100079,2022년 6월 21일 08시,화요일,경기도 수원시 팔달구 우만동,중상사고,0,1,3,0,차대차 - 추돌,안전운전불이행,건조,맑음,기타 - 기타,승용,여,50세,상해없음,승용,여,28세,경상
2022062100100080,2022년 6월 21일 08시,화요일,경기도 수원시 팔달구 인계동,경상사고,0,0,1,0,차대차 - 측면충돌,안전운전불이행,건조,맑음,기타 - 기타,승용,여,42세,상해없음,승용,여,57세,경상
2022062100100160,2022년 6월 21일 10시,화요일,경기도 수원시 팔달구 인계동,경상사고,0,0,1,0,차대차 - 추돌,안전운전불이행,건조,맑음,기타 - 기타,이륜,남,63세,상해없음,승용,여,26세,경상
2022062100100187,2022년 6월 21일 11시,화요일,경기도 수원시 팔달구 매교동,경상사고,0,0,1,0,차대차 - 측면충돌,안전거리미확보,건조,맑음,교차로 - 교차로부근,승용,여,48세,상해없음,승용,남,70세,경상
2022062100100277,2022년 6월 21일 14시,화요일,경기도 수원시 팔달구 지동,경상사고,0,0,1,0,차대사람 - 기타,안전운전불이행,건조,맑음,단일로 - 기타,승용,남,78세,상해없음,보행자,여,25세,경상
2022062100100328,2022년 6월 21일 15시,화요일,경기도 수원시 팔달구 우만동,경상사고,0,0,1,0,차대차 - 측면충돌,안전거리미확보,건조,맑음,교차로 - 교차로부근,승용,남,59세,상해없음,승용,여,31세,경상
2022062100100361,2022년 6월 21일 16시,화요일,경기도 수원시 장안구 파장동,부상신고사고,0,0,0,1,차대사람 - 차도통행중,안전운전불이행,건조,맑음,교차로 - 교차로부근,승용,여,65세,상해없음,보행자,남,27세,부상신고