사고번호,사고일시,요일,시군구,사고내용,사망자수,중상자수,경상자수,부상신고자수,사고유형,법규위반,노면상태,기상상태,도로형태,가해운전자 차종,가해운전자 성별,가해운전자 연령,가해운전자 상해정도,피해운전자 차종,피해운전자 성별,피해운전자 연령,피해운전자 상해정도
2022063000100113,2022년 6월 30일 08시,목요일,경기도 수원시 장안구 연무동,경상사고,0,0,1,0,차대차 - 기타,안전거리미확보,젖음/습기,비,교차로 - 교차로안,화물,남,61세,상해없음,승용,남,66세,경상
2022063000100225,2022년 6월 30일 12시,목요일,경기도 수원시 권선구 권선동,경상사고,0,0,1,0,차대차 - 측면충돌,신호위반,젖음/습기,비,교차로 - 교차로안,승용,남,42세,상해없음,승용,남,41세,경상
2022063000100250,2022년 6월 30일 13시,목요일,경기도 수원시 영통구 이의동,경상사고,0,0,1,0,차대사람 - 차도통행중,안전운전불이행,젖음/습기,비,교차로 - 교차로부근,이륜,남,46세,상해없음,보행자,남,18세,경상
2022063000100350,2022년 6월 30일 16시,목요일,경기도 수원시 팔달구 매산로1가,경상사고,0,0,2,0,차대차 - 측면충돌,안전운전불이행,젖음/습기,비,교차로 - 교차로부근,승용,남,39세,상해없음,승용,남,40세,경상
2022063000100380,2022년 6월 30일 17시,목요일,경기도 수원시 팔달구 지동,경상사고,0,0,1,0,차대차 - 추돌,안전운전불이행,젖음/습기,비,단일로 - 고가도로위,승용,여,57세,상해없음,승용,남,53세,경상
2022063000100438,2022년 6월 30일 18시,목요일,경기도 수원시 권선구 구운동,중상사고,0,1,0,0,차대사람 - 기타,안전운전불이행,젖음/습기,비,단일로 - 기타,화물,남,58세,상해없음,보행자,여,75세,중상
2022063000100472,2022년 6월 30일 19시,목요일,경기도 수원시 장안구 정자동,경상사고,0,0,1,0,차대차 - 추돌,안전운전불이행,젖음/습기,비,단일로 - 기타,승용,남,34세,상해없음,이륜,남,38세,경상
2022063000100502,2022년 6월 30일 20시,목요일,경기도 수원시 장안구 천천동,경상사고,0,0,2,0,차대차 - 기타,신호위반,젖음/습기,흐림,교차로 - 교차로안,승용,남,41세,상해없음,승용,여,61세,경상
2022070100100044,2022년 7월 1일 06시,금요일,경기도 수원시 권선구 평동,경상사고,0,0,1,0,차대차 - 추돌,안전운전불이행,건조,맑음,단일로 - 기타,승용,남,58세,상해없음,승용,남,39세,경상
2022070100100093,2022년 7월 1일 08시,금요일,경기도 수원시 영통구 망포동,경상사고,0,0,1,0,차대차 - 측면충돌,안전운전불이행,건조,맑음,단일로 - 기타,승용,남,48세,상해없음,화물,남,50세,상해없음
2022070100100136,2022년 7월 1일 09시,금요일,경기도 수원시 팔달구 우만동,경상사고,0,0,1,0,차대차 - 측면충돌,신호위반,건조,흐림,교차로 - 교차로안,개인형이동수단(PM),여,24세,경상,승용,남,64세,상해없음
2022070100100140,2022년 7월 1일 09시,금요일,경기도 수원시 권선구 권선동,경상사고,0,0,2,0,차대차 - 측면충돌,교차로운행방법위반,건조,맑음,교차로 - 교차로안,승용,여,52세,상해없음,승용,남,31세,경상
2022070100100208,2022년 7월 1일 11시,금요일,경기도 수원시 영통구 매탄동,경상사고,0,0,1,0,차대차 - 측면충돌,안전운전불이행,건조,맑음,교차로 - 교차로부근,승용,여,43세,상해없음,이륜,남,22세,경상
2022070100100268,2022년 7월 1일 13시,금요일,경기도 수원시 팔달구 화서동,부상신고사고,0,0,0,2,차대사람 - 기타,안전운전불이행,건조,맑음,기타 - 기타,승합,남,55세,상해없음,보행자,여,15세,상해없음
2022070100100344,2022년 7월 1일 15시,금요일,경기도 수원시 권선구 권선동,경상사고,0,0,1,0,차대차 - 측면충돌,안전운전불이행,건조,맑음,교차로 - 교차로안,승용,남,64세,상해없음,승용,남,60세,경상
2022070100100397,2022년 7월 1일 16시,금요일,경기도 수원시 권선구 오목천동,경상사고,0,0,1,0,차대차 - 기타,교차로운행방법위반,건조,맑음,교차로 - 교차로안,이륜,남,27세,상해없음,자전거,남,6세,경상
2022070100100451,2022년 7월 1일 17시,금요일,경기도 수원시 권선구 권선동,중상사고,0,1,0,0,차대차 - 측면충돌,안전운전불이행,건조,맑음,단일로 - 기타,승용,여,55세,상해없음,자전거,남,29세,중상
2022070100100452,2022년 7월 1일 17시,금요일,경기도 수원시 영통구 영통동,중상사고,0,1,0,0,차대차 - 추돌,안전운전불이행,건조,맑음,교차로 - 교차로부근,이륜,남,51세,중상,승용,여,45세,상해없음
2022070100100453,2022년 7월 1일 17시,금요일,경기도 수원시 팔달구 인계동,경상사고,0,0,1,0,차대차 - 측면충돌,중앙선침범,건조,맑음,단일로 - 기타,승용,남,69세,상해없음,이륜,남,30세,경상
2022070100100509,2022년 7월 1일 18시,금요일,경기도 수원시 장안구 율전동,경상사고,0,0,1,0,차대차 - 기타,신호위반,건조,맑음,교차로 - 교차로안,화물,여,66세,상해없음,화물,여,63세,경상
2022070100100522,2022년 7월 1일 18시,금요일,경기도 수원시 권선구 금곡동,경상사고,0,0,1,0,차대차 - 기타,교차로운행방법위반,건조,맑음,교차로 - 교차로횡단보도내,승합,남,59세,상해없음,자전거,남,21세,경상
2022070100100567,2022년 7월 1일 19시,금요일,경기도 수원시 팔달구 인계동,경상사고,0,0,2,0,차대사람 - 기타,안전운전불이행,건조,맑음,단일로 - 기타,자전거,남,64세,상해없음,보행자,여,39세,경상
2022070100100568,2022년 7월 1일 19시,금요일,경기도 수원시 영통구 이의동,경상사고,0,0,1,0,차대차 - 측면충돌,안전운전불이행,건조,맑음,교차로 - 교차로부근,승합,남,47세,상해없음,자전거,남,47세,경상
2022070100100571,2022년 7월 1일 19시,금요일,경기도 수원시 권선구 오목천동,경상사고,0,0,1,0,차대차 - 추돌,안전운전불이행,건조,맑음,기타 - 기타,승용,남,36세,상해없음,승용,남,33세,상해없음
2022070100100603,2022년 7월 1일 20시,금요일,경기도 수원시 권선구 호매실동,중상사고,0,1,2,0,차대차 - 기타,안전운전불이행,건조,맑음,단일로 - 기타,승용,남,47세,상해없음,이륜,남,40세,중상
2022070100100667,2022년 7월 1일 22시,금요일,경기도 수원시 팔달구 지동,경상사고,0,0,1,0,차대차 - 측면충돌,안전운전불이행,건조,맑음,단일로 - 기타,승용,남,53세,상해없음,승용,여,66세,경상
2022070100100670,2022년 7월 1일 22시,금요일,경기도 수원시 권선구 권선동,경상사고,0,0,2,0,차대차 - 추돌,안전운전불이행,건조,맑음,단일로 - 지하차도(도로)내,승용,남,35세,상해없음,승용,남,30세,경상
2022070200100004,2022년 7월 2일 00시,토요일,경기도 수원시 장안구 정자동,경상사고,0,0,1,0,차대사람 - 기타,안전운전불이행,건조,맑음,교차로 - 교차로안,승용,남,63세,상해없음,보행자,여,29세,경상
2022070200100045,2022년 7월 2일 03시,토요일,경기도 수원시 권선구 곡반정동,중상사고,0,1,1,0,차대차 - 측면충돌,중앙선침범,건조,맑음,단일로 - 기타,화물,남,43세,경상,이륜,남,40세,중상
2022070200100098,2022년 7월 2일 08시,토요일,경기도 수원시 권선구 평동,부상신고사고,0,0,0,1,차대차 - 추돌,안전운전불이행,건조,맑음,단일로 - 기타,자전거,남,38세,부상신고,승용,남,57세,상해없음
2022070200100123,2022년 7월 2일 09시,토요일,경기도 수원시 장안구 정자동,경상사고,0,0,1,0,차대차 - 기타,교차로운행방법위반,건조,맑음,교차로 - 교차로부근,승용,남,78세,상해없음,승용,여,59세,경상
2022070200100127,2022년 7월 2일 09시,토요일,경기도 수원시 권선구 세류동,경상사고,0,0,1,0,차대차 - 측면충돌,안전운전불이행,건조,맑음,교차로 - 교차로부근,화물,남,63세,상해없음,자전거,남,66세,경상
2022070200100240,2022년 7월 2일 12시,토요일,경기도 수원시 팔달구 화서동,경상사고,0,0,1,0,차대차 - 기타,안전운전불이행,건조,맑음,교차로 - 교차로부근,승용,남,32세,상해없음,승용,남,45세,상해없음
2022070200100243,2022년 7월 2일 12시,토요일,경기도 수원시 영통구 하동,경상사고,0,0,2,0,차대차 - 기타,안전운전불이행,건조,맑음,단일로 - 기타,기타불명,기타불명,미분류,기타불명,승용,남,61세,경상
2022070200100310,2022년 7월 2일 14시,토요일,경기도 수원시 팔달구 인계동,경상사고,0,0,1,0,차대차 - 측면충돌,안전거리미확보,건조,맑음,단일로 - 지하차도(도로)내,승용,남,75세,상해없음,승용,남,35세,경상
2022070200100375,2022년 7월 2일 16시,토요일,경기도 수원시 권선구 오목천동,경상사고,0,0,1,0,차대사람 - 기타,안전운전불이행,건조,맑음,단일로 - 기타,승용,남,64세,상해없음,보행자,여,20세,경상
2022070200100518,2022년 7월 2일 20시,토요일,경기도 수원시 권선구 탑동,경상사고,0,0,1,0,차대차 - 기타,신호위반,건조,맑음,단일로 - 지하차도(도로)내,승용,남,29세,상해없음,화물,남,52세,경상
2022070200100547,2022년 7월 2일 21시,토요일,경기도 수원시 영통구 매탄동,경상사고,0,0,1,0,차대차 - 측면충돌,안전운전불이행,건조,흐림,단일로 - 기타,승용,남,34세,상해없음,이륜,남,41세,경상
2022070300100037,2022년 7월 3일 03시,일요일,경기도 수원시 권선구 구운동,경상사고,0,0,2,0,차대차 - 기타,안전운전불이행,건조,맑음,기타 - 기타,승용,여,43세,상해없음,승용,남,21세,경상
2022070300100048,2022년 7월 3일 04시,일요일,경기도 수원시 영통구 영통동,경상사고,0,0,3,0,차대차 - 추돌,안전운전불이행,건조,맑음,단일로 - 기타,승용,남,33세,상해없음,승용,남,62세,경상
2022070300100070,2022년 7월 3일 06시,일요일,경기도 수원시 장안구 이목동,경상사고,0,0,1,0,차대차 - 기타,안전거리미확보,건조,맑음,단일로 - 기타,화물,남,36세,상해없음,승용,남,50세,경상
2022070300100125,2022년 7월 3일 10시,일요일,경기도 수원시 권선구 구운동,경상사고,0,0,2,0,차대차 - 정면충돌,안전운전불이행,건조,맑음,교차로 - 교차로부근,승용,여,53세,상해없음,승용,남,55세,경상
2022070300100126,2022년 7월 3일 10시,일요일,경기도 수원시 권선구 구운동,경상사고,0,0,1,1,차대차 - 기타,안전거리미확보,건조,맑음,단일로 - 기타,승용,남,69세,상해없음,승용,여,54세,경상
2022070300100167,2022년 7월 3일 12시,일요일,경기도 수원시 영통구 영통동,경상사고,0,0,3,0,차대차 - 기타,안전운전불이행,건조,맑음,교차로 - 교차로안,승용,여,56세,기타불명,승용,남,58세,경상
2022070300100195,2022년 7월 3일 13시,일요일,경기도 수원시 장안구 조원동,경상사고,0,0,1,0,차대사람 - 기타,중앙선침범,건조,맑음,단일로 - 기타,이륜,남,23세,상해없음,보행자,여,6세,경상
2022070300100226,2022년 7월 3일 14시,일요일,경기도 수원시 권선구 곡반정동,부상신고사고,0,0,0,1,차대차 - 측면충돌,안전운전불이행,건조,맑음,교차로 - 교차로안,승용,남,60세,부상신고,화물,남,52세,상해없음
2022070300100227,2022년 7월 3일 14시,일요일,경기도 수원시 권선구 세류동,경상사고,0,0,3,0,차대차 - 측면충돌,안전운전불이행,건조,맑음,교차로 - 교차로안,승용,여,41세,상해없음,승용,여,27세,경상
2022070300100396,2022년 7월 3일 20시,일요일,경기도 수원시 영통구 망포동,경상사고,0,0,3,0,차대차 - 측면충돌,차로위반,건조,맑음,단일로 - 기타,승용,여,44세,경상,승용,남,25세,경상
2022070400100082,2022년 7월 4일 08시,월요일,경기도 수원시 장안구 송죽동,경상사고,0,0,1,0,차대사람 - 기타,안전운전불이행,건조,맑음,교차로 - 교차로부근,승용,여,43세,상해없음,보행자,여,45세,경상
2022070400100136,2022년 7월 4일 09시,월요일,경기도 수원시 팔달구 매산로3가,경상사고,0,0,1,0,차대차 - 기타,교차로운행방법위반,건조,맑음,교차로 - 교차로안,승용,남,53세,상해없음,승용,남,72세,경상
2022070400100156,2022년 7월 4일 10시,월요일,경기도 수원시 장안구 파장동,경상사고,0,0,1,0,차대차 - 기타,중앙선침범,건조,맑음,단일로 - 기타,승용,남,35세,상해없음,이륜,남,42세,경상
2022070400100157,2022년 7월 4일 10시,월요일,경기도 수원시 장안구 영화동,중상사고,0,1,0,0,차대차 - 측면충돌,기타,건조,맑음,단일로 - 기타,화물,남,47세,상해없음,자전거,여,55세,중상
2022070400100163,2022년 7월 4일 10시,월요일,경기도 수원시 권선구 고색동,경상사고,0,0,1,0,차대차 - 기타,교차로운행방법위반,건조,맑음,교차로 - 교차로부근,승용,여,45세,상해없음,이륜,남,47세,경상
2022070400100226,2022년 7월 4일 12시,월요일,경기도 수원시 장안구 송죽동,경상사고,0,0,1,0,차대차 - 기타,기타,건조,맑음,단일로 - 기타,화물,남,50세,상해없음,이륜,남,46세,경상
2022070400100230,2022년 7월 4일 12시,월요일,경기도 수원시 권선구 금곡동,경상사고,0,0,1,0,차대차 - 기타,안전운전불이행,건조,맑음,교차로 - 교차로안,승용,남,52세,상해없음,승용,남,45세,경상
2022070400100265,2022년 7월 4일 13시,월요일,경기도 수원시 권선구 고색동,경상사고,0,0,3,0,차대차 - 기타,안전운전불이행,건조,맑음,단일로 - 고가도로위,승용,남,76세,경상,화물,남,70세,경상
2022070400100451,2022년 7월 4일 18시,월요일,경기도 수원시 팔달구 신풍동,경상사고,0,0,1,0,차량단독 - 기타,안전운전불이행,건조,맑음,단일로 - 기타,승합,남,61세,상해없음,,,,
2022070400100452,2022년 7월 4일 18시,월요일,경기도 수원시 장안구 연무동,경상사고,0,0,1,0,차대차 - 추돌,안전운전불이행,건조,맑음,단일로 - 기타,승용,남,27세,상해없음,승용,남,67세,경상
2022070400100453,2022년 7월 4일 18시,월요일,경기도 수원시 팔달구 북수동,경상사고,0,0,1,0,차대차 - 후진중충돌,안전운전불이행,건조,맑음,교차로 - 교차로부근,승용,남,72세,상해없음,승용,여,47세,경상
2022070400100568,2022년 7월 4일 22시,월요일,경기도 수원시 장안구 송죽동,경상사고,0,0,1,0,차대차 - 추돌,신호위반,건조,맑음,교차로 - 교차로부근,승용,남,60세,상해없음,승용,여,41세,경상
2022070500100011,2022년 7월 5일 01시,화요일,경기도 수원시 영통구 이의동,경상사고,0,0,1,0,차량단독 - 기타,안전운전불이행,건조,맑음,단일로 - 기타,이륜,남,58세,경상,,,,
2022070500100084,2022년 7월 5일 08시,화요일,경기도 수원시 장안구 파장동,중상사고,0,2,1,0,차대차 - 추돌,안전운전불이행,건조,맑음,단일로 - 기타,승용,남,27세,중상,승용,여,48세,중상
2022070500100129,2022년 7월 5일 09시,화요일,경기도 수원시 장안구 송죽동,경상사고,0,0,1,0,차대차 - 후진중충돌,안전운전불이행,건조,맑음,단일로 - 기타,건설기계,남,66세,상해없음,승용,남,61세,경상
2022070500100157,2022년 7월 5일 10시,화요일,경기도 수원시 팔달구 장안동,경상사고,0,0,1,0,차대차 - 측면충돌,직진우회전진행방해,건조,맑음,교차로 - 교차로안,자전거,여,73세,경상,승용,남,24세,상해없음
2022070500100158,2022년 7월 5일 10시,화요일,경기도 수원시 장안구 영화동,중상사고,0,1,0,0,차대차 - 정면충돌,직진우회전진행방해,건조,맑음,교차로 - 교차로안,이륜,남,51세,중상,승용,남,61세,상해없음
2022070500100253,2022년 7월 5일 13시,화요일,경기도 수원시 팔달구 팔달로3가,경상사고,0,0,1,0,차대사람 - 기타,안전운전불이행,건조,맑음,단일로 - 기타,승합,남,63세,상해없음,보행자,남,16세,경상
2022070500100255,2022년 7월 5일 13시,화요일,경기도 수원시 권선구 곡반정동,경상사고,0,0,2,0,차대차 - 측면충돌,신호위반,건조,맑음,교차로 - 교차로안,승용,여,55세,상해없음,승용,남,66세,경상
2022070500100257,2022년 7월 5일 13시,화요일,경기도 수원시 권선구 탑동,경상사고,0,0,1,0,차대차 - 측면충돌,직진우회전진행방해,건조,맑음,교차로 - 교차로안,이륜,남,44세,경상,승용,남,51세,상해없음
2022070500100291,2022년 7월 5일 14시,화요일,경기도 수원시 팔달구 매산로1가,경상사고,0,0,2,0,차대차 - 기타,안전거리미확보,건조,맑음,교차로 - 교차로안,승용,남,55세,상해없음,승용,남,27세,경상
2022070500100334,2022년 7월 5일 15시,화요일,경기도 수원시 권선구 오목천동,경상사고,0,0,1,0,차대차 - 기타,안전운전불이행,건조,맑음,단일로 - 기타,승용,여,48세,상해없음,자전거,남,12세,경상
2022070500100361,2022년 7월 5일 16시,화요일,경기도 수원시 팔달구 팔달로3가,경상사고,0,0,5,0,차대차 - 기타,안전운전불이행,건조,맑음,교차로 - 교차로안,화물,남,70세,경상,승용,여,33세,경상
2022070500100365,2022년 7월 5일 16시,화요일,경기도 수원시 권선구 오목천동,경상사고,0,0,1,0,차대사람 - 기타,안전운전불이행,건조,맑음,단일로 - 기타,승용,여,30세,상해없음,보행자,남,7세,경상
2022070500100409,2022년 7월 5일 17시,화요일,경기도 수원시 권선구 당수동,중상사고,0,1,2,1,차대차 - 측면충돌,안전거리미확보,건조,맑음,단일로 - 기타,승용,여,38세,중상,승용,남,30세,경상
2022070500100446,2022년 7월 5일 18시,화요일,경기도 수원시 팔달구 우만동,사망사고,1,0,0,0,차량단독 - 공작물충돌,안전운전불이행,건조,맑음,단일로 - 기타,이륜,남,27세,사망,,,,
2022070500100494,2022년 7월 5일 19시,화요일,경기도 수원시 팔달구 고등동,중상사고,0,1,0,1,차대차 - 기타,중앙선침범,건조,맑음,단일로 - 기타,이륜,남,34세,부상신고,이륜,남,39세,중상
2022070500100517,2022년 7월 5일 20시,화요일,경기도 수원시 영통구 매탄동,경상사고,0,0,1,0,차대차 - 측면충돌,차로위반,건조,맑음,단일로 - 지하차도(도로)내,승용,남,62세,상해없음,승용,남,38세,경상
2022070500100542,2022년 7월 5일 21시,화요일,경기도 수원시 장안구 영화동,경상사고,0,0,1,0,차대차 - 기타,직진우회전진행방해,건조,맑음,교차로 - 교차로부근,자전거,남,54세,경상,승용,여,58세,상해없음
2022070600100058,2022년 7월 6일 07시,수요일,경기도 수원시 장안구 율전동,경상사고,0,0,1,0,차대사람 - 기타,안전운전불이행,건조,맑음,교차로 - 교차로부근,화물,남,49세,상해없음,보행자,여,82세,경상
2022070600100163,2022년 7월 6일 10시,수요일,경기도 수원시 팔달구 우만동,경상사고,0,0,1,0,차대차 - 측면충돌,안전거리미확보,건조,맑음,단일로 - 기타,이륜,여,22세,경상,승용,남,59세,상해없음
2022070600100302,2022년 7월 6일 15시,수요일,경기도 수원시 장안구 송죽동,경상사고,0,0,1,0,차대차 - 기타,안전운전불이행,건조,맑음,교차로 - 교차로안,승용,여,50세,상해없음,자전거,남,71세,경상
2022070600100384,2022년 7월 6일 17시,수요일,경기도 수원시 영통구 이의동,경상사고,0,0,3,0,차대차 - 측면충돌,신호위반,건조,맑음,교차로 - 교차로안,승용,남,42세,상해없음,승용,여,47세,경상
2022070600100413,2022년 7월 6일 18시,수요일,경기도 수원시 장안구 파장동,경상사고,0,0,1,0,차대차 - 측면충돌,차로위반,건조,맑음,단일로 - 기타,승용,남,80세,상해없음,승용,남,31세,경상
2022070600100458,2022년 7월 6일 19시,수요일,경기도 수원시 장안구 천천동,중상사고,0,1,0,0,차대차 - 측면충돌,신호위반,젖음/습기,비,교차로 - 교차로안,승용,남,39세,상해없음,승용,남,37세,중상
2022070600100495,2022년 7월 6일 20시,수요일,경기도 수원시 팔달구 고등동,경상사고,0,0,1,0,차대사람 - 기타,안전운전불이행,젖음/습기,흐림,교차로 - 교차로부근,개인형이동수단(PM),남,45세,상해없음,보행자,여,75세,경상
2022070600100519,2022년 7월 6일 21시,수요일,경기도 수원시 장안구 율전동,부상신고사고,0,0,0,1,차대차 - 후진중충돌,안전운전불이행,건조,맑음,교차로 - 교차로부근,승용,남,62세,상해없음,승용,여,58세,부상신고
2022070600100527,2022년 7월 6일 21시,수요일,경기도 수원시 영통구 이의동,경상사고,0,0,1,0,차대차 - 측면충돌,신호위반,젖음/습기,비,교차로 - 교차로부근,이륜,남,52세,상해없음,승용,여,48세,경상
2022070600100569,2022년 7월 6일 22시,수요일,경기도 수원시 영통구 매탄동,경상사고,0,0,4,0,차대차 - 추돌,안전거리미확보,젖음/습기,비,단일로 - 기타,승합,남,49세,상해없음,승용,남,23세,경상
2022070700100022,2022년 7월 7일 01시,목요일,경기도 수원시 장안구 파장동,경상사고,0,0,2,0,차대차 - 기타,안전운전불이행,건조,맑음,기타 - 기타,승용,남,53세,상해없음,승용,여,40세,경상
2022070700100040,2022년 7월 7일 05시,목요일,경기도 수원시 장안구 정자동,중상사고,0,1,0,0,차대차 - 측면충돌,안전운전불이행,건조,맑음,교차로 - 교차로횡단보도내,승용,남,57세,상해없음,자전거,남,74세,중상
2022070700100099,2022년 7월 7일 08시,목요일,경기도 수원시 장안구 영화동,부상신고사고,0,0,0,1,차대차 - 기타,신호위반,건조,맑음,교차로 - 교차로안,자전거,남,14세,부상신고,승용,남,43세,상해없음
2022070700100107,2022년 7월 7일 08시,목요일,경기도 수원시 영통구 매탄동,중상사고,0,1,0,0,차대차 - 측면충돌,안전운전불이행,건조,맑음,단일로 - 기타,승용,남,75세,상해없음,자전거,남,14세,중상
2022070700100160,2022년 7월 7일 09시,목요일,경기도 수원시 권선구 대황교동,경상사고,0,0,1,0,차대사람 - 기타,안전운전불이행,건조,맑음,기타 - 기타,화물,남,33세,상해없음,보행자,남,49세,경상
2022070700100162,2022년 7월 7일 09시,목요일,경기도 수원시 팔달구 매산로1가,경상사고,0,0,1,0,차대차 - 측면충돌,안전운전불이행,건조,맑음,교차로 - 교차로안,승용,남,36세,상해없음,승용,남,34세,경상
2022070700100230,2022년 7월 7일 11시,목요일,경기도 수원시 권선구 구운동,경상사고,0,0,2,0,차대차 - 측면충돌,신호위반,건조,맑음,교차로 - 교차로안,승용,여,39세,상해없음,승용,여,49세,경상
2022070700100288,2022년 7월 7일 13시,목요일,경기도 수원시 팔달구 북수동,부상신고사고,0,0,0,1,차대차 - 추돌,안전운전불이행,건조,맑음,교차로 - 교차로안,이륜,남,31세,부상신고,승용,남,31세,상해없음
2022070700100292,2022년 7월 7일 13시,목요일,경기도 수원시 권선구 금곡동,중상사고,0,1,0,0,차량단독 - 전도전복 - 전도,안전운전불이행,건조,맑음,단일로 - 기타,이륜,남,23세,중상,,,,
2022070700100325,2022년 7월 7일 14시,목요일,경기도 수원시 권선구 권선동,경상사고,0,0,1,0,차대사람 - 기타,기타,건조,맑음,기타 - 기타,승합,남,60세,상해없음,보행자,남,25세,경상
2022070700100377,2022년 7월 7일 16시,목요일,경기도 수원시 장안구 정자동,경상사고,0,0,1,0,차대사람 - 기타,신호위반,건조,맑음,기타 - 기타,개인형이동수단(PM),남,68세,상해없음,보행자,여,8세,경상
2022070700100384,2022년 7월 7일 16시,목요일,경기도 수원시 권선구 금곡동,경상사고,0,0,1,0,차대차 - 정면충돌,안전운전불이행,건조,맑음,기타 - 기타,개인형이동수단(PM),여,14세,상해없음,기타불명,남,6세,경상
2022070700100423,2022년 7월 7일 17시,목요일,경기도 수원시 장안구 조원동,부상신고사고,0,0,0,1,차량단독 - 기타,안전운전불이행,건조,맑음,교차로 - 교차로안,승용,남,77세,부상신고,,,,
2022070700100500,2022년 7월 7일 19시,목요일,경기도 수원시 팔달구 화서동,중상사고,0,2,0,0,차대차 - 기타,직진우회전진행방해,건조,흐림,교차로 - 교차로안,승용,남,60세,상해없음,이륜,남,62세,중상
2022070700100501,2022년 7월 7일 19시,목요일,경기도 수원시 장안구 송죽동,경상사고,0,0,1,0,차대사람 - 기타,신호위반,건조,맑음,단일로 - 기타,승용,남,55세,상해없음,보행자,여,17세,경상
2022070700100502,2022년 7월 7일 19시,목요일,경기도 수원시 장안구 율전동,경상사고,0,0,1,0,차대사람 - 횡단중,안전운전불이행,건조,맑음,교차로 - 교차로부근,승용,남,43세,상해없음,보행자,여,26세,경상
2022070800100017,2022년 7월 8일 01시,금요일,경기도 수원시 팔달구 매산로1가,경상사고,0,0,1,0,차대차 - 추돌,신호위반,건조,맑음,교차로 - 교차로안,이륜,남,29세,상해없음,승용,남,65세,경상
2022070800100168,2022년 7월 8일 10시,금요일,경기도 수원시 장안구 이목동,경상사고,0,0,2,0,차대차 - 추돌,안전운전불이행,건조,맑음,교차로 - 교차로부근,승용,남,39세,경상,승용,여,22세,경상
2022070800100264,2022년 7월 8일 13시,금요일,경기도 수원시 영통구 망포동,경상사고,0,0,1,0,차대차 - 기타,안전거리미확보,건조,맑음,교차로 - 교차로부근,승합,남,56세,상해없음,화물,남,55세,경상
2022070800100306,2022년 7월 8일 14시,금요일,경기도 수원시 권선구 서둔동,사망사고,1,0,0,0,차대사람 - 기타,안전운전불이행,건조,맑음,기타 - 기타,화물,여,54세,상해없음,보행자,여,81세,사망
2022070800100332,2022년 7월 8일 15시,금요일,경기도 수원시 권선구 권선동,경상사고,0,0,1,0,차량단독 - 기타,안전운전불이행,건조,맑음,단일로 - 기타,승합,남,56세,상해없음,,,,
2022070800100333,2022년 7월 8일 15시,금요일,경기도 수원시 권선구 당수동,중상사고,0,1,0,0,차대차 - 측면충돌,안전거리미확보,건조,맑음,기타 - 기타,화물,남,29세,상해없음,이륜,남,36세,중상
2022070800100398,2022년 7월 8일 17시,금요일,경기도 수원시 팔달구 북수동,경상사고,0,0,1,0,차대차 - 기타,신호위반,건조,맑음,교차로 - 교차로안,승용,여,34세,상해없음,승용,여,23세,경상
2022070800100498,2022년 7월 8일 19시,금요일,경기도 수원시 장안구 영화동,경상사고,0,0,1,0,차대차 - 추돌,신호위반,건조,흐림,교차로 - 교차로안,개인형이동수단(PM),남,26세,상해없음,승용,여,50세,경상
2022070800100502,2022년 7월 8일 19시,금요일,경기도 수원시 영통구 망포동,경상사고,0,0,3,0,차대차 - 정면충돌,안전거리미확보,건조,맑음,단일로 - 지하차도(도로)내,승용,여,44세,상해없음,승합,남,45세,상해없음
2022070800100598,2022년 7월 8일 22시,금요일,경기도 수원시 권선구 오목천동,중상사고,0,1,0,0,차대차 - 정면충돌,신호위반,건조,맑음,교차로 - 교차로안,승용,남,21세,상해없음,이륜,남,19세,중상
2022070900100022,2022년 7월 9일 01시,토요일,경기도 수원시 팔달구 화서동,경상사고,0,0,1,0,차량단독 - 기타,안전운전불이행,건조,맑음,단일로 - 교량,개인형이동수단(PM),여,16세,경상,,,,
2022070900100023,2022년 7월 9일 01시,토요일,경기도 수원시 장안구 영화동,경상사고,0,0,1,0,차대차 - 추돌,안전운전불이행,건조,맑음,교차로 - 교차로부근,승합,남,58세,상해없음,승용,남,56세,상해없음
2022070900100097,2022년 7월 9일 08시,토요일,경기도 수원시 영통구 영통동,경상사고,0,0,1,0,차대차 - 추돌,안전운전불이행,건조,맑음,교차로 - 교차로부근,승용,남,29세,상해없음,승용,남,41세,경상
2022070900100119,2022년 7월 9일 09시,토요일,경기도 수원시 영통구 원천동,경상사고,0,0,2,0,차대차 - 측면충돌,안전운전불이행,건조,맑음,교차로 - 교차로부근,승용,남,34세,상해없음,승용,남,51세,경상
2022070900100143,2022년 7월 9일 10시,토요일,경기도 수원시 장안구 천천동,경상사고,0,0,1,0,차대사람 - 기타,안전운전불이행,건조,맑음,단일로 - 기타,개인형이동수단(PM),남,23세,상해없음,보행자,남,29세,경상
2022070900100280,2022년 7월 9일 14시,토요일,경기도 수원시 장안구 송죽동,중상사고,0,1,1,0,차대차 - 정면충돌,신호위반,건조,맑음,교차로 - 교차로안,이륜,남,22세,경상,이륜,남,39세,중상
2022070900100324,2022년 7월 9일 15시,토요일,경기도 수원시 권선구 권선동,경상사고,0,0,1,0,차대차 - 기타,안전운전불이행,건조,맑음,주차장 - 주차장,승용,남,58세,상해없음,승용,여,61세,경상
2022070900100360,2022년 7월 9일 16시,토요일,경기도 수원시 팔달구 매산로2가,중상사고,0,1,0,0,차대사람 - 기타,안전운전불이행,건조,맑음,단일로 - 기타,승합,남,54세,상해없음,보행자,남,22세,중상