사고번호,사고일시,요일,시군구,사고내용,사망자수,중상자수,경상자수,부상신고자수,사고유형,법규위반,노면상태,기상상태,도로형태,가해운전자 차종,가해운전자 성별,가해운전자 연령,가해운전자 상해정도,피해운전자 차종,피해운전자 성별,피해운전자 연령,피해운전자 상해정도
2022070900100430,2022년 7월 9일 18시,토요일,경기도 수원시 팔달구 지동,중상사고,0,1,0,0,차대사람 - 횡단중,안전운전불이행,건조,맑음,교차로 - 교차로횡단보도내,승용,남,40세,상해없음,보행자,여,68세,중상
2022070900100494,2022년 7월 9일 20시,토요일,경기도 수원시 팔달구 고등동,경상사고,0,0,1,0,차대사람 - 횡단중,안전운전불이행,건조,맑음,교차로 - 교차로안,승용,남,26세,상해없음,보행자,여,39세,경상
2022070900100519,2022년 7월 9일 21시,토요일,경기도 수원시 팔달구 인계동,경상사고,0,0,1,0,차대차 - 측면충돌,안전운전불이행,건조,맑음,교차로 - 교차로안,승용,남,32세,상해없음,승용,여,44세,경상
2022071000100203,2022년 7월 10일 13시,일요일,경기도 수원시 권선구 오목천동,경상사고,0,0,1,0,차대차 - 기타,안전운전불이행,건조,맑음,교차로 - 교차로부근,승용,남,51세,상해없음,이륜,남,28세,경상
2022071000100226,2022년 7월 10일 14시,일요일,경기도 수원시 팔달구 장안동,경상사고,0,0,2,0,차대차 - 기타,안전운전불이행,건조,맑음,교차로 - 교차로안,특수,남,30세,상해없음,승용,남,26세,경상
2022071000100258,2022년 7월 10일 15시,일요일,경기도 수원시 영통구 영통동,경상사고,0,0,1,0,차대차 - 측면충돌,안전운전불이행,건조,맑음,교차로 - 교차로횡단보도내,승용,남,37세,상해없음,자전거,남,11세,경상
2022071000100343,2022년 7월 10일 18시,일요일,경기도 수원시 권선구 호매실동,경상사고,0,0,1,0,차대차 - 기타,보행자보호의무위반,건조,맑음,교차로 - 교차로안,승용,남,61세,상해없음,자전거,남,10세,경상
2022071100100084,2022년 7월 11일 08시,월요일,경기도 수원시 권선구 세류동,중상사고,0,1,0,0,차대차 - 측면충돌,중앙선침범,건조,맑음,교차로 - 교차로부근,승용,남,62세,기타불명,이륜,남,36세,중상
2022071100100155,2022년 7월 11일 10시,월요일,경기도 수원시 장안구 정자동,경상사고,0,0,1,0,차대차 - 기타,안전운전불이행,건조,맑음,교차로 - 교차로안,승용,여,38세,상해없음,승합,남,59세,상해없음
2022071100100160,2022년 7월 11일 10시,월요일,경기도 수원시 영통구 망포동,경상사고,0,0,1,0,차대사람 - 보도통행중,기타,건조,맑음,단일로 - 기타,승용,여,69세,상해없음,보행자,여,47세,경상
2022071100100161,2022년 7월 11일 10시,월요일,경기도 수원시 영통구 이의동,중상사고,0,1,0,0,차대차 - 측면충돌,신호위반,건조,맑음,교차로 - 교차로안,승용,남,48세,상해없음,승용,여,30세,중상
2022071100100310,2022년 7월 11일 14시,월요일,경기도 수원시 영통구 영통동,경상사고,0,0,1,0,차대차 - 측면충돌,교차로운행방법위반,건조,맑음,교차로 - 교차로안,승용,여,40세,상해없음,승합,남,45세,경상
2022071100100311,2022년 7월 11일 14시,월요일,경기도 수원시 팔달구 매산로1가,경상사고,0,0,1,0,차대차 - 기타,안전거리미확보,건조,맑음,교차로 - 교차로안,승용,남,64세,상해없음,승용,남,37세,경상
2022071100100312,2022년 7월 11일 14시,월요일,경기도 수원시 영통구 이의동,경상사고,0,0,1,0,차대차 - 측면충돌,안전거리미확보,건조,맑음,단일로 - 기타,기타불명,기타불명,미분류,기타불명,승용,남,60세,상해없음
2022071100100423,2022년 7월 11일 17시,월요일,경기도 수원시 영통구 매탄동,경상사고,0,0,1,0,차량단독 - 기타,안전운전불이행,건조,맑음,교차로 - 교차로부근,승용,남,64세,상해없음,,,,
2022071100100424,2022년 7월 11일 17시,월요일,경기도 수원시 영통구 영통동,경상사고,0,0,1,0,차대차 - 측면충돌,안전운전불이행,건조,맑음,교차로 - 교차로안,승용,여,64세,상해없음,승용,남,48세,경상
2022071100100427,2022년 7월 11일 17시,월요일,경기도 수원시 권선구 호매실동,경상사고,0,0,1,0,차대차 - 기타,안전운전불이행,건조,맑음,교차로 - 교차로안,승용,여,32세,상해없음,승용,여,50세,경상
2022071100100550,2022년 7월 11일 20시,월요일,경기도 수원시 팔달구 인계동,경상사고,0,0,4,0,차대차 - 측면충돌,신호위반,건조,맑음,교차로 - 교차로안,승용,남,41세,상해없음,승용,남,20세,경상
2022071200100006,2022년 7월 12일 00시,화요일,경기도 수원시 팔달구 매산로1가,중상사고,0,1,0,0,차대차 - 추돌,안전운전불이행,건조,맑음,단일로 - 기타,승용,여,33세,상해없음,승용,남,65세,중상
2022071200100144,2022년 7월 12일 10시,화요일,경기도 수원시 영통구 원천동,경상사고,0,0,1,0,차대차 - 측면충돌,교차로운행방법위반,건조,흐림,교차로 - 교차로안,승용,남,62세,상해없음,승용,여,42세,상해없음
2022071200100248,2022년 7월 12일 14시,화요일,경기도 수원시 장안구 송죽동,경상사고,0,0,1,0,차대차 - 추돌,안전운전불이행,건조,맑음,단일로 - 기타,승용,남,51세,상해없음,승용,여,41세,경상
2022071200100255,2022년 7월 12일 14시,화요일,경기도 수원시 영통구 하동,경상사고,0,0,1,1,차대차 - 기타,안전운전불이행,건조,맑음,단일로 - 기타,화물,남,53세,부상신고,특수,남,49세,경상
2022071200100286,2022년 7월 12일 15시,화요일,경기도 수원시 영통구 영통동,경상사고,0,0,1,0,차대차 - 추돌,안전운전불이행,건조,맑음,단일로 - 기타,승용,남,48세,상해없음,승용,여,45세,경상
2022071200100346,2022년 7월 12일 17시,화요일,경기도 수원시 팔달구 화서동,경상사고,0,0,1,0,차대차 - 기타,안전운전불이행,건조,맑음,단일로 - 기타,승용,여,40세,상해없음,자전거,남,76세,경상
2022071200100396,2022년 7월 12일 18시,화요일,경기도 수원시 권선구 세류동,경상사고,0,0,1,0,차대차 - 측면충돌,안전운전불이행,건조,맑음,단일로 - 기타,화물,남,45세,상해없음,승용,남,56세,경상
2022071200100475,2022년 7월 12일 21시,화요일,경기도 수원시 권선구 세류동,경상사고,0,0,1,0,차대사람 - 기타,신호위반,건조,맑음,단일로 - 기타,이륜,남,21세,상해없음,보행자,여,33세,경상
2022071200100499,2022년 7월 12일 22시,화요일,경기도 수원시 장안구 영화동,중상사고,0,1,0,0,차대차 - 추돌,안전운전불이행,건조,흐림,교차로 - 교차로부근,승용,남,53세,상해없음,이륜,여,17세,중상
2022071300100018,2022년 7월 13일 02시,수요일,경기도 수원시 영통구 원천동,중상사고,0,1,0,0,차대차 - 추돌,안전운전불이행,젖음/습기,비,교차로 - 교차로부근,승용,남,44세,상해없음,승용,여,47세,중상
2022071300100082,2022년 7월 13일 08시,수요일,경기도 수원시 권선구 권선동,경상사고,0,0,1,0,차대차 - 기타,안전거리미확보,젖음/습기,비,단일로 - 기타,승용,여,52세,상해없음,이륜,남,31세,경상
2022071300100083,2022년 7월 13일 08시,수요일,경기도 수원시 영통구 신동,경상사고,0,0,1,0,차대차 - 측면충돌,안전거리미확보,젖음/습기,흐림,단일로 - 기타,승용,여,31세,상해없음,승용,남,36세,경상
2022071300100119,2022년 7월 13일 09시,수요일,경기도 수원시 장안구 영화동,경상사고,0,0,1,0,차대차 - 기타,안전운전불이행,젖음/습기,비,기타 - 기타,승용,남,32세,상해없음,승용,남,58세,경상
2022071300100121,2022년 7월 13일 09시,수요일,경기도 수원시 영통구 망포동,경상사고,0,0,1,0,차대차 - 추돌,안전운전불이행,젖음/습기,비,단일로 - 기타,화물,남,63세,상해없음,승용,여,43세,경상
2022071300100125,2022년 7월 13일 09시,수요일,경기도 수원시 권선구 서둔동,경상사고,0,0,1,0,차대차 - 측면충돌,신호위반,젖음/습기,비,교차로 - 교차로안,승합,남,58세,상해없음,화물,남,47세,경상
2022071300100144,2022년 7월 13일 10시,수요일,경기도 수원시 영통구 매탄동,경상사고,0,0,1,0,차대사람 - 횡단중,불법유턴,건조,맑음,기타 - 기타,승용,남,29세,기타불명,보행자,여,54세,경상
2022071300100223,2022년 7월 13일 13시,수요일,경기도 수원시 장안구 송죽동,경상사고,0,0,1,0,차대차 - 기타,교차로운행방법위반,젖음/습기,비,교차로 - 교차로안,원동기,남,44세,상해없음,원동기,여,49세,경상
2022071300100228,2022년 7월 13일 13시,수요일,경기도 수원시 권선구 서둔동,경상사고,0,0,1,0,차대차 - 측면충돌,신호위반,젖음/습기,비,교차로 - 교차로안,승용,여,39세,상해없음,승용,여,53세,경상
2022071300100283,2022년 7월 13일 15시,수요일,경기도 수원시 팔달구 화서동,경상사고,0,0,1,0,차대차 - 정면충돌,신호위반,젖음/습기,비,교차로 - 교차로부근,승용,여,57세,상해없음,승용,남,48세,경상
2022071300100325,2022년 7월 13일 16시,수요일,경기도 수원시 권선구 서둔동,경상사고,0,0,1,0,차대차 - 측면충돌,안전운전불이행,젖음/습기,비,교차로 - 교차로안,화물,남,67세,상해없음,자전거,남,15세,경상
2022071300100363,2022년 7월 13일 17시,수요일,경기도 수원시 장안구 하광교동,경상사고,0,0,1,0,차대차 - 추돌,안전운전불이행,젖음/습기,비,단일로 - 기타,승용,남,75세,상해없음,승용,남,51세,경상
2022071300100412,2022년 7월 13일 18시,수요일,경기도 수원시 권선구 세류동,부상신고사고,0,0,0,1,차대차 - 측면충돌,안전운전불이행,건조,맑음,단일로 - 기타,승용,남,69세,상해없음,화물,남,35세,부상신고
2022071300100413,2022년 7월 13일 18시,수요일,경기도 수원시 팔달구 인계동,부상신고사고,0,0,0,1,차대차 - 기타,안전운전불이행,젖음/습기,비,교차로 - 교차로부근,이륜,남,51세,부상신고,승용,남,28세,상해없음
2022071300100415,2022년 7월 13일 18시,수요일,경기도 수원시 팔달구 매산로1가,경상사고,0,0,2,0,차대차 - 측면충돌,안전거리미확보,건조,맑음,단일로 - 기타,승용,남,27세,상해없음,승용,여,48세,경상
2022071300100563,2022년 7월 13일 23시,수요일,경기도 수원시 영통구 망포동,경상사고,0,0,1,0,차대차 - 기타,신호위반,젖음/습기,맑음,기타 - 기타,승용,남,31세,상해없음,개인형이동수단(PM),남,24세,경상
2022071300100564,2022년 7월 13일 23시,수요일,경기도 수원시 권선구 평동,경상사고,0,0,1,0,차대차 - 정면충돌,중앙선침범,젖음/습기,비,교차로 - 교차로부근,승용,남,33세,상해없음,화물,남,42세,경상
2022071400100010,2022년 7월 14일 00시,목요일,경기도 수원시 영통구 망포동,부상신고사고,0,0,0,1,차량단독 - 공작물충돌,안전운전불이행,젖음/습기,비,단일로 - 기타,승용,남,50세,부상신고,,,,
2022071400100152,2022년 7월 14일 09시,목요일,경기도 수원시 영통구 매탄동,중상사고,0,1,0,0,차대차 - 측면충돌,교차로운행방법위반,건조,맑음,교차로 - 교차로안,승용,여,51세,상해없음,이륜,남,29세,중상
2022071400100190,2022년 7월 14일 10시,목요일,경기도 수원시 장안구 율전동,경상사고,0,0,1,0,차대차 - 추돌,안전운전불이행,건조,맑음,교차로 - 교차로부근,승용,여,32세,상해없음,화물,남,42세,경상
2022071400100246,2022년 7월 14일 12시,목요일,경기도 수원시 권선구 곡반정동,경상사고,0,0,2,0,차대차 - 추돌,안전운전불이행,건조,맑음,교차로 - 교차로안,화물,남,67세,상해없음,승용,여,61세,경상
2022071400100347,2022년 7월 14일 15시,목요일,경기도 수원시 장안구 정자동,경상사고,0,0,3,1,차대차 - 기타,차로위반,건조,맑음,교차로 - 교차로부근,승용,여,50세,상해없음,승합,남,42세,상해없음
2022071400100350,2022년 7월 14일 15시,목요일,경기도 수원시 권선구 권선동,경상사고,0,0,1,0,차대차 - 측면충돌,안전거리미확보,건조,맑음,단일로 - 기타,승용,남,48세,상해없음,승용,남,31세,경상
2022071400100392,2022년 7월 14일 16시,목요일,경기도 수원시 권선구 세류동,경상사고,0,0,1,0,차대차 - 추돌,안전운전불이행,건조,맑음,교차로 - 교차로부근,승용,여,29세,상해없음,자전거,남,56세,경상
2022071400100480,2022년 7월 14일 18시,목요일,경기도 수원시 장안구 조원동,경상사고,0,0,1,0,차대사람 - 기타,안전운전불이행,건조,맑음,단일로 - 기타,화물,남,48세,상해없음,보행자,여,7세,경상
2022071400100485,2022년 7월 14일 18시,목요일,경기도 수원시 팔달구 인계동,경상사고,0,0,4,0,차대차 - 측면충돌,차로위반,건조,맑음,단일로 - 지하차도(도로)내,승용,남,40세,상해없음,승용,남,53세,경상
2022071400100488,2022년 7월 14일 18시,목요일,경기도 수원시 권선구 금곡동,경상사고,0,0,3,0,차대차 - 측면충돌,안전거리미확보,건조,맑음,단일로 - 기타,승용,남,59세,상해없음,승용,남,44세,경상
2022071400100604,2022년 7월 14일 21시,목요일,경기도 수원시 영통구 매탄동,중상사고,0,1,0,0,차대사람 - 횡단중,신호위반,건조,맑음,교차로 - 교차로횡단보도내,이륜,남,18세,상해없음,보행자,여,25세,중상
2022071400100643,2022년 7월 14일 23시,목요일,경기도 수원시 영통구 영통동,중상사고,0,1,2,0,차대차 - 측면충돌,신호위반,건조,맑음,교차로 - 교차로안,승용,남,48세,상해없음,승용,남,29세,경상
2022071500100072,2022년 7월 15일 08시,금요일,경기도 수원시 장안구 정자동,중상사고,0,2,0,0,차대차 - 기타,교차로운행방법위반,건조,맑음,교차로 - 교차로안,개인형이동수단(PM),남,15세,중상,개인형이동수단(PM),남,24세,중상
2022071500100121,2022년 7월 15일 09시,금요일,경기도 수원시 권선구 세류동,중상사고,0,1,0,0,차대사람 - 기타,안전운전불이행,건조,맑음,기타 - 기타,자전거,남,17세,상해없음,보행자,여,83세,중상
2022071500100186,2022년 7월 15일 11시,금요일,경기도 수원시 장안구 영화동,경상사고,0,0,1,0,차대차 - 기타,교차로운행방법위반,건조,맑음,교차로 - 교차로안,승용,남,29세,상해없음,자전거,남,51세,경상
2022071500100353,2022년 7월 15일 16시,금요일,경기도 수원시 장안구 송죽동,부상신고사고,0,0,0,1,차대사람 - 기타,안전운전불이행,건조,맑음,단일로 - 기타,승용,남,29세,상해없음,보행자,남,9세,부상신고
2022071500100511,2022년 7월 15일 19시,금요일,경기도 수원시 팔달구 화서동,경상사고,0,0,1,0,차대차 - 기타,교차로운행방법위반,건조,맑음,교차로 - 교차로안,승용,여,48세,상해없음,자전거,남,37세,경상
2022071500100614,2022년 7월 15일 22시,금요일,경기도 수원시 팔달구 화서동,경상사고,0,0,1,0,차량단독 - 기타,기타,건조,맑음,단일로 - 기타,승합,남,64세,상해없음,,,,
2022071500100646,2022년 7월 15일 23시,금요일,경기도 수원시 영통구 이의동,중상사고,0,1,0,0,차대차 - 측면충돌,신호위반,건조,맑음,교차로 - 교차로안,승용,여,59세,상해없음,이륜,남,52세,중상
2022071600100025,2022년 7월 16일 01시,토요일,경기도 수원시 권선구 권선동,경상사고,0,0,4,0,차대차 - 측면충돌,신호위반,건조,맑음,교차로 - 교차로안,승용,여,42세,상해없음,승용,남,64세,경상
2022071600100026,2022년 7월 16일 01시,토요일,경기도 수원시 팔달구 인계동,중상사고,0,1,0,0,차대사람 - 기타,기타,건조,맑음,단일로 - 기타,승용,남,34세,상해없음,보행자,남,25세,중상
2022071600100071,2022년 7월 16일 07시,토요일,경기도 수원시 권선구 고색동,경상사고,0,0,1,0,차대차 - 측면충돌,신호위반,건조,맑음,교차로 - 교차로안,자전거,남,50세,경상,승용,여,35세,상해없음
2022071600100084,2022년 7월 16일 08시,토요일,경기도 수원시 권선구 권선동,경상사고,0,0,1,0,차대사람 - 차도통행중,안전운전불이행,건조,흐림,단일로 - 기타,승용,여,38세,상해없음,보행자,여,69세,경상
2022071600100129,2022년 7월 16일 10시,토요일,경기도 수원시 영통구 이의동,경상사고,0,0,1,0,차대차 - 기타,안전거리미확보,건조,맑음,교차로 - 교차로부근,승용,남,46세,기타불명,승용,여,53세,경상
2022071600100158,2022년 7월 16일 11시,토요일,경기도 수원시 장안구 정자동,경상사고,0,0,1,0,차대차 - 기타,교차로운행방법위반,건조,맑음,교차로 - 교차로부근,승용,남,58세,상해없음,승용,여,60세,경상
2022071600100195,2022년 7월 16일 12시,토요일,경기도 수원시 장안구 연무동,경상사고,0,0,1,0,차대차 - 기타,안전운전불이행,건조,맑음,단일로 - 고가도로위,이륜,남,50세,상해없음,승용,남,27세,상해없음
2022071600100196,2022년 7월 16일 12시,토요일,경기도 수원시 장안구 송죽동,경상사고,0,0,1,0,차대차 - 추돌,안전운전불이행,건조,맑음,교차로 - 교차로부근,승용,여,43세,상해없음,승용,남,45세,경상
2022071600100264,2022년 7월 16일 14시,토요일,경기도 수원시 영통구 원천동,경상사고,0,0,1,0,차대차 - 측면충돌,안전운전불이행,건조,맑음,교차로 - 교차로부근,승용,여,27세,상해없음,승용,남,29세,경상
2022071600100267,2022년 7월 16일 14시,토요일,경기도 수원시 장안구 하광교동,중상사고,0,2,3,0,차대차 - 추돌,신호위반,건조,맑음,단일로 - 교량,화물,남,47세,상해없음,승용,남,31세,중상
2022071600100300,2022년 7월 16일 15시,토요일,경기도 수원시 팔달구 인계동,중상사고,0,1,0,0,차대차 - 추돌,안전운전불이행,건조,맑음,단일로 - 기타,승용,남,50세,상해없음,이륜,여,60세,중상
2022071600100301,2022년 7월 16일 15시,토요일,경기도 수원시 영통구 망포동,경상사고,0,0,1,0,차대차 - 측면충돌,안전운전불이행,건조,맑음,교차로 - 교차로부근,이륜,남,24세,경상,승용,남,73세,상해없음
2022071600100302,2022년 7월 16일 15시,토요일,경기도 수원시 권선구 구운동,경상사고,0,0,2,0,차대차 - 측면충돌,중앙선침범,건조,맑음,단일로 - 기타,승용,여,51세,상해없음,승용,남,59세,경상
2022071600100303,2022년 7월 16일 15시,토요일,경기도 수원시 권선구 평동,중상사고,0,2,3,0,차대차 - 정면충돌,신호위반,건조,맑음,교차로 - 교차로안,승용,여,40세,경상,승용,여,22세,중상
2022071600100304,2022년 7월 16일 15시,토요일,경기도 수원시 팔달구 매산로1가,경상사고,0,0,1,0,차대사람 - 기타,안전운전불이행,건조,맑음,단일로 - 기타,승용,남,64세,상해없음,보행자,여,15세,경상
2022071600100349,2022년 7월 16일 16시,토요일,경기도 수원시 권선구 곡반정동,경상사고,0,0,1,0,차대차 - 추돌,안전운전불이행,건조,맑음,단일로 - 기타,승용,남,29세,상해없음,승용,남,44세,경상
2022071600100413,2022년 7월 16일 18시,토요일,경기도 수원시 권선구 서둔동,경상사고,0,0,1,0,차대차 - 기타,안전운전불이행,건조,맑음,교차로 - 교차로안,승용,남,68세,상해없음,승용,남,30세,경상
2022071600100448,2022년 7월 16일 19시,토요일,경기도 수원시 팔달구 매산로1가,경상사고,0,0,1,0,차대차 - 추돌,안전운전불이행,건조,맑음,교차로 - 교차로안,승용,남,62세,상해없음,이륜,남,38세,경상
2022071600100500,2022년 7월 16일 21시,토요일,경기도 수원시 영통구 영통동,경상사고,0,0,1,0,차대차 - 측면충돌,차로위반,건조,맑음,단일로 - 지하차도(도로)내,승용,여,43세,상해없음,승용,여,49세,경상
2022071600100501,2022년 7월 16일 21시,토요일,경기도 수원시 권선구 금곡동,중상사고,0,1,0,0,차대사람 - 기타,안전운전불이행,건조,맑음,단일로 - 기타,승용,남,70세,상해없음,보행자,남,46세,중상
2022071700100028,2022년 7월 17일 02시,일요일,경기도 수원시 장안구 파장동,경상사고,0,0,4,0,차대차 - 추돌,안전운전불이행,건조,맑음,단일로 - 기타,승용,남,25세,경상,승용,남,57세,경상
2022071700100038,2022년 7월 17일 03시,일요일,경기도 수원시 팔달구 인계동,경상사고,0,0,1,0,차대차 - 추돌,안전운전불이행,건조,맑음,단일로 - 기타,승용,여,27세,상해없음,승용,남,57세,경상
2022071700100040,2022년 7월 17일 03시,일요일,경기도 수원시 팔달구 매산로1가,경상사고,0,0,1,0,차대사람 - 기타,안전운전불이행,건조,맑음,단일로 - 기타,승용,남,26세,상해없음,보행자,남,18세,경상
2022071700100101,2022년 7월 17일 10시,일요일,경기도 수원시 팔달구 인계동,경상사고,0,0,1,0,차대차 - 측면충돌,안전거리미확보,건조,맑음,단일로 - 지하차도(도로)내,승용,남,47세,상해없음,승용,여,45세,경상
2022071700100116,2022년 7월 17일 11시,일요일,경기도 수원시 장안구 율전동,경상사고,0,0,1,0,차대차 - 후진중충돌,불법유턴,건조,맑음,단일로 - 기타,승용,여,62세,상해없음,이륜,남,24세,경상
2022071700100140,2022년 7월 17일 12시,일요일,경기도 수원시 팔달구 팔달로1가,경상사고,0,0,1,0,차대차 - 추돌,안전운전불이행,건조,맑음,단일로 - 기타,자전거,남,27세,경상,승용,남,50세,상해없음
2022071700100141,2022년 7월 17일 12시,일요일,경기도 수원시 장안구 파장동,경상사고,0,0,1,0,차대차 - 기타,안전운전불이행,건조,맑음,교차로 - 교차로안,승용,남,23세,상해없음,승용,남,32세,경상
2022071700100146,2022년 7월 17일 12시,일요일,경기도 수원시 권선구 세류동,경상사고,0,0,1,0,차대차 - 추돌,안전운전불이행,건조,맑음,교차로 - 교차로부근,승용,남,55세,상해없음,승용,남,58세,경상
2022071700100175,2022년 7월 17일 13시,일요일,경기도 수원시 팔달구 중동,부상신고사고,0,0,0,1,차량단독 - 기타,안전운전불이행,건조,맑음,교차로 - 교차로부근,이륜,여,25세,부상신고,,,,
2022071700100176,2022년 7월 17일 13시,일요일,경기도 수원시 장안구 파장동,경상사고,0,0,4,0,차대차 - 기타,안전거리미확보,건조,맑음,단일로 - 기타,승용,남,18세,상해없음,승용,남,49세,경상
2022071700100297,2022년 7월 17일 17시,일요일,경기도 수원시 권선구 세류동,경상사고,0,0,1,0,차대차 - 추돌,안전운전불이행,건조,맑음,단일로 - 기타,화물,남,59세,상해없음,승용,남,42세,상해없음
2022071700100298,2022년 7월 17일 17시,일요일,경기도 수원시 팔달구 인계동,경상사고,0,0,1,0,차대차 - 기타,안전거리미확보,건조,맑음,단일로 - 기타,승용,남,53세,상해없음,승용,남,29세,상해없음
2022071700100328,2022년 7월 17일 18시,일요일,경기도 수원시 영통구 영통동,경상사고,0,0,1,0,차대차 - 추돌,안전운전불이행,건조,맑음,단일로 - 기타,승용,남,40세,상해없음,승용,남,58세,경상
2022071800100004,2022년 7월 18일 00시,월요일,경기도 수원시 팔달구 인계동,경상사고,0,0,2,0,차대차 - 측면충돌,안전거리미확보,건조,맑음,단일로 - 기타,승용,남,29세,상해없음,승용,남,21세,경상
2022071800100065,2022년 7월 18일 07시,월요일,경기도 수원시 권선구 대황교동,경상사고,0,0,1,0,차대차 - 측면충돌,안전거리미확보,건조,맑음,단일로 - 기타,승합,남,49세,상해없음,승용,남,72세,경상
2022071800100089,2022년 7월 18일 08시,월요일,경기도 수원시 영통구 매탄동,경상사고,0,0,1,0,차대차 - 측면충돌,안전운전불이행,건조,맑음,교차로 - 교차로안,개인형이동수단(PM),남,16세,경상,화물,남,60세,상해없음
2022071800100136,2022년 7월 18일 09시,월요일,경기도 수원시 권선구 오목천동,경상사고,0,0,1,0,차대차 - 기타,신호위반,건조,맑음,교차로 - 교차로안,승용,여,62세,상해없음,승용,남,25세,경상
2022071800100192,2022년 7월 18일 11시,월요일,경기도 수원시 팔달구 북수동,경상사고,0,0,2,1,차대차 - 기타,안전운전불이행,건조,맑음,교차로 - 교차로부근,승용,남,33세,상해없음,승합,남,61세,기타불명
2022071800100299,2022년 7월 18일 14시,월요일,경기도 수원시 장안구 정자동,경상사고,0,0,1,0,차대사람 - 기타,안전운전불이행,건조,맑음,단일로 - 기타,승용,여,65세,상해없음,보행자,여,25세,경상
2022071800100402,2022년 7월 18일 17시,월요일,경기도 수원시 영통구 매탄동,경상사고,0,0,1,0,차대사람 - 횡단중,보행자보호의무위반,건조,맑음,교차로 - 교차로횡단보도내,승용,남,24세,상해없음,보행자,여,29세,경상
2022071800100437,2022년 7월 18일 18시,월요일,경기도 수원시 장안구 정자동,경상사고,0,0,1,0,차대차 - 측면충돌,중앙선침범,건조,맑음,교차로 - 교차로횡단보도내,자전거,남,11세,경상,승용,여,31세,상해없음
2022071800100438,2022년 7월 18일 18시,월요일,경기도 수원시 장안구 영화동,경상사고,0,0,1,0,차대차 - 측면충돌,안전운전불이행,건조,맑음,단일로 - 기타,승용,여,56세,상해없음,승용,여,35세,경상
2022071800100442,2022년 7월 18일 18시,월요일,경기도 수원시 권선구 평동,경상사고,0,0,2,0,차대차 - 측면충돌,안전거리미확보,건조,맑음,교차로 - 교차로부근,승용,남,33세,상해없음,승용,남,47세,경상
2022071800100479,2022년 7월 18일 19시,월요일,경기도 수원시 장안구 천천동,경상사고,0,0,1,0,차대차 - 측면충돌,신호위반,건조,맑음,교차로 - 교차로안,승용,여,47세,기타불명,이륜,남,35세,경상
2022071800100506,2022년 7월 18일 20시,월요일,경기도 수원시 장안구 정자동,중상사고,0,1,0,0,차대사람 - 차도통행중,안전운전불이행,건조,맑음,교차로 - 교차로안,승용,남,62세,상해없음,보행자,여,75세,중상
2022071800100512,2022년 7월 18일 20시,월요일,경기도 수원시 영통구 영통동,경상사고,0,0,2,0,차대차 - 측면충돌,신호위반,건조,맑음,교차로 - 교차로안,승용,여,52세,상해없음,승합,남,59세,경상
2022071800100513,2022년 7월 18일 20시,월요일,경기도 수원시 팔달구 우만동,중상사고,0,2,6,0,차대차 - 측면충돌,안전운전불이행,건조,맑음,교차로 - 교차로부근,승합,남,50세,상해없음,승용,여,32세,경상
2022071800100569,2022년 7월 18일 22시,월요일,경기도 수원시 영통구 매탄동,경상사고,0,0,2,0,차대차 - 추돌,안전운전불이행,건조,맑음,교차로 - 교차로부근,승용,남,43세,상해없음,화물,남,42세,경상
2022071900100016,2022년 7월 19일 01시,화요일,경기도 수원시 장안구 조원동,경상사고,0,0,3,0,차대차 - 정면충돌,신호위반,건조,맑음,교차로 - 교차로안,승용,남,28세,기타불명,승용,남,58세,경상
2022071900100017,2022년 7월 19일 01시,화요일,경기도 수원시 권선구 세류동,경상사고,0,0,1,0,차대차 - 측면충돌,신호위반,건조,맑음,교차로 - 교차로안,승용,남,48세,상해없음,승용,남,28세,경상
2022071900100035,2022년 7월 19일 05시,화요일,경기도 수원시 장안구 영화동,중상사고,0,1,0,0,차대차 - 기타,안전운전불이행,건조,맑음,교차로 - 교차로부근,승용,남,66세,상해없음,승용,남,60세,중상
2022071900100156,2022년 7월 19일 10시,화요일,경기도 수원시 장안구 정자동,경상사고,0,0,1,0,차대차 - 기타,안전거리미확보,건조,맑음,단일로 - 기타,승용,여,58세,경상,승용,남,64세,상해없음
2022071900100272,2022년 7월 19일 14시,화요일,경기도 수원시 권선구 권선동,경상사고,0,0,1,0,차대차 - 정면충돌,안전운전불이행,건조,맑음,교차로 - 교차로안,승용,남,22세,상해없음,특수,남,39세,경상
2022071900100274,2022년 7월 19일 14시,화요일,경기도 수원시 권선구 세류동,경상사고,0,0,1,0,차대사람 - 기타,안전운전불이행,건조,맑음,단일로 - 기타,승용,여,59세,상해없음,보행자,남,74세,경상
2022071900100343,2022년 7월 19일 16시,화요일,경기도 수원시 권선구 권선동,경상사고,0,0,1,0,차대차 - 측면충돌,안전거리미확보,건조,맑음,교차로 - 교차로부근,승용,남,61세,상해없음,승용,남,37세,경상
2022071900100344,2022년 7월 19일 16시,화요일,경기도 수원시 권선구 탑동,중상사고,0,1,0,0,차대사람 - 횡단중,신호위반,건조,맑음,교차로 - 교차로횡단보도내,승용,남,59세,상해없음,보행자,남,8세,중상
2022071900100384,2022년 7월 19일 17시,화요일,경기도 수원시 권선구 구운동,경상사고,0,0,1,0,차대차 - 추돌,안전운전불이행,건조,맑음,교차로 - 교차로부근,승용,여,42세,상해없음,승용,여,42세,경상