사고번호,사고일시,요일,시군구,사고내용,사망자수,중상자수,경상자수,부상신고자수,사고유형,법규위반,노면상태,기상상태,도로형태,가해운전자 차종,가해운전자 성별,가해운전자 연령,가해운전자 상해정도,피해운전자 차종,피해운전자 성별,피해운전자 연령,피해운전자 상해정도
2022071900100423,2022년 7월 19일 18시,화요일,경기도 수원시 권선구 권선동,중상사고,0,1,0,0,차대차 - 측면충돌,중앙선침범,건조,맑음,단일로 - 기타,승용,남,30세,상해없음,이륜,남,28세,중상
2022071900100424,2022년 7월 19일 18시,화요일,경기도 수원시 권선구 세류동,경상사고,0,0,1,0,차대차 - 측면충돌,교차로운행방법위반,건조,맑음,교차로 - 교차로안,승용,남,33세,상해없음,승용,남,55세,경상
2022071900100489,2022년 7월 19일 20시,화요일,경기도 수원시 장안구 조원동,중상사고,0,1,0,0,차대사람 - 기타,안전운전불이행,건조,맑음,단일로 - 기타,승합,남,62세,상해없음,보행자,여,52세,중상
2022072000100207,2022년 7월 20일 11시,수요일,경기도 수원시 장안구 율전동,경상사고,0,0,2,0,차대차 - 기타,안전운전불이행,건조,맑음,단일로 - 기타,승용,여,33세,기타불명,승용,여,52세,경상
2022072000100290,2022년 7월 20일 14시,수요일,경기도 수원시 영통구 매탄동,중상사고,0,1,0,0,차대사람 - 기타,안전운전불이행,건조,맑음,기타 - 기타,특수,남,23세,상해없음,보행자,여,35세,중상
2022072000100329,2022년 7월 20일 15시,수요일,경기도 수원시 장안구 정자동,중상사고,0,1,0,0,차대차 - 기타,신호위반,건조,맑음,교차로 - 교차로부근,원동기,남,50세,중상,화물,남,59세,상해없음
2022072000100336,2022년 7월 20일 15시,수요일,경기도 수원시 권선구 권선동,경상사고,0,0,2,0,차대사람 - 횡단중,보행자보호의무위반,건조,맑음,교차로 - 교차로횡단보도내,승용,남,66세,상해없음,보행자,남,73세,경상
2022072000100366,2022년 7월 20일 16시,수요일,경기도 수원시 권선구 세류동,경상사고,0,0,1,0,차대차 - 기타,안전운전불이행,건조,맑음,기타 - 기타,승용,남,32세,상해없음,자전거,남,40세,경상
2022072000100404,2022년 7월 20일 17시,수요일,경기도 수원시 장안구 정자동,경상사고,0,0,1,0,차대차 - 후진중충돌,안전운전불이행,건조,맑음,단일로 - 기타,승용,남,29세,상해없음,승용,여,42세,경상
2022072000100442,2022년 7월 20일 18시,수요일,경기도 수원시 장안구 정자동,부상신고사고,0,0,0,1,차대사람 - 횡단중,보행자보호의무위반,건조,맑음,단일로 - 기타,자전거,여,13세,상해없음,보행자,여,38세,부상신고
2022072000100506,2022년 7월 20일 20시,수요일,경기도 수원시 팔달구 지동,부상신고사고,0,0,0,1,차대사람 - 길가장자리구역통행중,안전운전불이행,건조,맑음,단일로 - 기타,이륜,남,46세,상해없음,보행자,남,39세,부상신고
2022072000100513,2022년 7월 20일 20시,수요일,경기도 수원시 영통구 원천동,경상사고,0,0,2,0,차대차 - 측면충돌,신호위반,건조,맑음,교차로 - 교차로안,이륜,남,30세,상해없음,승용,남,30세,경상
2022072000100593,2022년 7월 20일 23시,수요일,경기도 수원시 팔달구 화서동,중상사고,0,1,0,0,차대차 - 추돌,안전운전불이행,젖음/습기,비,단일로 - 기타,화물,남,51세,상해없음,승용,여,74세,중상
2022072100100015,2022년 7월 21일 01시,목요일,경기도 수원시 영통구 매탄동,경상사고,0,0,2,0,차대차 - 추돌,안전운전불이행,젖음/습기,비,교차로 - 교차로부근,승용,남,36세,상해없음,승용,남,32세,경상
2022072100100060,2022년 7월 21일 06시,목요일,경기도 수원시 권선구 호매실동,경상사고,0,0,1,0,차대차 - 추돌,안전거리미확보,건조,맑음,기타 - 기타,특수,남,55세,상해없음,승용,남,38세,경상
2022072100100077,2022년 7월 21일 07시,목요일,경기도 수원시 장안구 정자동,중상사고,0,1,0,0,차대차 - 기타,안전운전불이행,젖음/습기,비,단일로 - 기타,건설기계,남,53세,상해없음,이륜,남,42세,중상
2022072100100080,2022년 7월 21일 07시,목요일,경기도 수원시 영통구 원천동,경상사고,0,0,1,0,차대차 - 기타,안전운전불이행,젖음/습기,비,교차로 - 교차로안,승용,여,47세,상해없음,자전거,남,31세,경상
2022072100100108,2022년 7월 21일 08시,목요일,경기도 수원시 영통구 이의동,경상사고,0,0,1,0,차대차 - 측면충돌,안전거리미확보,건조,맑음,단일로 - 기타,승용,여,23세,상해없음,승용,남,61세,경상
2022072100100130,2022년 7월 21일 09시,목요일,경기도 수원시 장안구 정자동,경상사고,0,0,1,0,차대차 - 측면충돌,안전운전불이행,젖음/습기,비,교차로 - 교차로횡단보도내,승용,남,48세,상해없음,자전거,남,29세,경상
2022072100100162,2022년 7월 21일 10시,목요일,경기도 수원시 팔달구 매산로1가,경상사고,0,0,1,0,차대차 - 기타,안전거리미확보,건조,맑음,단일로 - 기타,승용,여,75세,상해없음,승용,남,39세,경상
2022072100100190,2022년 7월 21일 11시,목요일,경기도 수원시 팔달구 우만동,중상사고,0,1,0,0,차대차 - 추돌,안전운전불이행,건조,맑음,단일로 - 기타,승용,남,30세,상해없음,이륜,남,54세,중상
2022072100100191,2022년 7월 21일 11시,목요일,경기도 수원시 권선구 세류동,경상사고,0,0,1,0,차대사람 - 횡단중,안전운전불이행,건조,맑음,교차로 - 교차로안,승용,남,33세,상해없음,보행자,여,90세,경상
2022072100100193,2022년 7월 21일 11시,목요일,경기도 수원시 팔달구 고등동,경상사고,0,0,1,0,차대차 - 측면충돌,기타,건조,맑음,단일로 - 기타,승용,여,45세,상해없음,자전거,남,66세,경상
2022072100100310,2022년 7월 21일 15시,목요일,경기도 수원시 권선구 권선동,경상사고,0,0,1,0,차대차 - 기타,교차로운행방법위반,건조,맑음,교차로 - 교차로안,승용,남,44세,상해없음,승용,남,48세,경상
2022072100100345,2022년 7월 21일 16시,목요일,경기도 수원시 권선구 곡반정동,경상사고,0,0,1,0,차대차 - 측면충돌,안전운전불이행,건조,흐림,단일로 - 기타,승용,여,47세,기타불명,승용,여,40세,경상
2022072100100458,2022년 7월 21일 19시,목요일,경기도 수원시 권선구 탑동,경상사고,0,0,1,0,차대차 - 기타,신호위반,건조,맑음,교차로 - 교차로횡단보도내,이륜,남,25세,상해없음,자전거,남,12세,경상
2022072100100504,2022년 7월 21일 21시,목요일,경기도 수원시 영통구 이의동,중상사고,0,1,0,0,차대사람 - 횡단중,신호위반,건조,맑음,교차로 - 교차로횡단보도내,이륜,남,21세,상해없음,보행자,여,29세,중상
2022072200100009,2022년 7월 22일 00시,금요일,경기도 수원시 권선구 곡반정동,경상사고,0,0,1,0,차대차 - 추돌,신호위반,젖음/습기,맑음,단일로 - 기타,승용,남,35세,상해없음,이륜,남,17세,경상
2022072200100049,2022년 7월 22일 05시,금요일,경기도 수원시 팔달구 인계동,부상신고사고,0,0,0,1,차량단독 - 전도전복 - 전도,안전운전불이행,젖음/습기,흐림,교차로 - 교차로부근,원동기,남,24세,부상신고,,,,
2022072200100091,2022년 7월 22일 08시,금요일,경기도 수원시 장안구 조원동,경상사고,0,0,3,0,차대차 - 기타,신호위반,건조,맑음,교차로 - 교차로안,승용,남,72세,상해없음,승용,여,44세,경상
2022072200100120,2022년 7월 22일 09시,금요일,경기도 수원시 팔달구 팔달로2가,경상사고,0,0,1,0,차대사람 - 기타,안전운전불이행,건조,맑음,단일로 - 기타,승합,남,59세,상해없음,보행자,여,74세,경상
2022072200100156,2022년 7월 22일 10시,금요일,경기도 수원시 장안구 조원동,경상사고,0,0,1,1,차대차 - 기타,안전운전불이행,건조,흐림,단일로 - 기타,승용,남,60세,기타불명,승용,남,24세,부상신고
2022072200100185,2022년 7월 22일 11시,금요일,경기도 수원시 팔달구 지동,중상사고,0,1,0,0,차대사람 - 기타,안전운전불이행,건조,맑음,교차로 - 교차로부근,승용,남,64세,기타불명,보행자,남,67세,중상
2022072200100189,2022년 7월 22일 11시,금요일,경기도 수원시 권선구 구운동,경상사고,0,0,1,0,차대차 - 기타,신호위반,건조,맑음,교차로 - 교차로안,승합,남,42세,상해없음,자전거,남,74세,경상
2022072200100223,2022년 7월 22일 12시,금요일,경기도 수원시 장안구 정자동,경상사고,0,0,1,0,차대차 - 기타,안전거리미확보,건조,맑음,단일로 - 기타,화물,남,52세,상해없음,이륜,남,26세,경상
2022072200100229,2022년 7월 22일 12시,금요일,경기도 수원시 팔달구 고등동,경상사고,0,0,3,0,차대차 - 측면충돌,안전운전불이행,건조,맑음,교차로 - 교차로안,승용,남,53세,경상,승용,남,47세,경상
2022072200100308,2022년 7월 22일 14시,금요일,경기도 수원시 팔달구 인계동,중상사고,0,1,4,0,차대차 - 측면충돌,신호위반,건조,맑음,교차로 - 교차로안,승용,남,31세,경상,이륜,남,49세,중상
2022072200100497,2022년 7월 22일 19시,금요일,경기도 수원시 장안구 조원동,중상사고,0,1,0,0,차대사람 - 횡단중,안전운전불이행,건조,맑음,기타 - 기타,승용,여,37세,상해없음,보행자,남,9세,중상
2022072200100580,2022년 7월 22일 22시,금요일,경기도 수원시 영통구 매탄동,경상사고,0,0,2,0,차대차 - 추돌,안전운전불이행,건조,맑음,단일로 - 기타,승용,남,34세,상해없음,승합,남,57세,경상
2022072200100606,2022년 7월 22일 23시,금요일,경기도 수원시 권선구 호매실동,경상사고,0,0,1,0,차대차 - 기타,교차로운행방법위반,건조,맑음,교차로 - 교차로안,승합,남,56세,상해없음,승용,남,68세,상해없음
2022072300100008,2022년 7월 23일 00시,토요일,경기도 수원시 장안구 율전동,중상사고,0,1,0,0,차대차 - 측면충돌,신호위반,건조,맑음,교차로 - 교차로횡단보도내,승용,남,43세,상해없음,이륜,남,22세,중상
2022072300100037,2022년 7월 23일 03시,토요일,경기도 수원시 권선구 권선동,경상사고,0,0,1,0,차대차 - 추돌,안전운전불이행,건조,맑음,단일로 - 기타,승용,남,47세,상해없음,승용,남,46세,경상
2022072300100157,2022년 7월 23일 11시,토요일,경기도 수원시 권선구 세류동,경상사고,0,0,3,0,차대차 - 측면충돌,안전운전불이행,젖음/습기,비,교차로 - 교차로안,승합,남,39세,상해없음,승용,남,24세,경상
2022072300100234,2022년 7월 23일 13시,토요일,경기도 수원시 권선구 탑동,부상신고사고,0,0,0,1,차대차 - 기타,안전운전불이행,건조,맑음,단일로 - 기타,이륜,남,46세,부상신고,승용,남,50세,상해없음
2022072300100355,2022년 7월 23일 17시,토요일,경기도 수원시 권선구 세류동,중상사고,0,1,5,0,차대차 - 추돌,안전운전불이행,젖음/습기,비,교차로 - 교차로부근,화물,남,43세,상해없음,승용,남,44세,경상
2022072300100373,2022년 7월 23일 18시,토요일,경기도 수원시 권선구 권선동,중상사고,0,1,2,0,차대차 - 측면충돌,신호위반,건조,맑음,교차로 - 교차로안,승용,남,50세,상해없음,이륜,남,21세,중상
2022072300100400,2022년 7월 23일 19시,토요일,경기도 수원시 권선구 고색동,경상사고,0,0,1,0,차대차 - 추돌,안전운전불이행,젖음/습기,비,교차로 - 교차로부근,승용,남,42세,상해없음,승용,남,45세,경상
2022072300100505,2022년 7월 23일 22시,토요일,경기도 수원시 권선구 권선동,중상사고,0,1,0,0,차대사람 - 횡단중,안전운전불이행,젖음/습기,비,단일로 - 기타,승용,남,77세,상해없음,보행자,남,59세,중상
2022072300100542,2022년 7월 23일 23시,토요일,경기도 수원시 권선구 금곡동,중상사고,0,1,0,0,차대차 - 추돌,안전운전불이행,젖음/습기,비,교차로 - 교차로안,승용,남,45세,상해없음,이륜,남,55세,중상
2022072400100008,2022년 7월 24일 00시,일요일,경기도 수원시 팔달구 매산로1가,경상사고,0,0,3,0,차대차 - 추돌,안전운전불이행,건조,맑음,단일로 - 기타,승용,남,19세,상해없음,승용,남,42세,경상
2022072400100029,2022년 7월 24일 02시,일요일,경기도 수원시 영통구 하동,경상사고,0,0,3,0,차대차 - 측면충돌,안전거리미확보,건조,맑음,교차로 - 교차로부근,승용,남,24세,상해없음,승용,남,54세,경상
2022072400100091,2022년 7월 24일 10시,일요일,경기도 수원시 팔달구 인계동,경상사고,0,0,1,0,차대차 - 측면충돌,신호위반,건조,맑음,교차로 - 교차로부근,승용,남,35세,기타불명,승용,여,43세,경상
2022072400100092,2022년 7월 24일 10시,일요일,경기도 수원시 영통구 영통동,경상사고,0,0,1,0,차대차 - 추돌,안전운전불이행,건조,맑음,교차로 - 교차로부근,승용,남,35세,상해없음,이륜,남,41세,경상
2022072400100142,2022년 7월 24일 13시,일요일,경기도 수원시 장안구 송죽동,경상사고,0,0,4,0,차대차 - 측면충돌,안전운전불이행,건조,맑음,단일로 - 기타,승용,남,29세,경상,승용,남,53세,경상
2022072400100175,2022년 7월 24일 14시,일요일,경기도 수원시 권선구 세류동,경상사고,0,0,2,0,차대차 - 후진중충돌,안전운전불이행,건조,맑음,교차로 - 교차로부근,승용,여,57세,상해없음,승용,남,34세,경상
2022072400100202,2022년 7월 24일 15시,일요일,경기도 수원시 영통구 매탄동,경상사고,0,0,1,0,차대사람 - 기타,안전운전불이행,건조,맑음,단일로 - 기타,이륜,남,43세,상해없음,보행자,여,31세,경상
2022072400100387,2022년 7월 24일 22시,일요일,경기도 수원시 장안구 영화동,경상사고,0,0,2,0,차대차 - 측면충돌,신호위반,건조,맑음,교차로 - 교차로부근,승용,남,33세,상해없음,승용,여,29세,경상
2022072500100009,2022년 7월 25일 01시,월요일,경기도 수원시 팔달구 인계동,중상사고,0,1,0,0,차대차 - 측면충돌,신호위반,건조,맑음,기타 - 기타,승용,남,27세,상해없음,승용,남,73세,중상
2022072500100206,2022년 7월 25일 11시,월요일,경기도 수원시 권선구 구운동,중상사고,0,1,0,0,차대차 - 측면충돌,신호위반,건조,맑음,교차로 - 교차로횡단보도내,승용,여,54세,상해없음,자전거,남,12세,중상
2022072500100248,2022년 7월 25일 12시,월요일,경기도 수원시 권선구 구운동,경상사고,0,0,3,0,차대차 - 측면충돌,신호위반,건조,맑음,교차로 - 교차로부근,승용,남,61세,상해없음,승용,남,44세,경상
2022072500100275,2022년 7월 25일 13시,월요일,경기도 수원시 장안구 정자동,경상사고,0,0,1,0,차대차 - 추돌,안전운전불이행,건조,맑음,교차로 - 교차로부근,승용,여,23세,상해없음,승용,남,27세,경상
2022072500100277,2022년 7월 25일 13시,월요일,경기도 수원시 권선구 세류동,경상사고,0,0,1,0,차대차 - 측면충돌,안전운전불이행,건조,맑음,교차로 - 교차로안,승용,남,26세,상해없음,이륜,남,38세,경상
2022072500100301,2022년 7월 25일 14시,월요일,경기도 수원시 권선구 구운동,경상사고,0,0,5,0,차대차 - 추돌,안전운전불이행,건조,맑음,교차로 - 교차로부근,승합,남,57세,상해없음,승용,남,60세,경상
2022072500100337,2022년 7월 25일 15시,월요일,경기도 수원시 영통구 매탄동,경상사고,0,0,1,0,차대차 - 기타,안전운전불이행,건조,맑음,단일로 - 기타,승용,여,29세,상해없음,이륜,남,50세,경상
2022072500100370,2022년 7월 25일 16시,월요일,경기도 수원시 팔달구 우만동,경상사고,0,0,1,0,차대차 - 기타,기타,건조,맑음,교차로 - 교차로안,승합,남,65세,기타불명,승용,남,64세,경상
2022072500100377,2022년 7월 25일 16시,월요일,경기도 수원시 영통구 원천동,경상사고,0,0,2,0,차대차 - 측면충돌,안전운전불이행,건조,맑음,단일로 - 기타,승용,남,60세,상해없음,승용,남,55세,경상
2022072500100502,2022년 7월 25일 19시,월요일,경기도 수원시 장안구 이목동,경상사고,0,0,1,0,차대차 - 추돌,안전운전불이행,건조,맑음,단일로 - 기타,승용,여,53세,상해없음,승용,남,56세,경상
2022072600100063,2022년 7월 26일 07시,화요일,경기도 수원시 권선구 세류동,부상신고사고,0,0,0,1,차대차 - 기타,교차로운행방법위반,건조,맑음,교차로 - 교차로안,승용,남,28세,상해없음,자전거,남,68세,부상신고
2022072600100315,2022년 7월 26일 14시,화요일,경기도 수원시 영통구 영통동,경상사고,0,0,1,0,차대차 - 측면충돌,신호위반,건조,맑음,교차로 - 교차로안,승용,남,30세,상해없음,승용,여,57세,경상
2022072600100360,2022년 7월 26일 15시,화요일,경기도 수원시 영통구 망포동,경상사고,0,0,1,0,차대사람 - 횡단중,보행자보호의무위반,건조,맑음,교차로 - 교차로횡단보도내,승합,남,65세,상해없음,보행자,여,25세,경상
2022072600100361,2022년 7월 26일 15시,화요일,경기도 수원시 권선구 서둔동,경상사고,0,0,2,0,차대차 - 기타,교차로운행방법위반,건조,맑음,교차로 - 교차로안,승용,여,62세,상해없음,승용,남,45세,경상
2022072600100362,2022년 7월 26일 15시,화요일,경기도 수원시 팔달구 장안동,경상사고,0,0,1,0,차대차 - 추돌,안전운전불이행,건조,맑음,단일로 - 기타,화물,남,70세,상해없음,승용,남,56세,경상
2022072600100439,2022년 7월 26일 17시,화요일,경기도 수원시 영통구 원천동,경상사고,0,0,4,0,차대차 - 정면충돌,안전운전불이행,건조,맑음,단일로 - 지하차도(도로)내,승용,남,38세,상해없음,승합,남,57세,경상
2022072600100440,2022년 7월 26일 17시,화요일,경기도 수원시 영통구 망포동,경상사고,0,0,1,0,차대차 - 측면충돌,안전운전불이행,건조,맑음,교차로 - 교차로안,승용,남,32세,상해없음,이륜,남,40세,경상
2022072600100480,2022년 7월 26일 18시,화요일,경기도 수원시 팔달구 인계동,경상사고,0,0,1,0,차대사람 - 보도통행중,안전운전불이행,건조,맑음,단일로 - 기타,승용,남,48세,상해없음,보행자,남,28세,경상
2022072600100511,2022년 7월 26일 19시,화요일,경기도 수원시 팔달구 우만동,경상사고,0,0,2,0,차대차 - 기타,신호위반,건조,맑음,단일로 - 기타,승용,남,79세,상해없음,승용,여,47세,경상
2022072600100518,2022년 7월 26일 19시,화요일,경기도 수원시 팔달구 매산로3가,경상사고,0,0,1,0,차대차 - 추돌,안전운전불이행,건조,맑음,교차로 - 교차로부근,승용,남,58세,상해없음,승용,남,39세,경상
2022072600100542,2022년 7월 26일 20시,화요일,경기도 수원시 팔달구 인계동,경상사고,0,0,1,0,차대사람 - 기타,안전운전불이행,건조,맑음,교차로 - 교차로부근,승용,여,37세,상해없음,보행자,여,21세,경상
2022072600100543,2022년 7월 26일 20시,화요일,경기도 수원시 영통구 영통동,경상사고,0,0,1,0,차대차 - 추돌,안전운전불이행,건조,맑음,단일로 - 기타,승용,여,25세,상해없음,승용,여,56세,경상
2022072700100012,2022년 7월 27일 01시,수요일,경기도 수원시 권선구 권선동,부상신고사고,0,0,0,2,차대사람 - 기타,보행자보호의무위반,건조,맑음,교차로 - 교차로횡단보도내,기타불명,기타불명,미분류,기타불명,보행자,여,33세,부상신고
2022072700100069,2022년 7월 27일 08시,수요일,경기도 수원시 권선구 곡반정동,경상사고,0,0,1,0,차대차 - 측면충돌,안전운전불이행,건조,맑음,교차로 - 교차로횡단보도내,승용,남,40세,상해없음,자전거,남,38세,경상
2022072700100107,2022년 7월 27일 09시,수요일,경기도 수원시 팔달구 중동,경상사고,0,0,1,0,차대차 - 기타,안전거리미확보,건조,맑음,교차로 - 교차로안,승용,남,62세,상해없음,승용,남,63세,경상
2022072700100233,2022년 7월 27일 13시,수요일,경기도 수원시 장안구 정자동,경상사고,0,0,1,0,차대차 - 측면충돌,신호위반,건조,맑음,교차로 - 교차로안,이륜,남,23세,상해없음,승용,여,47세,경상
2022072700100234,2022년 7월 27일 13시,수요일,경기도 수원시 장안구 이목동,경상사고,0,0,1,0,차대차 - 기타,안전운전불이행,건조,맑음,단일로 - 기타,승용,여,47세,상해없음,자전거,남,37세,경상
2022072700100272,2022년 7월 27일 14시,수요일,경기도 수원시 권선구 세류동,경상사고,0,0,1,0,차대차 - 측면충돌,안전운전불이행,건조,맑음,기타 - 기타,승용,남,62세,상해없음,이륜,남,34세,경상
2022072700100299,2022년 7월 27일 15시,수요일,경기도 수원시 장안구 연무동,경상사고,0,0,3,1,차대차 - 추돌,안전운전불이행,건조,흐림,교차로 - 교차로안,승용,남,33세,상해없음,승합,남,57세,상해없음
2022072700100306,2022년 7월 27일 15시,수요일,경기도 수원시 영통구 망포동,경상사고,0,0,1,0,차대차 - 측면충돌,교차로운행방법위반,건조,흐림,교차로 - 교차로안,승용,여,36세,상해없음,승용,여,52세,경상
2022072700100389,2022년 7월 27일 17시,수요일,경기도 수원시 권선구 입북동,중상사고,0,1,1,1,차대차 - 추돌,안전거리미확보,건조,맑음,단일로 - 기타,화물,남,57세,상해없음,화물,남,32세,부상신고
2022072700100422,2022년 7월 27일 18시,수요일,경기도 수원시 장안구 조원동,경상사고,0,0,1,0,차대차 - 기타,안전운전불이행,건조,맑음,교차로 - 교차로안,승용,남,54세,상해없음,이륜,남,32세,경상
2022072700100504,2022년 7월 27일 20시,수요일,경기도 수원시 영통구 이의동,경상사고,0,0,2,0,차대차 - 측면충돌,교차로운행방법위반,건조,맑음,교차로 - 교차로안,승용,여,39세,경상,승용,여,29세,경상
2022072700100526,2022년 7월 27일 21시,수요일,경기도 수원시 장안구 정자동,경상사고,0,0,1,0,차대차 - 후진중충돌,안전운전불이행,건조,맑음,단일로 - 기타,승용,여,50세,상해없음,승용,여,50세,경상
2022072800100035,2022년 7월 28일 04시,목요일,경기도 수원시 권선구 세류동,경상사고,0,0,1,0,차대차 - 측면충돌,신호위반,건조,흐림,단일로 - 기타,기타불명,기타불명,미분류,기타불명,화물,남,62세,상해없음
2022072800100053,2022년 7월 28일 06시,목요일,경기도 수원시 권선구 서둔동,중상사고,0,1,0,0,차대사람 - 기타,안전운전불이행,건조,맑음,기타 - 기타,승합,남,64세,상해없음,보행자,여,83세,중상
2022072800100070,2022년 7월 28일 07시,목요일,경기도 수원시 팔달구 매산로1가,경상사고,0,0,1,0,차대차 - 기타,안전운전불이행,건조,맑음,교차로 - 교차로안,승용,남,74세,상해없음,승합,남,47세,경상
2022072800100099,2022년 7월 28일 08시,목요일,경기도 수원시 권선구 고색동,경상사고,0,0,1,0,차대차 - 측면충돌,신호위반,건조,맑음,교차로 - 교차로안,승용,남,47세,상해없음,승용,남,29세,경상
2022072800100134,2022년 7월 28일 09시,목요일,경기도 수원시 영통구 매탄동,경상사고,0,0,2,0,차대차 - 정면충돌,중앙선침범,건조,맑음,교차로 - 교차로안,승용,남,58세,상해없음,승용,남,47세,경상
2022072800100156,2022년 7월 28일 10시,목요일,경기도 수원시 장안구 영화동,경상사고,0,0,1,0,차대차 - 측면충돌,신호위반,건조,맑음,교차로 - 교차로안,승용,여,53세,상해없음,승용,남,49세,경상
2022072800100223,2022년 7월 28일 12시,목요일,경기도 수원시 팔달구 우만동,부상신고사고,0,0,0,1,차대차 - 기타,안전거리미확보,건조,맑음,단일로 - 기타,원동기,여,51세,부상신고,화물,남,47세,상해없음
2022072800100227,2022년 7월 28일 12시,목요일,경기도 수원시 권선구 고색동,경상사고,0,0,1,0,차대차 - 측면충돌,안전운전불이행,건조,맑음,단일로 - 기타,자전거,남,58세,경상,승용,여,24세,상해없음
2022072800100262,2022년 7월 28일 13시,목요일,경기도 수원시 권선구 호매실동,경상사고,0,0,1,0,차대차 - 기타,안전운전불이행,건조,맑음,교차로 - 교차로부근,승용,여,62세,상해없음,이륜,남,46세,경상
2022072800100374,2022년 7월 28일 16시,목요일,경기도 수원시 영통구 이의동,중상사고,0,1,1,0,차대차 - 측면충돌,안전운전불이행,건조,맑음,교차로 - 교차로안,승용,여,30세,상해없음,승용,여,50세,경상
2022072800100541,2022년 7월 28일 20시,목요일,경기도 수원시 팔달구 화서동,중상사고,0,1,0,0,차대사람 - 기타,안전운전불이행,건조,맑음,단일로 - 기타,승용,남,20세,상해없음,보행자,여,51세,중상
2022072800100543,2022년 7월 28일 20시,목요일,경기도 수원시 팔달구 인계동,경상사고,0,0,1,0,차대사람 - 차도통행중,안전운전불이행,건조,맑음,기타 - 기타,이륜,남,18세,상해없음,보행자,남,49세,경상
2022072800100594,2022년 7월 28일 22시,목요일,경기도 수원시 영통구 하동,부상신고사고,0,0,0,1,차대사람 - 횡단중,안전운전불이행,건조,맑음,교차로 - 교차로안,승용,여,55세,상해없음,보행자,여,25세,부상신고
2022072800100616,2022년 7월 28일 23시,목요일,경기도 수원시 권선구 금곡동,경상사고,0,0,6,0,차대차 - 정면충돌,신호위반,건조,맑음,교차로 - 교차로안,승용,여,45세,경상,승용,남,34세,경상
2022072900100008,2022년 7월 29일 00시,금요일,경기도 수원시 영통구 이의동,경상사고,0,0,2,0,차대차 - 측면충돌,신호위반,건조,맑음,교차로 - 교차로안,승용,남,41세,상해없음,승용,남,41세,경상
2022072900100009,2022년 7월 29일 00시,금요일,경기도 수원시 팔달구 인계동,중상사고,0,3,1,0,차대차 - 측면충돌,신호위반,건조,맑음,교차로 - 교차로안,승용,여,41세,상해없음,승용,여,48세,중상
2022072900100156,2022년 7월 29일 10시,금요일,경기도 수원시 영통구 영통동,경상사고,0,0,2,0,차대차 - 측면충돌,안전거리미확보,건조,맑음,교차로 - 교차로부근,화물,남,37세,상해없음,승용,남,48세,경상
2022072900100231,2022년 7월 29일 12시,금요일,경기도 수원시 장안구 영화동,경상사고,0,0,1,0,차대차 - 추돌,안전운전불이행,건조,맑음,교차로 - 교차로부근,이륜,남,52세,상해없음,승용,남,46세,경상
2022072900100236,2022년 7월 29일 12시,금요일,경기도 수원시 영통구 하동,경상사고,0,0,3,0,차대차 - 추돌,안전운전불이행,건조,맑음,단일로 - 기타,이륜,남,26세,상해없음,승용,여,34세,경상
2022072900100240,2022년 7월 29일 12시,금요일,경기도 수원시 권선구 금곡동,경상사고,0,0,1,0,차대차 - 기타,안전거리미확보,건조,맑음,교차로 - 교차로안,승용,여,62세,상해없음,승용,여,30세,경상
2022072900100315,2022년 7월 29일 14시,금요일,경기도 수원시 팔달구 매교동,경상사고,0,0,2,0,차대차 - 측면충돌,안전거리미확보,건조,맑음,교차로 - 교차로부근,승용,남,53세,상해없음,승용,남,23세,경상
2022072900100350,2022년 7월 29일 15시,금요일,경기도 수원시 팔달구 인계동,중상사고,0,1,0,0,차대차 - 측면충돌,교차로운행방법위반,건조,맑음,교차로 - 교차로안,승용,남,29세,기타불명,이륜,남,42세,중상
2022072900100470,2022년 7월 29일 18시,금요일,경기도 수원시 권선구 고색동,경상사고,0,0,1,0,차대사람 - 기타,안전운전불이행,건조,맑음,단일로 - 기타,승용,남,42세,상해없음,보행자,남,66세,경상
2022072900100510,2022년 7월 29일 19시,금요일,경기도 수원시 팔달구 화서동,경상사고,0,0,2,0,차대차 - 기타,신호위반,건조,맑음,교차로 - 교차로안,승용,남,42세,상해없음,승합,남,47세,상해없음
2022072900100549,2022년 7월 29일 20시,금요일,경기도 수원시 영통구 원천동,경상사고,0,0,1,0,차대차 - 추돌,안전거리미확보,건조,맑음,교차로 - 교차로부근,승용,남,58세,상해없음,이륜,남,44세,경상
2022072900100550,2022년 7월 29일 20시,금요일,경기도 수원시 권선구 곡반정동,경상사고,0,0,3,0,차대차 - 추돌,안전운전불이행,건조,맑음,기타 - 기타,승용,남,44세,경상,이륜,남,22세,경상
2022072900100580,2022년 7월 29일 21시,금요일,경기도 수원시 권선구 세류동,경상사고,0,0,1,0,차대사람 - 기타,안전운전불이행,건조,맑음,교차로 - 교차로부근,승용,남,28세,상해없음,보행자,남,65세,경상
2022072900100609,2022년 7월 29일 22시,금요일,경기도 수원시 팔달구 인계동,경상사고,0,0,1,0,차대사람 - 기타,안전운전불이행,젖음/습기,비,단일로 - 기타,승용,남,80세,상해없음,보행자,여,23세,경상
2022073000100004,2022년 7월 30일 00시,토요일,경기도 수원시 권선구 권선동,경상사고,0,0,2,0,차대차 - 기타,안전운전불이행,건조,맑음,단일로 - 기타,이륜,남,47세,상해없음,승용,남,54세,경상