사고번호,사고일시,요일,시군구,사고내용,사망자수,중상자수,경상자수,부상신고자수,사고유형,법규위반,노면상태,기상상태,도로형태,가해운전자 차종,가해운전자 성별,가해운전자 연령,가해운전자 상해정도,피해운전자 차종,피해운전자 성별,피해운전자 연령,피해운전자 상해정도
2022073000100022,2022년 7월 30일 01시,토요일,경기도 수원시 팔달구 인계동,사망사고,1,0,0,0,차대사람 - 횡단중,기타,건조,맑음,교차로 - 교차로횡단보도내,승용,남,47세,상해없음,보행자,남,62세,사망
2022073000100241,2022년 7월 30일 13시,토요일,경기도 수원시 팔달구 우만동,경상사고,0,0,1,0,차대차 - 기타,안전거리미확보,건조,맑음,단일로 - 기타,화물,남,61세,상해없음,승용,여,68세,경상
2022073000100287,2022년 7월 30일 14시,토요일,경기도 수원시 팔달구 우만동,경상사고,0,0,1,0,차대차 - 기타,안전운전불이행,건조,맑음,교차로 - 교차로안,승용,남,62세,상해없음,이륜,남,26세,경상
2022073000100357,2022년 7월 30일 16시,토요일,경기도 수원시 팔달구 인계동,경상사고,0,0,1,0,차대차 - 추돌,안전거리미확보,건조,맑음,교차로 - 교차로안,이륜,남,26세,경상,승용,남,57세,상해없음
2022073000100450,2022년 7월 30일 19시,토요일,경기도 수원시 영통구 영통동,경상사고,0,0,1,0,차대차 - 측면충돌,안전운전불이행,건조,맑음,교차로 - 교차로횡단보도내,승용,남,53세,상해없음,자전거,남,26세,경상
2022073000100538,2022년 7월 30일 22시,토요일,경기도 수원시 팔달구 화서동,경상사고,0,0,1,0,차대차 - 추돌,안전운전불이행,건조,맑음,교차로 - 교차로부근,승용,남,29세,상해없음,이륜,남,41세,경상
2022073100100035,2022년 7월 31일 02시,일요일,경기도 수원시 권선구 권선동,경상사고,0,0,1,0,차대차 - 측면충돌,안전운전불이행,건조,맑음,교차로 - 교차로부근,승용,남,46세,상해없음,승용,남,53세,경상
2022073100100036,2022년 7월 31일 02시,일요일,경기도 수원시 팔달구 매산로1가,경상사고,0,0,1,0,차대차 - 기타,안전거리미확보,건조,맑음,단일로 - 기타,승용,남,57세,상해없음,승용,남,62세,상해없음
2022073100100087,2022년 7월 31일 10시,일요일,경기도 수원시 장안구 천천동,부상신고사고,0,0,0,1,차대차 - 추돌,신호위반,젖음/습기,비,교차로 - 교차로안,이륜,남,46세,부상신고,승합,남,61세,상해없음
2022073100100110,2022년 7월 31일 11시,일요일,경기도 수원시 영통구 원천동,경상사고,0,0,3,0,차대차 - 측면충돌,신호위반,젖음/습기,흐림,교차로 - 교차로부근,승합,남,48세,상해없음,승용,남,56세,경상
2022073100100142,2022년 7월 31일 12시,일요일,경기도 수원시 영통구 영통동,경상사고,0,0,1,0,차대차 - 측면충돌,교차로운행방법위반,젖음/습기,비,교차로 - 교차로안,승합,남,48세,상해없음,승용,남,45세,경상
2022073100100204,2022년 7월 31일 14시,일요일,경기도 수원시 권선구 고색동,중상사고,0,1,1,0,차대차 - 기타,기타,젖음/습기,비,단일로 - 기타,특수,남,30세,상해없음,승용,남,55세,중상
2022073100100299,2022년 7월 31일 17시,일요일,경기도 수원시 권선구 세류동,중상사고,0,1,0,0,차대차 - 기타,중앙선침범,젖음/습기,비,교차로 - 교차로부근,승용,여,44세,상해없음,이륜,남,69세,중상
2022073100100404,2022년 7월 31일 21시,일요일,경기도 수원시 장안구 정자동,경상사고,0,0,1,0,차대사람 - 횡단중,보행자보호의무위반,젖음/습기,비,교차로 - 교차로안,승합,남,54세,상해없음,보행자,남,14세,경상
2022073100100455,2022년 7월 31일 23시,일요일,경기도 수원시 권선구 구운동,경상사고,0,0,4,0,차대차 - 추돌,안전운전불이행,젖음/습기,비,교차로 - 교차로부근,승용,남,53세,상해없음,승용,남,28세,경상
2022080100100003,2022년 8월 1일 00시,월요일,경기도 수원시 권선구 세류동,사망사고,1,0,0,0,차대사람 - 차도통행중,안전운전불이행,젖음/습기,비,단일로 - 기타,승용,남,32세,상해없음,보행자,여,72세,사망
2022080100100004,2022년 8월 1일 00시,월요일,경기도 수원시 권선구 금곡동,경상사고,0,0,1,0,차대차 - 측면충돌,안전거리미확보,건조,맑음,교차로 - 교차로부근,승용,여,29세,상해없음,승용,남,25세,경상
2022080100100035,2022년 8월 1일 05시,월요일,경기도 수원시 권선구 권선동,중상사고,0,2,0,0,차대차 - 추돌,안전거리미확보,젖음/습기,비,단일로 - 지하차도(도로)내,승용,여,58세,중상,승용,여,67세,중상
2022080100100057,2022년 8월 1일 07시,월요일,경기도 수원시 권선구 고색동,경상사고,0,0,1,0,차대차 - 기타,신호위반,젖음/습기,비,교차로 - 교차로안,승용,여,49세,상해없음,승용,남,60세,경상
2022080100100058,2022년 8월 1일 07시,월요일,경기도 수원시 권선구 구운동,경상사고,0,0,6,0,차대차 - 기타,신호위반,젖음/습기,비,교차로 - 교차로안,화물,남,41세,상해없음,승합,남,63세,경상
2022080100100151,2022년 8월 1일 11시,월요일,경기도 수원시 권선구 세류동,경상사고,0,0,1,0,차대차 - 측면충돌,안전운전불이행,건조,맑음,단일로 - 기타,화물,남,34세,상해없음,승용,남,70세,경상
2022080100100152,2022년 8월 1일 11시,월요일,경기도 수원시 권선구 오목천동,경상사고,0,0,3,0,차대차 - 추돌,안전운전불이행,건조,맑음,교차로 - 교차로부근,승용,남,59세,상해없음,승용,남,35세,경상
2022080100100218,2022년 8월 1일 13시,월요일,경기도 수원시 장안구 율전동,경상사고,0,0,1,0,차대차 - 기타,교차로운행방법위반,건조,맑음,교차로 - 교차로안,승용,여,24세,상해없음,이륜,남,48세,경상
2022080100100289,2022년 8월 1일 15시,월요일,경기도 수원시 영통구 원천동,부상신고사고,0,0,0,1,차대차 - 기타,안전운전불이행,건조,맑음,교차로 - 교차로부근,승용,남,53세,상해없음,이륜,남,18세,부상신고
2022080100100305,2022년 8월 1일 16시,월요일,경기도 수원시 영통구 망포동,중상사고,0,1,0,0,차대차 - 기타,안전운전불이행,건조,맑음,단일로 - 기타,승용,여,72세,상해없음,승합,기타불명,미분류,기타불명
2022080100100339,2022년 8월 1일 17시,월요일,경기도 수원시 영통구 하동,경상사고,0,0,1,0,차대차 - 측면충돌,안전운전불이행,건조,맑음,교차로 - 교차로부근,승용,남,64세,상해없음,이륜,남,47세,상해없음
2022080100100441,2022년 8월 1일 20시,월요일,경기도 수원시 영통구 영통동,중상사고,0,1,0,0,차대차 - 기타,신호위반,건조,흐림,교차로 - 교차로부근,승용,남,71세,상해없음,자전거,여,8세,중상
2022080100100512,2022년 8월 1일 23시,월요일,경기도 수원시 장안구 송죽동,경상사고,0,0,1,0,차대사람 - 기타,보행자보호의무위반,젖음/습기,비,교차로 - 교차로횡단보도내,승용,남,36세,상해없음,보행자,남,18세,경상
2022080200100362,2022년 8월 2일 17시,화요일,경기도 수원시 팔달구 신풍동,경상사고,0,0,2,0,차대차 - 정면충돌,안전운전불이행,건조,맑음,교차로 - 교차로안,승용,남,18세,상해없음,승용,남,64세,경상
2022080200100369,2022년 8월 2일 17시,화요일,경기도 수원시 팔달구 인계동,중상사고,0,1,1,0,차대차 - 측면충돌,안전운전불이행,젖음/습기,비,단일로 - 기타,승용,남,48세,기타불명,승용,남,61세,경상
2022080200100414,2022년 8월 2일 18시,화요일,경기도 수원시 팔달구 인계동,경상사고,0,0,1,0,차대차 - 추돌,안전운전불이행,건조,맑음,기타 - 기타,승용,남,57세,상해없음,승용,여,31세,경상
2022080200100416,2022년 8월 2일 18시,화요일,경기도 수원시 권선구 탑동,경상사고,0,0,2,0,차대차 - 측면충돌,교차로운행방법위반,젖음/습기,비,교차로 - 교차로안,승합,남,33세,상해없음,승용,여,74세,경상
2022080200100448,2022년 8월 2일 19시,화요일,경기도 수원시 영통구 망포동,부상신고사고,0,0,0,1,차대차 - 기타,신호위반,젖음/습기,비,교차로 - 교차로안,이륜,남,25세,부상신고,승용,남,66세,상해없음
2022080200100515,2022년 8월 2일 22시,화요일,경기도 수원시 팔달구 인계동,경상사고,0,0,1,0,차대차 - 측면충돌,교차로운행방법위반,건조,맑음,교차로 - 교차로안,승용,남,41세,상해없음,승용,남,25세,경상
2022080200100530,2022년 8월 2일 23시,화요일,경기도 수원시 팔달구 우만동,경상사고,0,0,1,0,차대사람 - 기타,안전운전불이행,젖음/습기,비,기타 - 기타,승용,남,63세,상해없음,보행자,남,56세,경상
2022080300100042,2022년 8월 3일 03시,수요일,경기도 수원시 영통구 망포동,경상사고,0,0,1,0,차대차 - 기타,신호위반,젖음/습기,비,교차로 - 교차로안,승용,남,38세,상해없음,화물,남,54세,경상
2022080300100204,2022년 8월 3일 12시,수요일,경기도 수원시 팔달구 우만동,경상사고,0,0,1,0,차대차 - 기타,신호위반,건조,맑음,교차로 - 교차로안,승용,남,67세,상해없음,이륜,남,19세,경상
2022080300100209,2022년 8월 3일 12시,수요일,경기도 수원시 권선구 서둔동,경상사고,0,0,1,0,차대사람 - 기타,안전운전불이행,건조,맑음,단일로 - 기타,승용,여,53세,상해없음,보행자,남,38세,경상
2022080300100272,2022년 8월 3일 14시,수요일,경기도 수원시 장안구 천천동,경상사고,0,0,1,0,차대차 - 기타,안전운전불이행,건조,맑음,단일로 - 기타,승용,남,28세,상해없음,이륜,남,25세,경상
2022080300100337,2022년 8월 3일 16시,수요일,경기도 수원시 영통구 매탄동,중상사고,0,1,0,0,차대사람 - 차도통행중,안전운전불이행,건조,맑음,교차로 - 교차로안,승용,남,41세,상해없음,보행자,여,71세,중상
2022080300100365,2022년 8월 3일 17시,수요일,경기도 수원시 팔달구 우만동,경상사고,0,0,2,0,차대차 - 기타,안전거리미확보,건조,맑음,교차로 - 교차로안,승용,남,33세,상해없음,승합,남,46세,상해없음
2022080300100406,2022년 8월 3일 18시,수요일,경기도 수원시 권선구 평동,경상사고,0,0,4,0,차대차 - 측면충돌,신호위반,건조,맑음,교차로 - 교차로안,승용,남,39세,상해없음,승용,여,46세,경상
2022080300100442,2022년 8월 3일 19시,수요일,경기도 수원시 장안구 영화동,경상사고,0,0,1,0,차대차 - 기타,안전운전불이행,건조,맑음,단일로 - 기타,개인형이동수단(PM),남,47세,경상,승용,남,25세,상해없음
2022080400100129,2022년 8월 4일 10시,목요일,경기도 수원시 장안구 영화동,경상사고,0,0,1,0,차대차 - 기타,안전운전불이행,건조,맑음,단일로 - 기타,자전거,남,71세,경상,승용,여,63세,상해없음
2022080400100196,2022년 8월 4일 12시,목요일,경기도 수원시 장안구 율전동,경상사고,0,0,5,0,차대차 - 추돌,안전거리미확보,건조,맑음,교차로 - 교차로부근,승합,남,46세,상해없음,승합,남,62세,상해없음
2022080400100228,2022년 8월 4일 13시,목요일,경기도 수원시 팔달구 인계동,중상사고,0,1,0,0,차대사람 - 횡단중,안전운전불이행,건조,맑음,교차로 - 교차로부근,승합,남,64세,상해없음,보행자,남,86세,중상
2022080400100229,2022년 8월 4일 13시,목요일,경기도 수원시 영통구 이의동,경상사고,0,0,1,0,차대차 - 측면충돌,신호위반,건조,맑음,교차로 - 교차로부근,승용,여,35세,상해없음,승용,남,62세,경상
2022080400100232,2022년 8월 4일 13시,목요일,경기도 수원시 권선구 세류동,중상사고,0,1,0,0,차대차 - 측면충돌,교차로운행방법위반,건조,맑음,교차로 - 교차로안,개인형이동수단(PM),여,36세,중상,승용,남,42세,상해없음
2022080400100233,2022년 8월 4일 13시,목요일,경기도 수원시 권선구 금곡동,중상사고,0,1,0,0,차량단독 - 기타,안전운전불이행,건조,맑음,단일로 - 기타,승합,남,59세,상해없음,,,,
2022080400100307,2022년 8월 4일 15시,목요일,경기도 수원시 장안구 정자동,경상사고,0,0,1,0,차량단독 - 기타,안전운전불이행,건조,맑음,단일로 - 기타,승합,남,54세,상해없음,,,,
2022080400100378,2022년 8월 4일 17시,목요일,경기도 수원시 영통구 이의동,경상사고,0,0,1,0,차대사람 - 기타,안전운전불이행,건조,맑음,기타 - 기타,승용,여,34세,상해없음,보행자,남,45세,경상
2022080400100381,2022년 8월 4일 17시,목요일,경기도 수원시 팔달구 매산로2가,경상사고,0,0,2,0,차대차 - 측면충돌,안전거리미확보,건조,맑음,교차로 - 교차로부근,승합,남,57세,상해없음,승용,여,60세,경상
2022080400100506,2022년 8월 4일 21시,목요일,경기도 수원시 영통구 하동,경상사고,0,0,2,0,차대차 - 측면충돌,안전거리미확보,건조,맑음,단일로 - 기타,승용,남,41세,상해없음,승용,남,33세,경상
2022080500100005,2022년 8월 5일 00시,금요일,경기도 수원시 영통구 이의동,중상사고,0,1,0,0,차대차 - 측면충돌,신호위반,건조,맑음,교차로 - 교차로안,승용,남,32세,상해없음,승용,남,59세,중상
2022080500100006,2022년 8월 5일 00시,금요일,경기도 수원시 영통구 영통동,경상사고,0,0,1,0,차대차 - 기타,안전운전불이행,건조,맑음,단일로 - 기타,승용,남,30세,상해없음,승용,남,40세,경상
2022080500100060,2022년 8월 5일 07시,금요일,경기도 수원시 영통구 영통동,중상사고,0,1,0,0,차대사람 - 차도통행중,안전운전불이행,건조,맑음,교차로 - 교차로부근,승용,남,57세,상해없음,보행자,여,21세,중상
2022080500100142,2022년 8월 5일 10시,금요일,경기도 수원시 팔달구 화서동,경상사고,0,0,2,0,차대차 - 기타,신호위반,건조,맑음,교차로 - 교차로안,승용,남,52세,상해없음,승용,여,71세,경상
2022080500100179,2022년 8월 5일 11시,금요일,경기도 수원시 영통구 원천동,경상사고,0,0,1,0,차대차 - 측면충돌,신호위반,건조,맑음,단일로 - 기타,승용,여,69세,상해없음,승용,남,54세,경상
2022080500100212,2022년 8월 5일 12시,금요일,경기도 수원시 권선구 권선동,중상사고,0,1,0,0,차대차 - 측면충돌,신호위반,건조,맑음,교차로 - 교차로횡단보도내,이륜,남,30세,상해없음,자전거,남,73세,중상
2022080500100317,2022년 8월 5일 15시,금요일,경기도 수원시 팔달구 북수동,경상사고,0,0,2,1,차대차 - 기타,안전거리미확보,건조,맑음,단일로 - 기타,승용,남,80세,부상신고,승용,남,20세,경상
2022080500100318,2022년 8월 5일 15시,금요일,경기도 수원시 장안구 연무동,경상사고,0,0,1,0,차대사람 - 기타,안전운전불이행,건조,맑음,교차로 - 교차로안,이륜,남,17세,상해없음,보행자,여,66세,경상
2022080500100360,2022년 8월 5일 16시,금요일,경기도 수원시 장안구 조원동,경상사고,0,0,1,0,차대사람 - 길가장자리구역통행중,안전운전불이행,건조,맑음,단일로 - 기타,승용,여,65세,상해없음,보행자,남,63세,경상
2022080500100369,2022년 8월 5일 16시,금요일,경기도 수원시 권선구 세류동,경상사고,0,0,1,0,차대차 - 측면충돌,안전운전불이행,건조,맑음,교차로 - 교차로안,승용,남,65세,상해없음,승용,여,65세,경상
2022080500100405,2022년 8월 5일 17시,금요일,경기도 수원시 영통구 원천동,경상사고,0,0,2,0,차대차 - 추돌,안전운전불이행,건조,맑음,교차로 - 교차로부근,이륜,남,16세,상해없음,승용,여,31세,경상
2022080500100406,2022년 8월 5일 17시,금요일,경기도 수원시 영통구 영통동,경상사고,0,0,1,0,차대차 - 측면충돌,교차로운행방법위반,건조,맑음,교차로 - 교차로안,승용,남,45세,상해없음,승합,남,56세,경상
2022080500100407,2022년 8월 5일 17시,금요일,경기도 수원시 영통구 원천동,경상사고,0,0,1,0,차대차 - 측면충돌,안전거리미확보,건조,맑음,단일로 - 기타,승용,남,18세,상해없음,이륜,남,33세,경상
2022080500100454,2022년 8월 5일 18시,금요일,경기도 수원시 장안구 파장동,경상사고,0,0,1,0,차대사람 - 차도통행중,신호위반,건조,맑음,교차로 - 교차로부근,이륜,남,47세,상해없음,보행자,여,27세,경상
2022080500100457,2022년 8월 5일 18시,금요일,경기도 수원시 권선구 권선동,경상사고,0,0,1,0,차대차 - 측면충돌,신호위반,건조,맑음,교차로 - 교차로안,승용,남,60세,상해없음,이륜,남,32세,경상
2022080500100490,2022년 8월 5일 19시,금요일,경기도 수원시 장안구 조원동,경상사고,0,0,1,0,차대차 - 기타,안전운전불이행,건조,맑음,기타 - 기타,승용,남,51세,상해없음,자전거,남,51세,경상
2022080500100493,2022년 8월 5일 19시,금요일,경기도 수원시 영통구 매탄동,경상사고,0,0,1,0,차대차 - 정면충돌,신호위반,건조,맑음,교차로 - 교차로횡단보도내,승용,남,62세,상해없음,자전거,여,25세,경상
2022080600100026,2022년 8월 6일 03시,토요일,경기도 수원시 팔달구 우만동,경상사고,0,0,3,0,차대차 - 추돌,안전운전불이행,건조,맑음,교차로 - 교차로안,승용,남,20세,상해없음,승용,남,19세,경상
2022080600100284,2022년 8월 6일 15시,토요일,경기도 수원시 장안구 파장동,경상사고,0,0,1,0,차대사람 - 기타,안전운전불이행,젖음/습기,흐림,기타 - 기타,승용,여,62세,상해없음,보행자,남,30세,경상
2022080600100285,2022년 8월 6일 15시,토요일,경기도 수원시 팔달구 장안동,경상사고,0,0,1,0,차대사람 - 기타,신호위반,건조,맑음,교차로 - 교차로안,이륜,남,61세,상해없음,보행자,여,22세,경상
2022080600100319,2022년 8월 6일 16시,토요일,경기도 수원시 권선구 탑동,경상사고,0,0,1,1,차대차 - 측면충돌,안전운전불이행,건조,맑음,교차로 - 교차로안,승용,여,63세,부상신고,화물,남,51세,경상
2022080600100347,2022년 8월 6일 17시,토요일,경기도 수원시 장안구 조원동,중상사고,0,1,0,0,차대사람 - 횡단중,안전운전불이행,건조,맑음,단일로 - 기타,승용,남,46세,상해없음,보행자,여,75세,중상
2022080600100463,2022년 8월 6일 22시,토요일,경기도 수원시 장안구 영화동,경상사고,0,0,1,0,차대차 - 추돌,안전운전불이행,건조,맑음,단일로 - 기타,승용,남,29세,상해없음,승합,여,59세,경상
2022080600100464,2022년 8월 6일 22시,토요일,경기도 수원시 팔달구 우만동,경상사고,0,0,1,0,차대차 - 측면충돌,안전운전불이행,건조,맑음,단일로 - 기타,승용,여,35세,상해없음,승용,남,42세,경상
2022080600100489,2022년 8월 6일 23시,토요일,경기도 수원시 권선구 탑동,경상사고,0,0,1,0,차대차 - 기타,직진우회전진행방해,건조,맑음,교차로 - 교차로안,승용,여,51세,상해없음,승용,남,24세,경상
2022080700100028,2022년 8월 7일 04시,일요일,경기도 수원시 팔달구 인계동,경상사고,0,0,1,0,차대사람 - 기타,안전운전불이행,건조,맑음,단일로 - 기타,승용,남,25세,상해없음,보행자,남,23세,경상
2022080700100066,2022년 8월 7일 09시,일요일,경기도 수원시 권선구 탑동,경상사고,0,0,1,0,차대차 - 기타,안전거리미확보,건조,맑음,교차로 - 교차로안,승용,여,49세,상해없음,승용,남,49세,상해없음
2022080700100120,2022년 8월 7일 12시,일요일,경기도 수원시 팔달구 화서동,중상사고,0,1,2,0,차대차 - 기타,직진우회전진행방해,건조,맑음,교차로 - 교차로안,승용,남,20세,경상,이륜,남,32세,중상
2022080700100151,2022년 8월 7일 13시,일요일,경기도 수원시 영통구 영통동,경상사고,0,0,1,0,차대사람 - 보도통행중,기타,건조,맑음,단일로 - 지하차도(도로)내,개인형이동수단(PM),여,19세,상해없음,보행자,여,31세,경상
2022080700100225,2022년 8월 7일 16시,일요일,경기도 수원시 팔달구 고등동,경상사고,0,0,1,0,차대차 - 측면충돌,안전운전불이행,건조,맑음,단일로 - 기타,승용,남,70세,상해없음,자전거,남,49세,경상
2022080700100272,2022년 8월 7일 18시,일요일,경기도 수원시 장안구 정자동,경상사고,0,0,1,0,차대차 - 측면충돌,신호위반,건조,맑음,교차로 - 교차로안,자전거,남,79세,경상,화물,남,79세,상해없음
2022080700100352,2022년 8월 7일 21시,일요일,경기도 수원시 팔달구 인계동,경상사고,0,0,1,0,차대사람 - 기타,보행자보호의무위반,건조,맑음,단일로 - 기타,승용,남,26세,상해없음,보행자,남,19세,경상
2022080800100005,2022년 8월 8일 00시,월요일,경기도 수원시 권선구 고색동,부상신고사고,0,0,0,1,차량단독 - 기타,안전운전불이행,건조,맑음,단일로 - 기타,개인형이동수단(PM),남,24세,부상신고,,,,
2022080800100012,2022년 8월 8일 01시,월요일,경기도 수원시 권선구 세류동,경상사고,0,0,1,0,차대차 - 측면충돌,안전운전불이행,건조,맑음,단일로 - 기타,승용,여,44세,상해없음,승용,남,44세,경상
2022080800100181,2022년 8월 8일 12시,월요일,경기도 수원시 장안구 파장동,경상사고,0,0,2,0,차대차 - 측면충돌,중앙선침범,젖음/습기,비,단일로 - 기타,승용,남,80세,상해없음,승용,남,58세,경상
2022080800100183,2022년 8월 8일 12시,월요일,경기도 수원시 영통구 이의동,경상사고,0,0,1,0,차대차 - 측면충돌,안전운전불이행,젖음/습기,비,교차로 - 교차로안,승합,남,56세,상해없음,승용,여,43세,경상
2022080800100185,2022년 8월 8일 12시,월요일,경기도 수원시 팔달구 교동,경상사고,0,0,1,0,차대사람 - 보도통행중,신호위반,젖음/습기,비,교차로 - 교차로횡단보도내,승용,여,68세,상해없음,보행자,여,67세,경상
2022080800100218,2022년 8월 8일 13시,월요일,경기도 수원시 영통구 망포동,경상사고,0,0,1,0,차대차 - 후진중충돌,안전운전불이행,젖음/습기,비,단일로 - 지하차도(도로)내,화물,남,53세,상해없음,이륜,남,18세,경상
2022080800100242,2022년 8월 8일 14시,월요일,경기도 수원시 영통구 영통동,중상사고,0,1,0,0,차대차 - 측면충돌,교차로운행방법위반,젖음/습기,비,교차로 - 교차로안,승용,남,42세,상해없음,이륜,남,37세,중상
2022080800100243,2022년 8월 8일 14시,월요일,경기도 수원시 영통구 이의동,중상사고,0,2,0,0,차대차 - 측면충돌,안전운전불이행,젖음/습기,비,단일로 - 터널,화물,남,63세,상해없음,승용,여,48세,중상
2022080800100405,2022년 8월 8일 18시,월요일,경기도 수원시 영통구 영통동,경상사고,0,0,1,0,차대차 - 측면충돌,안전거리미확보,젖음/습기,비,단일로 - 기타,승용,남,32세,상해없음,승용,여,52세,경상
2022080800100505,2022년 8월 8일 21시,월요일,경기도 수원시 영통구 매탄동,경상사고,0,0,2,0,차대차 - 측면충돌,직진우회전진행방해,젖음/습기,비,교차로 - 교차로안,이륜,남,29세,경상,이륜,남,30세,경상
2022080900100024,2022년 8월 9일 04시,화요일,경기도 수원시 영통구 이의동,경상사고,0,0,2,0,차대차 - 측면충돌,안전거리미확보,젖음/습기,비,단일로 - 기타,승용,남,62세,상해없음,승용,남,35세,경상
2022080900100070,2022년 8월 9일 08시,화요일,경기도 수원시 장안구 영화동,경상사고,0,0,2,0,차대차 - 추돌,직진우회전진행방해,젖음/습기,비,교차로 - 교차로부근,승용,남,54세,상해없음,승용,남,31세,경상
2022080900100073,2022년 8월 9일 08시,화요일,경기도 수원시 권선구 세류동,경상사고,0,0,2,0,차대차 - 기타,안전운전불이행,젖음/습기,비,단일로 - 기타,화물,남,62세,상해없음,승용,남,31세,경상
2022080900100100,2022년 8월 9일 09시,화요일,경기도 수원시 장안구 율전동,경상사고,0,0,1,0,차대차 - 기타,안전운전불이행,건조,맑음,단일로 - 고가도로위,승용,남,28세,상해없음,승용,여,58세,경상
2022080900100129,2022년 8월 9일 10시,화요일,경기도 수원시 영통구 원천동,경상사고,0,0,3,0,차대차 - 측면충돌,안전운전불이행,젖음/습기,비,단일로 - 기타,이륜,남,55세,경상,승용,여,55세,경상
2022080900100130,2022년 8월 9일 10시,화요일,경기도 수원시 장안구 천천동,경상사고,0,0,1,0,차대차 - 추돌,안전운전불이행,젖음/습기,비,단일로 - 기타,승용,남,72세,상해없음,승용,남,53세,경상
2022080900100265,2022년 8월 9일 15시,화요일,경기도 수원시 장안구 영화동,경상사고,0,0,1,0,차대사람 - 기타,안전운전불이행,젖음/습기,비,교차로 - 교차로횡단보도내,승용,여,69세,상해없음,보행자,남,13세,경상
2022080900100330,2022년 8월 9일 17시,화요일,경기도 수원시 팔달구 매산로2가,경상사고,0,0,1,0,차대사람 - 횡단중,안전운전불이행,건조,맑음,교차로 - 교차로부근,이륜,남,50세,상해없음,보행자,여,33세,경상
2022080900100368,2022년 8월 9일 18시,화요일,경기도 수원시 권선구 대황교동,경상사고,0,0,1,0,차대차 - 추돌,안전운전불이행,젖음/습기,비,단일로 - 지하차도(도로)내,승용,여,55세,상해없음,승용,남,62세,경상
2022080900100410,2022년 8월 9일 19시,화요일,경기도 수원시 팔달구 인계동,경상사고,0,0,3,0,차대차 - 정면충돌,안전운전불이행,젖음/습기,비,단일로 - 기타,승용,여,37세,경상,이륜,남,39세,경상
2022080900100444,2022년 8월 9일 20시,화요일,경기도 수원시 팔달구 화서동,중상사고,0,1,0,0,차대사람 - 횡단중,보행자보호의무위반,젖음/습기,비,교차로 - 교차로횡단보도내,이륜,남,25세,상해없음,보행자,여,62세,중상
2022081000100006,2022년 8월 10일 00시,수요일,경기도 수원시 영통구 영통동,경상사고,0,0,1,0,차대차 - 측면충돌,안전운전불이행,젖음/습기,비,교차로 - 교차로안,승용,남,41세,상해없음,이륜,남,17세,경상
2022081000100045,2022년 8월 10일 06시,수요일,경기도 수원시 장안구 이목동,경상사고,0,0,3,0,차대차 - 기타,안전거리미확보,건조,맑음,단일로 - 기타,건설기계,남,53세,상해없음,승용,남,38세,경상
2022081000100079,2022년 8월 10일 08시,수요일,경기도 수원시 장안구 정자동,경상사고,0,0,1,0,차대사람 - 횡단중,안전운전불이행,건조,흐림,기타 - 기타,승용,여,50세,상해없음,보행자,남,5세,경상
2022081000100236,2022년 8월 10일 14시,수요일,경기도 수원시 팔달구 화서동,경상사고,0,0,1,0,차대사람 - 횡단중,신호위반,건조,맑음,교차로 - 교차로횡단보도내,화물,남,42세,상해없음,보행자,남,7세,경상
2022081000100238,2022년 8월 10일 14시,수요일,경기도 수원시 권선구 구운동,중상사고,0,1,0,0,차대차 - 측면충돌,신호위반,건조,맑음,교차로 - 교차로안,승용,남,26세,상해없음,이륜,남,26세,중상
2022081000100264,2022년 8월 10일 15시,수요일,경기도 수원시 팔달구 지동,경상사고,0,0,1,0,차대사람 - 차도통행중,보행자보호의무위반,젖음/습기,비,단일로 - 기타,승용,남,76세,상해없음,보행자,남,53세,경상
2022081000100270,2022년 8월 10일 15시,수요일,경기도 수원시 영통구 영통동,경상사고,0,0,1,0,차대차 - 추돌,안전운전불이행,건조,맑음,기타 - 기타,승용,여,59세,상해없음,승용,여,55세,경상
2022081000100272,2022년 8월 10일 15시,수요일,경기도 수원시 권선구 구운동,중상사고,0,1,0,0,차대사람 - 보도통행중,신호위반,젖음/습기,비,교차로 - 교차로부근,승용,남,34세,상해없음,보행자,남,71세,중상
2022081000100376,2022년 8월 10일 18시,수요일,경기도 수원시 장안구 조원동,경상사고,0,0,1,0,차대차 - 기타,안전운전불이행,건조,맑음,단일로 - 기타,승용,남,52세,상해없음,승용,여,27세,경상
2022081000100419,2022년 8월 10일 19시,수요일,경기도 수원시 장안구 정자동,부상신고사고,0,0,0,1,차대차 - 기타,안전운전불이행,젖음/습기,비,교차로 - 교차로안,자전거,여,17세,부상신고,승용,남,48세,상해없음
2022081000100517,2022년 8월 10일 22시,수요일,경기도 수원시 영통구 영통동,경상사고,0,0,1,0,차대차 - 측면충돌,안전운전불이행,건조,맑음,기타 - 기타,승용,남,34세,상해없음,승용,남,55세,경상
2022081000100518,2022년 8월 10일 22시,수요일,경기도 수원시 영통구 망포동,경상사고,0,0,3,0,차대차 - 측면충돌,안전거리미확보,젖음/습기,비,교차로 - 교차로안,승용,남,42세,경상,승용,남,26세,경상
2022081000100520,2022년 8월 10일 22시,수요일,경기도 수원시 권선구 구운동,경상사고,0,0,2,0,차대차 - 측면충돌,신호위반,젖음/습기,비,교차로 - 교차로안,승용,남,31세,상해없음,승용,남,46세,경상
2022081100100042,2022년 8월 11일 05시,목요일,경기도 수원시 팔달구 인계동,경상사고,0,0,1,0,차대차 - 측면충돌,안전운전불이행,젖음/습기,비,교차로 - 교차로부근,승용,남,25세,상해없음,승용,남,59세,경상