사고번호,사고일시,요일,시군구,사고내용,사망자수,중상자수,경상자수,부상신고자수,사고유형,법규위반,노면상태,기상상태,도로형태,가해운전자 차종,가해운전자 성별,가해운전자 연령,가해운전자 상해정도,피해운전자 차종,피해운전자 성별,피해운전자 연령,피해운전자 상해정도
2022082900100270,2022년 8월 29일 13시,월요일,경기도 수원시 장안구 조원동,부상신고사고,0,0,0,1,차대사람 - 기타,안전운전불이행,건조,맑음,단일로 - 기타,승용,여,32세,상해없음,보행자,남,53세,부상신고
2022082900100278,2022년 8월 29일 13시,월요일,경기도 수원시 권선구 고색동,경상사고,0,0,1,0,차대차 - 기타,안전운전불이행,건조,맑음,단일로 - 기타,화물,남,53세,상해없음,승용,남,23세,경상
2022082900100416,2022년 8월 29일 17시,월요일,경기도 수원시 권선구 탑동,경상사고,0,0,1,0,차대사람 - 기타,안전운전불이행,건조,맑음,교차로 - 교차로안,건설기계,남,57세,상해없음,보행자,남,79세,경상
2022082900100456,2022년 8월 29일 18시,월요일,경기도 수원시 팔달구 화서동,경상사고,0,0,1,0,차대사람 - 기타,중앙선침범,건조,맑음,교차로 - 교차로횡단보도내,승용,여,40세,기타불명,보행자,남,39세,경상
2022082900100468,2022년 8월 29일 18시,월요일,경기도 수원시 권선구 고색동,경상사고,0,0,1,0,차대차 - 추돌,안전운전불이행,건조,맑음,교차로 - 교차로부근,승용,남,49세,상해없음,승용,남,35세,경상
2022082900100536,2022년 8월 29일 20시,월요일,경기도 수원시 영통구 망포동,경상사고,0,0,2,0,차대차 - 측면충돌,신호위반,건조,맑음,기타 - 기타,승용,여,61세,상해없음,승용,여,31세,경상
2022082900100583,2022년 8월 29일 22시,월요일,경기도 수원시 영통구 원천동,경상사고,0,0,1,0,차대차 - 기타,안전거리미확보,건조,맑음,단일로 - 기타,승용,남,33세,상해없음,승용,여,27세,상해없음
2022083000100038,2022년 8월 30일 04시,화요일,경기도 수원시 권선구 권선동,경상사고,0,0,1,0,차대차 - 측면충돌,신호위반,젖음/습기,비,기타 - 기타,승용,여,50세,상해없음,승용,남,28세,경상
2022083000100047,2022년 8월 30일 05시,화요일,경기도 수원시 영통구 이의동,경상사고,0,0,2,0,차대차 - 측면충돌,안전운전불이행,젖음/습기,비,단일로 - 기타,승합,남,28세,상해없음,화물,남,64세,경상
2022083000100102,2022년 8월 30일 08시,화요일,경기도 수원시 영통구 이의동,경상사고,0,0,1,0,차대차 - 측면충돌,교차로운행방법위반,젖음/습기,비,교차로 - 교차로안,승용,남,59세,상해없음,승용,여,29세,경상
2022083000100140,2022년 8월 30일 09시,화요일,경기도 수원시 영통구 매탄동,경상사고,0,0,1,0,차대차 - 측면충돌,교차로운행방법위반,건조,맑음,교차로 - 교차로안,화물,남,54세,상해없음,이륜,남,43세,경상
2022083000100362,2022년 8월 30일 16시,화요일,경기도 수원시 권선구 호매실동,경상사고,0,0,1,0,차대차 - 기타,안전거리미확보,젖음/습기,비,교차로 - 교차로부근,승합,남,66세,상해없음,승용,남,32세,경상
2022083000100402,2022년 8월 30일 17시,화요일,경기도 수원시 권선구 권선동,경상사고,0,0,1,0,차대차 - 측면충돌,안전운전불이행,젖음/습기,비,단일로 - 기타,승용,여,42세,상해없음,이륜,남,17세,경상
2022083000100403,2022년 8월 30일 17시,화요일,경기도 수원시 권선구 세류동,경상사고,0,0,1,0,차대차 - 측면충돌,신호위반,젖음/습기,비,교차로 - 교차로안,승용,여,46세,상해없음,이륜,남,63세,경상
2022083000100483,2022년 8월 30일 19시,화요일,경기도 수원시 영통구 영통동,경상사고,0,0,2,0,차대차 - 추돌,안전운전불이행,젖음/습기,비,단일로 - 기타,승용,남,61세,상해없음,승용,남,37세,경상
2022083000100517,2022년 8월 30일 20시,화요일,경기도 수원시 팔달구 우만동,경상사고,0,0,1,0,차대차 - 추돌,안전운전불이행,건조,맑음,단일로 - 고가도로위,승용,남,40세,상해없음,승용,남,42세,경상
2022083000100518,2022년 8월 30일 20시,화요일,경기도 수원시 권선구 탑동,중상사고,0,1,0,0,차대사람 - 횡단중,보행자보호의무위반,젖음/습기,비,교차로 - 교차로횡단보도내,이륜,남,27세,상해없음,보행자,남,54세,중상
2022083000100565,2022년 8월 30일 22시,화요일,경기도 수원시 장안구 율전동,경상사고,0,0,1,0,차대차 - 측면충돌,기타,젖음/습기,흐림,단일로 - 기타,승용,남,64세,상해없음,자전거,여,23세,경상
2022083000100594,2022년 8월 30일 23시,화요일,경기도 수원시 팔달구 인계동,경상사고,0,0,1,0,차대사람 - 횡단중,보행자보호의무위반,젖음/습기,비,교차로 - 교차로횡단보도내,승용,남,59세,상해없음,보행자,남,24세,경상
2022083000100595,2022년 8월 30일 23시,화요일,경기도 수원시 권선구 곡반정동,부상신고사고,0,0,0,1,차대차 - 기타,신호위반,젖음/습기,비,교차로 - 교차로부근,이륜,남,34세,부상신고,승용,남,51세,상해없음
2022083100100053,2022년 8월 31일 05시,수요일,경기도 수원시 권선구 고색동,경상사고,0,0,1,0,차대차 - 기타,안전거리미확보,젖음/습기,비,단일로 - 기타,승용,남,62세,상해없음,승용,남,44세,경상
2022083100100209,2022년 8월 31일 12시,수요일,경기도 수원시 장안구 정자동,중상사고,0,1,0,0,차대차 - 기타,신호위반,건조,맑음,교차로 - 교차로안,승용,여,49세,상해없음,승용,여,60세,중상
2022083100100214,2022년 8월 31일 12시,수요일,경기도 수원시 팔달구 인계동,경상사고,0,0,1,0,차대차 - 측면충돌,안전운전불이행,건조,맑음,단일로 - 기타,승용,남,62세,상해없음,승용,남,40세,경상
2022083100100215,2022년 8월 31일 12시,수요일,경기도 수원시 권선구 세류동,부상신고사고,0,0,0,1,차대차 - 기타,안전운전불이행,건조,맑음,단일로 - 기타,승용,남,55세,상해없음,원동기,남,48세,부상신고
2022083100100241,2022년 8월 31일 13시,수요일,경기도 수원시 영통구 매탄동,경상사고,0,0,1,0,차대사람 - 기타,안전운전불이행,건조,맑음,단일로 - 기타,승용,남,26세,상해없음,보행자,남,21세,경상
2022083100100275,2022년 8월 31일 14시,수요일,경기도 수원시 권선구 호매실동,경상사고,0,0,1,0,차대차 - 측면충돌,안전운전불이행,건조,맑음,단일로 - 기타,승용,남,31세,상해없음,승용,남,66세,경상
2022083100100302,2022년 8월 31일 15시,수요일,경기도 수원시 장안구 율전동,경상사고,0,0,1,0,차대차 - 기타,안전운전불이행,건조,맑음,단일로 - 기타,승용,여,61세,상해없음,이륜,남,41세,경상
2022083100100309,2022년 8월 31일 15시,수요일,경기도 수원시 영통구 망포동,경상사고,0,0,1,0,차대차 - 추돌,안전운전불이행,건조,맑음,교차로 - 교차로안,이륜,남,23세,상해없음,승용,여,35세,경상
2022083100100310,2022년 8월 31일 15시,수요일,경기도 수원시 팔달구 매산로1가,중상사고,0,1,0,0,차대차 - 기타,안전운전불이행,건조,맑음,교차로 - 교차로부근,승합,남,64세,상해없음,승용,여,30세,상해없음
2022083100100333,2022년 8월 31일 16시,수요일,경기도 수원시 장안구 정자동,경상사고,0,0,1,0,차대차 - 기타,신호위반,건조,맑음,교차로 - 교차로안,원동기,남,53세,경상,승용,여,26세,상해없음
2022083100100372,2022년 8월 31일 17시,수요일,경기도 수원시 팔달구 인계동,경상사고,0,0,1,0,차대차 - 측면충돌,안전거리미확보,건조,맑음,단일로 - 기타,승용,남,26세,상해없음,이륜,남,71세,경상
2022083100100413,2022년 8월 31일 18시,수요일,경기도 수원시 영통구 이의동,경상사고,0,0,1,0,차대차 - 측면충돌,안전거리미확보,건조,맑음,단일로 - 기타,승용,남,47세,상해없음,승용,남,27세,경상
2022083100100414,2022년 8월 31일 18시,수요일,경기도 수원시 권선구 탑동,경상사고,0,0,1,0,차대사람 - 횡단중,안전운전불이행,건조,맑음,교차로 - 교차로안,승용,남,35세,상해없음,보행자,여,71세,경상
2022083100100415,2022년 8월 31일 18시,수요일,경기도 수원시 권선구 서둔동,경상사고,0,0,1,1,차대차 - 추돌,안전운전불이행,건조,맑음,단일로 - 기타,이륜,남,31세,부상신고,이륜,남,55세,경상
2022083100100449,2022년 8월 31일 19시,수요일,경기도 수원시 장안구 정자동,경상사고,0,0,1,0,차대사람 - 횡단중,보행자보호의무위반,건조,맑음,교차로 - 교차로횡단보도내,승용,남,64세,상해없음,보행자,남,47세,경상
2022083100100509,2022년 8월 31일 21시,수요일,경기도 수원시 팔달구 우만동,중상사고,0,1,0,0,차대사람 - 기타,안전운전불이행,건조,맑음,교차로 - 교차로부근,승합,남,49세,상해없음,보행자,여,60세,중상
2022083100100533,2022년 8월 31일 22시,수요일,경기도 수원시 팔달구 매산로1가,경상사고,0,0,1,0,차량단독 - 기타,안전운전불이행,건조,맑음,단일로 - 기타,승합,기타불명,미분류,기타불명,,,,
2022083100100548,2022년 8월 31일 23시,수요일,경기도 수원시 권선구 권선동,경상사고,0,0,1,0,차대사람 - 기타,안전운전불이행,건조,맑음,단일로 - 기타,승용,남,23세,상해없음,보행자,남,36세,경상
2022083100100549,2022년 8월 31일 23시,수요일,경기도 수원시 권선구 고색동,경상사고,0,0,1,0,차대차 - 정면충돌,중앙선침범,건조,맑음,교차로 - 교차로부근,승용,남,39세,상해없음,승용,여,37세,경상
2022090100100014,2022년 9월 1일 02시,목요일,경기도 수원시 팔달구 인계동,경상사고,0,0,1,0,차대사람 - 기타,안전운전불이행,건조,맑음,단일로 - 기타,승용,남,55세,상해없음,보행자,남,19세,경상
2022090100100046,2022년 9월 1일 06시,목요일,경기도 수원시 권선구 세류동,경상사고,0,0,1,0,차대차 - 측면충돌,중앙선침범,건조,맑음,단일로 - 기타,승용,여,48세,상해없음,승용,남,62세,경상
2022090100100097,2022년 9월 1일 08시,목요일,경기도 수원시 권선구 권선동,중상사고,0,1,1,0,차대차 - 측면충돌,안전운전불이행,건조,맑음,단일로 - 기타,화물,남,59세,중상,승용,여,48세,경상
2022090100100198,2022년 9월 1일 11시,목요일,경기도 수원시 영통구 영통동,경상사고,0,0,1,0,차대차 - 측면충돌,안전거리미확보,건조,맑음,단일로 - 지하차도(도로)내,승용,남,62세,상해없음,승용,여,33세,경상
2022090100100271,2022년 9월 1일 13시,목요일,경기도 수원시 장안구 조원동,경상사고,0,0,1,0,차대차 - 추돌,안전운전불이행,건조,맑음,단일로 - 기타,승용,남,66세,상해없음,승용,남,27세,경상
2022090100100309,2022년 9월 1일 14시,목요일,경기도 수원시 팔달구 우만동,부상신고사고,0,0,0,1,차대사람 - 기타,안전운전불이행,건조,맑음,단일로 - 기타,승용,남,56세,상해없음,보행자,남,56세,부상신고
2022090100100310,2022년 9월 1일 14시,목요일,경기도 수원시 장안구 영화동,부상신고사고,0,0,0,1,차대차 - 기타,안전운전불이행,건조,맑음,단일로 - 기타,승용,여,39세,상해없음,자전거,남,80세,부상신고
2022090100100349,2022년 9월 1일 15시,목요일,경기도 수원시 권선구 권선동,경상사고,0,0,1,0,차대차 - 측면충돌,교차로운행방법위반,건조,맑음,기타 - 기타,이륜,여,57세,기타불명,승용,여,72세,경상
2022090100100387,2022년 9월 1일 16시,목요일,경기도 수원시 장안구 정자동,경상사고,0,0,1,0,차대차 - 측면충돌,안전운전불이행,건조,맑음,교차로 - 교차로횡단보도내,승용,여,51세,상해없음,자전거,남,12세,경상
2022090100100528,2022년 9월 1일 19시,목요일,경기도 수원시 팔달구 인계동,경상사고,0,0,1,0,차대차 - 측면충돌,안전운전불이행,건조,맑음,단일로 - 기타,승용,여,37세,경상,승용,여,31세,상해없음
2022090100100601,2022년 9월 1일 21시,목요일,경기도 수원시 권선구 호매실동,경상사고,0,0,1,0,차대차 - 기타,교차로운행방법위반,건조,맑음,교차로 - 교차로부근,원동기,남,40세,상해없음,원동기,남,27세,경상
2022090200100010,2022년 9월 2일 00시,금요일,경기도 수원시 권선구 탑동,부상신고사고,0,0,0,1,차대차 - 기타,안전거리미확보,건조,맑음,단일로 - 기타,이륜,남,54세,부상신고,승용,여,57세,상해없음
2022090200100038,2022년 9월 2일 04시,금요일,경기도 수원시 영통구 매탄동,경상사고,0,0,1,0,차대차 - 추돌,안전운전불이행,건조,맑음,기타 - 기타,승용,남,28세,상해없음,승용,남,28세,경상
2022090200100077,2022년 9월 2일 07시,금요일,경기도 수원시 영통구 원천동,경상사고,0,0,1,0,차대사람 - 기타,안전운전불이행,건조,맑음,기타 - 기타,승용,여,28세,상해없음,보행자,남,52세,경상
2022090200100105,2022년 9월 2일 08시,금요일,경기도 수원시 장안구 율전동,경상사고,0,0,1,0,차대차 - 추돌,안전운전불이행,건조,맑음,교차로 - 교차로안,승용,남,52세,상해없음,승용,여,42세,경상
2022090200100120,2022년 9월 2일 08시,금요일,경기도 수원시 권선구 당수동,경상사고,0,0,1,0,차대차 - 기타,안전운전불이행,건조,맑음,단일로 - 기타,승용,여,39세,상해없음,자전거,남,37세,경상
2022090200100159,2022년 9월 2일 09시,금요일,경기도 수원시 권선구 세류동,경상사고,0,0,1,0,차대차 - 측면충돌,안전운전불이행,건조,맑음,단일로 - 기타,화물,남,74세,상해없음,승용,남,29세,경상
2022090200100161,2022년 9월 2일 09시,금요일,경기도 수원시 팔달구 고등동,경상사고,0,0,1,0,차대사람 - 기타,안전운전불이행,건조,맑음,기타 - 기타,화물,남,51세,상해없음,보행자,여,52세,경상
2022090200100227,2022년 9월 2일 11시,금요일,경기도 수원시 장안구 천천동,경상사고,0,0,1,0,차대차 - 기타,신호위반,건조,맑음,교차로 - 교차로안,승용,여,54세,상해없음,이륜,남,35세,경상
2022090200100338,2022년 9월 2일 14시,금요일,경기도 수원시 팔달구 우만동,경상사고,0,0,1,0,차대차 - 추돌,안전운전불이행,건조,맑음,단일로 - 기타,승용,남,38세,상해없음,승용,남,50세,경상
2022090200100435,2022년 9월 2일 16시,금요일,경기도 수원시 권선구 권선동,경상사고,0,0,1,0,차대차 - 측면충돌,안전거리미확보,건조,맑음,단일로 - 기타,승용,남,55세,상해없음,승용,여,49세,경상
2022090200100436,2022년 9월 2일 16시,금요일,경기도 수원시 영통구 망포동,경상사고,0,0,2,0,차대차 - 추돌,안전거리미확보,건조,맑음,단일로 - 기타,화물,남,49세,상해없음,승용,여,36세,경상
2022090200100439,2022년 9월 2일 16시,금요일,경기도 수원시 팔달구 매산로3가,경상사고,0,0,2,0,차대차 - 측면충돌,안전운전불이행,건조,맑음,단일로 - 기타,승용,남,20세,상해없음,승용,남,58세,경상
2022090200100544,2022년 9월 2일 18시,금요일,경기도 수원시 팔달구 고등동,경상사고,0,0,1,0,차대차 - 기타,안전운전불이행,건조,맑음,교차로 - 교차로안,승용,여,55세,상해없음,승용,남,56세,상해없음
2022090200100598,2022년 9월 2일 19시,금요일,경기도 수원시 영통구 매탄동,경상사고,0,0,1,0,차대차 - 측면충돌,차로위반,건조,맑음,단일로 - 기타,승합,남,54세,상해없음,승용,여,55세,경상
2022090200100671,2022년 9월 2일 21시,금요일,경기도 수원시 영통구 영통동,경상사고,0,0,1,0,차대차 - 측면충돌,신호위반,건조,맑음,단일로 - 기타,승합,남,54세,상해없음,자전거,남,11세,경상
2022090200100696,2022년 9월 2일 22시,금요일,경기도 수원시 권선구 서둔동,경상사고,0,0,1,0,차대사람 - 기타,안전운전불이행,건조,맑음,교차로 - 교차로안,승용,남,53세,상해없음,보행자,여,24세,경상
2022090200100721,2022년 9월 2일 23시,금요일,경기도 수원시 팔달구 인계동,경상사고,0,0,1,0,차대차 - 측면충돌,안전운전불이행,건조,맑음,교차로 - 교차로안,승용,남,73세,상해없음,승용,남,30세,경상
2022090300100023,2022년 9월 3일 01시,토요일,경기도 수원시 팔달구 인계동,경상사고,0,0,1,0,차대차 - 추돌,안전운전불이행,건조,맑음,교차로 - 교차로부근,승용,남,28세,상해없음,승용,여,22세,경상
2022090300100072,2022년 9월 3일 05시,토요일,경기도 수원시 권선구 금곡동,경상사고,0,0,1,0,차대차 - 기타,중앙선침범,건조,맑음,기타 - 기타,승용,남,71세,상해없음,화물,남,54세,경상
2022090300100134,2022년 9월 3일 09시,토요일,경기도 수원시 장안구 조원동,경상사고,0,0,1,0,차대차 - 측면충돌,안전운전불이행,건조,맑음,단일로 - 기타,개인형이동수단(PM),남,72세,경상,승용,여,62세,상해없음
2022090300100173,2022년 9월 3일 10시,토요일,경기도 수원시 권선구 세류동,중상사고,0,1,2,0,차대차 - 측면충돌,신호위반,건조,맑음,단일로 - 기타,승용,남,32세,상해없음,승용,남,65세,경상
2022090300100204,2022년 9월 3일 11시,토요일,경기도 수원시 팔달구 우만동,경상사고,0,0,1,0,차대차 - 정면충돌,교차로운행방법위반,건조,맑음,교차로 - 교차로안,승용,남,48세,상해없음,자전거,남,29세,경상
2022090300100205,2022년 9월 3일 11시,토요일,경기도 수원시 팔달구 장안동,경상사고,0,0,1,0,차대사람 - 기타,안전운전불이행,건조,맑음,단일로 - 기타,화물,여,27세,상해없음,보행자,남,65세,경상
2022090300100292,2022년 9월 3일 13시,토요일,경기도 수원시 권선구 세류동,경상사고,0,0,1,0,차대차 - 측면충돌,교차로운행방법위반,건조,맑음,교차로 - 교차로부근,승용,남,39세,상해없음,자전거,남,24세,경상
2022090300100293,2022년 9월 3일 13시,토요일,경기도 수원시 권선구 곡반정동,경상사고,0,0,1,0,차대차 - 기타,안전운전불이행,건조,맑음,교차로 - 교차로안,승용,여,47세,상해없음,자전거,남,56세,경상
2022090300100296,2022년 9월 3일 13시,토요일,경기도 수원시 권선구 세류동,경상사고,0,0,1,0,차대사람 - 횡단중,보행자보호의무위반,건조,맑음,교차로 - 교차로횡단보도내,승용,남,49세,상해없음,보행자,남,11세,경상
2022090300100336,2022년 9월 3일 14시,토요일,경기도 수원시 장안구 율전동,경상사고,0,0,1,0,차대사람 - 기타,안전운전불이행,건조,맑음,단일로 - 기타,승합,남,52세,상해없음,보행자,남,57세,경상
2022090300100374,2022년 9월 3일 15시,토요일,경기도 수원시 장안구 송죽동,경상사고,0,0,2,0,차대차 - 기타,안전거리미확보,건조,맑음,단일로 - 기타,승용,남,51세,상해없음,승용,여,22세,경상
2022090300100437,2022년 9월 3일 17시,토요일,경기도 수원시 팔달구 우만동,경상사고,0,0,1,0,차대차 - 기타,직진우회전진행방해,건조,흐림,교차로 - 교차로안,자전거,남,8세,경상,화물,남,62세,상해없음
2022090300100443,2022년 9월 3일 17시,토요일,경기도 수원시 팔달구 인계동,중상사고,0,1,3,0,차대차 - 측면충돌,안전운전불이행,건조,맑음,단일로 - 기타,승용,남,23세,경상,이륜,남,44세,중상
2022090300100444,2022년 9월 3일 17시,토요일,경기도 수원시 영통구 매탄동,경상사고,0,0,1,0,차대차 - 측면충돌,신호위반,건조,맑음,교차로 - 교차로안,이륜,여,24세,경상,승용,남,43세,기타불명
2022090300100445,2022년 9월 3일 17시,토요일,경기도 수원시 권선구 세류동,경상사고,0,0,2,0,차대차 - 측면충돌,차로위반,건조,맑음,단일로 - 교량,승용,여,32세,상해없음,승용,남,54세,경상
2022090300100447,2022년 9월 3일 17시,토요일,경기도 수원시 권선구 세류동,경상사고,0,0,1,0,차대차 - 기타,직진우회전진행방해,건조,맑음,교차로 - 교차로부근,승용,여,57세,상해없음,자전거,남,65세,경상
2022090300100512,2022년 9월 3일 19시,토요일,경기도 수원시 장안구 정자동,경상사고,0,0,1,0,차대사람 - 기타,기타,건조,맑음,단일로 - 기타,승용,남,62세,상해없음,보행자,여,53세,경상
2022090300100516,2022년 9월 3일 19시,토요일,경기도 수원시 권선구 세류동,중상사고,0,1,0,0,차대차 - 측면충돌,직진우회전진행방해,건조,맑음,교차로 - 교차로안,승용,남,34세,상해없음,자전거,남,72세,중상
2022090400100060,2022년 9월 4일 06시,일요일,경기도 수원시 영통구 영통동,경상사고,0,0,1,1,차대차 - 측면충돌,신호위반,건조,맑음,교차로 - 교차로안,승용,남,76세,부상신고,승용,남,28세,경상
2022090400100087,2022년 9월 4일 09시,일요일,경기도 수원시 팔달구 교동,경상사고,0,0,1,0,차대차 - 기타,안전운전불이행,건조,맑음,단일로 - 기타,승용,남,28세,상해없음,이륜,남,50세,경상
2022090400100160,2022년 9월 4일 12시,일요일,경기도 수원시 팔달구 고등동,경상사고,0,0,1,0,차대사람 - 기타,안전운전불이행,젖음/습기,비,단일로 - 기타,승용,여,33세,상해없음,보행자,남,31세,경상
2022090400100187,2022년 9월 4일 13시,일요일,경기도 수원시 권선구 세류동,중상사고,0,1,0,0,차대차 - 측면충돌,신호위반,젖음/습기,비,교차로 - 교차로부근,승용,남,40세,상해없음,이륜,남,36세,중상
2022090400100188,2022년 9월 4일 13시,일요일,경기도 수원시 권선구 세류동,중상사고,0,1,0,0,차대차 - 기타,신호위반,건조,맑음,교차로 - 교차로안,승용,남,28세,상해없음,이륜,남,33세,중상
2022090400100220,2022년 9월 4일 14시,일요일,경기도 수원시 권선구 권선동,경상사고,0,0,2,0,차대차 - 기타,안전운전불이행,젖음/습기,비,교차로 - 교차로부근,개인형이동수단(PM),여,19세,경상,이륜,남,41세,경상
2022090400100249,2022년 9월 4일 15시,일요일,경기도 수원시 팔달구 북수동,중상사고,0,1,0,0,차대차 - 기타,안전운전불이행,건조,맑음,단일로 - 기타,승용,남,74세,상해없음,이륜,여,57세,중상
2022090400100250,2022년 9월 4일 15시,일요일,경기도 수원시 장안구 조원동,경상사고,0,0,3,0,차대차 - 기타,기타,젖음/습기,맑음,교차로 - 교차로안,승용,남,47세,경상,승용,여,61세,경상
2022090400100289,2022년 9월 4일 16시,일요일,경기도 수원시 권선구 세류동,중상사고,0,1,0,0,차대사람 - 차도통행중,안전운전불이행,건조,맑음,교차로 - 교차로안,화물,남,58세,상해없음,보행자,남,51세,중상
2022090400100291,2022년 9월 4일 16시,일요일,경기도 수원시 권선구 구운동,경상사고,0,0,1,0,차대차 - 추돌,안전거리미확보,건조,맑음,교차로 - 교차로부근,승용,남,41세,상해없음,승용,남,29세,경상
2022090400100373,2022년 9월 4일 19시,일요일,경기도 수원시 장안구 송죽동,경상사고,0,0,1,0,차대차 - 기타,신호위반,젖음/습기,비,교차로 - 교차로안,승용,남,24세,상해없음,승용,남,36세,경상
2022090400100403,2022년 9월 4일 20시,일요일,경기도 수원시 장안구 조원동,경상사고,0,0,2,0,차대차 - 측면충돌,직진우회전진행방해,젖음/습기,맑음,교차로 - 교차로안,승용,여,59세,기타불명,승용,남,32세,경상
2022090400100406,2022년 9월 4일 20시,일요일,경기도 수원시 팔달구 인계동,경상사고,0,0,1,0,차대차 - 측면충돌,교차로운행방법위반,젖음/습기,비,교차로 - 교차로안,화물,남,55세,상해없음,승용,남,53세,경상
2022090400100433,2022년 9월 4일 21시,일요일,경기도 수원시 팔달구 우만동,경상사고,0,0,2,0,차대차 - 기타,안전운전불이행,젖음/습기,비,교차로 - 교차로부근,승용,여,49세,상해없음,승용,여,24세,경상
2022090400100466,2022년 9월 4일 22시,일요일,경기도 수원시 팔달구 인계동,중상사고,0,1,0,0,차대사람 - 횡단중,신호위반,젖음/습기,비,교차로 - 교차로횡단보도내,승용,남,49세,상해없음,보행자,여,64세,중상
2022090400100478,2022년 9월 4일 23시,일요일,경기도 수원시 팔달구 중동,경상사고,0,0,1,0,차대차 - 추돌,안전운전불이행,젖음/습기,비,교차로 - 교차로안,승용,남,49세,기타불명,이륜,남,51세,경상
2022090400100479,2022년 9월 4일 23시,일요일,경기도 수원시 팔달구 매산로2가,중상사고,0,1,0,0,차대사람 - 기타,기타,젖음/습기,비,교차로 - 교차로안,승용,남,27세,상해없음,보행자,남,57세,중상
2022090400100480,2022년 9월 4일 23시,일요일,경기도 수원시 권선구 구운동,경상사고,0,0,1,0,차대차 - 기타,안전운전불이행,젖음/습기,비,교차로 - 교차로부근,화물,남,47세,상해없음,승용,남,55세,상해없음
2022090500100004,2022년 9월 5일 00시,월요일,경기도 수원시 팔달구 매산로1가,경상사고,0,0,1,0,차대차 - 기타,안전운전불이행,젖음/습기,비,교차로 - 교차로부근,승용,남,44세,상해없음,승용,남,46세,경상
2022090500100046,2022년 9월 5일 06시,월요일,경기도 수원시 장안구 이목동,경상사고,0,0,1,0,차대차 - 추돌,안전운전불이행,젖음/습기,비,교차로 - 교차로안,화물,남,47세,상해없음,승용,남,46세,경상
2022090500100060,2022년 9월 5일 07시,월요일,경기도 수원시 장안구 송죽동,경상사고,0,0,1,0,차대사람 - 보도통행중,기타,젖음/습기,비,기타 - 기타,승용,남,59세,상해없음,보행자,남,32세,경상
2022090500100065,2022년 9월 5일 07시,월요일,경기도 수원시 영통구 이의동,경상사고,0,0,1,0,차대차 - 측면충돌,안전거리미확보,건조,맑음,단일로 - 기타,승합,남,66세,상해없음,승용,남,33세,경상
2022090500100099,2022년 9월 5일 08시,월요일,경기도 수원시 권선구 호매실동,경상사고,0,0,1,0,차대차 - 정면충돌,안전운전불이행,젖음/습기,비,교차로 - 교차로안,승용,여,40세,기타불명,승용,남,31세,경상
2022090500100144,2022년 9월 5일 09시,월요일,경기도 수원시 영통구 영통동,경상사고,0,0,2,0,차대차 - 기타,안전운전불이행,건조,맑음,단일로 - 기타,화물,여,56세,상해없음,화물,남,62세,경상
2022090500100169,2022년 9월 5일 10시,월요일,경기도 수원시 장안구 율전동,경상사고,0,0,3,0,차대차 - 기타,신호위반,젖음/습기,비,교차로 - 교차로안,승용,여,26세,상해없음,승용,남,58세,경상
2022090500100175,2022년 9월 5일 10시,월요일,경기도 수원시 팔달구 매교동,경상사고,0,0,1,0,차대차 - 기타,안전거리미확보,젖음/습기,비,교차로 - 교차로부근,승용,남,59세,상해없음,승용,여,31세,경상
2022090500100234,2022년 9월 5일 12시,월요일,경기도 수원시 권선구 권선동,경상사고,0,0,1,0,차대차 - 추돌,안전운전불이행,젖음/습기,비,기타 - 기타,화물,남,55세,상해없음,승용,남,46세,경상
2022090500100339,2022년 9월 5일 16시,월요일,경기도 수원시 장안구 천천동,경상사고,0,0,1,0,차대사람 - 기타,보행자보호의무위반,젖음/습기,비,교차로 - 교차로안,승용,여,67세,상해없음,보행자,여,54세,경상
2022090500100422,2022년 9월 5일 18시,월요일,경기도 수원시 장안구 정자동,경상사고,0,0,1,0,차대차 - 기타,신호위반,젖음/습기,비,기타 - 기타,승합,남,61세,상해없음,승용,여,54세,경상
2022090500100543,2022년 9월 5일 20시,월요일,경기도 수원시 팔달구 인계동,중상사고,0,1,1,0,차대차 - 기타,안전운전불이행,젖음/습기,비,교차로 - 교차로부근,승용,남,53세,상해없음,승용,남,25세,경상
2022090500100544,2022년 9월 5일 20시,월요일,경기도 수원시 팔달구 매산로1가,경상사고,0,0,1,0,차대차 - 기타,안전거리미확보,젖음/습기,비,단일로 - 기타,승합,남,63세,상해없음,승용,여,43세,경상
2022090500100545,2022년 9월 5일 20시,월요일,경기도 수원시 권선구 고색동,경상사고,0,0,1,1,차대차 - 기타,교차로운행방법위반,젖음/습기,비,교차로 - 교차로안,승용,남,50세,경상,승용,남,26세,부상신고
2022090500100588,2022년 9월 5일 21시,월요일,경기도 수원시 장안구 정자동,경상사고,0,0,1,0,차대사람 - 기타,안전운전불이행,젖음/습기,비,교차로 - 교차로횡단보도내,승용,남,62세,상해없음,보행자,남,62세,경상
2022090500100597,2022년 9월 5일 21시,월요일,경기도 수원시 팔달구 인계동,경상사고,0,0,1,0,차대사람 - 횡단중,신호위반,젖음/습기,비,교차로 - 교차로횡단보도내,승용,여,54세,상해없음,보행자,여,67세,경상
2022090600100003,2022년 9월 6일 00시,화요일,경기도 수원시 장안구 조원동,중상사고,0,1,2,0,차대차 - 추돌,안전운전불이행,젖음/습기,비,단일로 - 기타,승용,남,38세,상해없음,승용,남,52세,경상