사고번호,사고일시,요일,시군구,사고내용,사망자수,중상자수,경상자수,부상신고자수,사고유형,법규위반,노면상태,기상상태,도로형태,가해운전자 차종,가해운전자 성별,가해운전자 연령,가해운전자 상해정도,피해운전자 차종,피해운전자 성별,피해운전자 연령,피해운전자 상해정도
2022090600100068,2022년 9월 6일 07시,화요일,경기도 수원시 팔달구 매교동,경상사고,0,0,1,0,차대사람 - 기타,안전운전불이행,젖음/습기,흐림,교차로 - 교차로안,승용,남,59세,기타불명,보행자,여,26세,경상
2022090600100088,2022년 9월 6일 08시,화요일,경기도 수원시 영통구 매탄동,경상사고,0,0,1,0,차대차 - 측면충돌,안전거리미확보,건조,맑음,교차로 - 교차로안,승용,여,59세,상해없음,승용,여,47세,경상
2022090600100130,2022년 9월 6일 10시,화요일,경기도 수원시 영통구 원천동,경상사고,0,0,1,0,차대차 - 추돌,교차로운행방법위반,건조,맑음,교차로 - 교차로안,승합,남,69세,상해없음,승용,남,61세,경상
2022090600100132,2022년 9월 6일 10시,화요일,경기도 수원시 권선구 당수동,경상사고,0,0,1,0,차대차 - 기타,안전운전불이행,건조,맑음,단일로 - 기타,승합,남,66세,상해없음,승용,남,60세,경상
2022090600100151,2022년 9월 6일 11시,화요일,경기도 수원시 영통구 영통동,경상사고,0,0,1,0,차대차 - 측면충돌,안전운전불이행,건조,맑음,단일로 - 기타,승용,남,74세,상해없음,이륜,남,64세,경상
2022090600100251,2022년 9월 6일 14시,화요일,경기도 수원시 영통구 원천동,경상사고,0,0,1,0,차대차 - 측면충돌,교차로운행방법위반,건조,맑음,교차로 - 교차로안,승합,남,61세,상해없음,승용,여,62세,경상
2022090600100294,2022년 9월 6일 15시,화요일,경기도 수원시 영통구 영통동,경상사고,0,0,3,0,차대차 - 측면충돌,신호위반,건조,맑음,교차로 - 교차로안,승합,남,58세,상해없음,승용,남,21세,경상
2022090600100372,2022년 9월 6일 17시,화요일,경기도 수원시 팔달구 우만동,중상사고,0,1,2,0,차대차 - 기타,안전거리미확보,건조,맑음,교차로 - 교차로안,승용,여,62세,경상,승용,여,38세,경상
2022090600100478,2022년 9월 6일 19시,화요일,경기도 수원시 장안구 조원동,경상사고,0,0,1,1,차대차 - 후진중충돌,안전운전불이행,건조,맑음,교차로 - 교차로안,승용,남,60세,기타불명,승용,여,59세,경상
2022090600100484,2022년 9월 6일 19시,화요일,경기도 수원시 권선구 호매실동,경상사고,0,0,1,0,차대차 - 측면충돌,안전운전불이행,건조,맑음,교차로 - 교차로횡단보도내,승용,남,61세,상해없음,자전거,남,28세,경상
2022090600100485,2022년 9월 6일 19시,화요일,경기도 수원시 권선구 금곡동,중상사고,0,1,0,1,차대차 - 측면충돌,안전운전불이행,건조,맑음,교차로 - 교차로안,화물,남,59세,부상신고,이륜,남,25세,중상
2022090600100513,2022년 9월 6일 20시,화요일,경기도 수원시 장안구 연무동,경상사고,0,0,1,0,차대차 - 기타,안전운전불이행,건조,맑음,단일로 - 기타,승용,여,62세,상해없음,승용,남,47세,경상
2022090600100596,2022년 9월 6일 23시,화요일,경기도 수원시 권선구 평동,경상사고,0,0,3,0,차대차 - 기타,교차로운행방법위반,건조,맑음,교차로 - 교차로안,승용,여,53세,경상,승용,남,51세,경상
2022090700100222,2022년 9월 7일 10시,수요일,경기도 수원시 팔달구 신풍동,경상사고,0,0,1,0,차량단독 - 기타,안전운전불이행,건조,맑음,단일로 - 기타,승합,남,59세,상해없음,,,,
2022090700100298,2022년 9월 7일 12시,수요일,경기도 수원시 권선구 탑동,경상사고,0,0,1,0,차대차 - 기타,안전운전불이행,건조,맑음,교차로 - 교차로부근,승합,남,60세,상해없음,자전거,여,61세,경상
2022090700100330,2022년 9월 7일 13시,수요일,경기도 수원시 장안구 조원동,경상사고,0,0,1,1,차대차 - 기타,교차로운행방법위반,건조,맑음,교차로 - 교차로안,화물,남,53세,상해없음,화물,남,54세,부상신고
2022090700100401,2022년 9월 7일 15시,수요일,경기도 수원시 팔달구 지동,경상사고,0,0,1,0,차대사람 - 보도통행중,보행자보호의무위반,건조,맑음,교차로 - 교차로안,특수,남,58세,상해없음,보행자,여,31세,경상
2022090700100497,2022년 9월 7일 17시,수요일,경기도 수원시 권선구 곡반정동,경상사고,0,0,1,0,차대사람 - 횡단중,신호위반,건조,맑음,교차로 - 교차로횡단보도내,승용,남,62세,상해없음,보행자,남,8세,경상
2022090700100498,2022년 9월 7일 17시,수요일,경기도 수원시 영통구 원천동,경상사고,0,0,1,0,차대차 - 측면충돌,안전운전불이행,건조,맑음,단일로 - 기타,승용,남,42세,상해없음,승용,여,56세,경상
2022090700100501,2022년 9월 7일 17시,수요일,경기도 수원시 권선구 세류동,경상사고,0,0,1,0,차대차 - 측면충돌,안전거리미확보,건조,맑음,교차로 - 교차로부근,승용,여,55세,상해없음,승용,남,52세,경상
2022090700100669,2022년 9월 7일 21시,수요일,경기도 수원시 팔달구 화서동,경상사고,0,0,1,0,차대차 - 추돌,안전운전불이행,건조,맑음,단일로 - 기타,승용,남,51세,상해없음,승용,남,31세,경상
2022090700100703,2022년 9월 7일 22시,수요일,경기도 수원시 권선구 세류동,중상사고,0,1,2,0,차대차 - 측면충돌,차로위반,건조,맑음,단일로 - 기타,승용,남,25세,상해없음,승용,남,40세,중상
2022090700100728,2022년 9월 7일 23시,수요일,경기도 수원시 영통구 영통동,경상사고,0,0,1,0,차대차 - 추돌,안전운전불이행,건조,맑음,단일로 - 기타,승용,남,44세,상해없음,승용,남,32세,경상
2022090700100734,2022년 9월 7일 23시,수요일,경기도 수원시 권선구 평동,경상사고,0,0,1,0,차대차 - 기타,직진우회전진행방해,건조,맑음,교차로 - 교차로안,승용,남,26세,상해없음,승용,여,52세,경상
2022090800100143,2022년 9월 8일 09시,목요일,경기도 수원시 팔달구 매교동,부상신고사고,0,0,0,1,차대차 - 기타,안전운전불이행,건조,맑음,교차로 - 교차로안,승용,여,35세,상해없음,화물,남,57세,부상신고
2022090800100181,2022년 9월 8일 10시,목요일,경기도 수원시 장안구 파장동,경상사고,0,0,1,0,차대차 - 기타,교차로운행방법위반,건조,맑음,교차로 - 교차로안,승용,남,45세,기타불명,화물,남,65세,경상
2022090800100223,2022년 9월 8일 11시,목요일,경기도 수원시 장안구 영화동,경상사고,0,0,1,0,차대차 - 기타,교차로운행방법위반,건조,맑음,교차로 - 교차로부근,승용,여,58세,상해없음,승용,여,34세,경상
2022090800100228,2022년 9월 8일 11시,목요일,경기도 수원시 영통구 이의동,경상사고,0,0,2,0,차대차 - 추돌,안전운전불이행,건조,맑음,기타 - 기타,승용,남,31세,상해없음,승용,여,40세,경상
2022090800100231,2022년 9월 8일 11시,목요일,경기도 수원시 권선구 호매실동,경상사고,0,0,1,0,차대차 - 추돌,안전운전불이행,건조,맑음,단일로 - 기타,승용,여,44세,상해없음,승용,여,39세,경상
2022090800100350,2022년 9월 8일 14시,목요일,경기도 수원시 장안구 영화동,중상사고,0,1,0,0,차대사람 - 기타,안전운전불이행,건조,맑음,기타 - 기타,승용,남,61세,상해없음,보행자,여,66세,중상
2022090800100477,2022년 9월 8일 16시,목요일,경기도 수원시 권선구 권선동,중상사고,0,1,0,0,차대차 - 측면충돌,안전거리미확보,건조,맑음,단일로 - 기타,승용,여,51세,상해없음,이륜,남,65세,중상
2022090800100545,2022년 9월 8일 17시,목요일,경기도 수원시 팔달구 우만동,경상사고,0,0,1,0,차대차 - 측면충돌,안전운전불이행,건조,맑음,교차로 - 교차로횡단보도내,자전거,남,17세,경상,승용,여,46세,상해없음
2022090800100554,2022년 9월 8일 17시,목요일,경기도 수원시 영통구 이의동,경상사고,0,0,2,0,차대차 - 측면충돌,안전거리미확보,건조,맑음,단일로 - 고가도로위,승용,남,48세,상해없음,승용,남,50세,경상
2022090800100558,2022년 9월 8일 17시,목요일,경기도 수원시 권선구 오목천동,경상사고,0,0,1,0,차대차 - 기타,안전운전불이행,건조,맑음,단일로 - 기타,승용,남,26세,상해없음,승용,여,49세,경상
2022090800100559,2022년 9월 8일 17시,목요일,경기도 수원시 권선구 호매실동,경상사고,0,0,1,0,차대차 - 기타,안전거리미확보,건조,맑음,단일로 - 기타,승용,여,60세,상해없음,승용,여,52세,경상
2022090800100623,2022년 9월 8일 18시,목요일,경기도 수원시 장안구 정자동,중상사고,0,1,0,0,차대차 - 기타,직진우회전진행방해,건조,맑음,교차로 - 교차로안,자전거,남,16세,중상,화물,남,58세,상해없음
2022090800100632,2022년 9월 8일 18시,목요일,경기도 수원시 권선구 세류동,중상사고,0,1,0,0,차대사람 - 기타,안전운전불이행,건조,맑음,교차로 - 교차로부근,승용,남,43세,상해없음,보행자,남,65세,중상
2022090800100792,2022년 9월 8일 22시,목요일,경기도 수원시 권선구 권선동,경상사고,0,0,1,0,차대차 - 추돌,안전운전불이행,건조,맑음,교차로 - 교차로부근,승용,여,32세,상해없음,승용,남,68세,경상
2022090900100162,2022년 9월 9일 11시,금요일,경기도 수원시 장안구 영화동,경상사고,0,0,4,0,차대차 - 추돌,안전거리미확보,건조,맑음,교차로 - 교차로안,승용,남,45세,기타불명,승용,남,50세,경상
2022090900100205,2022년 9월 9일 12시,금요일,경기도 수원시 팔달구 매산로1가,경상사고,0,0,1,0,차대사람 - 기타,보행자보호의무위반,건조,맑음,단일로 - 기타,승용,남,33세,상해없음,보행자,남,17세,경상
2022090900100232,2022년 9월 9일 13시,금요일,경기도 수원시 장안구 송죽동,경상사고,0,0,1,0,차대차 - 측면충돌,신호위반,건조,맑음,교차로 - 교차로안,승용,남,35세,상해없음,이륜,남,54세,경상
2022090900100276,2022년 9월 9일 14시,금요일,경기도 수원시 팔달구 우만동,경상사고,0,0,1,1,차대차 - 기타,안전운전불이행,건조,맑음,교차로 - 교차로안,승용,남,31세,상해없음,승용,여,45세,경상
2022090900100308,2022년 9월 9일 15시,금요일,경기도 수원시 팔달구 우만동,경상사고,0,0,2,0,차대차 - 기타,교차로운행방법위반,건조,맑음,교차로 - 교차로안,승용,남,41세,상해없음,승용,여,38세,경상
2022090900100314,2022년 9월 9일 15시,금요일,경기도 수원시 권선구 세류동,경상사고,0,0,1,0,차대차 - 측면충돌,신호위반,건조,맑음,단일로 - 기타,승용,남,57세,상해없음,자전거,여,30세,경상
2022090900100366,2022년 9월 9일 17시,금요일,경기도 수원시 권선구 권선동,중상사고,0,1,0,0,차대차 - 기타,직진우회전진행방해,건조,맑음,교차로 - 교차로안,승용,남,40세,상해없음,이륜,남,37세,중상
2022090900100424,2022년 9월 9일 19시,금요일,경기도 수원시 팔달구 팔달로3가,경상사고,0,0,1,0,차대차 - 측면충돌,직진우회전진행방해,건조,맑음,교차로 - 교차로안,승용,남,52세,상해없음,승용,남,43세,경상
2022090900100425,2022년 9월 9일 19시,금요일,경기도 수원시 장안구 조원동,경상사고,0,0,1,0,차대사람 - 기타,안전운전불이행,건조,맑음,단일로 - 기타,승합,남,51세,상해없음,보행자,남,66세,경상
2022090900100429,2022년 9월 9일 19시,금요일,경기도 수원시 권선구 권선동,경상사고,0,0,1,0,차대차 - 측면충돌,중앙선침범,건조,맑음,단일로 - 기타,자전거,남,22세,경상,승용,남,21세,상해없음
2022090900100456,2022년 9월 9일 20시,금요일,경기도 수원시 권선구 권선동,경상사고,0,0,2,0,차대차 - 측면충돌,안전운전불이행,건조,맑음,교차로 - 교차로안,승용,남,40세,상해없음,승용,여,48세,경상
2022090900100510,2022년 9월 9일 23시,금요일,경기도 수원시 권선구 세류동,사망사고,2,1,0,0,차대차 - 정면충돌,신호위반,건조,맑음,교차로 - 교차로안,승용,남,57세,중상,승용,남,23세,사망
2022091000100040,2022년 9월 10일 05시,토요일,경기도 수원시 권선구 곡반정동,중상사고,0,1,0,0,차대차 - 추돌,안전운전불이행,건조,맑음,단일로 - 지하차도(도로)내,승용,남,46세,상해없음,개인형이동수단(PM),남,33세,중상
2022091000100075,2022년 9월 10일 09시,토요일,경기도 수원시 장안구 파장동,경상사고,0,0,2,0,차대차 - 추돌,안전운전불이행,건조,맑음,교차로 - 교차로안,승용,남,25세,상해없음,승용,남,53세,경상
2022091000100076,2022년 9월 10일 09시,토요일,경기도 수원시 장안구 연무동,경상사고,0,0,1,0,차대차 - 추돌,안전운전불이행,건조,맑음,교차로 - 교차로안,승용,여,43세,상해없음,승용,여,46세,경상
2022091000100175,2022년 9월 10일 13시,토요일,경기도 수원시 팔달구 매산로1가,부상신고사고,0,0,0,1,차대사람 - 기타,안전운전불이행,건조,맑음,단일로 - 기타,승합,남,63세,상해없음,보행자,남,78세,부상신고
2022091000100196,2022년 9월 10일 14시,토요일,경기도 수원시 장안구 조원동,경상사고,0,0,3,0,차대차 - 후진중충돌,안전운전불이행,건조,맑음,단일로 - 기타,승용,여,51세,상해없음,승용,남,44세,경상
2022091000100253,2022년 9월 10일 16시,토요일,경기도 수원시 권선구 구운동,경상사고,0,0,1,0,차대차 - 추돌,안전운전불이행,건조,맑음,교차로 - 교차로안,승용,남,51세,상해없음,승용,여,34세,경상
2022091000100285,2022년 9월 10일 18시,토요일,경기도 수원시 장안구 이목동,경상사고,0,0,1,0,차대차 - 추돌,안전운전불이행,건조,맑음,교차로 - 교차로횡단보도내,승용,여,40세,상해없음,승용,남,39세,경상
2022091000100319,2022년 9월 10일 20시,토요일,경기도 수원시 영통구 영통동,경상사고,0,0,1,0,차대차 - 추돌,안전운전불이행,건조,맑음,단일로 - 지하차도(도로)내,승합,여,51세,상해없음,승용,남,37세,경상
2022091100100034,2022년 9월 11일 04시,일요일,경기도 수원시 권선구 서둔동,부상신고사고,0,0,0,1,차대사람 - 횡단중,안전운전불이행,건조,맑음,단일로 - 기타,승용,남,30세,상해없음,보행자,남,32세,부상신고
2022091100100049,2022년 9월 11일 07시,일요일,경기도 수원시 팔달구 화서동,경상사고,0,0,1,0,차대차 - 기타,안전운전불이행,건조,맑음,단일로 - 기타,승합,남,48세,상해없음,개인형이동수단(PM),남,54세,경상
2022091100100055,2022년 9월 11일 08시,일요일,경기도 수원시 장안구 정자동,중상사고,0,1,0,0,차대차 - 측면충돌,기타,건조,맑음,교차로 - 교차로안,승용,남,49세,기타불명,승용,남,64세,중상
2022091100100248,2022년 9월 11일 17시,일요일,경기도 수원시 영통구 하동,경상사고,0,0,1,0,차대사람 - 기타,기타,건조,맑음,단일로 - 기타,자전거,여,22세,상해없음,보행자,남,46세,경상
2022091100100268,2022년 9월 11일 18시,일요일,경기도 수원시 팔달구 팔달로1가,경상사고,0,0,1,0,차대사람 - 기타,안전운전불이행,건조,맑음,단일로 - 기타,승용,남,60세,상해없음,보행자,남,35세,경상
2022091100100380,2022년 9월 11일 23시,일요일,경기도 수원시 팔달구 매산로1가,경상사고,0,0,1,0,차대사람 - 길가장자리구역통행중,안전운전불이행,건조,맑음,교차로 - 교차로부근,승용,여,23세,상해없음,보행자,남,66세,경상
2022091200100004,2022년 9월 12일 00시,월요일,경기도 수원시 권선구 탑동,경상사고,0,0,1,0,차대차 - 측면충돌,안전운전불이행,건조,맑음,교차로 - 교차로부근,승용,남,23세,상해없음,이륜,남,17세,경상
2022091200100044,2022년 9월 12일 03시,월요일,경기도 수원시 장안구 율전동,경상사고,0,0,1,0,차량단독 - 공작물충돌,안전운전불이행,건조,맑음,단일로 - 지하차도(도로)내,이륜,남,29세,경상,,,,
2022091200100079,2022년 9월 12일 08시,월요일,경기도 수원시 장안구 영화동,경상사고,0,0,2,0,차대차 - 측면충돌,직진우회전진행방해,건조,맑음,교차로 - 교차로안,이륜,남,31세,경상,승용,여,27세,경상
2022091200100115,2022년 9월 12일 11시,월요일,경기도 수원시 권선구 금곡동,경상사고,0,0,1,0,차대차 - 기타,안전운전불이행,건조,맑음,단일로 - 기타,자전거,남,10세,상해없음,자전거,여,49세,경상
2022091200100133,2022년 9월 12일 12시,월요일,경기도 수원시 장안구 정자동,경상사고,0,0,1,0,차대차 - 측면충돌,직진우회전진행방해,건조,맑음,교차로 - 교차로안,원동기,남,61세,경상,승용,남,56세,상해없음
2022091200100315,2022년 9월 12일 19시,월요일,경기도 수원시 장안구 하광교동,경상사고,0,0,1,0,차대사람 - 기타,보행자보호의무위반,건조,맑음,단일로 - 기타,승용,남,57세,상해없음,보행자,남,31세,경상
2022091200100320,2022년 9월 12일 19시,월요일,경기도 수원시 권선구 금곡동,경상사고,0,0,1,1,차대차 - 측면충돌,안전거리미확보,건조,맑음,단일로 - 기타,승합,남,48세,부상신고,이륜,남,29세,경상
2022091200100352,2022년 9월 12일 20시,월요일,경기도 수원시 권선구 평동,중상사고,0,1,0,0,차대사람 - 차도통행중,안전운전불이행,건조,맑음,기타 - 기타,승용,남,46세,상해없음,보행자,남,53세,중상
2022091200100400,2022년 9월 12일 23시,월요일,경기도 수원시 장안구 하광교동,부상신고사고,0,0,0,1,차량단독 - 기타,안전운전불이행,건조,맑음,단일로 - 기타,개인형이동수단(PM),남,23세,부상신고,,,,
2022091300100006,2022년 9월 13일 01시,화요일,경기도 수원시 권선구 세류동,중상사고,0,1,0,0,차대차 - 측면충돌,안전운전불이행,젖음/습기,맑음,교차로 - 교차로안,승용,남,29세,상해없음,승용,여,65세,중상
2022091300100018,2022년 9월 13일 03시,화요일,경기도 수원시 팔달구 중동,경상사고,0,0,1,0,차량단독 - 공작물충돌,안전운전불이행,건조,맑음,단일로 - 기타,승용,남,33세,상해없음,,,,
2022091300100073,2022년 9월 13일 08시,화요일,경기도 수원시 권선구 평동,경상사고,0,0,1,0,차대차 - 측면충돌,안전거리미확보,건조,맑음,단일로 - 기타,승용,남,60세,상해없음,승용,남,33세,경상
2022091300100118,2022년 9월 13일 09시,화요일,경기도 수원시 팔달구 인계동,경상사고,0,0,2,0,차대차 - 측면충돌,안전운전불이행,건조,맑음,교차로 - 교차로안,승용,여,58세,경상,승용,여,69세,경상
2022091300100198,2022년 9월 13일 12시,화요일,경기도 수원시 권선구 권선동,경상사고,0,0,1,0,차대차 - 측면충돌,불법유턴,건조,맑음,교차로 - 교차로부근,화물,남,56세,상해없음,승용,남,29세,경상
2022091300100247,2022년 9월 13일 14시,화요일,경기도 수원시 장안구 조원동,경상사고,0,0,1,0,차대사람 - 기타,기타,건조,맑음,교차로 - 교차로안,승합,남,63세,상해없음,보행자,여,34세,경상
2022091300100286,2022년 9월 13일 15시,화요일,경기도 수원시 장안구 송죽동,경상사고,0,0,1,0,차대사람 - 기타,기타,건조,맑음,단일로 - 기타,승합,남,59세,기타불명,보행자,여,72세,경상
2022091300100289,2022년 9월 13일 15시,화요일,경기도 수원시 팔달구 인계동,경상사고,0,0,1,0,차대차 - 측면충돌,안전운전불이행,건조,맑음,단일로 - 지하차도(도로)내,승용,남,22세,상해없음,승용,남,29세,경상
2022091300100349,2022년 9월 13일 17시,화요일,경기도 수원시 장안구 영화동,경상사고,0,0,1,0,차량단독 - 기타,기타,건조,맑음,단일로 - 기타,승합,남,60세,상해없음,,,,
2022091300100394,2022년 9월 13일 18시,화요일,경기도 수원시 권선구 금곡동,경상사고,0,0,1,0,차대사람 - 기타,기타,건조,맑음,단일로 - 기타,개인형이동수단(PM),여,19세,상해없음,보행자,여,10세,경상
2022091300100424,2022년 9월 13일 19시,화요일,경기도 수원시 영통구 망포동,경상사고,0,0,1,0,차대차 - 측면충돌,교차로운행방법위반,건조,맑음,교차로 - 교차로안,화물,남,40세,상해없음,승용,남,52세,경상
2022091300100426,2022년 9월 13일 19시,화요일,경기도 수원시 권선구 금곡동,중상사고,0,1,0,0,차대사람 - 기타,안전운전불이행,건조,맑음,단일로 - 기타,이륜,남,42세,상해없음,보행자,남,65세,중상
2022091400100082,2022년 9월 14일 08시,수요일,경기도 수원시 영통구 매탄동,경상사고,0,0,1,0,차대차 - 측면충돌,안전운전불이행,건조,맑음,교차로 - 교차로횡단보도내,자전거,여,22세,경상,승용,여,30세,상해없음
2022091400100083,2022년 9월 14일 08시,수요일,경기도 수원시 팔달구 인계동,경상사고,0,0,1,0,차대차 - 측면충돌,교차로운행방법위반,건조,맑음,교차로 - 교차로안,승용,남,59세,상해없음,승용,여,29세,경상
2022091400100157,2022년 9월 14일 10시,수요일,경기도 수원시 권선구 권선동,경상사고,0,0,1,0,차대차 - 측면충돌,교차로운행방법위반,건조,맑음,교차로 - 교차로부근,승용,여,45세,상해없음,이륜,남,55세,경상
2022091400100181,2022년 9월 14일 11시,수요일,경기도 수원시 장안구 조원동,경상사고,0,0,1,0,차대차 - 기타,기타,건조,맑음,단일로 - 기타,승용,남,56세,상해없음,자전거,여,51세,경상
2022091400100361,2022년 9월 14일 17시,수요일,경기도 수원시 팔달구 화서동,경상사고,0,0,1,0,차대차 - 기타,안전거리미확보,건조,맑음,단일로 - 기타,승용,남,70세,상해없음,승용,여,41세,경상
2022091400100449,2022년 9월 14일 19시,수요일,경기도 수원시 권선구 고색동,경상사고,0,0,1,0,차대차 - 추돌,안전거리미확보,건조,맑음,단일로 - 기타,승용,남,27세,상해없음,승용,여,54세,경상
2022091400100481,2022년 9월 14일 20시,수요일,경기도 수원시 권선구 서둔동,경상사고,0,0,1,0,차대차 - 기타,안전운전불이행,건조,맑음,교차로 - 교차로부근,승용,남,60세,상해없음,특수,남,40세,경상
2022091400100502,2022년 9월 14일 21시,수요일,경기도 수원시 장안구 파장동,경상사고,0,0,1,0,차대차 - 추돌,안전운전불이행,건조,맑음,단일로 - 기타,승용,여,53세,상해없음,화물,남,32세,상해없음
2022091500100122,2022년 9월 15일 09시,목요일,경기도 수원시 장안구 연무동,경상사고,0,0,2,0,차대차 - 기타,안전거리미확보,건조,맑음,교차로 - 교차로안,승용,남,28세,상해없음,승용,남,36세,경상
2022091500100126,2022년 9월 15일 09시,목요일,경기도 수원시 팔달구 인계동,경상사고,0,0,1,0,차대차 - 측면충돌,교차로운행방법위반,건조,맑음,교차로 - 교차로안,승용,남,62세,상해없음,승합,남,54세,상해없음
2022091500100148,2022년 9월 15일 10시,목요일,경기도 수원시 팔달구 지동,중상사고,0,1,0,0,차대사람 - 기타,안전운전불이행,건조,맑음,단일로 - 기타,화물,남,39세,상해없음,보행자,남,52세,중상
2022091500100149,2022년 9월 15일 10시,목요일,경기도 수원시 장안구 천천동,경상사고,0,0,2,0,차대차 - 기타,안전거리미확보,건조,맑음,단일로 - 기타,승용,남,20세,상해없음,승용,남,49세,경상
2022091500100177,2022년 9월 15일 11시,목요일,경기도 수원시 장안구 조원동,경상사고,0,0,1,0,차대사람 - 기타,보행자보호의무위반,건조,흐림,단일로 - 기타,승용,남,51세,상해없음,보행자,여,71세,경상
2022091500100179,2022년 9월 15일 11시,목요일,경기도 수원시 영통구 원천동,경상사고,0,0,1,0,차대차 - 측면충돌,기타,건조,맑음,단일로 - 기타,승용,여,74세,상해없음,승용,남,51세,경상
2022091500100180,2022년 9월 15일 11시,목요일,경기도 수원시 권선구 서둔동,경상사고,0,0,1,0,차대차 - 추돌,안전거리미확보,건조,맑음,단일로 - 기타,승합,남,52세,상해없음,승용,여,41세,경상
2022091500100232,2022년 9월 15일 13시,목요일,경기도 수원시 권선구 구운동,경상사고,0,0,1,0,차대차 - 기타,안전운전불이행,건조,맑음,교차로 - 교차로안,승용,여,40세,상해없음,자전거,남,21세,경상
2022091500100256,2022년 9월 15일 14시,목요일,경기도 수원시 팔달구 장안동,경상사고,0,0,1,0,차량단독 - 기타,안전운전불이행,건조,맑음,단일로 - 기타,승합,남,47세,상해없음,,,,
2022091500100280,2022년 9월 15일 15시,목요일,경기도 수원시 권선구 세류동,경상사고,0,0,1,1,차대차 - 측면충돌,안전거리미확보,건조,맑음,단일로 - 기타,승용,여,55세,상해없음,승용,남,23세,경상
2022091500100312,2022년 9월 15일 16시,목요일,경기도 수원시 장안구 정자동,경상사고,0,0,1,0,차대차 - 측면충돌,신호위반,건조,맑음,단일로 - 기타,승용,남,62세,상해없음,승용,여,57세,경상
2022091500100318,2022년 9월 15일 16시,목요일,경기도 수원시 권선구 탑동,경상사고,0,0,1,0,차대차 - 기타,안전운전불이행,건조,맑음,교차로 - 교차로안,승용,남,63세,상해없음,승용,남,26세,경상
2022091600100036,2022년 9월 16일 04시,금요일,경기도 수원시 권선구 곡반정동,중상사고,0,1,1,0,차대차 - 측면충돌,직진우회전진행방해,건조,맑음,교차로 - 교차로안,승용,남,31세,상해없음,승용,남,55세,중상
2022091600100076,2022년 9월 16일 07시,금요일,경기도 수원시 권선구 권선동,경상사고,0,0,1,0,차대차 - 기타,안전운전불이행,건조,맑음,교차로 - 교차로부근,승용,남,30세,상해없음,이륜,남,23세,경상
2022091600100111,2022년 9월 16일 08시,금요일,경기도 수원시 영통구 매탄동,경상사고,0,0,1,0,차대차 - 추돌,안전운전불이행,건조,맑음,교차로 - 교차로부근,승용,여,64세,상해없음,승용,여,44세,경상
2022091600100112,2022년 9월 16일 08시,금요일,경기도 수원시 권선구 권선동,경상사고,0,0,1,0,차대차 - 추돌,안전운전불이행,건조,맑음,기타 - 기타,승용,여,49세,상해없음,승용,남,49세,경상
2022091600100145,2022년 9월 16일 09시,금요일,경기도 수원시 장안구 정자동,경상사고,0,0,2,0,차대차 - 기타,안전운전불이행,건조,맑음,단일로 - 기타,승용,남,68세,상해없음,승용,남,30세,경상
2022091600100173,2022년 9월 16일 10시,금요일,경기도 수원시 영통구 영통동,경상사고,0,0,2,0,차대차 - 측면충돌,교차로운행방법위반,건조,맑음,교차로 - 교차로안,승용,여,40세,상해없음,개인형이동수단(PM),남,18세,경상
2022091600100240,2022년 9월 16일 12시,금요일,경기도 수원시 영통구 원천동,경상사고,0,0,1,0,차대차 - 측면충돌,안전운전불이행,건조,맑음,단일로 - 기타,승용,여,51세,상해없음,자전거,남,70세,경상
2022091600100272,2022년 9월 16일 13시,금요일,경기도 수원시 권선구 호매실동,경상사고,0,0,1,0,차대차 - 기타,불법유턴,건조,맑음,교차로 - 교차로부근,승용,여,41세,상해없음,승용,여,24세,경상
2022091600100368,2022년 9월 16일 16시,금요일,경기도 수원시 팔달구 우만동,중상사고,0,1,0,0,차대사람 - 길가장자리구역통행중,안전운전불이행,건조,맑음,단일로 - 기타,승용,여,19세,상해없음,보행자,여,29세,중상
2022091600100418,2022년 9월 16일 17시,금요일,경기도 수원시 팔달구 우만동,경상사고,0,0,1,0,차대사람 - 기타,안전운전불이행,건조,맑음,기타 - 기타,개인형이동수단(PM),남,16세,상해없음,보행자,여,27세,경상
2022091600100419,2022년 9월 16일 17시,금요일,경기도 수원시 장안구 파장동,경상사고,0,0,1,0,차대차 - 측면충돌,안전운전불이행,건조,맑음,단일로 - 기타,화물,남,43세,상해없음,승합,남,33세,경상
2022091600100474,2022년 9월 16일 18시,금요일,경기도 수원시 팔달구 팔달로2가,중상사고,0,1,0,0,차대사람 - 기타,안전운전불이행,건조,흐림,단일로 - 기타,승합,남,62세,상해없음,보행자,여,73세,중상
2022091600100539,2022년 9월 16일 19시,금요일,경기도 수원시 장안구 송죽동,경상사고,0,0,1,0,차대차 - 기타,안전운전불이행,건조,흐림,단일로 - 기타,승용,여,49세,상해없음,이륜,남,59세,경상
2022091600100544,2022년 9월 16일 19시,금요일,경기도 수원시 영통구 매탄동,경상사고,0,0,3,0,차대차 - 추돌,안전거리미확보,젖음/습기,비,단일로 - 기타,승용,여,58세,경상,승용,남,31세,상해없음
2022091600100550,2022년 9월 16일 19시,금요일,경기도 수원시 권선구 오목천동,부상신고사고,0,0,0,1,차대차 - 기타,안전거리미확보,건조,맑음,교차로 - 교차로부근,승용,남,25세,상해없음,승용,남,42세,부상신고
2022091600100588,2022년 9월 16일 20시,금요일,경기도 수원시 장안구 정자동,중상사고,0,1,0,0,차대사람 - 횡단중,보행자보호의무위반,젖음/습기,비,단일로 - 기타,승용,남,67세,상해없음,보행자,여,14세,중상