사고번호,사고일시,요일,시군구,사고내용,사망자수,중상자수,경상자수,부상신고자수,사고유형,법규위반,노면상태,기상상태,도로형태,가해운전자 차종,가해운전자 성별,가해운전자 연령,가해운전자 상해정도,피해운전자 차종,피해운전자 성별,피해운전자 연령,피해운전자 상해정도
2022092600100211,2022년 9월 26일 11시,월요일,경기도 수원시 권선구 구운동,경상사고,0,0,2,0,차대차 - 기타,안전운전불이행,건조,맑음,교차로 - 교차로부근,승용,남,37세,상해없음,승용,여,54세,경상
2022092600100267,2022년 9월 26일 13시,월요일,경기도 수원시 권선구 곡반정동,경상사고,0,0,2,0,차대차 - 측면충돌,안전운전불이행,건조,맑음,단일로 - 기타,승용,남,65세,상해없음,승용,남,42세,경상
2022092600100330,2022년 9월 26일 15시,월요일,경기도 수원시 장안구 조원동,경상사고,0,0,1,0,차대차 - 측면충돌,안전운전불이행,건조,맑음,교차로 - 교차로안,승용,남,54세,상해없음,승용,남,63세,경상
2022092600100452,2022년 9월 26일 18시,월요일,경기도 수원시 권선구 고색동,중상사고,0,1,0,0,차대차 - 측면충돌,신호위반,건조,맑음,교차로 - 교차로안,승합,남,51세,상해없음,자전거,남,26세,중상
2022092600100491,2022년 9월 26일 19시,월요일,경기도 수원시 장안구 이목동,경상사고,0,0,1,0,차대차 - 측면충돌,불법유턴,건조,맑음,교차로 - 교차로부근,승용,여,41세,기타불명,승합,여,54세,경상
2022092600100556,2022년 9월 26일 21시,월요일,경기도 수원시 장안구 천천동,중상사고,0,1,0,0,차대차 - 측면충돌,안전운전불이행,건조,맑음,기타 - 기타,승용,남,29세,상해없음,승용,남,32세,중상
2022092600100576,2022년 9월 26일 22시,월요일,경기도 수원시 장안구 천천동,경상사고,0,0,1,0,차대차 - 기타,안전운전불이행,건조,맑음,기타 - 기타,승용,남,44세,상해없음,자전거,남,20세,경상
2022092700100002,2022년 9월 27일 00시,화요일,경기도 수원시 권선구 권선동,중상사고,0,1,0,0,차대차 - 기타,안전운전불이행,건조,맑음,교차로 - 교차로안,승용,남,54세,상해없음,승용,기타불명,미분류,기타불명
2022092700100058,2022년 9월 27일 07시,화요일,경기도 수원시 장안구 정자동,중상사고,0,1,0,0,차대차 - 기타,안전운전불이행,건조,맑음,교차로 - 교차로안,승용,여,50세,상해없음,이륜,남,42세,중상
2022092700100062,2022년 9월 27일 07시,화요일,경기도 수원시 권선구 권선동,중상사고,0,1,0,0,차대사람 - 횡단중,보행자보호의무위반,건조,맑음,교차로 - 교차로횡단보도내,승용,남,35세,상해없음,보행자,남,76세,중상
2022092700100091,2022년 9월 27일 08시,화요일,경기도 수원시 영통구 영통동,중상사고,0,1,0,0,차대사람 - 횡단중,보행자보호의무위반,건조,맑음,교차로 - 교차로횡단보도내,개인형이동수단(PM),남,18세,상해없음,보행자,남,13세,중상
2022092700100093,2022년 9월 27일 08시,화요일,경기도 수원시 권선구 탑동,부상신고사고,0,0,0,1,차대사람 - 기타,안전운전불이행,건조,맑음,교차로 - 교차로부근,기타불명,기타불명,미분류,기타불명,보행자,여,17세,부상신고
2022092700100132,2022년 9월 27일 09시,화요일,경기도 수원시 장안구 연무동,경상사고,0,0,1,0,차대차 - 측면충돌,안전거리미확보,건조,맑음,교차로 - 교차로안,승용,여,60세,상해없음,승용,여,50세,경상
2022092700100137,2022년 9월 27일 09시,화요일,경기도 수원시 영통구 망포동,경상사고,0,0,3,0,차대차 - 추돌,안전운전불이행,건조,맑음,교차로 - 교차로부근,승용,남,26세,상해없음,화물,남,26세,경상
2022092700100138,2022년 9월 27일 09시,화요일,경기도 수원시 팔달구 인계동,경상사고,0,0,2,0,차대차 - 측면충돌,안전거리미확보,건조,맑음,단일로 - 기타,승용,남,59세,상해없음,승용,남,25세,경상
2022092700100312,2022년 9월 27일 15시,화요일,경기도 수원시 장안구 이목동,경상사고,0,0,2,0,차대차 - 기타,신호위반,건조,맑음,교차로 - 교차로안,승용,남,21세,상해없음,승합,남,50세,경상
2022092700100397,2022년 9월 27일 17시,화요일,경기도 수원시 팔달구 우만동,경상사고,0,0,1,0,차대사람 - 횡단중,신호위반,건조,맑음,교차로 - 교차로횡단보도내,승용,여,60세,상해없음,보행자,남,42세,경상
2022092700100467,2022년 9월 27일 18시,화요일,경기도 수원시 권선구 고색동,경상사고,0,0,2,0,차대차 - 기타,안전거리미확보,건조,맑음,단일로 - 기타,승용,남,54세,상해없음,승용,남,58세,경상
2022092700100468,2022년 9월 27일 18시,화요일,경기도 수원시 팔달구 매산로1가,경상사고,0,0,2,0,차대차 - 기타,안전거리미확보,건조,맑음,기타 - 기타,승합,남,63세,상해없음,승용,남,59세,경상
2022092700100520,2022년 9월 27일 19시,화요일,경기도 수원시 권선구 세류동,부상신고사고,0,0,0,1,차대사람 - 기타,안전운전불이행,건조,맑음,기타 - 기타,자전거,여,53세,부상신고,보행자,남,43세,상해없음
2022092700100521,2022년 9월 27일 19시,화요일,경기도 수원시 팔달구 인계동,경상사고,0,0,3,0,차대차 - 측면충돌,안전운전불이행,건조,맑음,교차로 - 교차로부근,승용,여,45세,상해없음,승용,남,24세,경상
2022092700100522,2022년 9월 27일 19시,화요일,경기도 수원시 권선구 권선동,경상사고,0,0,1,0,차대차 - 측면충돌,안전운전불이행,건조,맑음,교차로 - 교차로부근,승용,남,50세,상해없음,승용,남,30세,경상
2022092700100563,2022년 9월 27일 20시,화요일,경기도 수원시 팔달구 화서동,부상신고사고,0,0,0,1,차대차 - 기타,직진우회전진행방해,건조,맑음,교차로 - 교차로안,원동기,남,30세,상해없음,자전거,남,11세,부상신고
2022092700100608,2022년 9월 27일 21시,화요일,경기도 수원시 영통구 원천동,경상사고,0,0,1,0,차대차 - 측면충돌,안전운전불이행,건조,맑음,교차로 - 교차로부근,승용,여,58세,상해없음,자전거,남,24세,경상
2022092700100630,2022년 9월 27일 22시,화요일,경기도 수원시 팔달구 인계동,부상신고사고,0,0,0,1,차대차 - 기타,신호위반,건조,맑음,단일로 - 기타,이륜,남,30세,부상신고,승용,남,40세,상해없음
2022092700100631,2022년 9월 27일 22시,화요일,경기도 수원시 권선구 권선동,중상사고,0,1,0,0,차대차 - 기타,안전운전불이행,건조,맑음,단일로 - 기타,이륜,기타불명,미분류,기타불명,이륜,남,27세,중상
2022092700100632,2022년 9월 27일 22시,화요일,경기도 수원시 영통구 영통동,경상사고,0,0,2,0,차대차 - 측면충돌,안전운전불이행,건조,맑음,교차로 - 교차로안,승용,남,50세,상해없음,승용,남,64세,경상
2022092800100005,2022년 9월 28일 00시,수요일,경기도 수원시 영통구 영통동,중상사고,0,2,1,0,차대차 - 기타,안전운전불이행,건조,맑음,기타 - 기타,승용,남,61세,중상,승용,남,29세,경상
2022092800100006,2022년 9월 28일 00시,수요일,경기도 수원시 팔달구 인계동,경상사고,0,0,1,0,차대차 - 기타,신호위반,건조,맑음,교차로 - 교차로안,승용,남,30세,상해없음,승용,여,33세,경상
2022092800100008,2022년 9월 28일 00시,수요일,경기도 수원시 팔달구 매산로1가,중상사고,0,1,0,0,차대차 - 기타,안전거리미확보,건조,맑음,단일로 - 기타,기타불명,기타불명,미분류,기타불명,개인형이동수단(PM),남,30세,중상
2022092800100021,2022년 9월 28일 02시,수요일,경기도 수원시 권선구 세류동,중상사고,0,2,2,0,차대차 - 기타,신호위반,건조,맑음,교차로 - 교차로안,승용,남,49세,경상,이륜,남,17세,중상
2022092800100025,2022년 9월 28일 03시,수요일,경기도 수원시 영통구 하동,부상신고사고,0,0,0,1,차량단독 - 기타,안전운전불이행,건조,맑음,단일로 - 터널,개인형이동수단(PM),여,31세,부상신고,,,,
2022092800100046,2022년 9월 28일 06시,수요일,경기도 수원시 권선구 호매실동,경상사고,0,0,3,0,차대차 - 추돌,안전운전불이행,건조,맑음,단일로 - 기타,승용,남,48세,상해없음,화물,남,52세,경상
2022092800100055,2022년 9월 28일 07시,수요일,경기도 수원시 장안구 율전동,경상사고,0,0,1,0,차대차 - 기타,신호위반,건조,맑음,교차로 - 교차로안,승용,여,48세,상해없음,승합,남,55세,경상
2022092800100057,2022년 9월 28일 07시,수요일,경기도 수원시 권선구 세류동,중상사고,0,1,0,0,차대사람 - 기타,안전운전불이행,건조,맑음,기타 - 기타,승용,남,49세,상해없음,보행자,여,67세,중상
2022092800100058,2022년 9월 28일 07시,수요일,경기도 수원시 영통구 망포동,경상사고,0,0,1,0,차대차 - 측면충돌,안전거리미확보,건조,맑음,단일로 - 기타,승용,남,29세,상해없음,승용,여,49세,경상
2022092800100091,2022년 9월 28일 08시,수요일,경기도 수원시 팔달구 화서동,경상사고,0,0,1,0,차대차 - 측면충돌,안전운전불이행,건조,맑음,단일로 - 기타,건설기계,남,50세,상해없음,승용,여,63세,경상
2022092800100097,2022년 9월 28일 08시,수요일,경기도 수원시 권선구 탑동,경상사고,0,0,1,0,차대차 - 추돌,안전운전불이행,건조,맑음,교차로 - 교차로부근,이륜,남,18세,상해없음,승용,여,33세,경상
2022092800100198,2022년 9월 28일 11시,수요일,경기도 수원시 팔달구 매산로2가,경상사고,0,0,1,0,차대차 - 기타,안전거리미확보,건조,맑음,교차로 - 교차로부근,화물,남,65세,상해없음,승합,남,64세,상해없음
2022092800100225,2022년 9월 28일 12시,수요일,경기도 수원시 영통구 이의동,경상사고,0,0,1,0,차대사람 - 차도통행중,안전운전불이행,건조,맑음,기타 - 기타,승용,여,46세,상해없음,보행자,여,27세,경상
2022092800100277,2022년 9월 28일 14시,수요일,경기도 수원시 장안구 정자동,중상사고,0,1,0,0,차대차 - 기타,안전운전불이행,건조,맑음,단일로 - 기타,승합,남,69세,상해없음,자전거,남,77세,중상
2022092800100314,2022년 9월 28일 15시,수요일,경기도 수원시 팔달구 중동,중상사고,0,1,0,0,차량단독 - 기타,안전거리미확보,건조,맑음,교차로 - 교차로부근,승합,남,53세,상해없음,,,,
2022092800100362,2022년 9월 28일 16시,수요일,경기도 수원시 팔달구 화서동,경상사고,0,0,1,0,차대사람 - 기타,안전운전불이행,건조,맑음,기타 - 기타,승용,여,48세,상해없음,보행자,여,12세,경상
2022092800100397,2022년 9월 28일 17시,수요일,경기도 수원시 장안구 송죽동,중상사고,0,1,0,0,차대사람 - 기타,안전운전불이행,건조,흐림,교차로 - 교차로안,화물,남,69세,상해없음,보행자,여,72세,중상
2022092800100497,2022년 9월 28일 19시,수요일,경기도 수원시 권선구 구운동,중상사고,0,1,0,0,차대사람 - 차도통행중,안전운전불이행,건조,맑음,교차로 - 교차로부근,승합,남,50세,상해없음,보행자,남,61세,중상
2022092800100554,2022년 9월 28일 21시,수요일,경기도 수원시 팔달구 팔달로3가,경상사고,0,0,2,0,차대차 - 추돌,안전거리미확보,건조,맑음,교차로 - 교차로부근,승용,남,33세,상해없음,승용,여,30세,경상
2022092900100173,2022년 9월 29일 10시,목요일,경기도 수원시 영통구 이의동,경상사고,0,0,1,0,차대차 - 추돌,안전운전불이행,건조,맑음,단일로 - 기타,화물,남,49세,상해없음,화물,남,57세,경상
2022092900100266,2022년 9월 29일 13시,목요일,경기도 수원시 장안구 영화동,경상사고,0,0,1,0,차대차 - 기타,안전거리미확보,건조,맑음,단일로 - 기타,승용,남,71세,상해없음,승합,남,47세,경상
2022092900100305,2022년 9월 29일 14시,목요일,경기도 수원시 권선구 고색동,경상사고,0,0,3,0,차대차 - 추돌,안전운전불이행,건조,맑음,단일로 - 기타,승용,남,21세,상해없음,승용,남,50세,경상
2022092900100348,2022년 9월 29일 15시,목요일,경기도 수원시 장안구 정자동,경상사고,0,0,1,0,차대사람 - 횡단중,안전운전불이행,건조,맑음,단일로 - 기타,승용,남,55세,상해없음,보행자,남,22세,경상
2022092900100352,2022년 9월 29일 15시,목요일,경기도 수원시 권선구 고색동,경상사고,0,0,1,0,차대사람 - 횡단중,안전운전불이행,건조,맑음,단일로 - 기타,승용,여,33세,상해없음,보행자,남,12세,경상
2022092900100400,2022년 9월 29일 16시,목요일,경기도 수원시 권선구 권선동,경상사고,0,0,1,0,차대차 - 정면충돌,신호위반,건조,맑음,교차로 - 교차로부근,원동기,남,27세,상해없음,승용,여,50세,경상
2022092900100401,2022년 9월 29일 16시,목요일,경기도 수원시 권선구 세류동,경상사고,0,0,1,0,차대차 - 기타,안전운전불이행,건조,맑음,단일로 - 기타,화물,남,50세,상해없음,이륜,남,26세,경상
2022092900100441,2022년 9월 29일 17시,목요일,경기도 수원시 영통구 이의동,경상사고,0,0,2,0,차대차 - 추돌,안전운전불이행,건조,맑음,단일로 - 기타,이륜,남,17세,상해없음,승용,여,37세,경상
2022092900100443,2022년 9월 29일 17시,목요일,경기도 수원시 팔달구 교동,경상사고,0,0,1,0,차대사람 - 보도통행중,안전운전불이행,건조,맑음,기타 - 기타,자전거,여,32세,상해없음,보행자,여,80세,경상
2022092900100622,2022년 9월 29일 23시,목요일,경기도 수원시 영통구 영통동,경상사고,0,0,1,0,차대차 - 추돌,안전운전불이행,건조,맑음,교차로 - 교차로부근,승용,여,64세,상해없음,승용,남,33세,경상
2022093000100082,2022년 9월 30일 07시,금요일,경기도 수원시 장안구 조원동,중상사고,0,1,0,0,차대차 - 측면충돌,불법유턴,건조,맑음,교차로 - 교차로부근,승용,남,47세,기타불명,승용,여,52세,중상
2022093000100147,2022년 9월 30일 09시,금요일,경기도 수원시 권선구 권선동,중상사고,0,1,0,0,차대차 - 측면충돌,안전운전불이행,건조,맑음,교차로 - 교차로횡단보도내,화물,남,80세,상해없음,자전거,여,58세,중상
2022093000100168,2022년 9월 30일 10시,금요일,경기도 수원시 장안구 송죽동,경상사고,0,0,1,0,차대차 - 측면충돌,안전운전불이행,건조,맑음,교차로 - 교차로안,승용,남,37세,상해없음,승용,남,49세,경상
2022093000100278,2022년 9월 30일 13시,금요일,경기도 수원시 영통구 이의동,중상사고,0,1,0,0,차대차 - 측면충돌,안전운전불이행,건조,맑음,교차로 - 교차로횡단보도내,승용,여,24세,상해없음,개인형이동수단(PM),여,65세,중상
2022093000100279,2022년 9월 30일 13시,금요일,경기도 수원시 영통구 하동,경상사고,0,0,1,0,차대차 - 추돌,안전운전불이행,건조,맑음,단일로 - 지하차도(도로)내,승용,여,48세,상해없음,승용,여,52세,경상
2022093000100308,2022년 9월 30일 14시,금요일,경기도 수원시 장안구 연무동,경상사고,0,0,1,0,차대차 - 기타,안전거리미확보,건조,맑음,단일로 - 기타,승용,남,79세,상해없음,승용,남,36세,경상
2022093000100386,2022년 9월 30일 16시,금요일,경기도 수원시 장안구 송죽동,경상사고,0,0,1,0,차대사람 - 보도통행중,기타,건조,맑음,기타 - 기타,화물,남,84세,상해없음,보행자,남,74세,경상
2022093000100434,2022년 9월 30일 17시,금요일,경기도 수원시 팔달구 남수동,부상신고사고,0,0,0,1,차대사람 - 기타,안전운전불이행,건조,맑음,단일로 - 기타,승용,남,50세,상해없음,보행자,남,78세,부상신고
2022093000100438,2022년 9월 30일 17시,금요일,경기도 수원시 영통구 매탄동,경상사고,0,0,1,0,차대차 - 측면충돌,안전거리미확보,건조,맑음,단일로 - 기타,승용,남,41세,상해없음,승용,남,42세,경상
2022093000100512,2022년 9월 30일 18시,금요일,경기도 수원시 장안구 정자동,경상사고,0,0,1,0,차대차 - 기타,신호위반,건조,맑음,교차로 - 교차로안,승용,남,63세,상해없음,이륜,남,41세,경상
2022093000100513,2022년 9월 30일 18시,금요일,경기도 수원시 장안구 영화동,경상사고,0,0,1,0,차대사람 - 길가장자리구역통행중,안전운전불이행,건조,맑음,단일로 - 기타,승용,여,66세,상해없음,보행자,남,50세,경상
2022093000100522,2022년 9월 30일 18시,금요일,경기도 수원시 권선구 권선동,경상사고,0,0,1,0,차대차 - 측면충돌,교차로운행방법위반,건조,맑음,교차로 - 교차로안,승용,남,82세,상해없음,승용,남,23세,경상
2022093000100563,2022년 9월 30일 19시,금요일,경기도 수원시 팔달구 화서동,경상사고,0,0,1,0,차대차 - 기타,불법유턴,건조,맑음,교차로 - 교차로안,자전거,남,14세,경상,승용,남,61세,상해없음
2022093000100572,2022년 9월 30일 19시,금요일,경기도 수원시 권선구 곡반정동,경상사고,0,0,1,0,차대차 - 측면충돌,안전운전불이행,건조,맑음,교차로 - 교차로안,승용,여,61세,상해없음,승용,남,32세,경상
2022093000100615,2022년 9월 30일 20시,금요일,경기도 수원시 권선구 평동,경상사고,0,0,3,0,차대차 - 추돌,안전운전불이행,건조,맑음,단일로 - 기타,승용,남,65세,상해없음,승용,여,47세,경상
2022100100100022,2022년 10월 1일 01시,토요일,경기도 수원시 팔달구 인계동,경상사고,0,0,1,0,차대사람 - 횡단중,안전운전불이행,건조,맑음,기타 - 기타,승용,남,25세,상해없음,보행자,남,23세,경상
2022100100100023,2022년 10월 1일 01시,토요일,경기도 수원시 팔달구 인계동,경상사고,0,0,1,0,차대사람 - 차도통행중,안전운전불이행,건조,맑음,기타 - 기타,승용,남,38세,상해없음,보행자,남,26세,경상
2022100100100026,2022년 10월 1일 01시,토요일,경기도 수원시 권선구 고색동,경상사고,0,0,1,0,차대차 - 기타,안전운전불이행,건조,맑음,기타 - 기타,승용,남,32세,경상,승합,남,45세,상해없음
2022100100100124,2022년 10월 1일 08시,토요일,경기도 수원시 권선구 곡반정동,중상사고,0,1,0,0,차대차 - 측면충돌,안전운전불이행,건조,맑음,단일로 - 기타,승용,여,57세,상해없음,자전거,여,53세,중상
2022100100100149,2022년 10월 1일 09시,토요일,경기도 수원시 팔달구 인계동,경상사고,0,0,1,0,차대차 - 추돌,안전운전불이행,건조,맑음,교차로 - 교차로부근,승용,남,34세,상해없음,승용,남,49세,경상
2022100100100214,2022년 10월 1일 11시,토요일,경기도 수원시 장안구 연무동,부상신고사고,0,0,0,1,차대사람 - 기타,안전운전불이행,건조,맑음,교차로 - 교차로안,승용,여,74세,상해없음,보행자,남,44세,부상신고
2022100100100244,2022년 10월 1일 12시,토요일,경기도 수원시 팔달구 남수동,중상사고,0,1,11,0,차대차 - 측면충돌,안전운전불이행,건조,맑음,교차로 - 교차로안,승용,남,62세,상해없음,승용,남,72세,경상
2022100100100293,2022년 10월 1일 13시,토요일,경기도 수원시 권선구 세류동,중상사고,0,1,0,0,차대차 - 측면충돌,안전운전불이행,건조,맑음,교차로 - 교차로안,승용,남,56세,상해없음,이륜,남,38세,중상
2022100100100332,2022년 10월 1일 14시,토요일,경기도 수원시 영통구 망포동,경상사고,0,0,1,0,차대차 - 기타,안전운전불이행,건조,맑음,단일로 - 기타,개인형이동수단(PM),남,22세,상해없음,승합,남,50세,상해없음
2022100100100365,2022년 10월 1일 15시,토요일,경기도 수원시 장안구 조원동,경상사고,0,0,1,0,차대차 - 측면충돌,신호위반,건조,맑음,교차로 - 교차로횡단보도내,승용,여,35세,상해없음,개인형이동수단(PM),여,53세,경상
2022100100100403,2022년 10월 1일 16시,토요일,경기도 수원시 팔달구 우만동,경상사고,0,0,1,0,차대차 - 기타,안전운전불이행,건조,맑음,교차로 - 교차로부근,승용,여,66세,상해없음,승용,남,29세,경상
2022100100100479,2022년 10월 1일 18시,토요일,경기도 수원시 팔달구 지동,중상사고,0,1,0,0,차대사람 - 기타,안전운전불이행,건조,맑음,단일로 - 기타,승용,남,27세,상해없음,보행자,여,67세,중상
2022100100100481,2022년 10월 1일 18시,토요일,경기도 수원시 장안구 천천동,중상사고,0,1,0,0,차량단독 - 기타,안전운전불이행,건조,맑음,교차로 - 교차로안,자전거,남,69세,중상,,,,
2022100100100482,2022년 10월 1일 18시,토요일,경기도 수원시 권선구 권선동,경상사고,0,0,1,0,차대차 - 측면충돌,안전운전불이행,건조,맑음,교차로 - 교차로안,승용,남,20세,상해없음,승용,남,27세,경상
2022100100100528,2022년 10월 1일 19시,토요일,경기도 수원시 장안구 정자동,중상사고,0,1,0,0,차대차 - 기타,안전거리미확보,건조,맑음,단일로 - 기타,기타불명,기타불명,미분류,기타불명,이륜,남,39세,중상
2022100100100532,2022년 10월 1일 19시,토요일,경기도 수원시 영통구 매탄동,경상사고,0,0,1,0,차대사람 - 길가장자리구역통행중,안전운전불이행,건조,맑음,단일로 - 기타,승용,남,64세,상해없음,보행자,여,29세,경상
2022100100100533,2022년 10월 1일 19시,토요일,경기도 수원시 영통구 망포동,부상신고사고,0,0,0,1,차대사람 - 기타,안전운전불이행,건조,맑음,기타 - 기타,기타불명,기타불명,미분류,기타불명,보행자,여,30세,부상신고
2022100100100534,2022년 10월 1일 19시,토요일,경기도 수원시 영통구 매탄동,중상사고,0,1,0,0,차대차 - 측면충돌,신호위반,건조,맑음,교차로 - 교차로안,승용,남,62세,상해없음,이륜,남,32세,중상
2022100100100536,2022년 10월 1일 19시,토요일,경기도 수원시 권선구 서둔동,경상사고,0,0,1,0,차대사람 - 기타,보행자보호의무위반,건조,맑음,기타 - 기타,이륜,남,57세,상해없음,보행자,여,56세,경상
2022100100100614,2022년 10월 1일 21시,토요일,경기도 수원시 영통구 신동,중상사고,0,1,0,0,차대사람 - 횡단중,보행자보호의무위반,건조,맑음,교차로 - 교차로횡단보도내,승용,남,61세,상해없음,보행자,여,25세,중상
2022100100100615,2022년 10월 1일 21시,토요일,경기도 수원시 영통구 이의동,경상사고,0,0,1,0,차대차 - 기타,안전거리미확보,건조,맑음,단일로 - 기타,승용,남,52세,상해없음,승용,남,67세,상해없음
2022100200100020,2022년 10월 2일 01시,일요일,경기도 수원시 영통구 망포동,경상사고,0,0,1,0,차대차 - 측면충돌,신호위반,건조,맑음,교차로 - 교차로안,승용,남,35세,상해없음,개인형이동수단(PM),남,26세,경상
2022100200100188,2022년 10월 2일 14시,일요일,경기도 수원시 팔달구 남수동,경상사고,0,0,1,0,차대차 - 측면충돌,안전운전불이행,건조,맑음,단일로 - 기타,승용,여,60세,상해없음,승용,남,33세,경상
2022100200100275,2022년 10월 2일 17시,일요일,경기도 수원시 장안구 영화동,경상사고,0,0,2,0,차대차 - 측면충돌,안전운전불이행,젖음/습기,비,기타 - 기타,승용,남,46세,상해없음,승용,남,54세,경상
2022100200100343,2022년 10월 2일 19시,일요일,경기도 수원시 권선구 탑동,경상사고,0,0,1,0,차대사람 - 기타,안전운전불이행,젖음/습기,비,교차로 - 교차로부근,이륜,남,36세,상해없음,보행자,남,80세,경상
2022100200100344,2022년 10월 2일 19시,일요일,경기도 수원시 권선구 고색동,경상사고,0,0,1,1,차대차 - 기타,신호위반,젖음/습기,비,교차로 - 교차로부근,승용,남,23세,상해없음,승용,남,35세,경상
2022100200100377,2022년 10월 2일 20시,일요일,경기도 수원시 팔달구 우만동,경상사고,0,0,2,0,차대차 - 기타,안전운전불이행,젖음/습기,비,교차로 - 교차로안,승용,남,27세,상해없음,승용,여,54세,경상
2022100200100385,2022년 10월 2일 20시,일요일,경기도 수원시 영통구 원천동,경상사고,0,0,1,0,차대차 - 기타,교차로운행방법위반,젖음/습기,비,교차로 - 교차로안,이륜,남,50세,경상,승용,남,59세,상해없음
2022100200100461,2022년 10월 2일 23시,일요일,경기도 수원시 팔달구 인계동,경상사고,0,0,1,0,차대사람 - 차도통행중,안전운전불이행,건조,맑음,단일로 - 기타,승용,남,21세,상해없음,보행자,여,21세,경상
2022100200100462,2022년 10월 2일 23시,일요일,경기도 수원시 팔달구 인계동,경상사고,0,0,1,0,차대사람 - 차도통행중,안전운전불이행,젖음/습기,비,기타 - 기타,이륜,남,30세,상해없음,보행자,여,21세,경상
2022100300100005,2022년 10월 3일 00시,월요일,경기도 수원시 장안구 영화동,경상사고,0,0,1,0,차대차 - 기타,신호위반,젖음/습기,비,교차로 - 교차로안,승용,여,33세,상해없음,이륜,남,34세,경상
2022100300100008,2022년 10월 3일 00시,월요일,경기도 수원시 팔달구 인계동,경상사고,0,0,1,0,차대차 - 추돌,안전운전불이행,젖음/습기,비,교차로 - 교차로부근,승용,남,73세,상해없음,승용,남,23세,경상
2022100300100025,2022년 10월 3일 01시,월요일,경기도 수원시 팔달구 인계동,경상사고,0,0,2,0,차대차 - 추돌,안전운전불이행,젖음/습기,비,교차로 - 교차로부근,승용,남,56세,상해없음,승용,남,64세,경상
2022100300100047,2022년 10월 3일 04시,월요일,경기도 수원시 장안구 정자동,중상사고,0,1,0,0,차대차 - 기타,안전운전불이행,젖음/습기,비,기타 - 기타,승용,여,52세,상해없음,이륜,남,29세,중상
2022100300100082,2022년 10월 3일 08시,월요일,경기도 수원시 권선구 탑동,경상사고,0,0,2,0,차대차 - 추돌,안전운전불이행,젖음/습기,비,단일로 - 기타,승용,남,63세,상해없음,승용,남,48세,경상
2022100300100109,2022년 10월 3일 10시,월요일,경기도 수원시 팔달구 화서동,중상사고,0,1,0,0,차대사람 - 차도통행중,안전운전불이행,젖음/습기,비,단일로 - 기타,화물,남,63세,상해없음,보행자,여,17세,중상
2022100300100113,2022년 10월 3일 10시,월요일,경기도 수원시 팔달구 매산로1가,경상사고,0,0,1,1,차대차 - 측면충돌,안전운전불이행,건조,맑음,교차로 - 교차로부근,승용,여,49세,부상신고,승용,남,53세,경상
2022100300100140,2022년 10월 3일 11시,월요일,경기도 수원시 팔달구 우만동,경상사고,0,0,2,0,차대차 - 기타,중앙선침범,건조,맑음,교차로 - 교차로안,승용,남,56세,상해없음,승용,남,33세,경상
2022100300100169,2022년 10월 3일 12시,월요일,경기도 수원시 팔달구 인계동,경상사고,0,0,1,0,차대차 - 기타,안전운전불이행,건조,맑음,교차로 - 교차로안,승용,여,41세,상해없음,이륜,남,39세,경상
2022100300100224,2022년 10월 3일 14시,월요일,경기도 수원시 팔달구 인계동,경상사고,0,0,1,0,차대차 - 후진중충돌,안전운전불이행,건조,맑음,교차로 - 교차로안,승용,남,60세,상해없음,이륜,남,53세,경상
2022100300100226,2022년 10월 3일 14시,월요일,경기도 수원시 권선구 탑동,경상사고,0,0,2,0,차대차 - 기타,교차로운행방법위반,건조,맑음,교차로 - 교차로안,승용,남,69세,경상,이륜,남,58세,경상
2022100300100273,2022년 10월 3일 16시,월요일,경기도 수원시 팔달구 인계동,중상사고,0,1,0,0,차대차 - 기타,안전운전불이행,젖음/습기,흐림,기타 - 기타,화물,남,63세,상해없음,이륜,남,49세,중상
2022100300100314,2022년 10월 3일 17시,월요일,경기도 수원시 팔달구 인계동,경상사고,0,0,1,0,차대차 - 측면충돌,신호위반,건조,맑음,교차로 - 교차로안,승용,남,29세,상해없음,이륜,남,20세,경상
2022100300100433,2022년 10월 3일 21시,월요일,경기도 수원시 영통구 망포동,경상사고,0,0,1,0,차대차 - 측면충돌,안전운전불이행,젖음/습기,비,교차로 - 교차로안,승용,남,54세,상해없음,승용,남,40세,경상
2022100400100034,2022년 10월 4일 05시,화요일,경기도 수원시 팔달구 고등동,경상사고,0,0,1,0,차대차 - 기타,안전운전불이행,젖음/습기,흐림,교차로 - 교차로안,승용,남,23세,상해없음,화물,남,51세,경상
2022100400100061,2022년 10월 4일 07시,화요일,경기도 수원시 영통구 이의동,경상사고,0,0,1,0,차대차 - 추돌,안전운전불이행,건조,맑음,단일로 - 기타,승용,남,31세,상해없음,승용,남,34세,경상
2022100400100081,2022년 10월 4일 08시,화요일,경기도 수원시 영통구 영통동,경상사고,0,0,1,0,차대차 - 측면충돌,신호위반,건조,맑음,단일로 - 기타,승합,남,57세,상해없음,승용,여,50세,경상
2022100400100114,2022년 10월 4일 09시,화요일,경기도 수원시 영통구 영통동,경상사고,0,0,1,0,차대차 - 측면충돌,안전운전불이행,건조,맑음,단일로 - 지하차도(도로)내,승용,남,42세,상해없음,승용,남,35세,경상
2022100400100115,2022년 10월 4일 09시,화요일,경기도 수원시 팔달구 인계동,경상사고,0,0,2,0,차대차 - 측면충돌,차로위반,건조,맑음,단일로 - 기타,승용,남,61세,상해없음,승용,남,32세,경상