사고번호,사고일시,요일,시군구,사고내용,사망자수,중상자수,경상자수,부상신고자수,사고유형,법규위반,노면상태,기상상태,도로형태,가해운전자 차종,가해운전자 성별,가해운전자 연령,가해운전자 상해정도,피해운전자 차종,피해운전자 성별,피해운전자 연령,피해운전자 상해정도
2022100400100145,2022년 10월 4일 10시,화요일,경기도 수원시 팔달구 영동,경상사고,0,0,1,0,차대사람 - 기타,안전운전불이행,건조,맑음,단일로 - 기타,승용,남,29세,상해없음,보행자,여,38세,경상
2022100400100146,2022년 10월 4일 10시,화요일,경기도 수원시 장안구 송죽동,중상사고,0,1,0,0,차대차 - 기타,신호위반,건조,맑음,교차로 - 교차로안,승합,남,59세,상해없음,자전거,남,81세,중상
2022100400100224,2022년 10월 4일 12시,화요일,경기도 수원시 장안구 영화동,경상사고,0,0,1,1,차대차 - 기타,안전거리미확보,건조,맑음,단일로 - 기타,원동기,남,69세,부상신고,이륜,남,20세,경상
2022100400100253,2022년 10월 4일 13시,화요일,경기도 수원시 영통구 이의동,경상사고,0,0,1,0,차대사람 - 횡단중,보행자보호의무위반,건조,맑음,교차로 - 교차로횡단보도내,승용,여,50세,상해없음,보행자,남,14세,경상
2022100400100281,2022년 10월 4일 14시,화요일,경기도 수원시 영통구 망포동,경상사고,0,0,1,0,차대차 - 측면충돌,신호위반,건조,맑음,단일로 - 기타,승용,남,67세,상해없음,승용,여,39세,경상
2022100400100319,2022년 10월 4일 15시,화요일,경기도 수원시 장안구 정자동,경상사고,0,0,4,1,차대차 - 추돌,안전운전불이행,건조,맑음,교차로 - 교차로안,승용,여,67세,부상신고,승용,남,36세,경상
2022100400100320,2022년 10월 4일 15시,화요일,경기도 수원시 팔달구 우만동,경상사고,0,0,2,1,차대차 - 기타,신호위반,건조,맑음,단일로 - 기타,이륜,남,70세,부상신고,승용,여,51세,경상
2022100400100327,2022년 10월 4일 15시,화요일,경기도 수원시 권선구 입북동,중상사고,0,1,1,1,차대차 - 추돌,안전운전불이행,건조,맑음,단일로 - 기타,건설기계,남,54세,상해없음,승용,여,35세,부상신고
2022100400100393,2022년 10월 4일 17시,화요일,경기도 수원시 영통구 이의동,경상사고,0,0,1,0,차대차 - 측면충돌,차로위반,건조,맑음,교차로 - 교차로부근,승용,여,63세,상해없음,승용,남,49세,경상
2022100400100428,2022년 10월 4일 18시,화요일,경기도 수원시 권선구 권선동,경상사고,0,0,1,0,차대사람 - 보도통행중,기타,건조,맑음,단일로 - 기타,자전거,여,40세,상해없음,보행자,남,6세,경상
2022100400100525,2022년 10월 4일 21시,화요일,경기도 수원시 팔달구 고등동,경상사고,0,0,1,0,차대차 - 측면충돌,안전운전불이행,건조,맑음,교차로 - 교차로안,승용,여,64세,상해없음,승용,여,65세,경상
2022100500100014,2022년 10월 5일 01시,수요일,경기도 수원시 권선구 금곡동,중상사고,0,1,0,0,차대차 - 기타,신호위반,건조,맑음,교차로 - 교차로부근,승용,남,57세,상해없음,이륜,남,30세,중상
2022100500100062,2022년 10월 5일 07시,수요일,경기도 수원시 장안구 연무동,경상사고,0,0,1,0,차대사람 - 횡단중,신호위반,건조,맑음,교차로 - 교차로횡단보도내,승용,여,38세,상해없음,보행자,여,77세,경상
2022100500100070,2022년 10월 5일 07시,수요일,경기도 수원시 권선구 고색동,부상신고사고,0,0,0,1,차대차 - 기타,안전운전불이행,건조,맑음,기타 - 기타,승용,여,23세,상해없음,승용,남,44세,부상신고
2022100500100159,2022년 10월 5일 10시,수요일,경기도 수원시 권선구 권선동,경상사고,0,0,1,0,차대차 - 측면충돌,안전운전불이행,건조,맑음,기타 - 기타,승용,남,27세,상해없음,승용,남,59세,경상
2022100500100191,2022년 10월 5일 11시,수요일,경기도 수원시 권선구 서둔동,중상사고,0,1,0,0,차대차 - 측면충돌,안전운전불이행,건조,맑음,기타 - 기타,승용,남,61세,중상,화물,남,52세,상해없음
2022100500100216,2022년 10월 5일 12시,수요일,경기도 수원시 팔달구 인계동,경상사고,0,0,1,0,차대차 - 측면충돌,중앙선침범,건조,맑음,교차로 - 교차로안,승용,남,28세,상해없음,자전거,여,18세,경상
2022100500100275,2022년 10월 5일 14시,수요일,경기도 수원시 권선구 세류동,경상사고,0,0,1,0,차대차 - 측면충돌,교차로운행방법위반,건조,맑음,교차로 - 교차로안,승용,남,65세,상해없음,승용,남,72세,경상
2022100500100329,2022년 10월 5일 15시,수요일,경기도 수원시 팔달구 매교동,중상사고,0,1,0,0,차대차 - 기타,안전운전불이행,건조,맑음,교차로 - 교차로부근,자전거,남,75세,중상,승합,남,34세,상해없음
2022100500100357,2022년 10월 5일 16시,수요일,경기도 수원시 장안구 정자동,중상사고,0,1,0,0,차대차 - 측면충돌,신호위반,건조,맑음,교차로 - 교차로안,이륜,남,23세,상해없음,이륜,남,29세,중상
2022100500100363,2022년 10월 5일 16시,수요일,경기도 수원시 영통구 원천동,중상사고,0,1,0,0,차대차 - 측면충돌,신호위반,건조,맑음,교차로 - 교차로안,승용,여,61세,상해없음,이륜,남,78세,중상
2022100500100365,2022년 10월 5일 16시,수요일,경기도 수원시 권선구 서둔동,경상사고,0,0,1,0,차대차 - 기타,안전운전불이행,건조,맑음,기타 - 기타,승합,남,64세,상해없음,승용,남,51세,경상
2022100500100443,2022년 10월 5일 18시,수요일,경기도 수원시 영통구 매탄동,경상사고,0,0,1,0,차대차 - 측면충돌,신호위반,건조,맑음,교차로 - 교차로안,승용,남,24세,상해없음,승용,여,28세,경상
2022100500100501,2022년 10월 5일 19시,수요일,경기도 수원시 영통구 영통동,경상사고,0,0,1,0,차대차 - 추돌,안전운전불이행,건조,맑음,교차로 - 교차로부근,승용,남,37세,상해없음,승용,남,52세,경상
2022100500100537,2022년 10월 5일 20시,수요일,경기도 수원시 장안구 이목동,중상사고,0,1,0,0,차대사람 - 횡단중,안전운전불이행,건조,맑음,단일로 - 기타,화물,남,47세,상해없음,보행자,남,97세,중상
2022100500100580,2022년 10월 5일 22시,수요일,경기도 수원시 팔달구 우만동,경상사고,0,0,1,0,차대차 - 기타,안전운전불이행,건조,맑음,교차로 - 교차로부근,승용,남,69세,상해없음,이륜,여,31세,경상
2022100500100583,2022년 10월 5일 22시,수요일,경기도 수원시 팔달구 매산로2가,경상사고,0,0,1,0,차대사람 - 길가장자리구역통행중,안전운전불이행,건조,맑음,기타 - 기타,개인형이동수단(PM),남,22세,상해없음,보행자,남,32세,경상
2022100600100092,2022년 10월 6일 08시,목요일,경기도 수원시 팔달구 인계동,경상사고,0,0,1,0,차대차 - 후진중충돌,안전운전불이행,건조,맑음,단일로 - 기타,승용,여,52세,상해없음,승합,여,53세,경상
2022100600100192,2022년 10월 6일 11시,목요일,경기도 수원시 장안구 정자동,사망사고,1,0,0,0,차대사람 - 차도통행중,안전운전불이행,건조,맑음,단일로 - 기타,화물,남,66세,상해없음,보행자,여,81세,사망
2022100600100280,2022년 10월 6일 14시,목요일,경기도 수원시 권선구 권선동,경상사고,0,0,2,0,차대차 - 측면충돌,차로위반,건조,맑음,단일로 - 기타,승용,남,55세,상해없음,승용,여,41세,경상
2022100600100281,2022년 10월 6일 14시,목요일,경기도 수원시 영통구 이의동,경상사고,0,0,1,0,차대차 - 기타,안전운전불이행,건조,맑음,기타 - 기타,승용,남,60세,상해없음,승용,여,38세,경상
2022100600100314,2022년 10월 6일 15시,목요일,경기도 수원시 권선구 금곡동,경상사고,0,0,1,0,차대차 - 측면충돌,안전운전불이행,건조,맑음,교차로 - 교차로안,승용,여,55세,상해없음,이륜,남,24세,경상
2022100600100484,2022년 10월 6일 19시,목요일,경기도 수원시 장안구 영화동,경상사고,0,0,4,0,차대차 - 기타,안전거리미확보,건조,맑음,교차로 - 교차로안,승용,남,49세,상해없음,승용,남,45세,경상
2022100600100551,2022년 10월 6일 21시,목요일,경기도 수원시 장안구 율전동,경상사고,0,0,1,1,차대사람 - 횡단중,안전운전불이행,건조,맑음,교차로 - 교차로횡단보도내,승용,남,25세,상해없음,보행자,남,28세,경상
2022100600100552,2022년 10월 6일 21시,목요일,경기도 수원시 장안구 송죽동,경상사고,0,0,1,0,차대차 - 추돌,안전운전불이행,건조,맑음,단일로 - 기타,승용,남,27세,상해없음,승용,남,31세,경상
2022100600100600,2022년 10월 6일 23시,목요일,경기도 수원시 영통구 매탄동,경상사고,0,0,1,0,차대차 - 측면충돌,교차로운행방법위반,건조,맑음,교차로 - 교차로부근,이륜,남,32세,상해없음,승용,여,63세,경상
2022100600100602,2022년 10월 6일 23시,목요일,경기도 수원시 권선구 금곡동,중상사고,0,1,0,0,차대차 - 기타,중앙선침범,건조,맑음,기타 - 기타,승용,남,26세,상해없음,이륜,남,22세,중상
2022100700100111,2022년 10월 7일 08시,금요일,경기도 수원시 장안구 정자동,중상사고,0,1,0,0,차대사람 - 횡단중,보행자보호의무위반,건조,맑음,단일로 - 기타,승용,여,54세,상해없음,보행자,남,54세,중상
2022100700100309,2022년 10월 7일 13시,금요일,경기도 수원시 영통구 매탄동,경상사고,0,0,1,0,차대차 - 측면충돌,안전거리미확보,건조,맑음,단일로 - 기타,승용,남,34세,상해없음,이륜,남,31세,경상
2022100700100344,2022년 10월 7일 14시,금요일,경기도 수원시 장안구 조원동,중상사고,0,1,0,0,차량단독 - 기타,안전운전불이행,건조,맑음,단일로 - 기타,승합,남,53세,상해없음,,,,
2022100700100476,2022년 10월 7일 17시,금요일,경기도 수원시 권선구 구운동,경상사고,0,0,1,1,차대차 - 측면충돌,안전거리미확보,건조,맑음,단일로 - 기타,화물,남,56세,부상신고,승용,남,50세,경상
2022100700100516,2022년 10월 7일 18시,금요일,경기도 수원시 권선구 평동,경상사고,0,0,1,1,차대차 - 기타,안전거리미확보,건조,맑음,단일로 - 기타,승용,남,36세,상해없음,승용,여,51세,경상
2022100700100517,2022년 10월 7일 18시,금요일,경기도 수원시 팔달구 고등동,경상사고,0,0,1,0,차대사람 - 기타,보행자보호의무위반,건조,맑음,교차로 - 교차로횡단보도내,승용,남,23세,상해없음,보행자,남,44세,경상
2022100700100569,2022년 10월 7일 19시,금요일,경기도 수원시 장안구 파장동,경상사고,0,0,1,0,차대차 - 추돌,안전운전불이행,건조,맑음,단일로 - 기타,승용,여,66세,상해없음,이륜,남,54세,경상
2022100700100645,2022년 10월 7일 21시,금요일,경기도 수원시 권선구 입북동,경상사고,0,0,4,0,차대차 - 추돌,안전운전불이행,건조,맑음,단일로 - 기타,승용,남,32세,상해없음,승용,남,44세,경상
2022100700100699,2022년 10월 7일 23시,금요일,경기도 수원시 팔달구 우만동,경상사고,0,0,1,0,차대사람 - 기타,안전운전불이행,건조,맑음,기타 - 기타,승용,남,29세,상해없음,보행자,남,47세,경상
2022100800100007,2022년 10월 8일 00시,토요일,경기도 수원시 영통구 이의동,부상신고사고,0,0,0,1,차대차 - 측면충돌,안전거리미확보,건조,맑음,기타 - 기타,승용,남,22세,상해없음,승용,여,56세,부상신고
2022100800100018,2022년 10월 8일 01시,토요일,경기도 수원시 장안구 영화동,경상사고,0,0,1,0,차대차 - 기타,안전운전불이행,건조,맑음,단일로 - 기타,승용,남,54세,상해없음,승용,남,35세,상해없음
2022100800100132,2022년 10월 8일 09시,토요일,경기도 수원시 장안구 연무동,경상사고,0,0,1,0,차대사람 - 횡단중,보행자보호의무위반,건조,맑음,교차로 - 교차로안,승용,남,51세,상해없음,보행자,남,40세,경상
2022100800100196,2022년 10월 8일 11시,토요일,경기도 수원시 장안구 파장동,중상사고,0,1,0,0,차대차 - 추돌,안전거리미확보,건조,맑음,단일로 - 기타,화물,남,42세,상해없음,승용,여,61세,중상
2022100800100250,2022년 10월 8일 12시,토요일,경기도 수원시 영통구 하동,중상사고,0,1,1,0,차대사람 - 횡단중,기타,건조,맑음,교차로 - 교차로횡단보도내,승용,남,58세,상해없음,보행자,남,13세,중상
2022100800100253,2022년 10월 8일 12시,토요일,경기도 수원시 권선구 구운동,부상신고사고,0,0,0,1,차대차 - 측면충돌,안전거리미확보,건조,맑음,단일로 - 기타,사륜오토바이(ATV),남,79세,부상신고,승용,남,53세,상해없음
2022100800100299,2022년 10월 8일 13시,토요일,경기도 수원시 팔달구 인계동,경상사고,0,0,1,0,차대차 - 측면충돌,안전운전불이행,건조,맑음,단일로 - 지하차도(도로)내,승용,남,27세,상해없음,승용,남,26세,경상
2022100800100338,2022년 10월 8일 14시,토요일,경기도 수원시 팔달구 지동,경상사고,0,0,1,0,차대사람 - 기타,안전운전불이행,건조,맑음,단일로 - 기타,승용,여,61세,상해없음,보행자,남,48세,경상
2022100800100365,2022년 10월 8일 15시,토요일,경기도 수원시 장안구 율전동,경상사고,0,0,3,0,차대차 - 기타,직진우회전진행방해,건조,맑음,교차로 - 교차로안,승용,남,52세,경상,화물,남,76세,상해없음
2022100800100404,2022년 10월 8일 16시,토요일,경기도 수원시 팔달구 우만동,경상사고,0,0,1,0,차대차 - 기타,안전운전불이행,건조,맑음,교차로 - 교차로안,화물,남,55세,상해없음,승용,여,50세,경상
2022100800100448,2022년 10월 8일 17시,토요일,경기도 수원시 팔달구 장안동,경상사고,0,0,2,0,차대차 - 후진중충돌,안전운전불이행,건조,맑음,교차로 - 교차로부근,승용,남,70세,상해없음,승용,남,24세,경상
2022100800100449,2022년 10월 8일 17시,토요일,경기도 수원시 팔달구 화서동,경상사고,0,0,1,0,차대차 - 기타,직진우회전진행방해,건조,맑음,교차로 - 교차로안,이륜,기타불명,미분류,기타불명,승합,남,48세,상해없음
2022100800100543,2022년 10월 8일 19시,토요일,경기도 수원시 팔달구 우만동,중상사고,0,1,0,0,차대차 - 기타,안전운전불이행,건조,맑음,교차로 - 교차로안,승용,남,37세,상해없음,이륜,남,60세,중상
2022100800100637,2022년 10월 8일 22시,토요일,경기도 수원시 영통구 원천동,경상사고,0,0,1,0,차대차 - 정면충돌,신호위반,건조,맑음,교차로 - 교차로안,이륜,남,17세,상해없음,이륜,남,44세,경상
2022100900100018,2022년 10월 9일 01시,일요일,경기도 수원시 팔달구 인계동,경상사고,0,0,1,0,차대사람 - 차도통행중,안전운전불이행,건조,맑음,단일로 - 지하차도(도로)내,승용,남,62세,상해없음,보행자,남,25세,경상
2022100900100055,2022년 10월 9일 05시,일요일,경기도 수원시 권선구 고색동,중상사고,0,1,0,0,차대차 - 기타,안전운전불이행,건조,맑음,단일로 - 기타,자전거,남,14세,중상,화물,남,60세,상해없음
2022100900100077,2022년 10월 9일 08시,일요일,경기도 수원시 권선구 금곡동,경상사고,0,0,1,0,차대차 - 기타,안전거리미확보,건조,맑음,단일로 - 기타,승용,여,23세,상해없음,승용,여,29세,경상
2022100900100106,2022년 10월 9일 10시,일요일,경기도 수원시 장안구 송죽동,중상사고,0,1,1,0,차대차 - 기타,직진우회전진행방해,젖음/습기,비,교차로 - 교차로안,승용,남,68세,중상,이륜,남,45세,경상
2022100900100130,2022년 10월 9일 11시,일요일,경기도 수원시 권선구 권선동,중상사고,0,1,0,0,차대차 - 기타,안전운전불이행,젖음/습기,비,단일로 - 기타,승용,남,39세,상해없음,이륜,남,47세,중상
2022100900100219,2022년 10월 9일 14시,일요일,경기도 수원시 권선구 평동,경상사고,0,0,1,0,차대차 - 측면충돌,안전운전불이행,젖음/습기,비,교차로 - 교차로부근,승합,남,60세,상해없음,승용,남,41세,경상
2022100900100282,2022년 10월 9일 16시,일요일,경기도 수원시 영통구 매탄동,경상사고,0,0,3,0,차대차 - 추돌,안전운전불이행,건조,맑음,기타 - 기타,승용,남,54세,상해없음,승용,남,59세,경상
2022100900100335,2022년 10월 9일 18시,일요일,경기도 수원시 장안구 천천동,경상사고,0,0,2,0,차대사람 - 기타,안전운전불이행,건조,맑음,교차로 - 교차로횡단보도내,이륜,남,25세,상해없음,보행자,여,49세,경상
2022100900100492,2022년 10월 9일 22시,일요일,경기도 수원시 장안구 조원동,중상사고,0,1,0,0,차대차 - 기타,안전운전불이행,젖음/습기,비,교차로 - 교차로안,승용,남,31세,상해없음,이륜,남,41세,중상
2022100900100524,2022년 10월 9일 23시,일요일,경기도 수원시 팔달구 인계동,경상사고,0,0,1,0,차대차 - 기타,신호위반,건조,맑음,교차로 - 교차로안,승용,남,32세,상해없음,이륜,남,41세,경상
2022101000100012,2022년 10월 10일 01시,월요일,경기도 수원시 권선구 권선동,중상사고,0,1,0,0,차대차 - 추돌,안전운전불이행,젖음/습기,비,단일로 - 기타,승용,남,22세,상해없음,승용,남,49세,중상
2022101000100018,2022년 10월 10일 02시,월요일,경기도 수원시 권선구 권선동,중상사고,0,1,0,0,차대사람 - 기타,안전운전불이행,건조,맑음,단일로 - 기타,승용,남,47세,상해없음,보행자,남,55세,중상
2022101000100076,2022년 10월 10일 09시,월요일,경기도 수원시 권선구 서둔동,경상사고,0,0,1,0,차대차 - 추돌,안전운전불이행,젖음/습기,비,단일로 - 기타,승용,남,27세,상해없음,승용,남,65세,경상
2022101000100169,2022년 10월 10일 13시,월요일,경기도 수원시 팔달구 신풍동,경상사고,0,0,1,0,차대사람 - 길가장자리구역통행중,안전운전불이행,건조,맑음,단일로 - 기타,승용,여,32세,상해없음,보행자,남,31세,경상
2022101000100388,2022년 10월 10일 19시,월요일,경기도 수원시 권선구 권선동,중상사고,0,1,0,0,차대차 - 측면충돌,중앙선침범,젖음/습기,비,교차로 - 교차로부근,승용,남,26세,상해없음,이륜,남,35세,중상
2022101000100417,2022년 10월 10일 20시,월요일,경기도 수원시 팔달구 팔달로3가,경상사고,0,0,1,0,차대사람 - 기타,안전운전불이행,건조,맑음,단일로 - 기타,승용,남,29세,상해없음,보행자,남,79세,경상
2022101000100418,2022년 10월 10일 20시,월요일,경기도 수원시 장안구 정자동,경상사고,0,0,1,0,차대차 - 기타,중앙선침범,건조,맑음,단일로 - 기타,승용,남,36세,상해없음,승용,여,49세,경상
2022101000100423,2022년 10월 10일 20시,월요일,경기도 수원시 팔달구 매산로2가,경상사고,0,0,3,0,차대차 - 추돌,안전운전불이행,건조,맑음,교차로 - 교차로안,승용,남,23세,상해없음,승용,여,46세,경상
2022101000100439,2022년 10월 10일 21시,월요일,경기도 수원시 팔달구 인계동,중상사고,0,1,0,0,차대차 - 측면충돌,신호위반,건조,맑음,교차로 - 교차로안,승용,남,31세,상해없음,이륜,남,32세,중상
2022101000100465,2022년 10월 10일 22시,월요일,경기도 수원시 장안구 영화동,경상사고,0,0,1,0,차대사람 - 길가장자리구역통행중,안전운전불이행,건조,맑음,기타 - 기타,승용,여,54세,상해없음,보행자,남,38세,경상
2022101100100009,2022년 10월 11일 01시,화요일,경기도 수원시 팔달구 우만동,경상사고,0,0,1,0,차대차 - 기타,안전운전불이행,건조,맑음,기타 - 기타,승용,남,33세,경상,승용,기타불명,미분류,기타불명
2022101100100015,2022년 10월 11일 02시,화요일,경기도 수원시 영통구 이의동,중상사고,0,2,1,0,차대차 - 추돌,안전운전불이행,건조,맑음,단일로 - 기타,승용,남,44세,상해없음,승용,남,71세,경상
2022101100100039,2022년 10월 11일 06시,화요일,경기도 수원시 팔달구 화서동,부상신고사고,0,0,0,1,차대차 - 정면충돌,불법유턴,건조,맑음,교차로 - 교차로횡단보도내,자전거,남,57세,부상신고,승용,남,67세,상해없음
2022101100100061,2022년 10월 11일 07시,화요일,경기도 수원시 팔달구 화서동,경상사고,0,0,1,0,차대차 - 기타,안전운전불이행,건조,맑음,교차로 - 교차로안,승용,남,40세,상해없음,승합,남,50세,상해없음
2022101100100068,2022년 10월 11일 07시,화요일,경기도 수원시 팔달구 매교동,경상사고,0,0,1,0,차대차 - 추돌,안전운전불이행,건조,맑음,교차로 - 교차로부근,화물,남,46세,상해없음,승용,남,51세,경상
2022101100100104,2022년 10월 11일 08시,화요일,경기도 수원시 팔달구 인계동,중상사고,0,1,0,0,차대차 - 추돌,신호위반,건조,맑음,교차로 - 교차로부근,화물,남,77세,상해없음,승용,남,32세,중상
2022101100100105,2022년 10월 11일 08시,화요일,경기도 수원시 권선구 고색동,경상사고,0,0,1,0,차대차 - 측면충돌,안전운전불이행,건조,맑음,교차로 - 교차로횡단보도내,승용,남,25세,상해없음,자전거,여,50세,경상
2022101100100152,2022년 10월 11일 09시,화요일,경기도 수원시 권선구 권선동,경상사고,0,0,1,0,차대차 - 기타,안전운전불이행,건조,맑음,교차로 - 교차로부근,승용,여,41세,기타불명,승용,여,39세,경상
2022101100100193,2022년 10월 11일 10시,화요일,경기도 수원시 팔달구 지동,경상사고,0,0,2,0,차대차 - 추돌,안전운전불이행,건조,맑음,단일로 - 지하차도(도로)내,승합,남,35세,상해없음,승용,남,29세,경상
2022101100100196,2022년 10월 11일 10시,화요일,경기도 수원시 권선구 탑동,경상사고,0,0,2,0,차대차 - 추돌,안전운전불이행,건조,맑음,교차로 - 교차로부근,승용,여,27세,상해없음,이륜,남,47세,경상
2022101100100290,2022년 10월 11일 13시,화요일,경기도 수원시 영통구 원천동,경상사고,0,0,1,0,차대사람 - 횡단중,신호위반,건조,맑음,교차로 - 교차로횡단보도내,승용,남,73세,상해없음,보행자,남,32세,경상
2022101100100326,2022년 10월 11일 14시,화요일,경기도 수원시 장안구 영화동,경상사고,0,0,1,0,차대차 - 기타,직진우회전진행방해,건조,맑음,교차로 - 교차로안,승용,남,38세,상해없음,자전거,남,52세,경상
2022101100100383,2022년 10월 11일 15시,화요일,경기도 수원시 권선구 탑동,경상사고,0,0,1,0,차대차 - 측면충돌,교차로운행방법위반,건조,맑음,교차로 - 교차로안,승용,여,41세,상해없음,승용,여,30세,경상
2022101100100420,2022년 10월 11일 16시,화요일,경기도 수원시 장안구 영화동,중상사고,0,1,0,0,차대사람 - 횡단중,보행자보호의무위반,건조,맑음,기타 - 기타,승용,남,65세,상해없음,보행자,남,13세,중상
2022101100100431,2022년 10월 11일 16시,화요일,경기도 수원시 팔달구 매교동,경상사고,0,0,1,0,차대차 - 측면충돌,신호위반,건조,맑음,교차로 - 교차로부근,승용,남,65세,상해없음,승합,남,55세,경상
2022101100100432,2022년 10월 11일 16시,화요일,경기도 수원시 권선구 세류동,부상신고사고,0,0,0,1,차대차 - 측면충돌,차로위반,건조,맑음,단일로 - 기타,승용,남,75세,상해없음,승용,남,51세,부상신고
2022101100100473,2022년 10월 11일 17시,화요일,경기도 수원시 팔달구 매향동,경상사고,0,0,1,0,차대차 - 기타,안전운전불이행,건조,맑음,교차로 - 교차로안,승용,남,56세,상해없음,이륜,남,66세,경상
2022101100100477,2022년 10월 11일 17시,화요일,경기도 수원시 권선구 권선동,경상사고,0,0,1,0,차대차 - 측면충돌,안전운전불이행,건조,맑음,단일로 - 기타,이륜,남,36세,경상,승용,남,72세,상해없음
2022101100100576,2022년 10월 11일 19시,화요일,경기도 수원시 장안구 조원동,중상사고,0,1,0,0,차대사람 - 길가장자리구역통행중,안전운전불이행,건조,맑음,단일로 - 기타,화물,남,62세,상해없음,보행자,여,58세,중상
2022101100100581,2022년 10월 11일 19시,화요일,경기도 수원시 영통구 이의동,경상사고,0,0,2,0,차대차 - 정면충돌,불법유턴,건조,맑음,단일로 - 기타,승용,남,30세,상해없음,승용,여,27세,경상
2022101100100586,2022년 10월 11일 19시,화요일,경기도 수원시 영통구 망포동,경상사고,0,0,4,0,차대차 - 추돌,안전운전불이행,건조,맑음,단일로 - 기타,승용,여,38세,상해없음,승용,남,46세,경상
2022101100100643,2022년 10월 11일 21시,화요일,경기도 수원시 팔달구 우만동,경상사고,0,0,2,0,차대차 - 기타,안전운전불이행,건조,맑음,주차장 - 주차장,승용,남,63세,상해없음,승용,남,53세,경상
2022101100100651,2022년 10월 11일 21시,화요일,경기도 수원시 영통구 매탄동,경상사고,0,0,1,0,차대차 - 기타,신호위반,건조,맑음,교차로 - 교차로안,승용,남,48세,상해없음,승합,남,54세,상해없음
2022101200100035,2022년 10월 12일 06시,수요일,경기도 수원시 장안구 조원동,경상사고,0,0,2,0,차대차 - 기타,교차로운행방법위반,건조,맑음,교차로 - 교차로안,승용,남,34세,상해없음,승용,남,69세,경상
2022101200100067,2022년 10월 12일 07시,수요일,경기도 수원시 영통구 매탄동,경상사고,0,0,1,0,차대차 - 측면충돌,안전운전불이행,건조,맑음,교차로 - 교차로안,승용,여,34세,상해없음,승용,여,25세,경상
2022101200100150,2022년 10월 12일 09시,수요일,경기도 수원시 장안구 영화동,경상사고,0,0,1,0,차대차 - 기타,안전운전불이행,건조,맑음,단일로 - 기타,승합,남,59세,기타불명,승용,여,45세,경상
2022101200100153,2022년 10월 12일 09시,수요일,경기도 수원시 영통구 매탄동,경상사고,0,0,1,0,차대차 - 기타,교차로운행방법위반,건조,맑음,교차로 - 교차로안,승합,남,49세,상해없음,승용,남,52세,상해없음
2022101200100212,2022년 10월 12일 11시,수요일,경기도 수원시 장안구 하광교동,중상사고,0,1,0,0,차대사람 - 기타,안전운전불이행,건조,맑음,교차로 - 교차로안,화물,남,73세,상해없음,보행자,남,78세,중상
2022101200100354,2022년 10월 12일 15시,수요일,경기도 수원시 팔달구 화서동,중상사고,0,1,0,0,차대사람 - 횡단중,안전운전불이행,건조,맑음,단일로 - 기타,승용,남,61세,상해없음,보행자,여,60세,중상
2022101200100355,2022년 10월 12일 15시,수요일,경기도 수원시 장안구 조원동,경상사고,0,0,1,0,차대사람 - 횡단중,안전운전불이행,건조,맑음,기타 - 기타,개인형이동수단(PM),남,15세,상해없음,보행자,여,35세,경상
2022101200100360,2022년 10월 12일 15시,수요일,경기도 수원시 권선구 구운동,경상사고,0,0,1,0,차대차 - 측면충돌,안전거리미확보,건조,맑음,단일로 - 기타,승용,남,73세,상해없음,화물,남,40세,경상
2022101200100392,2022년 10월 12일 16시,수요일,경기도 수원시 권선구 서둔동,경상사고,0,0,1,0,차대차 - 기타,안전운전불이행,건조,맑음,단일로 - 기타,승용,남,30세,상해없음,승용,여,54세,경상
2022101200100534,2022년 10월 12일 19시,수요일,경기도 수원시 장안구 정자동,경상사고,0,0,1,0,차대차 - 기타,안전거리미확보,건조,맑음,교차로 - 교차로안,승용,여,49세,상해없음,승용,남,38세,경상
2022101200100605,2022년 10월 12일 21시,수요일,경기도 수원시 권선구 구운동,경상사고,0,0,2,0,차대차 - 추돌,안전운전불이행,건조,맑음,단일로 - 기타,화물,남,47세,상해없음,승용,남,62세,경상
2022101200100628,2022년 10월 12일 22시,수요일,경기도 수원시 장안구 이목동,경상사고,0,0,1,0,차대차 - 측면충돌,기타,건조,맑음,교차로 - 교차로부근,화물,남,49세,상해없음,승용,남,60세,경상
2022101300100075,2022년 10월 13일 07시,목요일,경기도 수원시 영통구 신동,중상사고,0,1,0,0,차대사람 - 길가장자리구역통행중,안전운전불이행,건조,맑음,교차로 - 교차로부근,승용,남,51세,상해없음,보행자,남,27세,중상
2022101300100102,2022년 10월 13일 08시,목요일,경기도 수원시 장안구 송죽동,경상사고,0,0,1,1,차대차 - 기타,안전거리미확보,건조,맑음,교차로 - 교차로부근,승용,여,51세,부상신고,승용,남,58세,경상
2022101300100107,2022년 10월 13일 08시,목요일,경기도 수원시 팔달구 인계동,경상사고,0,0,1,1,차대차 - 측면충돌,차로위반,건조,맑음,단일로 - 기타,승용,남,62세,상해없음,화물,남,48세,경상
2022101300100229,2022년 10월 13일 11시,목요일,경기도 수원시 팔달구 인계동,경상사고,0,0,1,0,차대차 - 측면충돌,신호위반,건조,맑음,교차로 - 교차로안,이륜,남,41세,상해없음,승용,여,50세,경상