사고번호,사고일시,요일,시군구,사고내용,사망자수,중상자수,경상자수,부상신고자수,사고유형,법규위반,노면상태,기상상태,도로형태,가해운전자 차종,가해운전자 성별,가해운전자 연령,가해운전자 상해정도,피해운전자 차종,피해운전자 성별,피해운전자 연령,피해운전자 상해정도
2022101300100230,2022년 10월 13일 11시,목요일,경기도 수원시 영통구 영통동,경상사고,0,0,1,0,차대차 - 측면충돌,안전운전불이행,건조,맑음,기타 - 기타,승용,여,52세,상해없음,승용,여,57세,경상
2022101300100255,2022년 10월 13일 12시,목요일,경기도 수원시 장안구 천천동,부상신고사고,0,0,0,1,차대차 - 측면충돌,안전거리미확보,건조,맑음,단일로 - 기타,이륜,남,42세,부상신고,승용,여,50세,상해없음
2022101300100281,2022년 10월 13일 13시,목요일,경기도 수원시 영통구 이의동,중상사고,0,1,0,0,차량단독 - 기타,안전운전불이행,건조,맑음,단일로 - 기타,승합,남,64세,상해없음,,,,
2022101300100348,2022년 10월 13일 15시,목요일,경기도 수원시 장안구 연무동,경상사고,0,0,1,0,차대차 - 기타,안전운전불이행,건조,맑음,교차로 - 교차로안,승용,남,81세,상해없음,승용,남,35세,경상
2022101300100493,2022년 10월 13일 18시,목요일,경기도 수원시 영통구 영통동,경상사고,0,0,2,0,차대차 - 추돌,안전운전불이행,건조,맑음,교차로 - 교차로안,승용,여,38세,상해없음,승용,남,36세,경상
2022101300100539,2022년 10월 13일 19시,목요일,경기도 수원시 영통구 신동,중상사고,0,1,0,0,차대사람 - 횡단중,신호위반,건조,맑음,단일로 - 기타,승용,여,29세,상해없음,보행자,여,53세,중상
2022101300100540,2022년 10월 13일 19시,목요일,경기도 수원시 영통구 매탄동,경상사고,0,0,1,0,차대차 - 기타,신호위반,건조,맑음,교차로 - 교차로횡단보도내,승용,여,48세,상해없음,자전거,여,24세,경상
2022101300100584,2022년 10월 13일 20시,목요일,경기도 수원시 팔달구 고등동,경상사고,0,0,2,0,차대차 - 측면충돌,직진우회전진행방해,건조,맑음,교차로 - 교차로안,승용,남,27세,상해없음,승용,여,62세,경상
2022101300100614,2022년 10월 13일 21시,목요일,경기도 수원시 영통구 망포동,경상사고,0,0,2,0,차대사람 - 차도통행중,안전운전불이행,건조,맑음,단일로 - 기타,승용,남,55세,상해없음,보행자,남,20세,경상
2022101300100636,2022년 10월 13일 22시,목요일,경기도 수원시 권선구 탑동,경상사고,0,0,1,0,차량단독 - 기타,안전운전불이행,건조,맑음,기타 - 기타,개인형이동수단(PM),남,29세,경상,,,,
2022101300100650,2022년 10월 13일 23시,목요일,경기도 수원시 영통구 망포동,중상사고,0,1,0,1,차대사람 - 기타,안전운전불이행,건조,맑음,단일로 - 기타,이륜,남,30세,부상신고,보행자,남,55세,중상
2022101400100015,2022년 10월 14일 01시,금요일,경기도 수원시 팔달구 인계동,중상사고,0,1,1,0,차대차 - 기타,안전거리미확보,건조,맑음,교차로 - 교차로부근,승용,남,48세,상해없음,승용,남,48세,경상
2022101400100031,2022년 10월 14일 04시,금요일,경기도 수원시 권선구 권선동,경상사고,0,0,1,0,차대차 - 측면충돌,신호위반,건조,맑음,교차로 - 교차로안,이륜,남,20세,상해없음,승용,여,51세,경상
2022101400100142,2022년 10월 14일 09시,금요일,경기도 수원시 영통구 이의동,중상사고,0,1,0,0,차량단독 - 기타,안전운전불이행,건조,맑음,단일로 - 기타,승합,남,57세,상해없음,,,,
2022101400100183,2022년 10월 14일 11시,금요일,경기도 수원시 장안구 파장동,경상사고,0,0,1,0,차대차 - 기타,안전운전불이행,건조,맑음,교차로 - 교차로안,이륜,여,56세,경상,승용,남,67세,상해없음
2022101400100260,2022년 10월 14일 13시,금요일,경기도 수원시 장안구 연무동,경상사고,0,0,1,0,차대차 - 측면충돌,안전거리미확보,건조,맑음,교차로 - 교차로안,승용,여,59세,상해없음,승합,남,54세,경상
2022101400100267,2022년 10월 14일 13시,금요일,경기도 수원시 권선구 서둔동,경상사고,0,0,3,0,차대차 - 기타,안전운전불이행,건조,맑음,단일로 - 기타,이륜,남,41세,상해없음,승용,남,49세,경상
2022101400100349,2022년 10월 14일 15시,금요일,경기도 수원시 권선구 세류동,경상사고,0,0,1,0,차대차 - 기타,교차로운행방법위반,건조,맑음,교차로 - 교차로안,승용,여,43세,경상,승용,남,65세,상해없음
2022101400100352,2022년 10월 14일 15시,금요일,경기도 수원시 권선구 고색동,부상신고사고,0,0,0,2,차대차 - 추돌,안전운전불이행,건조,맑음,교차로 - 교차로부근,기타불명,기타불명,미분류,기타불명,승용,남,58세,부상신고
2022101400100388,2022년 10월 14일 16시,금요일,경기도 수원시 장안구 파장동,경상사고,0,0,1,0,차대차 - 기타,안전운전불이행,건조,맑음,교차로 - 교차로안,승용,남,40세,상해없음,특수,남,72세,경상
2022101400100394,2022년 10월 14일 16시,금요일,경기도 수원시 권선구 금곡동,경상사고,0,0,1,0,차대차 - 기타,신호위반,건조,맑음,교차로 - 교차로안,승용,남,57세,상해없음,승용,남,40세,경상
2022101400100395,2022년 10월 14일 16시,금요일,경기도 수원시 권선구 구운동,경상사고,0,0,1,0,차대차 - 기타,안전운전불이행,건조,맑음,교차로 - 교차로안,승용,남,37세,상해없음,승용,남,61세,경상
2022101400100447,2022년 10월 14일 17시,금요일,경기도 수원시 영통구 이의동,경상사고,0,0,1,0,차대차 - 측면충돌,신호위반,건조,맑음,단일로 - 기타,승용,남,40세,상해없음,승용,남,51세,경상
2022101400100506,2022년 10월 14일 18시,금요일,경기도 수원시 장안구 조원동,경상사고,0,0,1,0,차대차 - 측면충돌,신호위반,건조,맑음,교차로 - 교차로안,승용,남,56세,상해없음,이륜,남,41세,경상
2022101400100582,2022년 10월 14일 19시,금요일,경기도 수원시 장안구 율전동,경상사고,0,0,1,0,차대차 - 기타,안전운전불이행,건조,맑음,단일로 - 기타,승용,여,48세,상해없음,승합,여,54세,경상
2022101400100667,2022년 10월 14일 22시,금요일,경기도 수원시 장안구 영화동,중상사고,0,1,0,0,차대사람 - 횡단중,안전운전불이행,건조,맑음,교차로 - 교차로안,승용,남,27세,상해없음,보행자,남,44세,중상
2022101500100020,2022년 10월 15일 01시,토요일,경기도 수원시 영통구 원천동,경상사고,0,0,1,0,차대사람 - 횡단중,안전운전불이행,건조,맑음,단일로 - 기타,이륜,남,36세,상해없음,보행자,남,78세,경상
2022101500100051,2022년 10월 15일 06시,토요일,경기도 수원시 장안구 천천동,경상사고,0,0,1,0,차대차 - 기타,안전거리미확보,건조,맑음,단일로 - 기타,승용,남,37세,상해없음,화물,남,59세,경상
2022101500100080,2022년 10월 15일 08시,토요일,경기도 수원시 권선구 평동,중상사고,0,1,0,0,차대차 - 추돌,안전운전불이행,건조,맑음,교차로 - 교차로부근,화물,남,45세,상해없음,승용,여,54세,중상
2022101500100094,2022년 10월 15일 09시,토요일,경기도 수원시 권선구 권선동,경상사고,0,0,1,0,차대사람 - 기타,안전운전불이행,건조,맑음,단일로 - 기타,특수,남,40세,상해없음,보행자,여,20세,경상
2022101500100121,2022년 10월 15일 10시,토요일,경기도 수원시 장안구 정자동,경상사고,0,0,3,0,차대차 - 추돌,안전거리미확보,건조,맑음,교차로 - 교차로부근,승용,남,27세,상해없음,승용,남,52세,경상
2022101500100125,2022년 10월 15일 10시,토요일,경기도 수원시 영통구 이의동,경상사고,0,0,1,0,차대차 - 기타,안전운전불이행,건조,맑음,교차로 - 교차로부근,승용,남,42세,상해없음,자전거,남,34세,경상
2022101500100126,2022년 10월 15일 10시,토요일,경기도 수원시 권선구 금곡동,중상사고,0,1,0,0,차대사람 - 기타,안전운전불이행,건조,맑음,단일로 - 기타,승합,남,57세,상해없음,보행자,여,77세,중상
2022101500100158,2022년 10월 15일 11시,토요일,경기도 수원시 권선구 오목천동,경상사고,0,0,1,0,차대차 - 기타,안전운전불이행,건조,맑음,교차로 - 교차로횡단보도내,승용,남,47세,상해없음,자전거,남,12세,경상
2022101500100201,2022년 10월 15일 12시,토요일,경기도 수원시 팔달구 남수동,경상사고,0,0,1,0,차대사람 - 기타,안전운전불이행,건조,맑음,교차로 - 교차로부근,승용,남,49세,상해없음,보행자,남,46세,경상
2022101500100245,2022년 10월 15일 13시,토요일,경기도 수원시 팔달구 매교동,경상사고,0,0,1,0,차대사람 - 보도통행중,기타,건조,맑음,단일로 - 기타,승용,남,34세,상해없음,보행자,남,26세,경상
2022101500100284,2022년 10월 15일 14시,토요일,경기도 수원시 팔달구 장안동,경상사고,0,0,1,0,차대사람 - 길가장자리구역통행중,안전운전불이행,건조,맑음,교차로 - 교차로부근,승용,여,25세,상해없음,보행자,여,58세,경상
2022101500100319,2022년 10월 15일 15시,토요일,경기도 수원시 팔달구 매향동,경상사고,0,0,2,0,차대차 - 후진중충돌,안전운전불이행,건조,맑음,단일로 - 기타,승용,여,69세,상해없음,승용,남,43세,경상
2022101500100325,2022년 10월 15일 15시,토요일,경기도 수원시 권선구 고색동,경상사고,0,0,1,0,차대사람 - 차도통행중,안전운전불이행,건조,맑음,교차로 - 교차로안,승용,남,38세,상해없음,보행자,여,18세,경상
2022101500100326,2022년 10월 15일 15시,토요일,경기도 수원시 권선구 서둔동,경상사고,0,0,2,1,차대차 - 추돌,안전운전불이행,건조,맑음,단일로 - 기타,화물,남,57세,상해없음,이륜,남,42세,부상신고
2022101500100456,2022년 10월 15일 18시,토요일,경기도 수원시 권선구 권선동,경상사고,0,0,2,0,차대차 - 측면충돌,교차로운행방법위반,건조,맑음,단일로 - 기타,승용,여,57세,상해없음,이륜,남,30세,경상
2022101500100531,2022년 10월 15일 20시,토요일,경기도 수원시 영통구 이의동,경상사고,0,0,2,0,차대차 - 측면충돌,신호위반,건조,맑음,교차로 - 교차로안,승용,남,63세,상해없음,승용,남,30세,경상
2022101500100532,2022년 10월 15일 20시,토요일,경기도 수원시 영통구 원천동,중상사고,0,1,0,0,차대차 - 측면충돌,직진우회전진행방해,건조,맑음,교차로 - 교차로안,이륜,남,40세,중상,개인형이동수단(PM),남,21세,상해없음
2022101500100533,2022년 10월 15일 20시,토요일,경기도 수원시 팔달구 매교동,중상사고,0,4,4,3,차대차 - 추돌,안전거리미확보,건조,맑음,교차로 - 교차로부근,승용,남,35세,상해없음,승용,남,50세,중상
2022101500100561,2022년 10월 15일 21시,토요일,경기도 수원시 팔달구 인계동,중상사고,0,1,0,0,차대차 - 측면충돌,신호위반,건조,맑음,교차로 - 교차로안,승합,남,29세,상해없음,개인형이동수단(PM),남,39세,중상
2022101500100587,2022년 10월 15일 22시,토요일,경기도 수원시 팔달구 구천동,경상사고,0,0,1,0,차량단독 - 기타,안전운전불이행,건조,맑음,단일로 - 기타,승합,남,51세,상해없음,,,,
2022101600100041,2022년 10월 16일 03시,일요일,경기도 수원시 팔달구 인계동,경상사고,0,0,1,0,차대차 - 측면충돌,신호위반,건조,맑음,교차로 - 교차로횡단보도내,승용,남,66세,상해없음,이륜,남,23세,상해없음
2022101600100050,2022년 10월 16일 04시,일요일,경기도 수원시 영통구 매탄동,경상사고,0,0,1,0,차대차 - 측면충돌,차로위반,건조,맑음,기타 - 기타,승용,남,60세,상해없음,승용,여,65세,경상
2022101600100119,2022년 10월 16일 10시,일요일,경기도 수원시 장안구 연무동,중상사고,0,1,0,0,차대차 - 기타,안전운전불이행,건조,맑음,교차로 - 교차로안,이륜,남,49세,상해없음,이륜,남,31세,중상
2022101600100171,2022년 10월 16일 12시,일요일,경기도 수원시 영통구 이의동,경상사고,0,0,3,0,차대차 - 기타,신호위반,건조,맑음,단일로 - 기타,화물,남,55세,상해없음,승용,남,26세,경상
2022101600100207,2022년 10월 16일 13시,일요일,경기도 수원시 영통구 영통동,중상사고,0,1,0,0,차대차 - 측면충돌,신호위반,건조,맑음,교차로 - 교차로안,승용,남,38세,상해없음,이륜,남,43세,중상
2022101600100267,2022년 10월 16일 15시,일요일,경기도 수원시 영통구 망포동,경상사고,0,0,1,0,차대차 - 측면충돌,교차로운행방법위반,건조,맑음,교차로 - 교차로안,승용,남,62세,상해없음,승용,남,30세,경상
2022101600100294,2022년 10월 16일 16시,일요일,경기도 수원시 영통구 매탄동,경상사고,0,0,1,0,차대차 - 측면충돌,안전운전불이행,건조,맑음,단일로 - 기타,자전거,남,12세,상해없음,이륜,남,45세,경상
2022101600100321,2022년 10월 16일 17시,일요일,경기도 수원시 영통구 영통동,경상사고,0,0,1,0,차대사람 - 보도통행중,기타,건조,맑음,단일로 - 기타,자전거,남,27세,상해없음,보행자,여,29세,경상
2022101600100351,2022년 10월 16일 18시,일요일,경기도 수원시 장안구 송죽동,경상사고,0,0,1,0,차대차 - 기타,안전운전불이행,건조,맑음,교차로 - 교차로안,승용,여,51세,상해없음,이륜,남,33세,경상
2022101600100352,2022년 10월 16일 18시,일요일,경기도 수원시 장안구 정자동,경상사고,0,0,1,0,차대차 - 추돌,안전운전불이행,건조,맑음,단일로 - 기타,승용,남,33세,상해없음,이륜,남,54세,경상
2022101600100474,2022년 10월 16일 22시,일요일,경기도 수원시 권선구 세류동,경상사고,0,0,1,0,차대사람 - 길가장자리구역통행중,안전운전불이행,건조,맑음,교차로 - 교차로안,승용,남,32세,상해없음,보행자,남,52세,경상
2022101600100489,2022년 10월 16일 23시,일요일,경기도 수원시 권선구 당수동,경상사고,0,0,2,0,차대차 - 기타,안전운전불이행,건조,맑음,단일로 - 기타,승용,남,57세,상해없음,승용,남,59세,경상
2022101700100030,2022년 10월 17일 05시,월요일,경기도 수원시 권선구 탑동,경상사고,0,0,1,0,차대차 - 기타,안전거리미확보,건조,맑음,단일로 - 기타,승합,남,59세,상해없음,승합,남,50세,상해없음
2022101700100040,2022년 10월 17일 06시,월요일,경기도 수원시 권선구 호매실동,부상신고사고,0,0,0,1,차대차 - 추돌,안전운전불이행,건조,맑음,교차로 - 교차로부근,승합,남,57세,상해없음,승용,남,24세,부상신고
2022101700100067,2022년 10월 17일 07시,월요일,경기도 수원시 권선구 평동,경상사고,0,0,2,0,차대차 - 측면충돌,신호위반,건조,맑음,교차로 - 교차로안,승용,남,57세,상해없음,승용,남,50세,경상
2022101700100102,2022년 10월 17일 08시,월요일,경기도 수원시 영통구 매탄동,중상사고,0,1,0,0,차대차 - 측면충돌,안전운전불이행,건조,맑음,단일로 - 기타,승용,여,72세,상해없음,자전거,남,22세,중상
2022101700100183,2022년 10월 17일 10시,월요일,경기도 수원시 장안구 천천동,중상사고,0,1,2,0,차대차 - 측면충돌,안전운전불이행,건조,맑음,교차로 - 교차로안,화물,남,75세,중상,승용,남,18세,경상
2022101700100224,2022년 10월 17일 11시,월요일,경기도 수원시 팔달구 매산로1가,경상사고,0,0,1,0,차대차 - 측면충돌,교차로운행방법위반,건조,맑음,교차로 - 교차로안,승용,여,61세,상해없음,승용,남,38세,경상
2022101700100348,2022년 10월 17일 14시,월요일,경기도 수원시 권선구 서둔동,경상사고,0,0,1,0,차대차 - 측면충돌,안전운전불이행,건조,맑음,교차로 - 교차로부근,승용,남,30세,상해없음,화물,남,42세,경상
2022101700100385,2022년 10월 17일 15시,월요일,경기도 수원시 팔달구 화서동,경상사고,0,0,1,0,차대차 - 기타,안전운전불이행,건조,맑음,교차로 - 교차로부근,승용,여,35세,상해없음,자전거,남,81세,경상
2022101700100437,2022년 10월 17일 16시,월요일,경기도 수원시 권선구 세류동,중상사고,0,1,0,0,차대차 - 측면충돌,직진우회전진행방해,건조,맑음,교차로 - 교차로안,화물,남,22세,상해없음,이륜,남,42세,중상
2022101700100438,2022년 10월 17일 16시,월요일,경기도 수원시 권선구 금곡동,경상사고,0,0,2,0,차대차 - 측면충돌,교차로운행방법위반,건조,맑음,교차로 - 교차로안,승용,여,55세,경상,승용,여,36세,경상
2022101700100487,2022년 10월 17일 17시,월요일,경기도 수원시 장안구 정자동,경상사고,0,0,1,0,차대차 - 정면충돌,안전운전불이행,건조,맑음,단일로 - 기타,자전거,남,17세,상해없음,자전거,여,28세,경상
2022101700100495,2022년 10월 17일 17시,월요일,경기도 수원시 영통구 망포동,중상사고,0,1,0,0,차대사람 - 횡단중,보행자보호의무위반,건조,맑음,교차로 - 교차로횡단보도내,승용,남,71세,상해없음,보행자,여,10세,중상
2022101700100496,2022년 10월 17일 17시,월요일,경기도 수원시 권선구 호매실동,경상사고,0,0,1,0,차대차 - 기타,안전운전불이행,건조,맑음,단일로 - 기타,승용,남,38세,상해없음,자전거,남,13세,경상
2022101700100545,2022년 10월 17일 18시,월요일,경기도 수원시 장안구 영화동,경상사고,0,0,1,0,차대차 - 기타,신호위반,건조,맑음,교차로 - 교차로안,승합,남,59세,상해없음,이륜,남,17세,경상
2022101700100546,2022년 10월 17일 18시,월요일,경기도 수원시 팔달구 화서동,경상사고,0,0,1,0,차대사람 - 기타,안전운전불이행,건조,맑음,기타 - 기타,이륜,남,38세,상해없음,보행자,남,9세,경상
2022101700100561,2022년 10월 17일 18시,월요일,경기도 수원시 팔달구 매교동,경상사고,0,0,1,0,차대차 - 추돌,안전거리미확보,건조,맑음,교차로 - 교차로부근,승합,남,62세,상해없음,승용,여,30세,경상
2022101700100671,2022년 10월 17일 21시,월요일,경기도 수원시 영통구 매탄동,경상사고,0,0,1,0,차대차 - 후진중충돌,안전운전불이행,건조,맑음,단일로 - 기타,승용,남,34세,상해없음,자전거,여,50세,경상
2022101700100697,2022년 10월 17일 22시,월요일,경기도 수원시 팔달구 매산로3가,경상사고,0,0,1,0,차대차 - 기타,안전운전불이행,건조,맑음,교차로 - 교차로안,승용,남,63세,상해없음,승용,남,24세,경상
2022101800100007,2022년 10월 18일 01시,화요일,경기도 수원시 영통구 영통동,경상사고,0,0,1,0,차대차 - 추돌,안전운전불이행,건조,맑음,단일로 - 지하차도(도로)내,화물,남,52세,상해없음,승용,남,25세,경상
2022101800100039,2022년 10월 18일 06시,화요일,경기도 수원시 팔달구 남수동,중상사고,0,1,2,0,차대차 - 기타,직진우회전진행방해,건조,맑음,교차로 - 교차로안,승용,남,32세,상해없음,화물,남,61세,경상
2022101800100041,2022년 10월 18일 06시,화요일,경기도 수원시 팔달구 매교동,경상사고,0,0,1,0,차대사람 - 차도통행중,안전운전불이행,건조,맑음,단일로 - 기타,승용,남,60세,상해없음,보행자,남,33세,경상
2022101800100089,2022년 10월 18일 08시,화요일,경기도 수원시 장안구 파장동,중상사고,0,1,0,0,차대차 - 기타,안전운전불이행,건조,맑음,단일로 - 기타,승용,여,60세,상해없음,개인형이동수단(PM),남,73세,중상
2022101800100098,2022년 10월 18일 08시,화요일,경기도 수원시 영통구 원천동,경상사고,0,0,1,0,차대차 - 측면충돌,교차로운행방법위반,건조,맑음,교차로 - 교차로안,승합,남,64세,상해없음,승용,여,48세,경상
2022101800100205,2022년 10월 18일 11시,화요일,경기도 수원시 팔달구 팔달로3가,경상사고,0,0,2,0,차대차 - 기타,안전거리미확보,건조,맑음,단일로 - 기타,승용,남,47세,경상,승용,남,43세,경상
2022101800100239,2022년 10월 18일 12시,화요일,경기도 수원시 영통구 망포동,경상사고,0,0,2,0,차대차 - 측면충돌,교차로운행방법위반,건조,맑음,교차로 - 교차로안,승용,남,30세,상해없음,승용,남,28세,경상
2022101800100271,2022년 10월 18일 13시,화요일,경기도 수원시 권선구 고색동,경상사고,0,0,1,0,차대사람 - 기타,안전운전불이행,건조,맑음,단일로 - 기타,승용,여,32세,상해없음,보행자,남,29세,경상
2022101800100369,2022년 10월 18일 15시,화요일,경기도 수원시 영통구 영통동,중상사고,0,1,0,0,차대차 - 측면충돌,안전운전불이행,건조,맑음,교차로 - 교차로안,승용,여,54세,상해없음,이륜,남,58세,중상
2022101800100508,2022년 10월 18일 18시,화요일,경기도 수원시 권선구 권선동,경상사고,0,0,2,0,차대차 - 추돌,안전운전불이행,건조,맑음,단일로 - 기타,승용,남,59세,상해없음,승용,여,33세,경상
2022101900100054,2022년 10월 19일 07시,수요일,경기도 수원시 영통구 영통동,중상사고,0,1,1,0,차량단독 - 기타,안전거리미확보,건조,맑음,단일로 - 기타,승합,남,38세,상해없음,,,,
2022101900100055,2022년 10월 19일 07시,수요일,경기도 수원시 영통구 망포동,중상사고,0,1,0,1,차대사람 - 기타,기타,건조,맑음,기타 - 기타,개인형이동수단(PM),여,24세,부상신고,보행자,여,32세,중상
2022101900100147,2022년 10월 19일 09시,수요일,경기도 수원시 팔달구 우만동,경상사고,0,0,1,0,차대사람 - 기타,안전운전불이행,건조,맑음,교차로 - 교차로안,승용,남,68세,상해없음,보행자,여,80세,경상
2022101900100280,2022년 10월 19일 13시,수요일,경기도 수원시 장안구 천천동,경상사고,0,0,1,0,차량단독 - 기타,안전운전불이행,건조,맑음,단일로 - 기타,승합,남,63세,상해없음,,,,
2022101900100285,2022년 10월 19일 13시,수요일,경기도 수원시 권선구 호매실동,부상신고사고,0,0,0,1,차대차 - 추돌,안전운전불이행,건조,맑음,단일로 - 기타,승용,남,23세,상해없음,승용,남,37세,부상신고
2022101900100389,2022년 10월 19일 16시,수요일,경기도 수원시 장안구 연무동,경상사고,0,0,1,0,차대사람 - 기타,안전운전불이행,건조,맑음,단일로 - 기타,승용,남,24세,상해없음,보행자,남,73세,경상
2022101900100397,2022년 10월 19일 16시,수요일,경기도 수원시 권선구 오목천동,경상사고,0,0,1,0,차대사람 - 횡단중,보행자보호의무위반,건조,맑음,교차로 - 교차로안,승합,남,59세,상해없음,보행자,여,19세,경상
2022101900100398,2022년 10월 19일 16시,수요일,경기도 수원시 권선구 구운동,경상사고,0,0,1,0,차대사람 - 기타,안전운전불이행,건조,맑음,기타 - 기타,승합,남,63세,상해없음,보행자,남,68세,경상
2022101900100437,2022년 10월 19일 17시,수요일,경기도 수원시 장안구 연무동,경상사고,0,0,1,0,차대사람 - 길가장자리구역통행중,안전운전불이행,건조,맑음,단일로 - 기타,승용,남,62세,상해없음,보행자,여,50세,경상
2022101900100440,2022년 10월 19일 17시,수요일,경기도 수원시 영통구 망포동,경상사고,0,0,2,0,차대차 - 기타,교차로운행방법위반,건조,맑음,교차로 - 교차로부근,승합,여,56세,상해없음,승용,남,46세,경상
2022101900100444,2022년 10월 19일 17시,수요일,경기도 수원시 권선구 구운동,중상사고,0,1,0,0,차대차 - 기타,기타,건조,맑음,단일로 - 기타,이륜,남,38세,중상,승합,남,55세,상해없음
2022101900100445,2022년 10월 19일 17시,수요일,경기도 수원시 권선구 호매실동,중상사고,0,1,0,0,차대차 - 추돌,신호위반,건조,맑음,교차로 - 교차로부근,승용,여,31세,상해없음,자전거,남,9세,중상
2022101900100481,2022년 10월 19일 18시,수요일,경기도 수원시 장안구 조원동,경상사고,0,0,1,0,차대사람 - 길가장자리구역통행중,안전운전불이행,건조,맑음,단일로 - 기타,화물,남,45세,상해없음,보행자,남,75세,경상
2022101900100482,2022년 10월 19일 18시,수요일,경기도 수원시 팔달구 남수동,경상사고,0,0,1,0,차대차 - 기타,안전운전불이행,건조,맑음,교차로 - 교차로안,승용,여,25세,상해없음,승용,남,75세,경상
2022101900100489,2022년 10월 19일 18시,수요일,경기도 수원시 권선구 권선동,경상사고,0,0,1,0,차대차 - 기타,신호위반,건조,맑음,교차로 - 교차로안,승용,여,30세,상해없음,이륜,남,18세,경상
2022101900100490,2022년 10월 19일 18시,수요일,경기도 수원시 영통구 원천동,중상사고,0,1,0,0,차대차 - 측면충돌,안전운전불이행,건조,맑음,교차로 - 교차로안,승용,여,51세,상해없음,승용,여,45세,상해없음
2022101900100491,2022년 10월 19일 18시,수요일,경기도 수원시 권선구 탑동,중상사고,0,1,0,0,차대차 - 기타,안전운전불이행,건조,맑음,단일로 - 기타,승용,남,62세,상해없음,이륜,남,45세,중상
2022101900100589,2022년 10월 19일 20시,수요일,경기도 수원시 장안구 율전동,경상사고,0,0,1,0,차대사람 - 기타,안전운전불이행,건조,맑음,교차로 - 교차로안,승용,여,22세,상해없음,보행자,남,21세,경상
2022101900100595,2022년 10월 19일 20시,수요일,경기도 수원시 팔달구 매산로1가,경상사고,0,0,1,0,차대차 - 후진중충돌,안전운전불이행,건조,맑음,단일로 - 기타,화물,남,63세,상해없음,화물,남,47세,경상
2022101900100619,2022년 10월 19일 21시,수요일,경기도 수원시 영통구 원천동,경상사고,0,0,3,0,차대차 - 측면충돌,안전거리미확보,건조,맑음,교차로 - 교차로부근,승용,남,42세,상해없음,승용,남,52세,경상
2022102000100005,2022년 10월 20일 00시,목요일,경기도 수원시 장안구 조원동,경상사고,0,0,1,0,차대사람 - 기타,안전운전불이행,건조,맑음,교차로 - 교차로안,승용,남,21세,상해없음,보행자,남,43세,경상
2022102000100009,2022년 10월 20일 00시,목요일,경기도 수원시 권선구 고색동,경상사고,0,0,2,0,차대차 - 기타,안전거리미확보,건조,맑음,단일로 - 기타,승용,남,32세,상해없음,승용,남,45세,경상
2022102000100090,2022년 10월 20일 08시,목요일,경기도 수원시 장안구 율전동,경상사고,0,0,1,0,차대사람 - 기타,안전운전불이행,건조,맑음,단일로 - 기타,승용,여,54세,상해없음,보행자,남,64세,경상
2022102000100091,2022년 10월 20일 08시,목요일,경기도 수원시 장안구 영화동,경상사고,0,0,1,0,차대차 - 추돌,안전운전불이행,건조,맑음,단일로 - 기타,화물,남,62세,상해없음,승용,여,50세,경상
2022102000100092,2022년 10월 20일 08시,목요일,경기도 수원시 장안구 송죽동,경상사고,0,0,1,0,차대차 - 기타,신호위반,건조,맑음,교차로 - 교차로안,승용,여,48세,상해없음,승합,남,62세,상해없음
2022102000100191,2022년 10월 20일 10시,목요일,경기도 수원시 권선구 평동,경상사고,0,0,1,0,차대차 - 측면충돌,안전거리미확보,건조,맑음,교차로 - 교차로부근,승용,남,57세,상해없음,개인형이동수단(PM),남,52세,경상
2022102000100214,2022년 10월 20일 11시,목요일,경기도 수원시 장안구 천천동,중상사고,0,1,0,0,차대차 - 기타,안전운전불이행,건조,맑음,교차로 - 교차로안,승합,남,60세,상해없음,승용,남,28세,중상
2022102000100220,2022년 10월 20일 11시,목요일,경기도 수원시 팔달구 인계동,경상사고,0,0,1,0,차대사람 - 횡단중,보행자보호의무위반,건조,맑음,기타 - 기타,승용,남,27세,기타불명,보행자,여,63세,경상
2022102000100294,2022년 10월 20일 13시,목요일,경기도 수원시 장안구 천천동,경상사고,0,0,1,0,차대사람 - 기타,신호위반,건조,맑음,교차로 - 교차로안,이륜,남,25세,상해없음,보행자,여,61세,경상
2022102000100373,2022년 10월 20일 15시,목요일,경기도 수원시 장안구 정자동,경상사고,0,0,3,0,차대차 - 기타,안전운전불이행,건조,맑음,교차로 - 교차로부근,승용,여,42세,상해없음,승용,남,44세,경상
2022102000100424,2022년 10월 20일 16시,목요일,경기도 수원시 영통구 하동,경상사고,0,0,1,0,차대차 - 측면충돌,안전거리미확보,건조,맑음,교차로 - 교차로부근,승용,남,58세,상해없음,이륜,남,23세,경상
2022102000100425,2022년 10월 20일 16시,목요일,경기도 수원시 권선구 당수동,중상사고,0,1,1,0,차대차 - 추돌,안전거리미확보,건조,맑음,단일로 - 기타,화물,남,55세,경상,승용,남,36세,중상
2022102000100458,2022년 10월 20일 17시,목요일,경기도 수원시 팔달구 화서동,경상사고,0,0,1,0,차대사람 - 보도통행중,기타,건조,맑음,단일로 - 기타,자전거,남,53세,상해없음,보행자,여,62세,경상