사고번호,사고일시,요일,시군구,사고내용,사망자수,중상자수,경상자수,부상신고자수,사고유형,법규위반,노면상태,기상상태,도로형태,가해운전자 차종,가해운전자 성별,가해운전자 연령,가해운전자 상해정도,피해운전자 차종,피해운전자 성별,피해운전자 연령,피해운전자 상해정도
2022103000100006,2022년 10월 30일 00시,일요일,경기도 수원시 권선구 곡반정동,경상사고,0,0,2,0,차대차 - 측면충돌,안전거리미확보,건조,맑음,교차로 - 교차로안,승용,남,62세,상해없음,승용,남,30세,경상
2022103000100110,2022년 10월 30일 09시,일요일,경기도 수원시 영통구 영통동,경상사고,0,0,1,0,차대차 - 기타,교차로운행방법위반,건조,맑음,교차로 - 교차로안,승용,남,33세,상해없음,승합,남,43세,경상
2022103000100173,2022년 10월 30일 12시,일요일,경기도 수원시 장안구 정자동,중상사고,0,1,0,0,차대차 - 기타,신호위반,건조,맑음,교차로 - 교차로안,승용,남,68세,상해없음,이륜,남,50세,중상
2022103000100250,2022년 10월 30일 14시,일요일,경기도 수원시 장안구 율전동,경상사고,0,0,1,0,차대차 - 기타,신호위반,건조,맑음,교차로 - 교차로안,승용,남,61세,상해없음,승용,여,23세,경상
2022103000100271,2022년 10월 30일 15시,일요일,경기도 수원시 장안구 조원동,경상사고,0,0,1,0,차대차 - 기타,안전운전불이행,건조,맑음,교차로 - 교차로안,승용,여,31세,상해없음,승용,남,50세,상해없음
2022103000100364,2022년 10월 30일 18시,일요일,경기도 수원시 팔달구 매산로2가,중상사고,0,1,0,0,차대차 - 기타,안전운전불이행,건조,맑음,기타 - 기타,이륜,남,52세,중상,승용,남,60세,상해없음
2022103000100392,2022년 10월 30일 19시,일요일,경기도 수원시 권선구 권선동,중상사고,0,1,1,0,차대사람 - 횡단중,안전운전불이행,건조,맑음,기타 - 기타,개인형이동수단(PM),여,17세,상해없음,보행자,여,60세,중상
2022103000100393,2022년 10월 30일 19시,일요일,경기도 수원시 권선구 구운동,경상사고,0,0,1,0,차대사람 - 횡단중,신호위반,건조,맑음,교차로 - 교차로안,승용,여,44세,상해없음,보행자,남,51세,경상
2022103000100441,2022년 10월 30일 23시,일요일,경기도 수원시 영통구 매탄동,경상사고,0,0,1,0,차대차 - 측면충돌,안전운전불이행,건조,맑음,단일로 - 기타,승용,남,56세,상해없음,승용,여,35세,상해없음
2022103100100002,2022년 10월 31일 00시,월요일,경기도 수원시 장안구 영화동,경상사고,0,0,1,0,차대차 - 기타,안전운전불이행,건조,맑음,교차로 - 교차로안,승용,여,27세,상해없음,승용,남,35세,경상
2022103100100124,2022년 10월 31일 09시,월요일,경기도 수원시 장안구 송죽동,중상사고,0,1,0,0,차대차 - 측면충돌,직진우회전진행방해,건조,맑음,교차로 - 교차로안,자전거,여,73세,중상,승용,남,33세,상해없음
2022103100100125,2022년 10월 31일 09시,월요일,경기도 수원시 장안구 정자동,경상사고,0,0,1,0,차대사람 - 기타,안전운전불이행,건조,맑음,기타 - 기타,승용,여,41세,상해없음,보행자,남,70세,경상
2022103100100233,2022년 10월 31일 12시,월요일,경기도 수원시 팔달구 인계동,중상사고,0,1,0,0,차대사람 - 차도통행중,안전운전불이행,건조,맑음,기타 - 기타,승용,남,36세,상해없음,보행자,여,67세,중상
2022103100100258,2022년 10월 31일 13시,월요일,경기도 수원시 장안구 연무동,중상사고,0,1,0,0,차대차 - 추돌,안전거리미확보,건조,맑음,교차로 - 교차로부근,이륜,남,41세,중상,승용,여,55세,상해없음
2022103100100296,2022년 10월 31일 14시,월요일,경기도 수원시 장안구 조원동,경상사고,0,0,1,1,차대차 - 기타,기타,건조,맑음,교차로 - 교차로안,화물,남,53세,부상신고,화물,남,64세,경상
2022103100100458,2022년 10월 31일 18시,월요일,경기도 수원시 장안구 천천동,경상사고,0,0,1,0,차대차 - 기타,안전운전불이행,건조,맑음,기타 - 기타,승용,남,74세,상해없음,자전거,남,8세,경상
2022103100100463,2022년 10월 31일 18시,월요일,경기도 수원시 영통구 원천동,경상사고,0,0,1,0,차대차 - 기타,안전운전불이행,건조,맑음,교차로 - 교차로부근,승용,여,35세,상해없음,승용,남,41세,경상
2022103100100464,2022년 10월 31일 18시,월요일,경기도 수원시 영통구 매탄동,경상사고,0,0,2,0,차대차 - 기타,안전거리미확보,건조,맑음,단일로 - 기타,승용,남,41세,상해없음,승용,여,39세,경상
2022103100100519,2022년 10월 31일 19시,월요일,경기도 수원시 권선구 세류동,경상사고,0,0,1,0,차대차 - 측면충돌,신호위반,건조,맑음,교차로 - 교차로안,승용,여,38세,상해없음,승용,남,43세,경상
2022103100100521,2022년 10월 31일 19시,월요일,경기도 수원시 팔달구 고등동,부상신고사고,0,0,0,1,차대차 - 추돌,안전운전불이행,건조,맑음,교차로 - 교차로안,승합,남,68세,상해없음,특수,남,30세,부상신고
2022103100100553,2022년 10월 31일 20시,월요일,경기도 수원시 영통구 이의동,경상사고,0,0,1,0,차대차 - 측면충돌,안전운전불이행,건조,맑음,단일로 - 기타,승용,남,41세,상해없음,승용,여,32세,경상
2022103100100554,2022년 10월 31일 20시,월요일,경기도 수원시 영통구 망포동,경상사고,0,0,1,0,차대차 - 측면충돌,차로위반,건조,맑음,교차로 - 교차로부근,승용,여,67세,상해없음,승용,여,40세,경상
2022103100100592,2022년 10월 31일 22시,월요일,경기도 수원시 팔달구 인계동,경상사고,0,0,2,0,차대차 - 측면충돌,교차로운행방법위반,건조,맑음,교차로 - 교차로안,승용,남,31세,상해없음,승용,남,64세,경상
2022110100100023,2022년 11월 1일 02시,화요일,경기도 수원시 권선구 권선동,경상사고,0,0,2,0,차대차 - 추돌,안전거리미확보,건조,맑음,교차로 - 교차로부근,이륜,남,16세,상해없음,승용,남,51세,경상
2022110100100063,2022년 11월 1일 07시,화요일,경기도 수원시 팔달구 인계동,경상사고,0,0,4,0,차대차 - 추돌,안전운전불이행,건조,맑음,단일로 - 기타,승용,남,43세,상해없음,승용,남,40세,경상
2022110100100087,2022년 11월 1일 08시,화요일,경기도 수원시 영통구 영통동,중상사고,0,1,0,0,차대사람 - 기타,안전운전불이행,건조,맑음,단일로 - 기타,승용,여,47세,상해없음,보행자,남,85세,중상
2022110100100147,2022년 11월 1일 10시,화요일,경기도 수원시 장안구 조원동,경상사고,0,0,2,0,차대차 - 추돌,안전운전불이행,건조,맑음,교차로 - 교차로안,승용,남,30세,상해없음,이륜,남,27세,경상
2022110100100179,2022년 11월 1일 11시,화요일,경기도 수원시 권선구 고색동,경상사고,0,0,1,1,차대차 - 기타,신호위반,건조,맑음,교차로 - 교차로안,이륜,남,21세,부상신고,승용,남,55세,경상
2022110100100244,2022년 11월 1일 13시,화요일,경기도 수원시 장안구 천천동,경상사고,0,0,1,0,차대차 - 측면충돌,안전거리미확보,건조,맑음,단일로 - 기타,승용,여,52세,상해없음,승용,여,48세,경상
2022110100100246,2022년 11월 1일 13시,화요일,경기도 수원시 권선구 권선동,경상사고,0,0,1,0,차대차 - 기타,중앙선침범,건조,맑음,단일로 - 기타,승용,여,52세,상해없음,이륜,남,26세,경상
2022110100100319,2022년 11월 1일 15시,화요일,경기도 수원시 권선구 금곡동,경상사고,0,0,1,0,차대차 - 기타,안전운전불이행,건조,맑음,교차로 - 교차로부근,승합,남,52세,상해없음,승용,여,64세,상해없음
2022110100100363,2022년 11월 1일 16시,화요일,경기도 수원시 권선구 구운동,경상사고,0,0,1,0,차대차 - 추돌,안전운전불이행,건조,맑음,교차로 - 교차로부근,승용,남,75세,상해없음,승용,여,47세,경상
2022110100100528,2022년 11월 1일 19시,화요일,경기도 수원시 영통구 영통동,경상사고,0,0,1,0,차대차 - 측면충돌,안전거리미확보,건조,맑음,단일로 - 기타,승용,여,23세,기타불명,승용,남,34세,경상
2022110100100555,2022년 11월 1일 20시,화요일,경기도 수원시 장안구 정자동,경상사고,0,0,1,0,차대차 - 기타,안전거리미확보,건조,맑음,교차로 - 교차로안,승용,여,72세,상해없음,승용,남,55세,경상
2022110100100560,2022년 11월 1일 20시,화요일,경기도 수원시 권선구 곡반정동,경상사고,0,0,1,0,차대차 - 측면충돌,차로위반,건조,맑음,단일로 - 기타,화물,남,33세,상해없음,승용,남,23세,경상
2022110100100605,2022년 11월 1일 22시,화요일,경기도 수원시 팔달구 인계동,중상사고,0,1,0,0,차대사람 - 횡단중,신호위반,건조,맑음,교차로 - 교차로안,승용,남,22세,상해없음,보행자,여,75세,중상
2022110100100618,2022년 11월 1일 23시,화요일,경기도 수원시 장안구 송죽동,경상사고,0,0,1,0,차대차 - 측면충돌,안전거리미확보,건조,맑음,단일로 - 기타,승용,남,23세,상해없음,이륜,남,22세,경상
2022110100100621,2022년 11월 1일 23시,화요일,경기도 수원시 권선구 구운동,중상사고,0,1,0,0,차대차 - 측면충돌,안전운전불이행,건조,맑음,단일로 - 기타,승용,남,22세,상해없음,이륜,남,18세,중상
2022110200100025,2022년 11월 2일 04시,수요일,경기도 수원시 팔달구 인계동,경상사고,0,0,1,0,차대차 - 측면충돌,안전운전불이행,건조,맑음,교차로 - 교차로안,승용,여,25세,상해없음,승용,남,28세,경상
2022110200100094,2022년 11월 2일 08시,수요일,경기도 수원시 장안구 파장동,중상사고,0,1,0,0,차대차 - 측면충돌,안전거리미확보,건조,맑음,교차로 - 교차로부근,승용,여,26세,상해없음,승용,남,32세,중상
2022110200100210,2022년 11월 2일 11시,수요일,경기도 수원시 권선구 세류동,경상사고,0,0,1,0,차대차 - 기타,안전운전불이행,건조,맑음,교차로 - 교차로부근,이륜,남,37세,상해없음,이륜,남,41세,경상
2022110200100236,2022년 11월 2일 12시,수요일,경기도 수원시 영통구 영통동,경상사고,0,0,2,0,차대차 - 측면충돌,신호위반,건조,맑음,교차로 - 교차로안,화물,남,52세,상해없음,승용,남,18세,경상
2022110200100293,2022년 11월 2일 14시,수요일,경기도 수원시 팔달구 팔달로3가,경상사고,0,0,1,0,차대차 - 기타,안전거리미확보,건조,맑음,기타 - 기타,승용,여,57세,상해없음,승용,남,31세,경상
2022110200100327,2022년 11월 2일 15시,수요일,경기도 수원시 장안구 파장동,경상사고,0,0,2,0,차대차 - 기타,안전운전불이행,건조,맑음,교차로 - 교차로안,승용,여,40세,경상,승용,남,53세,경상
2022110200100367,2022년 11월 2일 16시,수요일,경기도 수원시 장안구 파장동,경상사고,0,0,1,0,차대사람 - 기타,신호위반,건조,맑음,교차로 - 교차로안,이륜,남,68세,상해없음,보행자,여,68세,경상
2022110200100374,2022년 11월 2일 16시,수요일,경기도 수원시 권선구 권선동,중상사고,0,1,0,0,차대차 - 측면충돌,교차로운행방법위반,건조,맑음,교차로 - 교차로안,화물,남,60세,상해없음,승용,남,36세,중상
2022110200100513,2022년 11월 2일 19시,수요일,경기도 수원시 장안구 율전동,경상사고,0,0,1,0,차대차 - 추돌,안전운전불이행,건조,맑음,교차로 - 교차로부근,승용,남,68세,상해없음,이륜,남,50세,경상
2022110200100521,2022년 11월 2일 19시,수요일,경기도 수원시 영통구 매탄동,경상사고,0,0,1,0,차대차 - 기타,안전거리미확보,건조,맑음,단일로 - 기타,이륜,남,54세,경상,승용,남,25세,상해없음
2022110200100527,2022년 11월 2일 19시,수요일,경기도 수원시 권선구 구운동,경상사고,0,0,1,0,차대차 - 추돌,안전운전불이행,건조,맑음,교차로 - 교차로부근,승용,남,58세,상해없음,승용,남,37세,경상
2022110200100528,2022년 11월 2일 19시,수요일,경기도 수원시 영통구 이의동,경상사고,0,0,1,0,차대차 - 기타,안전거리미확보,건조,맑음,단일로 - 기타,특수,남,65세,상해없음,승용,남,83세,경상
2022110200100574,2022년 11월 2일 21시,수요일,경기도 수원시 권선구 세류동,경상사고,0,0,1,0,차대사람 - 횡단중,보행자보호의무위반,건조,맑음,교차로 - 교차로횡단보도내,기타불명,기타불명,미분류,기타불명,보행자,남,31세,경상
2022110300100030,2022년 11월 3일 05시,목요일,경기도 수원시 팔달구 매산로1가,경상사고,0,0,1,0,차대차 - 기타,안전운전불이행,건조,맑음,교차로 - 교차로안,승용,남,47세,상해없음,승용,남,27세,경상
2022110300100042,2022년 11월 3일 06시,목요일,경기도 수원시 영통구 이의동,중상사고,0,1,0,0,차대차 - 측면충돌,신호위반,건조,맑음,교차로 - 교차로안,승용,남,53세,상해없음,승용,남,50세,중상
2022110300100043,2022년 11월 3일 06시,목요일,경기도 수원시 영통구 원천동,경상사고,0,0,1,0,차대차 - 측면충돌,안전거리미확보,건조,맑음,단일로 - 기타,화물,남,52세,상해없음,승용,남,35세,경상
2022110300100088,2022년 11월 3일 08시,목요일,경기도 수원시 팔달구 중동,경상사고,0,0,1,0,차대차 - 기타,안전거리미확보,건조,맑음,교차로 - 교차로안,승용,여,40세,상해없음,승용,여,54세,경상
2022110300100093,2022년 11월 3일 08시,목요일,경기도 수원시 팔달구 인계동,경상사고,0,0,3,0,차대차 - 측면충돌,중앙선침범,건조,맑음,교차로 - 교차로부근,승용,여,57세,상해없음,승용,여,30세,경상
2022110300100278,2022년 11월 3일 14시,목요일,경기도 수원시 영통구 매탄동,중상사고,0,1,0,0,차대차 - 기타,교차로운행방법위반,건조,맑음,교차로 - 교차로안,승용,남,28세,상해없음,이륜,남,40세,중상
2022110300100346,2022년 11월 3일 16시,목요일,경기도 수원시 팔달구 인계동,경상사고,0,0,1,0,차대차 - 측면충돌,안전운전불이행,건조,맑음,단일로 - 기타,승용,남,46세,상해없음,승용,여,57세,경상
2022110300100477,2022년 11월 3일 19시,목요일,경기도 수원시 팔달구 화서동,경상사고,0,0,1,0,차대차 - 기타,안전운전불이행,건조,맑음,단일로 - 기타,승용,남,27세,상해없음,이륜,남,36세,경상
2022110300100483,2022년 11월 3일 19시,목요일,경기도 수원시 권선구 오목천동,경상사고,0,0,1,0,차대차 - 측면충돌,안전운전불이행,건조,맑음,단일로 - 기타,승용,여,30세,상해없음,승용,남,46세,경상
2022110300100515,2022년 11월 3일 20시,목요일,경기도 수원시 영통구 영통동,경상사고,0,0,1,0,차대차 - 측면충돌,교차로운행방법위반,건조,맑음,교차로 - 교차로안,승용,남,19세,상해없음,승용,남,43세,경상
2022110400100060,2022년 11월 4일 07시,금요일,경기도 수원시 영통구 원천동,중상사고,0,1,0,0,차대사람 - 횡단중,신호위반,건조,맑음,교차로 - 교차로안,승용,남,62세,상해없음,보행자,여,50세,중상
2022110400100232,2022년 11월 4일 11시,금요일,경기도 수원시 영통구 영통동,경상사고,0,0,1,0,차대사람 - 횡단중,보행자보호의무위반,건조,맑음,단일로 - 기타,승용,남,67세,상해없음,보행자,남,24세,경상
2022110400100395,2022년 11월 4일 15시,금요일,경기도 수원시 권선구 금곡동,중상사고,0,1,0,0,차대사람 - 기타,안전운전불이행,건조,맑음,단일로 - 기타,승합,남,38세,상해없음,보행자,남,13세,중상
2022110400100396,2022년 11월 4일 15시,금요일,경기도 수원시 권선구 금곡동,경상사고,0,0,2,0,차대차 - 추돌,안전운전불이행,건조,맑음,교차로 - 교차로안,승용,여,54세,상해없음,승용,여,43세,경상
2022110400100444,2022년 11월 4일 16시,금요일,경기도 수원시 영통구 망포동,경상사고,0,0,1,0,차대차 - 측면충돌,안전거리미확보,건조,맑음,교차로 - 교차로부근,승용,남,49세,상해없음,승용,여,38세,경상
2022110400100445,2022년 11월 4일 16시,금요일,경기도 수원시 권선구 금곡동,경상사고,0,0,2,0,차대차 - 기타,안전거리미확보,건조,맑음,단일로 - 기타,화물,남,54세,상해없음,승용,남,27세,경상
2022110400100498,2022년 11월 4일 17시,금요일,경기도 수원시 영통구 이의동,경상사고,0,0,1,0,차대차 - 측면충돌,안전운전불이행,건조,맑음,교차로 - 교차로안,승용,여,46세,상해없음,승용,여,33세,경상
2022110400100502,2022년 11월 4일 17시,금요일,경기도 수원시 권선구 오목천동,경상사고,0,0,2,0,차대차 - 기타,교차로운행방법위반,건조,기타,교차로 - 교차로안,승합,남,55세,경상,건설기계,남,41세,경상
2022110400100557,2022년 11월 4일 18시,금요일,경기도 수원시 영통구 원천동,경상사고,0,0,1,0,차대차 - 측면충돌,신호위반,건조,맑음,교차로 - 교차로안,승용,남,59세,상해없음,자전거,남,27세,경상
2022110400100558,2022년 11월 4일 18시,금요일,경기도 수원시 권선구 권선동,경상사고,0,0,1,0,차대차 - 측면충돌,신호위반,건조,맑음,교차로 - 교차로안,승용,남,61세,상해없음,승용,남,29세,경상
2022110400100559,2022년 11월 4일 18시,금요일,경기도 수원시 권선구 세류동,경상사고,0,0,1,0,차대차 - 측면충돌,신호위반,건조,맑음,교차로 - 교차로안,승용,여,32세,상해없음,승용,여,47세,경상
2022110400100668,2022년 11월 4일 20시,금요일,경기도 수원시 장안구 정자동,경상사고,0,0,1,0,차대사람 - 횡단중,보행자보호의무위반,건조,맑음,교차로 - 교차로횡단보도내,승용,남,58세,상해없음,보행자,여,54세,경상
2022110400100669,2022년 11월 4일 20시,금요일,경기도 수원시 장안구 율전동,부상신고사고,0,0,0,1,차대차 - 기타,중앙선침범,건조,맑음,단일로 - 기타,이륜,남,43세,상해없음,이륜,남,28세,부상신고
2022110400100670,2022년 11월 4일 20시,금요일,경기도 수원시 장안구 정자동,경상사고,0,0,2,0,차대차 - 기타,안전거리미확보,건조,맑음,교차로 - 교차로안,승용,여,29세,상해없음,승용,여,57세,경상
2022110400100674,2022년 11월 4일 20시,금요일,경기도 수원시 영통구 매탄동,경상사고,0,0,1,0,차대차 - 추돌,안전거리미확보,젖음/습기,비,교차로 - 교차로안,승용,남,57세,상해없음,이륜,남,48세,경상
2022110400100735,2022년 11월 4일 22시,금요일,경기도 수원시 영통구 망포동,중상사고,0,1,0,0,차대차 - 기타,교차로운행방법위반,건조,맑음,교차로 - 교차로안,승용,남,62세,상해없음,이륜,남,41세,중상
2022110500100033,2022년 11월 5일 03시,토요일,경기도 수원시 팔달구 인계동,경상사고,0,0,1,0,차대차 - 측면충돌,신호위반,건조,맑음,단일로 - 기타,승용,여,49세,상해없음,개인형이동수단(PM),남,29세,경상
2022110500100103,2022년 11월 5일 09시,토요일,경기도 수원시 영통구 매탄동,경상사고,0,0,1,0,차대차 - 추돌,안전운전불이행,건조,맑음,교차로 - 교차로부근,승용,여,48세,상해없음,승용,남,58세,경상
2022110500100178,2022년 11월 5일 11시,토요일,경기도 수원시 권선구 금곡동,중상사고,0,1,0,0,차대차 - 측면충돌,안전거리미확보,건조,맑음,교차로 - 교차로부근,승용,남,66세,상해없음,이륜,남,44세,중상
2022110500100213,2022년 11월 5일 12시,토요일,경기도 수원시 팔달구 중동,경상사고,0,0,2,0,차량단독 - 기타,안전거리미확보,건조,맑음,교차로 - 교차로안,승합,남,57세,상해없음,,,,
2022110500100255,2022년 11월 5일 13시,토요일,경기도 수원시 팔달구 지동,경상사고,0,0,1,0,차대차 - 기타,직진우회전진행방해,건조,맑음,교차로 - 교차로안,승용,남,74세,상해없음,자전거,남,61세,경상
2022110500100308,2022년 11월 5일 14시,토요일,경기도 수원시 권선구 세류동,경상사고,0,0,2,0,차대차 - 후진중충돌,안전운전불이행,건조,맑음,단일로 - 기타,승합,여,61세,상해없음,승용,남,31세,경상
2022110500100451,2022년 11월 5일 17시,토요일,경기도 수원시 장안구 조원동,경상사고,0,0,1,0,차대차 - 정면충돌,안전운전불이행,건조,맑음,단일로 - 기타,화물,남,44세,상해없음,승용,남,48세,상해없음
2022110500100490,2022년 11월 5일 18시,토요일,경기도 수원시 팔달구 화서동,경상사고,0,0,1,0,차대차 - 기타,차로위반,건조,흐림,단일로 - 기타,화물,여,54세,상해없음,이륜,남,21세,경상
2022110500100491,2022년 11월 5일 18시,토요일,경기도 수원시 장안구 정자동,경상사고,0,0,1,0,차대차 - 기타,기타,건조,맑음,교차로 - 교차로안,승용,여,34세,상해없음,이륜,남,20세,경상
2022110500100492,2022년 11월 5일 18시,토요일,경기도 수원시 팔달구 우만동,경상사고,0,0,1,0,차대차 - 기타,안전거리미확보,건조,맑음,단일로 - 기타,화물,남,57세,상해없음,승용,남,29세,경상
2022110500100575,2022년 11월 5일 20시,토요일,경기도 수원시 권선구 입북동,경상사고,0,0,2,0,차대차 - 후진중충돌,안전운전불이행,건조,맑음,교차로 - 교차로부근,승용,남,67세,상해없음,승용,남,63세,경상
2022110500100597,2022년 11월 5일 21시,토요일,경기도 수원시 영통구 이의동,경상사고,0,0,2,0,차대차 - 측면충돌,신호위반,건조,맑음,기타 - 기타,승용,남,48세,상해없음,승용,여,26세,경상
2022110500100598,2022년 11월 5일 21시,토요일,경기도 수원시 영통구 하동,경상사고,0,0,1,0,차대차 - 측면충돌,안전거리미확보,건조,맑음,단일로 - 기타,승용,남,19세,상해없음,승용,남,60세,경상
2022110500100599,2022년 11월 5일 21시,토요일,경기도 수원시 권선구 서둔동,경상사고,0,0,2,0,차대차 - 추돌,안전운전불이행,건조,맑음,교차로 - 교차로부근,승용,남,39세,상해없음,승용,남,23세,경상
2022110500100635,2022년 11월 5일 23시,토요일,경기도 수원시 팔달구 우만동,경상사고,0,0,3,0,차대차 - 측면충돌,안전운전불이행,건조,맑음,교차로 - 교차로안,승용,남,23세,상해없음,승용,남,60세,경상
2022110600100020,2022년 11월 6일 01시,일요일,경기도 수원시 권선구 세류동,경상사고,0,0,1,0,차대차 - 추돌,신호위반,건조,맑음,교차로 - 교차로부근,승용,남,32세,상해없음,이륜,남,40세,경상
2022110600100043,2022년 11월 6일 03시,일요일,경기도 수원시 권선구 호매실동,경상사고,0,0,1,0,차대차 - 측면충돌,신호위반,건조,맑음,교차로 - 교차로안,승용,남,29세,상해없음,승용,남,59세,경상
2022110600100051,2022년 11월 6일 04시,일요일,경기도 수원시 권선구 고색동,경상사고,0,0,1,0,차대차 - 측면충돌,안전운전불이행,건조,맑음,단일로 - 기타,개인형이동수단(PM),남,16세,상해없음,승용,남,25세,경상
2022110600100120,2022년 11월 6일 10시,일요일,경기도 수원시 팔달구 우만동,경상사고,0,0,2,5,차대차 - 추돌,안전운전불이행,건조,맑음,단일로 - 기타,승용,남,64세,기타불명,승용,남,47세,부상신고
2022110600100152,2022년 11월 6일 11시,일요일,경기도 수원시 팔달구 북수동,경상사고,0,0,2,0,차대차 - 기타,신호위반,건조,맑음,교차로 - 교차로안,승용,남,53세,상해없음,승용,남,25세,경상
2022110600100211,2022년 11월 6일 13시,일요일,경기도 수원시 권선구 평동,경상사고,0,0,1,0,차대차 - 기타,안전운전불이행,건조,맑음,교차로 - 교차로부근,승용,남,38세,상해없음,승용,남,80세,경상
2022110600100212,2022년 11월 6일 13시,일요일,경기도 수원시 권선구 호매실동,경상사고,0,0,2,0,차대차 - 기타,신호위반,건조,맑음,교차로 - 교차로안,승용,여,52세,상해없음,승용,여,36세,경상
2022110600100331,2022년 11월 6일 16시,일요일,경기도 수원시 팔달구 매산로1가,경상사고,0,0,1,0,차대차 - 추돌,안전거리미확보,건조,맑음,단일로 - 기타,승용,여,66세,상해없음,승용,남,42세,경상
2022110600100391,2022년 11월 6일 18시,일요일,경기도 수원시 팔달구 인계동,중상사고,0,1,1,0,차대차 - 기타,신호위반,건조,맑음,교차로 - 교차로안,이륜,남,37세,중상,이륜,남,30세,경상
2022110600100392,2022년 11월 6일 18시,일요일,경기도 수원시 영통구 망포동,중상사고,0,1,1,0,차대차 - 기타,안전거리미확보,건조,맑음,단일로 - 기타,승용,여,26세,상해없음,승합,남,59세,상해없음
2022110600100397,2022년 11월 6일 18시,일요일,경기도 수원시 팔달구 고등동,중상사고,0,1,0,0,차대사람 - 기타,안전운전불이행,건조,맑음,교차로 - 교차로안,승용,남,52세,상해없음,보행자,남,61세,중상
2022110600100398,2022년 11월 6일 18시,일요일,경기도 수원시 권선구 세류동,중상사고,0,1,0,0,차대차 - 측면충돌,직진우회전진행방해,건조,맑음,교차로 - 교차로안,승용,남,62세,상해없음,승용,남,53세,상해없음
2022110600100475,2022년 11월 6일 20시,일요일,경기도 수원시 영통구 이의동,중상사고,0,1,1,0,차대차 - 기타,신호위반,건조,맑음,교차로 - 교차로안,승용,여,39세,상해없음,승용,여,39세,중상
2022110600100487,2022년 11월 6일 21시,일요일,경기도 수원시 장안구 조원동,경상사고,0,0,1,0,차대차 - 기타,신호위반,건조,맑음,교차로 - 교차로안,승용,남,54세,상해없음,승용,남,40세,경상
2022110600100505,2022년 11월 6일 22시,일요일,경기도 수원시 팔달구 우만동,경상사고,0,0,2,0,차대차 - 추돌,안전운전불이행,건조,맑음,교차로 - 교차로안,승용,남,38세,상해없음,승용,남,42세,경상
2022110700100029,2022년 11월 7일 06시,월요일,경기도 수원시 권선구 권선동,경상사고,0,0,1,0,차대차 - 측면충돌,신호위반,건조,맑음,교차로 - 교차로안,승용,여,49세,상해없음,승용,남,36세,경상
2022110700100276,2022년 11월 7일 13시,월요일,경기도 수원시 장안구 조원동,중상사고,0,1,0,0,차대차 - 기타,안전운전불이행,건조,맑음,단일로 - 기타,자전거,남,80세,중상,승용,남,55세,상해없음
2022110700100339,2022년 11월 7일 15시,월요일,경기도 수원시 장안구 정자동,경상사고,0,0,1,0,차대차 - 측면충돌,안전거리미확보,건조,맑음,교차로 - 교차로부근,승용,여,67세,상해없음,승용,여,35세,경상
2022110700100605,2022년 11월 7일 22시,월요일,경기도 수원시 권선구 고색동,경상사고,0,0,1,0,차대차 - 추돌,안전운전불이행,건조,맑음,교차로 - 교차로부근,승용,남,41세,상해없음,화물,남,65세,경상
2022110800100047,2022년 11월 8일 06시,화요일,경기도 수원시 팔달구 인계동,중상사고,0,1,4,0,차대차 - 기타,안전운전불이행,건조,맑음,기타 - 기타,승용,남,38세,상해없음,승합,남,48세,경상
2022110800100065,2022년 11월 8일 07시,화요일,경기도 수원시 권선구 권선동,중상사고,0,1,5,0,차대차 - 측면충돌,안전거리미확보,건조,맑음,단일로 - 기타,승용,남,59세,상해없음,승합,남,55세,경상
2022110800100100,2022년 11월 8일 08시,화요일,경기도 수원시 팔달구 인계동,경상사고,0,0,1,0,차대차 - 정면충돌,신호위반,건조,맑음,교차로 - 교차로횡단보도내,승용,남,65세,상해없음,자전거,남,72세,경상
2022110800100101,2022년 11월 8일 08시,화요일,경기도 수원시 영통구 하동,경상사고,0,0,3,0,차대차 - 추돌,안전운전불이행,건조,맑음,단일로 - 지하차도(도로)내,화물,남,22세,상해없음,화물,남,61세,경상
2022110800100136,2022년 11월 8일 09시,화요일,경기도 수원시 장안구 송죽동,경상사고,0,0,1,0,차대차 - 측면충돌,안전운전불이행,건조,맑음,단일로 - 기타,승용,남,51세,상해없음,화물,여,54세,경상
2022110800100139,2022년 11월 8일 09시,화요일,경기도 수원시 권선구 권선동,경상사고,0,0,1,0,차대차 - 측면충돌,차로위반,건조,맑음,단일로 - 지하차도(도로)내,승용,여,61세,상해없음,승용,여,35세,경상
2022110800100208,2022년 11월 8일 11시,화요일,경기도 수원시 권선구 금곡동,경상사고,0,0,1,0,차대차 - 기타,안전운전불이행,서리/결빙,맑음,교차로 - 교차로안,승용,남,38세,상해없음,이륜,남,33세,경상
2022110800100247,2022년 11월 8일 12시,화요일,경기도 수원시 장안구 영화동,부상신고사고,0,0,0,1,차대차 - 기타,안전운전불이행,건조,맑음,교차로 - 교차로안,자전거,남,67세,부상신고,승용,남,67세,상해없음
2022110800100309,2022년 11월 8일 14시,화요일,경기도 수원시 장안구 정자동,경상사고,0,0,1,0,차대차 - 추돌,안전운전불이행,건조,맑음,교차로 - 교차로안,승용,여,68세,상해없음,승용,여,62세,경상