사고번호,사고일시,요일,시군구,사고내용,사망자수,중상자수,경상자수,부상신고자수,사고유형,법규위반,노면상태,기상상태,도로형태,가해운전자 차종,가해운전자 성별,가해운전자 연령,가해운전자 상해정도,피해운전자 차종,피해운전자 성별,피해운전자 연령,피해운전자 상해정도
2022111700100053,2022년 11월 17일 06시,목요일,경기도 수원시 팔달구 매산로1가,중상사고,0,1,0,0,차대차 - 기타,신호위반,건조,맑음,기타 - 기타,승용,남,60세,상해없음,자전거,여,76세,중상
2022111700100070,2022년 11월 17일 07시,목요일,경기도 수원시 영통구 영통동,경상사고,0,0,1,0,차대사람 - 횡단중,보행자보호의무위반,건조,맑음,교차로 - 교차로횡단보도내,승용,남,52세,상해없음,보행자,여,34세,경상
2022111700100317,2022년 11월 17일 15시,목요일,경기도 수원시 팔달구 지동,경상사고,0,0,1,0,차대차 - 기타,안전운전불이행,건조,맑음,단일로 - 기타,승용,남,55세,상해없음,승용,남,65세,경상
2022111700100323,2022년 11월 17일 15시,목요일,경기도 수원시 영통구 이의동,경상사고,0,0,1,0,차대차 - 추돌,안전운전불이행,건조,맑음,단일로 - 기타,승용,남,23세,상해없음,승용,남,39세,경상
2022111700100348,2022년 11월 17일 16시,목요일,경기도 수원시 장안구 송죽동,부상신고사고,0,0,0,1,차량단독 - 기타,안전운전불이행,건조,맑음,단일로 - 기타,승용,남,39세,부상신고,,,,
2022111700100386,2022년 11월 17일 17시,목요일,경기도 수원시 장안구 정자동,경상사고,0,0,1,0,차대차 - 기타,안전운전불이행,건조,맑음,단일로 - 기타,승용,여,41세,상해없음,기타불명,남,78세,경상
2022111700100392,2022년 11월 17일 17시,목요일,경기도 수원시 영통구 이의동,경상사고,0,0,1,0,차대차 - 추돌,안전운전불이행,건조,맑음,교차로 - 교차로부근,승합,남,31세,상해없음,화물,남,39세,경상
2022111700100396,2022년 11월 17일 17시,목요일,경기도 수원시 팔달구 매산로2가,경상사고,0,0,1,0,차대사람 - 횡단중,보행자보호의무위반,건조,맑음,교차로 - 교차로부근,승용,남,53세,상해없음,보행자,여,21세,경상
2022111700100558,2022년 11월 17일 20시,목요일,경기도 수원시 팔달구 인계동,경상사고,0,0,1,0,차대차 - 추돌,안전운전불이행,건조,맑음,기타 - 기타,승용,남,33세,상해없음,승용,남,40세,경상
2022111700100577,2022년 11월 17일 21시,목요일,경기도 수원시 권선구 구운동,경상사고,0,0,2,0,차대차 - 추돌,안전운전불이행,건조,맑음,교차로 - 교차로부근,승용,여,51세,상해없음,승용,남,54세,경상
2022111800100020,2022년 11월 18일 02시,금요일,경기도 수원시 장안구 율전동,경상사고,0,0,1,0,차대차 - 추돌,안전운전불이행,건조,맑음,기타 - 기타,승용,남,27세,상해없음,승용,남,37세,경상
2022111800100049,2022년 11월 18일 06시,금요일,경기도 수원시 장안구 정자동,경상사고,0,0,1,0,차대사람 - 횡단중,보행자보호의무위반,건조,맑음,교차로 - 교차로안,승용,남,49세,상해없음,보행자,남,46세,경상
2022111800100071,2022년 11월 18일 07시,금요일,경기도 수원시 권선구 곡반정동,경상사고,0,0,1,0,차대차 - 측면충돌,차로위반,건조,맑음,단일로 - 기타,승합,남,57세,상해없음,승용,남,49세,경상
2022111800100128,2022년 11월 18일 09시,금요일,경기도 수원시 영통구 망포동,경상사고,0,0,1,0,차대차 - 측면충돌,안전운전불이행,건조,맑음,교차로 - 교차로안,승용,여,46세,상해없음,자전거,남,63세,경상
2022111800100155,2022년 11월 18일 10시,금요일,경기도 수원시 권선구 권선동,경상사고,0,0,1,0,차대차 - 측면충돌,교차로운행방법위반,건조,맑음,교차로 - 교차로안,승용,남,51세,상해없음,승용,남,42세,경상
2022111800100218,2022년 11월 18일 12시,금요일,경기도 수원시 팔달구 지동,경상사고,0,0,1,0,차대차 - 기타,안전거리미확보,건조,맑음,단일로 - 기타,승용,남,65세,상해없음,이륜,남,53세,경상
2022111800100331,2022년 11월 18일 15시,금요일,경기도 수원시 장안구 율전동,경상사고,0,0,1,0,차대차 - 기타,교차로운행방법위반,건조,맑음,교차로 - 교차로안,승용,남,36세,상해없음,이륜,남,53세,경상
2022111800100337,2022년 11월 18일 15시,금요일,경기도 수원시 권선구 구운동,경상사고,0,0,1,0,차대차 - 기타,안전거리미확보,건조,맑음,교차로 - 교차로부근,승용,남,49세,상해없음,승용,남,30세,경상
2022111800100499,2022년 11월 18일 18시,금요일,경기도 수원시 장안구 정자동,경상사고,0,0,1,0,차대차 - 기타,중앙선침범,건조,맑음,단일로 - 기타,자전거,남,39세,경상,승합,남,45세,상해없음
2022111800100508,2022년 11월 18일 18시,금요일,경기도 수원시 팔달구 매산로1가,부상신고사고,0,0,0,4,차대차 - 기타,안전운전불이행,건조,맑음,교차로 - 교차로안,기타불명,기타불명,미분류,기타불명,승합,남,64세,상해없음
2022111800100569,2022년 11월 18일 19시,금요일,경기도 수원시 장안구 율전동,경상사고,0,0,1,0,차대사람 - 기타,안전운전불이행,건조,맑음,기타 - 기타,승용,남,70세,상해없음,보행자,여,23세,경상
2022111800100575,2022년 11월 18일 19시,금요일,경기도 수원시 권선구 세류동,경상사고,0,0,1,0,차대차 - 기타,신호위반,건조,맑음,교차로 - 교차로횡단보도내,승용,남,40세,상해없음,자전거,남,49세,경상
2022111800100576,2022년 11월 18일 19시,금요일,경기도 수원시 영통구 매탄동,경상사고,0,0,1,0,차대차 - 기타,신호위반,건조,맑음,교차로 - 교차로안,이륜,남,63세,경상,화물,남,58세,상해없음
2022111800100577,2022년 11월 18일 19시,금요일,경기도 수원시 권선구 권선동,경상사고,0,0,1,0,차대사람 - 보도통행중,기타,건조,맑음,기타 - 기타,개인형이동수단(PM),여,16세,상해없음,보행자,여,55세,경상
2022111800100627,2022년 11월 18일 20시,금요일,경기도 수원시 권선구 입북동,경상사고,0,0,1,4,차대차 - 추돌,안전거리미확보,건조,맑음,단일로 - 기타,승용,여,33세,상해없음,승용,여,41세,부상신고
2022111800100649,2022년 11월 18일 21시,금요일,경기도 수원시 권선구 권선동,경상사고,0,0,1,0,차대차 - 추돌,안전운전불이행,건조,맑음,교차로 - 교차로횡단보도내,승용,남,31세,상해없음,이륜,남,22세,경상
2022111900100070,2022년 11월 19일 06시,토요일,경기도 수원시 팔달구 지동,중상사고,0,1,0,0,차대사람 - 횡단중,안전운전불이행,건조,맑음,단일로 - 기타,승용,남,41세,상해없음,보행자,여,67세,중상
2022111900100200,2022년 11월 19일 12시,토요일,경기도 수원시 영통구 매탄동,중상사고,0,2,0,0,차대차 - 측면충돌,교차로운행방법위반,건조,맑음,기타 - 기타,승용,남,29세,상해없음,승용,남,35세,중상
2022111900100239,2022년 11월 19일 13시,토요일,경기도 수원시 권선구 구운동,경상사고,0,0,3,1,차대차 - 측면충돌,신호위반,건조,맑음,단일로 - 기타,승용,여,45세,부상신고,승용,여,43세,경상
2022111900100278,2022년 11월 19일 14시,토요일,경기도 수원시 권선구 권선동,중상사고,0,1,1,0,차대차 - 측면충돌,신호위반,건조,맑음,교차로 - 교차로안,특수,남,25세,상해없음,승용,남,32세,중상
2022111900100382,2022년 11월 19일 17시,토요일,경기도 수원시 팔달구 우만동,경상사고,0,0,1,0,차대차 - 기타,안전거리미확보,건조,맑음,교차로 - 교차로안,승용,남,30세,상해없음,승용,여,28세,경상
2022111900100436,2022년 11월 19일 18시,토요일,경기도 수원시 장안구 영화동,중상사고,0,1,0,0,차대사람 - 횡단중,신호위반,건조,맑음,교차로 - 교차로부근,승용,남,48세,상해없음,보행자,남,80세,중상
2022111900100437,2022년 11월 19일 18시,토요일,경기도 수원시 팔달구 화서동,중상사고,0,1,1,0,차대차 - 기타,안전거리미확보,건조,맑음,교차로 - 교차로부근,이륜,남,48세,상해없음,이륜,남,19세,중상
2022111900100443,2022년 11월 19일 18시,토요일,경기도 수원시 팔달구 고등동,경상사고,0,0,1,0,차대차 - 기타,안전운전불이행,건조,맑음,기타 - 기타,승용,남,50세,상해없음,승용,여,51세,경상
2022111900100490,2022년 11월 19일 19시,토요일,경기도 수원시 권선구 서둔동,경상사고,0,0,1,0,차대차 - 측면충돌,신호위반,건조,맑음,교차로 - 교차로부근,승용,남,58세,상해없음,승용,남,46세,경상
2022111900100491,2022년 11월 19일 19시,토요일,경기도 수원시 팔달구 매교동,경상사고,0,0,1,0,차대차 - 측면충돌,중앙선침범,건조,맑음,단일로 - 기타,승용,남,40세,상해없음,이륜,남,39세,경상
2022111900100521,2022년 11월 19일 20시,토요일,경기도 수원시 장안구 율전동,경상사고,0,0,1,1,차대차 - 측면충돌,안전운전불이행,건조,맑음,교차로 - 교차로안,승용,여,58세,상해없음,승용,여,25세,경상
2022111900100566,2022년 11월 19일 22시,토요일,경기도 수원시 영통구 영통동,중상사고,0,1,0,0,차대차 - 기타,안전거리미확보,건조,맑음,단일로 - 기타,승용,남,29세,상해없음,승합,남,58세,상해없음
2022111900100593,2022년 11월 19일 23시,토요일,경기도 수원시 권선구 당수동,경상사고,0,0,2,0,차대차 - 기타,안전운전불이행,건조,맑음,단일로 - 기타,승용,남,60세,상해없음,승용,남,63세,경상
2022112000100135,2022년 11월 20일 12시,일요일,경기도 수원시 장안구 정자동,경상사고,0,0,1,0,차대차 - 기타,안전거리미확보,건조,맑음,단일로 - 기타,승용,남,19세,상해없음,이륜,남,36세,경상
2022112000100172,2022년 11월 20일 13시,일요일,경기도 수원시 팔달구 매산로1가,경상사고,0,0,1,0,차대차 - 기타,안전거리미확보,건조,맑음,교차로 - 교차로부근,승용,남,30세,상해없음,승용,남,50세,경상
2022112000100362,2022년 11월 20일 19시,일요일,경기도 수원시 팔달구 인계동,중상사고,0,1,0,0,차대차 - 측면충돌,안전운전불이행,건조,맑음,교차로 - 교차로안,승용,남,40세,상해없음,승용,남,42세,중상
2022112000100363,2022년 11월 20일 19시,일요일,경기도 수원시 권선구 권선동,중상사고,0,2,0,0,차대차 - 기타,교차로운행방법위반,건조,맑음,교차로 - 교차로부근,승용,남,58세,기타불명,승용,남,26세,중상
2022112000100364,2022년 11월 20일 19시,일요일,경기도 수원시 권선구 금곡동,경상사고,0,0,1,0,차대차 - 측면충돌,안전거리미확보,건조,맑음,교차로 - 교차로안,승용,여,34세,상해없음,승용,남,23세,경상
2022112000100394,2022년 11월 20일 20시,일요일,경기도 수원시 팔달구 화서동,중상사고,0,1,0,0,차대사람 - 기타,기타,건조,맑음,단일로 - 기타,승합,남,60세,상해없음,보행자,남,77세,중상
2022112000100398,2022년 11월 20일 20시,일요일,경기도 수원시 권선구 곡반정동,중상사고,0,1,0,0,차대사람 - 횡단중,보행자보호의무위반,건조,맑음,단일로 - 기타,승용,남,32세,상해없음,보행자,남,56세,중상
2022112000100421,2022년 11월 20일 21시,일요일,경기도 수원시 권선구 서둔동,경상사고,0,0,2,0,차대차 - 추돌,안전운전불이행,건조,맑음,교차로 - 교차로부근,승합,남,41세,상해없음,승용,남,63세,경상
2022112100100002,2022년 11월 21일 00시,월요일,경기도 수원시 팔달구 우만동,중상사고,0,1,0,0,차대사람 - 횡단중,신호위반,건조,맑음,단일로 - 기타,승용,남,62세,상해없음,보행자,남,19세,중상
2022112100100052,2022년 11월 21일 07시,월요일,경기도 수원시 권선구 호매실동,경상사고,0,0,2,0,차대차 - 추돌,안전운전불이행,건조,맑음,단일로 - 기타,승용,남,49세,상해없음,승용,남,60세,경상
2022112100100080,2022년 11월 21일 08시,월요일,경기도 수원시 팔달구 팔달로1가,경상사고,0,0,1,0,차대사람 - 길가장자리구역통행중,안전운전불이행,건조,맑음,단일로 - 기타,승용,여,63세,상해없음,보행자,남,14세,경상
2022112100100081,2022년 11월 21일 08시,월요일,경기도 수원시 팔달구 북수동,중상사고,0,1,0,0,차대사람 - 기타,신호위반,건조,맑음,교차로 - 교차로안,화물,남,68세,상해없음,보행자,남,18세,중상
2022112100100087,2022년 11월 21일 08시,월요일,경기도 수원시 권선구 고색동,부상신고사고,0,0,0,1,차대사람 - 보도통행중,보행자보호의무위반,건조,맑음,단일로 - 기타,승용,남,69세,상해없음,보행자,남,24세,부상신고
2022112100100299,2022년 11월 21일 15시,월요일,경기도 수원시 팔달구 우만동,부상신고사고,0,0,0,1,차대차 - 기타,차로위반,건조,맑음,단일로 - 기타,자전거,남,50세,부상신고,승합,남,58세,상해없음
2022112100100302,2022년 11월 21일 15시,월요일,경기도 수원시 영통구 매탄동,중상사고,0,1,0,0,차대사람 - 횡단중,보행자보호의무위반,건조,맑음,교차로 - 교차로횡단보도내,승용,여,59세,상해없음,보행자,여,54세,중상
2022112100100338,2022년 11월 21일 16시,월요일,경기도 수원시 장안구 천천동,경상사고,0,0,1,1,차대차 - 측면충돌,안전운전불이행,건조,맑음,교차로 - 교차로안,승합,남,73세,상해없음,승용,남,67세,경상
2022112100100491,2022년 11월 21일 19시,월요일,경기도 수원시 장안구 송죽동,경상사고,0,0,1,0,차대차 - 기타,안전거리미확보,건조,맑음,교차로 - 교차로부근,승용,남,38세,상해없음,승용,남,31세,경상
2022112100100492,2022년 11월 21일 19시,월요일,경기도 수원시 장안구 영화동,경상사고,0,0,1,0,차대사람 - 기타,안전운전불이행,건조,맑음,교차로 - 교차로부근,승용,남,38세,상해없음,보행자,남,52세,경상
2022112100100547,2022년 11월 21일 21시,월요일,경기도 수원시 영통구 이의동,경상사고,0,0,1,0,차대차 - 기타,신호위반,건조,맑음,기타 - 기타,승용,남,57세,상해없음,승용,남,38세,경상
2022112200100053,2022년 11월 22일 07시,화요일,경기도 수원시 장안구 영화동,경상사고,0,0,1,0,차대차 - 기타,안전거리미확보,건조,맑음,교차로 - 교차로안,화물,남,60세,상해없음,승용,남,40세,경상
2022112200100088,2022년 11월 22일 08시,화요일,경기도 수원시 영통구 이의동,경상사고,0,0,1,0,차대차 - 추돌,안전운전불이행,건조,맑음,기타 - 기타,승용,여,42세,상해없음,승용,여,27세,경상
2022112200100094,2022년 11월 22일 08시,화요일,경기도 수원시 영통구 신동,경상사고,0,0,1,0,차대차 - 측면충돌,교차로운행방법위반,건조,맑음,교차로 - 교차로안,특수,남,69세,상해없음,승용,여,35세,경상
2022112200100259,2022년 11월 22일 14시,화요일,경기도 수원시 권선구 평동,경상사고,0,0,1,2,차대차 - 추돌,안전운전불이행,건조,맑음,교차로 - 교차로부근,승용,여,41세,상해없음,승합,남,69세,경상
2022112200100291,2022년 11월 22일 15시,화요일,경기도 수원시 권선구 권선동,경상사고,0,0,1,0,차대사람 - 차도통행중,안전운전불이행,건조,맑음,단일로 - 기타,승용,남,34세,상해없음,보행자,남,22세,경상
2022112200100292,2022년 11월 22일 15시,화요일,경기도 수원시 영통구 원천동,경상사고,0,0,2,0,차대차 - 측면충돌,차로위반,건조,맑음,교차로 - 교차로부근,승용,여,56세,상해없음,승용,남,59세,경상
2022112200100312,2022년 11월 22일 16시,화요일,경기도 수원시 팔달구 매산로2가,경상사고,0,0,1,0,차대차 - 기타,신호위반,건조,맑음,단일로 - 기타,승용,여,49세,상해없음,승용,남,31세,경상
2022112200100364,2022년 11월 22일 17시,화요일,경기도 수원시 영통구 이의동,중상사고,0,1,7,0,차대차 - 기타,안전운전불이행,건조,맑음,교차로 - 교차로부근,승용,여,51세,경상,승용,여,34세,중상
2022112200100423,2022년 11월 22일 18시,화요일,경기도 수원시 팔달구 화서동,경상사고,0,0,2,0,차대차 - 기타,안전운전불이행,건조,맑음,교차로 - 교차로부근,승용,남,54세,상해없음,승용,남,21세,경상
2022112200100488,2022년 11월 22일 19시,화요일,경기도 수원시 권선구 권선동,경상사고,0,0,1,0,차대차 - 기타,안전운전불이행,건조,맑음,교차로 - 교차로횡단보도내,승용,여,54세,상해없음,개인형이동수단(PM),남,18세,경상
2022112200100491,2022년 11월 22일 19시,화요일,경기도 수원시 권선구 금곡동,경상사고,0,0,1,0,차대차 - 추돌,안전운전불이행,건조,맑음,교차로 - 교차로부근,승용,여,65세,상해없음,화물,남,32세,경상
2022112200100597,2022년 11월 22일 22시,화요일,경기도 수원시 영통구 매탄동,경상사고,0,0,2,0,차대사람 - 기타,신호위반,젖음/습기,흐림,단일로 - 기타,승용,남,31세,상해없음,보행자,남,38세,경상
2022112200100600,2022년 11월 22일 22시,화요일,경기도 수원시 권선구 구운동,경상사고,0,0,1,0,차대사람 - 기타,안전운전불이행,건조,맑음,교차로 - 교차로부근,승합,남,60세,상해없음,보행자,여,74세,경상
2022112200100601,2022년 11월 22일 22시,화요일,경기도 수원시 팔달구 매산로1가,경상사고,0,0,1,0,차대차 - 측면충돌,안전거리미확보,건조,맑음,교차로 - 교차로안,승용,남,30세,상해없음,승용,남,24세,경상
2022112200100625,2022년 11월 22일 23시,화요일,경기도 수원시 팔달구 매교동,경상사고,0,0,1,0,차대차 - 추돌,안전운전불이행,건조,흐림,교차로 - 교차로부근,승용,남,32세,상해없음,승용,남,63세,경상
2022112300100005,2022년 11월 23일 01시,수요일,경기도 수원시 영통구 영통동,경상사고,0,0,1,0,차대차 - 추돌,안전운전불이행,건조,맑음,교차로 - 교차로부근,승용,남,63세,상해없음,승용,남,43세,경상
2022112300100083,2022년 11월 23일 08시,수요일,경기도 수원시 권선구 구운동,중상사고,0,1,2,1,차대차 - 추돌,중앙선침범,건조,맑음,교차로 - 교차로안,승용,남,19세,상해없음,승용,남,28세,경상
2022112300100084,2022년 11월 23일 08시,수요일,경기도 수원시 권선구 서둔동,경상사고,0,0,1,0,차대차 - 추돌,안전운전불이행,건조,맑음,교차로 - 교차로안,자전거,남,29세,상해없음,승용,남,42세,경상
2022112300100106,2022년 11월 23일 09시,수요일,경기도 수원시 권선구 세류동,중상사고,0,1,0,0,차대차 - 측면충돌,안전운전불이행,건조,맑음,교차로 - 교차로횡단보도내,승용,남,28세,상해없음,개인형이동수단(PM),남,22세,중상
2022112300100129,2022년 11월 23일 10시,수요일,경기도 수원시 장안구 정자동,경상사고,0,0,1,0,차대사람 - 기타,안전운전불이행,건조,맑음,단일로 - 기타,승용,남,81세,상해없음,보행자,남,65세,경상
2022112300100164,2022년 11월 23일 11시,수요일,경기도 수원시 장안구 정자동,중상사고,0,1,1,0,차대차 - 기타,안전운전불이행,건조,맑음,교차로 - 교차로안,승합,남,67세,상해없음,승용,남,65세,상해없음
2022112300100247,2022년 11월 23일 14시,수요일,경기도 수원시 권선구 권선동,경상사고,0,0,1,0,차대차 - 측면충돌,안전운전불이행,건조,맑음,교차로 - 교차로안,화물,남,66세,상해없음,승용,남,58세,경상
2022112300100281,2022년 11월 23일 15시,수요일,경기도 수원시 팔달구 지동,경상사고,0,0,1,0,차대차 - 추돌,안전운전불이행,건조,맑음,단일로 - 기타,화물,남,54세,상해없음,승용,여,35세,경상
2022112300100286,2022년 11월 23일 15시,수요일,경기도 수원시 영통구 매탄동,경상사고,0,0,1,0,차대차 - 기타,차로위반,건조,맑음,단일로 - 지하차도(도로)내,승합,남,61세,상해없음,승합,남,68세,상해없음
2022112300100329,2022년 11월 23일 16시,수요일,경기도 수원시 팔달구 인계동,중상사고,0,1,1,0,차대사람 - 차도통행중,교차로운행방법위반,건조,맑음,교차로 - 교차로안,승용,여,53세,상해없음,보행자,남,17세,중상
2022112300100352,2022년 11월 23일 17시,수요일,경기도 수원시 장안구 송죽동,경상사고,0,0,1,0,차대차 - 기타,안전거리미확보,건조,맑음,단일로 - 기타,이륜,남,64세,상해없음,승합,남,64세,상해없음
2022112300100358,2022년 11월 23일 17시,수요일,경기도 수원시 팔달구 인계동,경상사고,0,0,1,0,차대차 - 기타,교차로운행방법위반,건조,맑음,교차로 - 교차로안,승용,남,23세,상해없음,승용,여,38세,경상
2022112300100360,2022년 11월 23일 17시,수요일,경기도 수원시 권선구 호매실동,경상사고,0,0,1,1,차대차 - 측면충돌,신호위반,건조,맑음,교차로 - 교차로부근,이륜,남,17세,부상신고,승용,여,44세,경상
2022112300100413,2022년 11월 23일 18시,수요일,경기도 수원시 팔달구 매산로2가,중상사고,0,1,0,0,차대사람 - 횡단중,안전운전불이행,건조,맑음,기타 - 기타,승용,여,63세,상해없음,보행자,남,72세,중상
2022112300100469,2022년 11월 23일 19시,수요일,경기도 수원시 장안구 조원동,경상사고,0,0,2,0,차대차 - 기타,안전운전불이행,건조,맑음,교차로 - 교차로안,승용,여,63세,상해없음,승용,남,45세,경상
2022112300100534,2022년 11월 23일 21시,수요일,경기도 수원시 장안구 송죽동,경상사고,0,0,1,0,차대사람 - 횡단중,신호위반,건조,맑음,단일로 - 기타,이륜,남,28세,상해없음,보행자,남,22세,경상
2022112300100535,2022년 11월 23일 21시,수요일,경기도 수원시 장안구 파장동,경상사고,0,0,1,0,차대차 - 기타,안전거리미확보,건조,맑음,단일로 - 기타,승용,여,31세,상해없음,승용,남,51세,상해없음
2022112300100554,2022년 11월 23일 22시,수요일,경기도 수원시 권선구 평동,경상사고,0,0,3,0,차대차 - 기타,신호위반,건조,맑음,교차로 - 교차로안,승용,남,66세,상해없음,승용,남,64세,경상
2022112300100571,2022년 11월 23일 23시,수요일,경기도 수원시 팔달구 인계동,경상사고,0,0,2,0,차대차 - 추돌,안전운전불이행,건조,맑음,교차로 - 교차로부근,승용,남,53세,상해없음,승용,남,26세,경상
2022112400100004,2022년 11월 24일 00시,목요일,경기도 수원시 권선구 곡반정동,경상사고,0,0,1,0,차대사람 - 보도통행중,안전운전불이행,건조,맑음,단일로 - 기타,승용,여,37세,상해없음,보행자,남,42세,경상
2022112400100056,2022년 11월 24일 07시,목요일,경기도 수원시 팔달구 매산로1가,경상사고,0,0,1,0,차대사람 - 차도통행중,안전운전불이행,건조,맑음,교차로 - 교차로안,승용,남,67세,상해없음,보행자,남,46세,경상
2022112400100091,2022년 11월 24일 08시,목요일,경기도 수원시 권선구 권선동,중상사고,0,1,0,0,차대사람 - 횡단중,보행자보호의무위반,건조,맑음,단일로 - 지하차도(도로)내,승용,남,57세,상해없음,보행자,남,12세,중상
2022112400100093,2022년 11월 24일 08시,목요일,경기도 수원시 권선구 세류동,경상사고,0,0,3,0,차대사람 - 기타,기타,건조,맑음,기타 - 기타,개인형이동수단(PM),남,14세,상해없음,보행자,여,12세,경상
2022112400100142,2022년 11월 24일 09시,목요일,경기도 수원시 권선구 세류동,경상사고,0,0,1,0,차대차 - 추돌,안전운전불이행,건조,맑음,단일로 - 지하차도(도로)내,화물,남,33세,상해없음,승용,여,50세,경상
2022112400100170,2022년 11월 24일 10시,목요일,경기도 수원시 장안구 영화동,경상사고,0,0,1,0,차대차 - 기타,안전거리미확보,건조,맑음,단일로 - 기타,승용,남,69세,상해없음,승용,남,68세,경상
2022112400100194,2022년 11월 24일 11시,목요일,경기도 수원시 장안구 파장동,경상사고,0,0,1,0,차대사람 - 기타,안전운전불이행,건조,맑음,교차로 - 교차로안,승용,남,70세,상해없음,보행자,여,63세,경상
2022112400100220,2022년 11월 24일 12시,목요일,경기도 수원시 장안구 조원동,경상사고,0,0,1,0,차대사람 - 기타,안전운전불이행,건조,맑음,기타 - 기타,화물,남,47세,상해없음,보행자,여,59세,경상
2022112400100412,2022년 11월 24일 17시,목요일,경기도 수원시 영통구 이의동,경상사고,0,0,1,0,차대차 - 측면충돌,차로위반,건조,맑음,교차로 - 교차로부근,승용,여,52세,상해없음,승용,남,67세,경상
2022112400100471,2022년 11월 24일 18시,목요일,경기도 수원시 권선구 금곡동,경상사고,0,0,2,0,차대차 - 기타,안전운전불이행,건조,맑음,교차로 - 교차로부근,이륜,남,43세,상해없음,승용,남,45세,경상
2022112400100516,2022년 11월 24일 19시,목요일,경기도 수원시 영통구 원천동,경상사고,0,0,2,0,차대차 - 측면충돌,안전운전불이행,건조,맑음,단일로 - 기타,승용,남,57세,상해없음,승용,남,40세,경상
2022112500100009,2022년 11월 25일 00시,금요일,경기도 수원시 권선구 세류동,경상사고,0,0,2,0,차대차 - 추돌,신호위반,건조,맑음,교차로 - 교차로안,승용,남,35세,상해없음,승용,남,54세,경상
2022112500100033,2022년 11월 25일 03시,금요일,경기도 수원시 권선구 권선동,경상사고,0,0,1,0,차대차 - 측면충돌,신호위반,건조,맑음,교차로 - 교차로안,승용,여,37세,상해없음,화물,남,31세,경상
2022112500100046,2022년 11월 25일 06시,금요일,경기도 수원시 팔달구 매산로1가,경상사고,0,0,1,0,차대차 - 기타,신호위반,건조,맑음,교차로 - 교차로안,화물,남,63세,상해없음,승용,남,39세,경상
2022112500100241,2022년 11월 25일 13시,금요일,경기도 수원시 권선구 권선동,경상사고,0,0,2,0,차대차 - 추돌,안전운전불이행,건조,맑음,단일로 - 기타,승용,여,57세,상해없음,승용,남,39세,경상
2022112500100266,2022년 11월 25일 14시,금요일,경기도 수원시 권선구 구운동,중상사고,0,1,0,0,차대차 - 측면충돌,안전거리미확보,건조,맑음,단일로 - 기타,화물,남,64세,상해없음,화물,남,42세,중상
2022112500100301,2022년 11월 25일 15시,금요일,경기도 수원시 장안구 송죽동,부상신고사고,0,0,0,1,차대차 - 기타,교차로운행방법위반,건조,맑음,교차로 - 교차로부근,자전거,남,12세,부상신고,승용,남,79세,상해없음
2022112500100386,2022년 11월 25일 17시,금요일,경기도 수원시 장안구 정자동,경상사고,0,0,1,0,차대사람 - 기타,안전운전불이행,건조,맑음,기타 - 기타,자전거,남,77세,상해없음,보행자,여,61세,경상
2022112500100459,2022년 11월 25일 18시,금요일,경기도 수원시 영통구 하동,경상사고,0,0,1,0,차대차 - 정면충돌,신호위반,건조,맑음,교차로 - 교차로안,화물,남,53세,상해없음,승용,남,28세,경상
2022112500100464,2022년 11월 25일 18시,금요일,경기도 수원시 영통구 이의동,중상사고,0,1,0,1,차대차 - 기타,안전운전불이행,건조,맑음,단일로 - 기타,화물,남,47세,부상신고,승용,여,22세,중상
2022112500100593,2022년 11월 25일 21시,금요일,경기도 수원시 권선구 입북동,경상사고,0,0,1,0,차대차 - 추돌,안전운전불이행,건조,맑음,교차로 - 교차로부근,승용,남,42세,상해없음,승용,남,54세,경상
2022112500100594,2022년 11월 25일 21시,금요일,경기도 수원시 팔달구 매산로1가,중상사고,0,1,0,0,차대사람 - 횡단중,안전운전불이행,건조,맑음,교차로 - 교차로부근,승용,남,60세,상해없음,보행자,남,56세,중상
2022112500100655,2022년 11월 25일 23시,금요일,경기도 수원시 팔달구 인계동,중상사고,0,1,0,0,차대차 - 추돌,안전운전불이행,젖음/습기,흐림,기타 - 기타,화물,남,49세,상해없음,승용,남,51세,중상
2022112600100009,2022년 11월 26일 00시,토요일,경기도 수원시 팔달구 매산로1가,중상사고,0,1,0,0,차대사람 - 횡단중,보행자보호의무위반,건조,맑음,단일로 - 기타,승용,남,54세,상해없음,보행자,남,43세,중상
2022112600100027,2022년 11월 26일 01시,토요일,경기도 수원시 장안구 연무동,중상사고,0,1,0,0,차량단독 - 도로외이탈 - 추락,중앙선침범,건조,맑음,단일로 - 기타,승용,남,36세,중상,,,,
2022112600100033,2022년 11월 26일 02시,토요일,경기도 수원시 팔달구 우만동,경상사고,0,0,5,0,차대차 - 기타,신호위반,건조,맑음,교차로 - 교차로안,승용,남,29세,상해없음,승용,여,29세,경상
2022112600100070,2022년 11월 26일 06시,토요일,경기도 수원시 팔달구 인계동,부상신고사고,0,0,0,1,차대차 - 측면충돌,차로위반,건조,맑음,단일로 - 기타,승용,남,51세,상해없음,승용,남,57세,상해없음
2022112600100113,2022년 11월 26일 09시,토요일,경기도 수원시 권선구 세류동,경상사고,0,0,1,0,차대차 - 기타,안전운전불이행,건조,맑음,교차로 - 교차로부근,개인형이동수단(PM),남,25세,경상,승용,여,49세,상해없음