사고번호,사고일시,요일,시군구,사고내용,사망자수,중상자수,경상자수,부상신고자수,사고유형,법규위반,노면상태,기상상태,도로형태,가해운전자 차종,가해운전자 성별,가해운전자 연령,가해운전자 상해정도,피해운전자 차종,피해운전자 성별,피해운전자 연령,피해운전자 상해정도
2022120500100503,2022년 12월 5일 22시,월요일,경기도 수원시 권선구 권선동,경상사고,0,0,1,0,차대차 - 측면충돌,안전거리미확보,건조,흐림,단일로 - 기타,승용,여,45세,기타불명,승용,남,24세,경상
2022120600100159,2022년 12월 6일 09시,화요일,경기도 수원시 팔달구 인계동,중상사고,0,1,1,0,차대차 - 추돌,안전운전불이행,적설,맑음,단일로 - 기타,승용,남,31세,상해없음,승용,여,34세,중상
2022120600100160,2022년 12월 6일 09시,화요일,경기도 수원시 영통구 망포동,경상사고,0,0,1,0,차대사람 - 횡단중,안전운전불이행,건조,맑음,교차로 - 교차로안,기타불명,기타불명,미분류,기타불명,보행자,여,31세,경상
2022120600100165,2022년 12월 6일 09시,화요일,경기도 수원시 권선구 서둔동,경상사고,0,0,1,0,차대차 - 기타,안전운전불이행,적설,눈,교차로 - 교차로부근,승용,남,29세,상해없음,승용,남,28세,경상
2022120600100201,2022년 12월 6일 10시,화요일,경기도 수원시 팔달구 우만동,부상신고사고,0,0,0,2,차대차 - 기타,중앙선침범,서리/결빙,눈,단일로 - 기타,승합,남,32세,상해없음,승용,남,43세,부상신고
2022120600100206,2022년 12월 6일 10시,화요일,경기도 수원시 팔달구 인계동,경상사고,0,0,1,0,차대사람 - 차도통행중,안전운전불이행,건조,맑음,단일로 - 기타,승용,남,52세,상해없음,보행자,여,28세,경상
2022120600100207,2022년 12월 6일 10시,화요일,경기도 수원시 영통구 매탄동,경상사고,0,0,1,0,차대사람 - 보도통행중,기타,서리/결빙,맑음,기타 - 기타,화물,남,60세,상해없음,보행자,남,37세,경상
2022120600100208,2022년 12월 6일 10시,화요일,경기도 수원시 영통구 영통동,경상사고,0,0,1,0,차대차 - 추돌,안전운전불이행,적설,눈,단일로 - 기타,승용,여,29세,상해없음,승용,남,28세,경상
2022120600100236,2022년 12월 6일 11시,화요일,경기도 수원시 팔달구 팔달로2가,경상사고,0,0,1,0,차대사람 - 기타,안전운전불이행,젖음/습기,흐림,단일로 - 기타,화물,남,36세,상해없음,보행자,남,81세,경상
2022120600100270,2022년 12월 6일 12시,화요일,경기도 수원시 팔달구 인계동,경상사고,0,0,2,0,차대차 - 후진중충돌,안전운전불이행,건조,맑음,기타 - 기타,승용,남,69세,상해없음,승용,남,35세,경상
2022120600100271,2022년 12월 6일 12시,화요일,경기도 수원시 권선구 세류동,경상사고,0,0,1,0,차대차 - 측면충돌,안전운전불이행,건조,맑음,단일로 - 기타,화물,남,82세,상해없음,승용,여,66세,경상
2022120600100346,2022년 12월 6일 15시,화요일,경기도 수원시 장안구 영화동,경상사고,0,0,1,0,차대사람 - 기타,기타,건조,맑음,교차로 - 교차로부근,승용,남,70세,상해없음,보행자,여,36세,경상
2022120600100355,2022년 12월 6일 15시,화요일,경기도 수원시 권선구 호매실동,경상사고,0,0,1,0,차대사람 - 보도통행중,신호위반,건조,맑음,교차로 - 교차로횡단보도내,이륜,남,46세,상해없음,보행자,여,53세,경상
2022120600100393,2022년 12월 6일 16시,화요일,경기도 수원시 영통구 원천동,중상사고,0,1,0,0,차대차 - 기타,교차로운행방법위반,건조,맑음,교차로 - 교차로안,승용,남,61세,상해없음,이륜,남,52세,중상
2022120600100536,2022년 12월 6일 19시,화요일,경기도 수원시 장안구 율전동,중상사고,0,1,0,0,차대차 - 기타,신호위반,건조,흐림,교차로 - 교차로안,승용,여,24세,상해없음,이륜,남,23세,중상
2022120600100539,2022년 12월 6일 19시,화요일,경기도 수원시 팔달구 인계동,경상사고,0,0,4,0,차대차 - 추돌,안전운전불이행,건조,맑음,기타 - 기타,이륜,남,32세,상해없음,이륜,남,21세,경상
2022120600100601,2022년 12월 6일 21시,화요일,경기도 수원시 권선구 구운동,경상사고,0,0,1,0,차대차 - 기타,교차로운행방법위반,서리/결빙,눈,단일로 - 기타,승용,여,42세,상해없음,이륜,남,31세,경상
2022120600100617,2022년 12월 6일 22시,화요일,경기도 수원시 팔달구 화서동,경상사고,0,0,1,0,차대차 - 기타,직진우회전진행방해,건조,맑음,교차로 - 교차로안,이륜,남,32세,상해없음,승용,여,53세,경상
2022120600100641,2022년 12월 6일 23시,화요일,경기도 수원시 장안구 파장동,중상사고,0,1,0,0,차대차 - 기타,안전운전불이행,건조,맑음,교차로 - 교차로안,승용,남,22세,상해없음,승용,남,60세,중상
2022120700100007,2022년 12월 7일 01시,수요일,경기도 수원시 장안구 정자동,중상사고,0,1,0,0,차대사람 - 기타,안전운전불이행,젖음/습기,흐림,단일로 - 기타,승용,남,61세,상해없음,보행자,여,64세,중상
2022120700100027,2022년 12월 7일 05시,수요일,경기도 수원시 장안구 천천동,경상사고,0,0,1,0,차대차 - 추돌,안전운전불이행,젖음/습기,비,교차로 - 교차로부근,승용,남,33세,상해없음,승용,남,29세,경상
2022120700100089,2022년 12월 7일 08시,수요일,경기도 수원시 장안구 영화동,경상사고,0,0,1,1,차대차 - 측면충돌,교차로운행방법위반,건조,맑음,교차로 - 교차로안,이륜,여,44세,부상신고,승용,여,54세,경상
2022120700100214,2022년 12월 7일 12시,수요일,경기도 수원시 팔달구 매산로1가,경상사고,0,0,1,0,차대차 - 기타,안전운전불이행,건조,맑음,단일로 - 기타,승용,여,43세,상해없음,승용,여,40세,경상
2022120700100237,2022년 12월 7일 13시,수요일,경기도 수원시 영통구 원천동,경상사고,0,0,1,0,차대차 - 측면충돌,안전운전불이행,건조,맑음,단일로 - 기타,승용,여,63세,상해없음,승용,여,57세,경상
2022120700100332,2022년 12월 7일 16시,수요일,경기도 수원시 팔달구 우만동,경상사고,0,0,1,0,차대차 - 측면충돌,불법유턴,건조,맑음,단일로 - 기타,승합,남,52세,상해없음,승용,남,26세,상해없음
2022120700100386,2022년 12월 7일 17시,수요일,경기도 수원시 권선구 구운동,경상사고,0,0,1,0,차대사람 - 보도통행중,신호위반,건조,맑음,교차로 - 교차로부근,승용,남,52세,상해없음,보행자,여,11세,경상
2022120700100553,2022년 12월 7일 20시,수요일,경기도 수원시 권선구 세류동,경상사고,0,0,1,0,차대차 - 기타,안전거리미확보,건조,맑음,단일로 - 지하차도(도로)내,승용,남,62세,상해없음,승용,남,23세,경상
2022120800100005,2022년 12월 8일 00시,목요일,경기도 수원시 팔달구 중동,부상신고사고,0,0,0,1,차대차 - 기타,안전운전불이행,건조,맑음,교차로 - 교차로안,자전거,남,18세,부상신고,승용,남,50세,상해없음
2022120800100006,2022년 12월 8일 00시,목요일,경기도 수원시 권선구 곡반정동,경상사고,0,0,1,0,차대차 - 추돌,안전운전불이행,건조,맑음,기타 - 기타,승용,여,29세,상해없음,승용,남,46세,경상
2022120800100066,2022년 12월 8일 06시,목요일,경기도 수원시 권선구 권선동,중상사고,0,1,0,0,차대차 - 추돌,안전운전불이행,건조,맑음,기타 - 기타,승용,남,27세,상해없음,기타불명,남,79세,중상
2022120800100068,2022년 12월 8일 06시,목요일,경기도 수원시 권선구 금곡동,중상사고,0,1,0,0,차대사람 - 횡단중,안전운전불이행,건조,맑음,교차로 - 교차로횡단보도내,화물,남,58세,상해없음,보행자,여,71세,중상
2022120800100085,2022년 12월 8일 07시,목요일,경기도 수원시 권선구 곡반정동,경상사고,0,0,1,0,차대차 - 추돌,안전운전불이행,건조,맑음,기타 - 기타,승용,남,49세,상해없음,승용,남,35세,경상
2022120800100105,2022년 12월 8일 08시,목요일,경기도 수원시 장안구 이목동,경상사고,0,0,1,0,차대차 - 정면충돌,직진우회전진행방해,건조,맑음,교차로 - 교차로안,승용,여,52세,상해없음,승용,여,49세,경상
2022120800100109,2022년 12월 8일 08시,목요일,경기도 수원시 영통구 이의동,경상사고,0,0,1,0,차대차 - 측면충돌,안전운전불이행,건조,맑음,단일로 - 기타,승용,남,70세,상해없음,자전거,남,16세,경상
2022120800100110,2022년 12월 8일 08시,목요일,경기도 수원시 권선구 세류동,경상사고,0,0,1,0,차대사람 - 차도통행중,안전운전불이행,건조,맑음,단일로 - 기타,승용,여,69세,상해없음,보행자,남,6세,경상
2022120800100194,2022년 12월 8일 10시,목요일,경기도 수원시 장안구 정자동,중상사고,0,1,0,0,차대차 - 정면충돌,직진우회전진행방해,건조,맑음,교차로 - 교차로안,승용,남,66세,상해없음,이륜,남,32세,중상
2022120800100268,2022년 12월 8일 12시,목요일,경기도 수원시 팔달구 고등동,중상사고,0,1,0,0,차대사람 - 횡단중,안전운전불이행,건조,맑음,교차로 - 교차로부근,승용,여,34세,상해없음,보행자,여,82세,중상
2022120800100301,2022년 12월 8일 13시,목요일,경기도 수원시 권선구 권선동,경상사고,0,0,4,0,차대차 - 추돌,안전운전불이행,건조,맑음,단일로 - 기타,화물,남,62세,상해없음,특수,남,49세,경상
2022120800100642,2022년 12월 8일 22시,목요일,경기도 수원시 권선구 호매실동,경상사고,0,0,1,0,차대차 - 추돌,안전운전불이행,건조,맑음,단일로 - 기타,화물,남,44세,상해없음,승용,남,31세,경상
2022120900100046,2022년 12월 9일 06시,금요일,경기도 수원시 장안구 정자동,중상사고,0,1,0,0,차대차 - 기타,안전운전불이행,건조,맑음,단일로 - 기타,승용,남,55세,상해없음,자전거,여,50세,중상
2022120900100050,2022년 12월 9일 06시,금요일,경기도 수원시 권선구 호매실동,부상신고사고,0,0,0,1,차대차 - 추돌,안전운전불이행,건조,맑음,단일로 - 기타,승용,남,49세,상해없음,건설기계,남,51세,부상신고
2022120900100197,2022년 12월 9일 12시,금요일,경기도 수원시 팔달구 인계동,경상사고,0,0,2,0,차대차 - 측면충돌,안전거리미확보,건조,맑음,단일로 - 기타,건설기계,남,60세,상해없음,승용,여,35세,경상
2022120900100256,2022년 12월 9일 14시,금요일,경기도 수원시 권선구 권선동,경상사고,0,0,1,0,차대차 - 측면충돌,교차로운행방법위반,건조,맑음,교차로 - 교차로안,승합,남,62세,상해없음,승용,여,56세,경상
2022120900100278,2022년 12월 9일 15시,금요일,경기도 수원시 장안구 율전동,경상사고,0,0,1,0,차대사람 - 기타,안전운전불이행,건조,맑음,교차로 - 교차로안,승용,남,37세,상해없음,보행자,남,13세,경상
2022120900100283,2022년 12월 9일 15시,금요일,경기도 수원시 팔달구 매산로1가,경상사고,0,0,2,0,차대차 - 추돌,신호위반,건조,맑음,교차로 - 교차로안,승용,여,41세,상해없음,승용,남,40세,경상
2022120900100318,2022년 12월 9일 16시,금요일,경기도 수원시 팔달구 인계동,경상사고,0,0,1,0,차대차 - 기타,신호위반,건조,맑음,교차로 - 교차로안,승용,여,62세,상해없음,승용,남,51세,경상
2022120900100319,2022년 12월 9일 16시,금요일,경기도 수원시 팔달구 매산로1가,경상사고,0,0,1,0,차대차 - 측면충돌,안전거리미확보,건조,맑음,단일로 - 기타,승용,남,65세,상해없음,특수,남,40세,경상
2022120900100346,2022년 12월 9일 17시,금요일,경기도 수원시 팔달구 화서동,경상사고,0,0,1,0,차대차 - 정면충돌,신호위반,건조,맑음,교차로 - 교차로안,승용,남,75세,상해없음,이륜,남,36세,경상
2022120900100354,2022년 12월 9일 17시,금요일,경기도 수원시 영통구 영통동,경상사고,0,0,1,0,차대차 - 기타,안전운전불이행,건조,맑음,교차로 - 교차로부근,승용,남,53세,상해없음,이륜,남,22세,경상
2022120900100359,2022년 12월 9일 17시,금요일,경기도 수원시 권선구 금곡동,경상사고,0,0,1,0,차대차 - 측면충돌,안전거리미확보,건조,맑음,단일로 - 기타,승용,남,44세,상해없음,승용,여,36세,경상
2022120900100487,2022년 12월 9일 19시,금요일,경기도 수원시 팔달구 화서동,경상사고,0,0,1,0,차대차 - 측면충돌,안전운전불이행,건조,맑음,교차로 - 교차로안,승용,남,26세,상해없음,자전거,여,28세,경상
2022121000100046,2022년 12월 10일 02시,토요일,경기도 수원시 장안구 이목동,경상사고,0,0,2,0,차대차 - 측면충돌,안전운전불이행,건조,맑음,교차로 - 교차로부근,승용,남,60세,상해없음,승용,남,71세,경상
2022121000100047,2022년 12월 10일 02시,토요일,경기도 수원시 팔달구 화서동,부상신고사고,0,0,0,1,차대차 - 추돌,안전운전불이행,건조,맑음,교차로 - 교차로부근,승용,남,68세,기타불명,승용,남,26세,부상신고
2022121000100058,2022년 12월 10일 03시,토요일,경기도 수원시 팔달구 매산로2가,경상사고,0,0,1,0,차대차 - 추돌,안전운전불이행,건조,맑음,단일로 - 기타,승용,남,65세,상해없음,승용,남,22세,경상
2022121000100091,2022년 12월 10일 07시,토요일,경기도 수원시 영통구 매탄동,경상사고,0,0,1,0,차대차 - 측면충돌,신호위반,건조,맑음,교차로 - 교차로안,승용,남,59세,상해없음,이륜,남,29세,경상
2022121000100093,2022년 12월 10일 07시,토요일,경기도 수원시 권선구 평동,경상사고,0,0,3,0,차대차 - 기타,신호위반,건조,맑음,교차로 - 교차로안,승합,남,62세,상해없음,화물,남,60세,경상
2022121000100094,2022년 12월 10일 07시,토요일,경기도 수원시 팔달구 매교동,부상신고사고,0,0,0,1,차대차 - 기타,중앙선침범,건조,맑음,교차로 - 교차로부근,자전거,남,69세,부상신고,승용,남,45세,상해없음
2022121000100146,2022년 12월 10일 10시,토요일,경기도 수원시 팔달구 우만동,중상사고,0,1,0,0,차대차 - 측면충돌,신호위반,건조,맑음,교차로 - 교차로안,승합,남,23세,상해없음,이륜,남,52세,중상
2022121000100217,2022년 12월 10일 12시,토요일,경기도 수원시 영통구 이의동,경상사고,0,0,1,0,차대차 - 기타,차로위반,건조,맑음,단일로 - 기타,승합,남,45세,상해없음,이륜,남,41세,경상
2022121000100307,2022년 12월 10일 15시,토요일,경기도 수원시 팔달구 팔달로3가,경상사고,0,0,1,0,차대사람 - 기타,안전운전불이행,건조,맑음,기타 - 기타,이륜,남,70세,상해없음,보행자,여,27세,경상
2022121000100325,2022년 12월 10일 16시,토요일,경기도 수원시 영통구 매탄동,경상사고,0,0,1,0,차대차 - 추돌,안전운전불이행,건조,맑음,교차로 - 교차로부근,승용,남,58세,상해없음,승용,여,69세,경상
2022121000100397,2022년 12월 10일 18시,토요일,경기도 수원시 장안구 연무동,경상사고,0,0,1,0,차대차 - 후진중충돌,안전운전불이행,건조,맑음,교차로 - 교차로안,승합,남,58세,상해없음,이륜,남,51세,경상
2022121000100405,2022년 12월 10일 18시,토요일,경기도 수원시 팔달구 매산로2가,중상사고,0,1,0,0,차대차 - 추돌,안전운전불이행,건조,맑음,단일로 - 기타,승용,남,35세,상해없음,자전거,여,73세,중상
2022121000100443,2022년 12월 10일 19시,토요일,경기도 수원시 팔달구 인계동,경상사고,0,0,1,0,차대차 - 기타,안전운전불이행,건조,맑음,교차로 - 교차로안,개인형이동수단(PM),여,65세,경상,승용,남,49세,상해없음
2022121000100462,2022년 12월 10일 20시,토요일,경기도 수원시 팔달구 화서동,경상사고,0,0,1,0,차대차 - 측면충돌,직진우회전진행방해,건조,맑음,교차로 - 교차로안,승용,남,42세,상해없음,이륜,남,51세,경상
2022121000100489,2022년 12월 10일 21시,토요일,경기도 수원시 팔달구 화서동,경상사고,0,0,1,0,차대차 - 기타,안전운전불이행,건조,맑음,기타 - 기타,승용,여,46세,상해없음,이륜,남,21세,경상
2022121000100504,2022년 12월 10일 22시,토요일,경기도 수원시 장안구 송죽동,경상사고,0,0,1,0,차대사람 - 보도통행중,신호위반,건조,맑음,교차로 - 교차로안,승용,남,62세,상해없음,보행자,여,58세,경상
2022121000100505,2022년 12월 10일 22시,토요일,경기도 수원시 팔달구 지동,경상사고,0,0,2,0,차대차 - 추돌,안전운전불이행,건조,맑음,단일로 - 기타,승용,남,24세,상해없음,승용,남,61세,경상
2022121000100533,2022년 12월 10일 23시,토요일,경기도 수원시 장안구 율전동,경상사고,0,0,1,0,차대차 - 기타,안전거리미확보,건조,맑음,교차로 - 교차로부근,개인형이동수단(PM),남,40세,경상,승용,남,57세,상해없음
2022121100100141,2022년 12월 11일 12시,일요일,경기도 수원시 장안구 천천동,중상사고,0,1,0,0,차대차 - 추돌,안전운전불이행,건조,맑음,교차로 - 교차로부근,건설기계,남,59세,상해없음,승용,남,35세,중상
2022121100100170,2022년 12월 11일 13시,일요일,경기도 수원시 팔달구 화서동,경상사고,0,0,1,0,차량단독 - 기타,기타,건조,맑음,단일로 - 기타,승합,남,58세,상해없음,,,,
2022121100100237,2022년 12월 11일 15시,일요일,경기도 수원시 팔달구 팔달로2가,경상사고,0,0,4,0,차대차 - 측면충돌,안전운전불이행,건조,맑음,단일로 - 기타,승합,남,52세,상해없음,승용,남,46세,경상
2022121100100262,2022년 12월 11일 16시,일요일,경기도 수원시 팔달구 북수동,부상신고사고,0,0,0,1,차량단독 - 기타,안전운전불이행,건조,맑음,단일로 - 기타,이륜,남,25세,부상신고,,,,
2022121100100263,2022년 12월 11일 16시,일요일,경기도 수원시 장안구 파장동,경상사고,0,0,5,1,차대차 - 측면충돌,교차로운행방법위반,건조,맑음,교차로 - 교차로안,승용,남,27세,경상,승용,남,36세,경상
2022121100100298,2022년 12월 11일 17시,일요일,경기도 수원시 권선구 권선동,중상사고,0,1,0,0,차대차 - 기타,안전운전불이행,건조,맑음,교차로 - 교차로안,승용,남,31세,상해없음,이륜,남,54세,중상
2022121100100373,2022년 12월 11일 19시,일요일,경기도 수원시 권선구 구운동,경상사고,0,0,1,0,차대차 - 추돌,안전운전불이행,건조,맑음,교차로 - 교차로부근,승용,남,50세,상해없음,이륜,남,33세,경상
2022121100100396,2022년 12월 11일 20시,일요일,경기도 수원시 장안구 파장동,중상사고,0,1,0,0,차대사람 - 기타,신호위반,건조,맑음,단일로 - 기타,승용,여,27세,상해없음,보행자,남,58세,중상
2022121200100028,2022년 12월 12일 05시,월요일,경기도 수원시 장안구 정자동,중상사고,0,1,1,0,차대차 - 측면충돌,신호위반,건조,맑음,교차로 - 교차로안,화물,남,70세,상해없음,승합,남,54세,중상
2022121200100029,2022년 12월 12일 05시,월요일,경기도 수원시 팔달구 고등동,경상사고,0,0,1,0,차대차 - 추돌,안전운전불이행,건조,흐림,단일로 - 기타,승용,남,45세,상해없음,화물,남,55세,경상
2022121200100127,2022년 12월 12일 10시,월요일,경기도 수원시 팔달구 우만동,경상사고,0,0,1,0,차대차 - 기타,안전운전불이행,건조,맑음,교차로 - 교차로안,승용,여,68세,상해없음,승용,남,52세,경상
2022121200100150,2022년 12월 12일 11시,월요일,경기도 수원시 권선구 권선동,경상사고,0,0,1,0,차대차 - 측면충돌,직진우회전진행방해,건조,맑음,교차로 - 교차로안,화물,남,58세,상해없음,승용,남,63세,경상
2022121200100185,2022년 12월 12일 12시,월요일,경기도 수원시 권선구 구운동,경상사고,0,0,1,0,차대사람 - 기타,안전운전불이행,건조,맑음,기타 - 기타,화물,남,48세,상해없음,보행자,남,28세,경상
2022121200100304,2022년 12월 12일 16시,월요일,경기도 수원시 권선구 곡반정동,중상사고,0,1,0,0,차대사람 - 차도통행중,안전운전불이행,건조,흐림,단일로 - 기타,개인형이동수단(PM),여,13세,상해없음,보행자,여,29세,중상
2022121200100351,2022년 12월 12일 17시,월요일,경기도 수원시 팔달구 인계동,중상사고,0,1,0,0,차대차 - 측면충돌,교차로운행방법위반,건조,맑음,교차로 - 교차로안,승용,여,61세,상해없음,이륜,남,29세,중상
2022121200100404,2022년 12월 12일 18시,월요일,경기도 수원시 장안구 송죽동,경상사고,0,0,1,0,차대차 - 기타,안전거리미확보,젖음/습기,비,교차로 - 교차로안,승용,남,35세,상해없음,승용,남,43세,경상
2022121200100405,2022년 12월 12일 18시,월요일,경기도 수원시 팔달구 화서동,경상사고,0,0,1,0,차대사람 - 횡단중,보행자보호의무위반,젖음/습기,비,교차로 - 교차로안,승합,남,47세,상해없음,보행자,여,13세,경상
2022121200100414,2022년 12월 12일 18시,월요일,경기도 수원시 영통구 영통동,경상사고,0,0,1,0,차대사람 - 길가장자리구역통행중,보행자보호의무위반,젖음/습기,맑음,교차로 - 교차로횡단보도내,승용,남,36세,기타불명,보행자,여,27세,경상
2022121200100473,2022년 12월 12일 19시,월요일,경기도 수원시 장안구 천천동,경상사고,0,0,1,0,차대차 - 기타,안전운전불이행,건조,맑음,단일로 - 기타,자전거,남,38세,경상,승용,여,49세,상해없음
2022121300100040,2022년 12월 13일 06시,화요일,경기도 수원시 장안구 파장동,중상사고,0,1,0,0,차대차 - 기타,안전거리미확보,건조,맑음,단일로 - 기타,승용,남,46세,상해없음,화물,남,50세,상해없음
2022121300100046,2022년 12월 13일 06시,화요일,경기도 수원시 팔달구 인계동,경상사고,0,0,2,0,차대차 - 측면충돌,교차로운행방법위반,건조,맑음,교차로 - 교차로안,승용,남,51세,상해없음,승용,남,65세,경상
2022121300100089,2022년 12월 13일 08시,화요일,경기도 수원시 장안구 율전동,경상사고,0,0,1,0,차대차 - 측면충돌,안전거리미확보,건조,맑음,단일로 - 기타,승용,여,52세,상해없음,승용,남,49세,경상
2022121300100094,2022년 12월 13일 08시,화요일,경기도 수원시 팔달구 인계동,중상사고,0,1,0,0,차대사람 - 기타,신호위반,젖음/습기,눈,단일로 - 기타,승용,여,30세,상해없음,보행자,남,63세,중상
2022121300100095,2022년 12월 13일 08시,화요일,경기도 수원시 영통구 하동,경상사고,0,0,1,0,차대차 - 측면충돌,교차로운행방법위반,건조,맑음,교차로 - 교차로안,승용,여,36세,상해없음,승용,여,54세,경상
2022121300100096,2022년 12월 13일 08시,화요일,경기도 수원시 팔달구 고등동,경상사고,0,0,1,0,차대차 - 기타,안전거리미확보,건조,맑음,교차로 - 교차로안,화물,남,59세,상해없음,승용,남,79세,경상
2022121300100123,2022년 12월 13일 09시,화요일,경기도 수원시 권선구 입북동,경상사고,0,0,1,0,차대차 - 기타,안전거리미확보,젖음/습기,눈,단일로 - 기타,승용,여,59세,상해없음,화물,남,42세,경상
2022121300100140,2022년 12월 13일 10시,화요일,경기도 수원시 팔달구 팔달로2가,경상사고,0,0,1,0,차대사람 - 기타,안전운전불이행,젖음/습기,눈,기타 - 기타,승용,남,76세,상해없음,보행자,남,29세,경상
2022121300100141,2022년 12월 13일 10시,화요일,경기도 수원시 영통구 이의동,경상사고,0,0,2,0,차대차 - 기타,안전거리미확보,건조,맑음,단일로 - 기타,승용,여,22세,상해없음,승용,남,31세,경상
2022121300100168,2022년 12월 13일 11시,화요일,경기도 수원시 팔달구 지동,중상사고,0,1,0,0,차대사람 - 기타,기타,건조,맑음,단일로 - 기타,승용,남,69세,상해없음,보행자,여,62세,중상
2022121300100178,2022년 12월 13일 11시,화요일,경기도 수원시 권선구 고색동,경상사고,0,0,2,0,차대차 - 기타,안전거리미확보,젖음/습기,흐림,교차로 - 교차로안,화물,남,26세,경상,화물,남,33세,경상
2022121300100200,2022년 12월 13일 12시,화요일,경기도 수원시 팔달구 우만동,경상사고,0,0,3,0,차대차 - 기타,안전운전불이행,건조,맑음,단일로 - 기타,승용,남,46세,상해없음,승용,남,36세,경상
2022121300100225,2022년 12월 13일 13시,화요일,경기도 수원시 장안구 파장동,중상사고,0,1,0,0,차대사람 - 기타,보행자보호의무위반,적설,눈,교차로 - 교차로횡단보도내,승용,남,67세,상해없음,보행자,여,31세,중상
2022121300100257,2022년 12월 13일 14시,화요일,경기도 수원시 팔달구 인계동,경상사고,0,0,2,0,차대차 - 측면충돌,신호위반,젖음/습기,눈,교차로 - 교차로부근,승용,여,58세,상해없음,승용,남,56세,경상
2022121300100307,2022년 12월 13일 16시,화요일,경기도 수원시 장안구 파장동,경상사고,0,0,3,0,차대차 - 추돌,안전거리미확보,젖음/습기,눈,단일로 - 터널,승용,여,32세,기타불명,승용,남,64세,경상
2022121300100310,2022년 12월 13일 16시,화요일,경기도 수원시 영통구 신동,경상사고,0,0,1,0,차대차 - 기타,안전거리미확보,젖음/습기,눈,단일로 - 기타,승용,남,61세,상해없음,승용,남,65세,경상
2022121300100311,2022년 12월 13일 16시,화요일,경기도 수원시 권선구 호매실동,경상사고,0,0,1,0,차대차 - 기타,안전운전불이행,젖음/습기,눈,단일로 - 기타,승용,남,57세,상해없음,화물,남,49세,경상
2022121300100398,2022년 12월 13일 18시,화요일,경기도 수원시 권선구 권선동,경상사고,0,0,1,0,차대사람 - 횡단중,보행자보호의무위반,건조,맑음,교차로 - 교차로횡단보도내,승합,남,63세,상해없음,보행자,남,44세,경상
2022121300100536,2022년 12월 13일 23시,화요일,경기도 수원시 영통구 매탄동,경상사고,0,0,2,0,차대차 - 측면충돌,신호위반,건조,맑음,교차로 - 교차로안,승용,남,45세,상해없음,승용,남,26세,경상
2022121300100537,2022년 12월 13일 23시,화요일,경기도 수원시 영통구 영통동,경상사고,0,0,1,0,차대차 - 추돌,안전운전불이행,건조,맑음,단일로 - 기타,승용,남,32세,상해없음,승용,남,49세,경상
2022121400100022,2022년 12월 14일 03시,수요일,경기도 수원시 팔달구 인계동,경상사고,0,0,2,0,차대차 - 추돌,안전운전불이행,젖음/습기,흐림,단일로 - 기타,승용,남,37세,상해없음,승용,남,39세,경상
2022121400100085,2022년 12월 14일 08시,수요일,경기도 수원시 장안구 영화동,중상사고,0,1,0,0,차대사람 - 기타,안전운전불이행,건조,맑음,단일로 - 기타,승용,여,43세,상해없음,보행자,남,12세,중상
2022121400100096,2022년 12월 14일 08시,수요일,경기도 수원시 팔달구 매산로1가,경상사고,0,0,10,0,차대차 - 측면충돌,신호위반,건조,맑음,교차로 - 교차로안,승용,여,72세,경상,승용,남,68세,경상
2022121400100196,2022년 12월 14일 10시,수요일,경기도 수원시 권선구 탑동,경상사고,0,0,1,0,차대차 - 측면충돌,안전거리미확보,건조,맑음,단일로 - 기타,건설기계,남,31세,상해없음,승용,여,53세,경상
2022121400100222,2022년 12월 14일 11시,수요일,경기도 수원시 권선구 평동,중상사고,0,1,0,0,차대차 - 기타,안전거리미확보,건조,맑음,단일로 - 기타,승용,남,31세,상해없음,이륜,남,47세,중상
2022121400100289,2022년 12월 14일 13시,수요일,경기도 수원시 팔달구 화서동,경상사고,0,0,2,0,차대차 - 기타,안전운전불이행,건조,맑음,교차로 - 교차로안,승용,여,34세,상해없음,승용,남,48세,경상
2022121400100367,2022년 12월 14일 15시,수요일,경기도 수원시 영통구 망포동,경상사고,0,0,1,0,차대사람 - 기타,보행자보호의무위반,건조,맑음,기타 - 기타,승용,남,62세,상해없음,보행자,여,65세,경상
2022121400100444,2022년 12월 14일 17시,수요일,경기도 수원시 팔달구 우만동,부상신고사고,0,0,0,1,차대차 - 기타,안전운전불이행,서리/결빙,흐림,교차로 - 교차로부근,이륜,남,45세,부상신고,승용,여,61세,상해없음
2022121400100455,2022년 12월 14일 17시,수요일,경기도 수원시 권선구 고색동,경상사고,0,0,2,0,차대차 - 기타,중앙선침범,건조,맑음,교차로 - 교차로부근,승용,남,50세,상해없음,승용,남,31세,경상
2022121400100456,2022년 12월 14일 17시,수요일,경기도 수원시 팔달구 매산로1가,경상사고,0,0,1,0,차대차 - 측면충돌,안전운전불이행,건조,맑음,교차로 - 교차로안,승용,남,52세,상해없음,승용,남,29세,경상
2022121400100457,2022년 12월 14일 17시,수요일,경기도 수원시 권선구 구운동,경상사고,0,0,1,0,차대차 - 기타,안전운전불이행,건조,맑음,단일로 - 기타,화물,남,65세,상해없음,승용,남,47세,경상
2022121400100511,2022년 12월 14일 18시,수요일,경기도 수원시 영통구 원천동,중상사고,0,1,1,0,차대차 - 추돌,안전운전불이행,건조,맑음,단일로 - 기타,승용,남,45세,상해없음,승용,남,33세,경상