사고번호,사고일시,요일,시군구,사고내용,사망자수,중상자수,경상자수,부상신고자수,사고유형,법규위반,노면상태,기상상태,도로형태,가해운전자 차종,가해운전자 성별,가해운전자 연령,가해운전자 상해정도,피해운전자 차종,피해운전자 성별,피해운전자 연령,피해운전자 상해정도
2022121400100606,2022년 12월 14일 20시,수요일,경기도 수원시 권선구 고색동,경상사고,0,0,1,0,차대차 - 추돌,안전운전불이행,서리/결빙,맑음,교차로 - 교차로부근,승용,남,23세,상해없음,승용,남,27세,경상
2022121400100636,2022년 12월 14일 21시,수요일,경기도 수원시 권선구 평동,경상사고,0,0,1,0,차대차 - 추돌,안전운전불이행,건조,맑음,교차로 - 교차로부근,승용,남,43세,상해없음,승용,여,55세,경상
2022121500100040,2022년 12월 15일 04시,목요일,경기도 수원시 장안구 영화동,경상사고,0,0,1,0,차대차 - 추돌,안전운전불이행,건조,맑음,단일로 - 기타,승용,남,29세,상해없음,승용,여,67세,경상
2022121500100059,2022년 12월 15일 06시,목요일,경기도 수원시 팔달구 인계동,경상사고,0,0,1,0,차대차 - 추돌,안전운전불이행,젖음/습기,흐림,단일로 - 기타,승용,남,29세,상해없음,승합,남,24세,경상
2022121500100060,2022년 12월 15일 06시,목요일,경기도 수원시 권선구 곡반정동,경상사고,0,0,1,0,차대사람 - 기타,안전운전불이행,건조,맑음,교차로 - 교차로안,승용,남,25세,상해없음,보행자,남,38세,경상
2022121500100080,2022년 12월 15일 07시,목요일,경기도 수원시 권선구 곡반정동,경상사고,0,0,2,0,차대차 - 기타,안전운전불이행,건조,흐림,단일로 - 기타,승용,여,33세,상해없음,승용,남,68세,경상
2022121500100112,2022년 12월 15일 08시,목요일,경기도 수원시 권선구 서둔동,경상사고,0,0,1,1,차대차 - 추돌,안전거리미확보,젖음/습기,흐림,교차로 - 교차로부근,승용,남,46세,상해없음,승용,남,36세,경상
2022121500100169,2022년 12월 15일 10시,목요일,경기도 수원시 장안구 영화동,경상사고,0,0,1,0,차대차 - 기타,신호위반,건조,맑음,교차로 - 교차로안,승용,남,35세,상해없음,승용,남,59세,경상
2022121500100250,2022년 12월 15일 13시,목요일,경기도 수원시 영통구 하동,중상사고,0,1,0,0,차대차 - 측면충돌,안전운전불이행,적설,눈,교차로 - 교차로부근,승용,남,27세,상해없음,화물,남,43세,중상
2022121500100290,2022년 12월 15일 14시,목요일,경기도 수원시 장안구 연무동,경상사고,0,0,2,0,차대차 - 측면충돌,안전운전불이행,적설,눈,교차로 - 교차로안,승용,남,65세,상해없음,승용,여,53세,경상
2022121500100296,2022년 12월 15일 14시,목요일,경기도 수원시 권선구 입북동,경상사고,0,0,1,0,차대차 - 측면충돌,안전운전불이행,적설,눈,교차로 - 교차로부근,승용,남,36세,상해없음,승용,여,60세,경상
2022121500100297,2022년 12월 15일 14시,목요일,경기도 수원시 권선구 탑동,경상사고,0,0,1,0,차대차 - 추돌,안전운전불이행,서리/결빙,눈,교차로 - 교차로부근,승용,여,57세,상해없음,승용,남,58세,경상
2022121500100504,2022년 12월 15일 20시,목요일,경기도 수원시 장안구 조원동,경상사고,0,0,1,0,차대차 - 추돌,안전운전불이행,서리/결빙,눈,단일로 - 기타,승용,남,51세,상해없음,승용,남,46세,상해없음
2022121500100575,2022년 12월 15일 23시,목요일,경기도 수원시 팔달구 인계동,경상사고,0,0,2,0,차대차 - 기타,중앙선침범,적설,흐림,기타 - 기타,승용,남,46세,상해없음,특수,남,39세,경상
2022121600100132,2022년 12월 16일 09시,금요일,경기도 수원시 권선구 권선동,중상사고,0,1,0,0,차대사람 - 차도통행중,안전운전불이행,젖음/습기,맑음,단일로 - 기타,개인형이동수단(PM),남,32세,상해없음,보행자,여,65세,중상
2022121600100133,2022년 12월 16일 09시,금요일,경기도 수원시 권선구 호매실동,경상사고,0,0,1,0,차대차 - 측면충돌,안전거리미확보,건조,맑음,교차로 - 교차로부근,승용,여,52세,상해없음,승용,남,25세,경상
2022121600100164,2022년 12월 16일 10시,금요일,경기도 수원시 영통구 이의동,경상사고,0,0,3,0,차대차 - 측면충돌,안전운전불이행,건조,맑음,교차로 - 교차로안,승용,남,58세,상해없음,승용,여,30세,경상
2022121600100165,2022년 12월 16일 10시,금요일,경기도 수원시 영통구 망포동,경상사고,0,0,1,0,차대차 - 추돌,안전운전불이행,서리/결빙,눈,교차로 - 교차로부근,승용,남,27세,상해없음,승용,여,32세,경상
2022121600100166,2022년 12월 16일 10시,금요일,경기도 수원시 영통구 매탄동,경상사고,0,0,1,0,차대차 - 측면충돌,안전운전불이행,서리/결빙,눈,교차로 - 교차로안,화물,남,38세,상해없음,승용,남,40세,경상
2022121600100304,2022년 12월 16일 15시,금요일,경기도 수원시 장안구 정자동,경상사고,0,0,1,0,차대사람 - 기타,안전운전불이행,건조,맑음,주차장 - 주차장,승용,여,37세,상해없음,보행자,여,8세,경상
2022121600100384,2022년 12월 16일 17시,금요일,경기도 수원시 권선구 구운동,경상사고,0,0,1,0,차대차 - 기타,신호위반,건조,맑음,교차로 - 교차로안,승합,여,48세,상해없음,승용,남,55세,경상
2022121600100431,2022년 12월 16일 18시,금요일,경기도 수원시 장안구 율전동,경상사고,0,0,3,0,차대차 - 추돌,안전운전불이행,건조,맑음,단일로 - 기타,승용,여,49세,상해없음,승용,여,61세,경상
2022121600100472,2022년 12월 16일 19시,금요일,경기도 수원시 영통구 망포동,경상사고,0,0,3,0,차대차 - 측면충돌,안전거리미확보,젖음/습기,흐림,단일로 - 기타,승합,남,55세,상해없음,승용,여,30세,경상
2022121600100507,2022년 12월 16일 20시,금요일,경기도 수원시 권선구 서둔동,중상사고,0,1,1,0,차대차 - 기타,안전운전불이행,건조,기타,교차로 - 교차로부근,승용,여,22세,상해없음,승용,여,28세,중상
2022121600100535,2022년 12월 16일 21시,금요일,경기도 수원시 권선구 오목천동,경상사고,0,0,2,0,차대차 - 후진중충돌,안전운전불이행,건조,맑음,기타 - 기타,화물,남,55세,상해없음,승용,여,22세,경상
2022121600100588,2022년 12월 16일 23시,금요일,경기도 수원시 영통구 매탄동,경상사고,0,0,2,0,차대차 - 기타,직진우회전진행방해,젖음/습기,맑음,교차로 - 교차로안,승용,남,26세,기타불명,승용,여,43세,경상
2022121700100077,2022년 12월 17일 07시,토요일,경기도 수원시 권선구 세류동,경상사고,0,0,1,0,차대차 - 측면충돌,안전운전불이행,건조,맑음,교차로 - 교차로안,화물,남,47세,상해없음,승용,여,48세,경상
2022121700100103,2022년 12월 17일 09시,토요일,경기도 수원시 팔달구 지동,부상신고사고,0,0,0,1,차대차 - 기타,차로위반,적설,눈,교차로 - 교차로부근,승용,남,54세,부상신고,승용,남,73세,기타불명
2022121700100166,2022년 12월 17일 11시,토요일,경기도 수원시 팔달구 화서동,경상사고,0,0,1,0,차대차 - 기타,안전거리미확보,젖음/습기,흐림,단일로 - 기타,승용,남,72세,상해없음,이륜,남,27세,경상
2022121700100240,2022년 12월 17일 13시,토요일,경기도 수원시 장안구 정자동,중상사고,0,1,0,0,차대사람 - 기타,안전운전불이행,건조,맑음,교차로 - 교차로안,승합,남,50세,상해없음,보행자,남,86세,중상
2022121700100288,2022년 12월 17일 14시,토요일,경기도 수원시 권선구 세류동,경상사고,0,0,1,0,차대차 - 측면충돌,안전운전불이행,건조,맑음,단일로 - 기타,승용,남,66세,상해없음,화물,남,34세,경상
2022121700100294,2022년 12월 17일 14시,토요일,경기도 수원시 권선구 고색동,중상사고,0,2,0,0,차대차 - 기타,안전운전불이행,건조,맑음,단일로 - 기타,승용,남,34세,상해없음,승용,남,43세,상해없음
2022121700100348,2022년 12월 17일 16시,토요일,경기도 수원시 영통구 이의동,경상사고,0,0,3,0,차대차 - 측면충돌,신호위반,건조,맑음,교차로 - 교차로안,승용,남,29세,상해없음,화물,남,52세,경상
2022121700100373,2022년 12월 17일 17시,토요일,경기도 수원시 장안구 율전동,경상사고,0,0,1,0,차대차 - 추돌,안전운전불이행,서리/결빙,맑음,교차로 - 교차로부근,화물,남,41세,상해없음,승용,남,47세,상해없음
2022121700100420,2022년 12월 17일 18시,토요일,경기도 수원시 장안구 천천동,경상사고,0,0,1,0,차대사람 - 횡단중,보행자보호의무위반,건조,맑음,교차로 - 교차로횡단보도내,승용,남,61세,상해없음,보행자,여,46세,경상
2022121700100425,2022년 12월 17일 18시,토요일,경기도 수원시 영통구 이의동,경상사고,0,0,3,0,차대차 - 측면충돌,안전거리미확보,건조,맑음,단일로 - 기타,승용,남,40세,상해없음,승용,남,40세,경상
2022121700100429,2022년 12월 17일 18시,토요일,경기도 수원시 권선구 금곡동,부상신고사고,0,0,0,1,차대차 - 기타,안전운전불이행,기타,기타,교차로 - 교차로부근,승용,남,40세,상해없음,원동기,남,41세,부상신고
2022121700100456,2022년 12월 17일 19시,토요일,경기도 수원시 영통구 이의동,중상사고,0,1,1,0,차대차 - 측면충돌,신호위반,건조,맑음,교차로 - 교차로안,승용,남,59세,상해없음,승용,남,48세,중상
2022121700100510,2022년 12월 17일 21시,토요일,경기도 수원시 영통구 매탄동,경상사고,0,0,3,0,차대차 - 정면충돌,안전운전불이행,건조,맑음,단일로 - 기타,승용,남,51세,상해없음,승용,남,46세,경상
2022121700100512,2022년 12월 17일 21시,토요일,경기도 수원시 권선구 호매실동,경상사고,0,0,3,0,차대차 - 추돌,안전운전불이행,젖음/습기,흐림,교차로 - 교차로부근,승용,남,27세,상해없음,승용,남,63세,경상
2022121700100534,2022년 12월 17일 22시,토요일,경기도 수원시 영통구 이의동,경상사고,0,0,2,0,차대차 - 기타,안전거리미확보,건조,맑음,단일로 - 기타,승용,남,67세,상해없음,승용,남,46세,경상
2022121800100008,2022년 12월 18일 00시,일요일,경기도 수원시 권선구 대황교동,경상사고,0,0,2,0,차량단독 - 기타,안전운전불이행,건조,맑음,교차로 - 교차로안,승용,남,33세,상해없음,,,,
2022121800100042,2022년 12월 18일 02시,일요일,경기도 수원시 권선구 권선동,경상사고,0,0,1,0,차대사람 - 보도통행중,안전운전불이행,건조,맑음,교차로 - 교차로안,승용,남,64세,상해없음,보행자,남,29세,경상
2022121800100057,2022년 12월 18일 05시,일요일,경기도 수원시 팔달구 매산로2가,경상사고,0,0,1,0,차대차 - 추돌,안전운전불이행,건조,흐림,단일로 - 기타,승용,남,54세,상해없음,승용,남,69세,경상
2022121800100139,2022년 12월 18일 12시,일요일,경기도 수원시 영통구 이의동,중상사고,0,1,0,0,차대사람 - 기타,안전운전불이행,건조,맑음,기타 - 기타,승용,남,45세,상해없음,보행자,남,54세,중상
2022121800100165,2022년 12월 18일 13시,일요일,경기도 수원시 팔달구 매교동,경상사고,0,0,1,0,차대차 - 기타,안전운전불이행,건조,맑음,교차로 - 교차로부근,승용,남,61세,상해없음,이륜,남,36세,경상
2022121800100166,2022년 12월 18일 13시,일요일,경기도 수원시 권선구 서둔동,경상사고,0,0,1,0,차대차 - 기타,직진우회전진행방해,건조,맑음,교차로 - 교차로안,승용,여,47세,상해없음,이륜,남,31세,경상
2022121800100192,2022년 12월 18일 14시,일요일,경기도 수원시 장안구 영화동,경상사고,0,0,1,0,차량단독 - 기타,안전운전불이행,건조,맑음,단일로 - 기타,이륜,남,38세,경상,,,,
2022121800100228,2022년 12월 18일 15시,일요일,경기도 수원시 장안구 율전동,부상신고사고,0,0,0,1,차대차 - 추돌,교차로운행방법위반,건조,맑음,교차로 - 교차로안,승용,남,48세,상해없음,이륜,남,43세,부상신고
2022121800100229,2022년 12월 18일 15시,일요일,경기도 수원시 장안구 송죽동,경상사고,0,0,3,0,차대차 - 측면충돌,신호위반,건조,맑음,교차로 - 교차로안,승용,남,67세,경상,승용,남,29세,경상
2022121800100233,2022년 12월 18일 15시,일요일,경기도 수원시 권선구 서둔동,경상사고,0,0,2,0,차대차 - 추돌,안전운전불이행,건조,맑음,교차로 - 교차로부근,승용,남,60세,상해없음,승용,남,34세,경상
2022121800100252,2022년 12월 18일 16시,일요일,경기도 수원시 팔달구 화서동,경상사고,0,0,2,0,차대차 - 측면충돌,신호위반,건조,맑음,교차로 - 교차로안,승용,남,52세,상해없음,승용,남,27세,경상
2022121800100273,2022년 12월 18일 17시,일요일,경기도 수원시 장안구 정자동,경상사고,0,0,2,0,차대차 - 추돌,안전운전불이행,건조,맑음,단일로 - 기타,승용,남,71세,상해없음,승용,남,64세,경상
2022121800100278,2022년 12월 18일 17시,일요일,경기도 수원시 팔달구 교동,경상사고,0,0,3,0,차대차 - 추돌,안전운전불이행,적설,흐림,교차로 - 교차로부근,이륜,남,28세,상해없음,승용,남,42세,경상
2022121800100332,2022년 12월 18일 19시,일요일,경기도 수원시 장안구 파장동,중상사고,0,1,0,0,차대사람 - 차도통행중,안전운전불이행,건조,맑음,단일로 - 기타,승용,남,64세,상해없음,보행자,남,55세,중상
2022121800100337,2022년 12월 18일 19시,일요일,경기도 수원시 팔달구 인계동,경상사고,0,0,1,0,차대차 - 측면충돌,안전운전불이행,건조,맑음,단일로 - 기타,승용,남,68세,상해없음,이륜,남,60세,경상
2022121800100339,2022년 12월 18일 19시,일요일,경기도 수원시 권선구 고색동,경상사고,0,0,1,0,차대차 - 추돌,안전운전불이행,건조,맑음,교차로 - 교차로부근,승용,남,48세,상해없음,승용,남,57세,경상
2022121800100394,2022년 12월 18일 21시,일요일,경기도 수원시 권선구 구운동,경상사고,0,0,2,0,차대차 - 기타,안전운전불이행,건조,맑음,단일로 - 기타,승용,남,53세,상해없음,승용,남,22세,경상
2022121900100006,2022년 12월 19일 01시,월요일,경기도 수원시 권선구 권선동,경상사고,0,0,1,0,차대차 - 측면충돌,신호위반,건조,맑음,교차로 - 교차로안,승합,남,57세,상해없음,승용,남,31세,경상
2022121900100027,2022년 12월 19일 05시,월요일,경기도 수원시 권선구 세류동,부상신고사고,0,0,0,1,차대차 - 기타,안전거리미확보,건조,맑음,단일로 - 터널,승용,여,31세,상해없음,화물,남,56세,부상신고
2022121900100040,2022년 12월 19일 06시,월요일,경기도 수원시 장안구 천천동,경상사고,0,0,1,0,차대사람 - 횡단중,안전운전불이행,건조,흐림,교차로 - 교차로횡단보도내,승합,남,62세,상해없음,보행자,남,66세,경상
2022121900100088,2022년 12월 19일 08시,월요일,경기도 수원시 장안구 율전동,경상사고,0,0,2,0,차대차 - 기타,안전운전불이행,건조,맑음,교차로 - 교차로안,승용,남,33세,경상,승용,여,48세,경상
2022121900100089,2022년 12월 19일 08시,월요일,경기도 수원시 장안구 정자동,경상사고,0,0,1,0,차대차 - 기타,안전운전불이행,건조,맑음,단일로 - 기타,승용,남,25세,상해없음,승용,여,59세,경상
2022121900100093,2022년 12월 19일 08시,월요일,경기도 수원시 권선구 권선동,경상사고,0,0,2,0,차대차 - 측면충돌,안전거리미확보,건조,맑음,교차로 - 교차로안,승용,남,36세,경상,승용,남,55세,경상
2022121900100135,2022년 12월 19일 09시,월요일,경기도 수원시 영통구 이의동,경상사고,0,0,2,0,차대차 - 측면충돌,안전운전불이행,건조,맑음,단일로 - 기타,승용,남,33세,상해없음,승용,남,37세,경상
2022121900100136,2022년 12월 19일 09시,월요일,경기도 수원시 팔달구 인계동,경상사고,0,0,1,0,차대사람 - 기타,안전운전불이행,건조,맑음,기타 - 기타,승용,여,61세,상해없음,보행자,여,16세,경상
2022121900100170,2022년 12월 19일 10시,월요일,경기도 수원시 권선구 곡반정동,중상사고,0,1,0,0,차대사람 - 횡단중,보행자보호의무위반,건조,맑음,단일로 - 기타,승용,여,49세,상해없음,보행자,남,64세,중상
2022121900100171,2022년 12월 19일 10시,월요일,경기도 수원시 영통구 이의동,경상사고,0,0,1,0,차대차 - 추돌,안전운전불이행,건조,맑음,교차로 - 교차로부근,승합,남,53세,상해없음,승용,여,51세,경상
2022121900100261,2022년 12월 19일 13시,월요일,경기도 수원시 영통구 영통동,중상사고,0,1,0,0,차대차 - 측면충돌,차로위반,서리/결빙,맑음,교차로 - 교차로부근,승용,남,64세,상해없음,이륜,남,26세,중상
2022121900100262,2022년 12월 19일 13시,월요일,경기도 수원시 영통구 원천동,경상사고,0,0,1,0,차대차 - 기타,안전운전불이행,서리/결빙,맑음,교차로 - 교차로부근,승용,여,50세,상해없음,이륜,남,46세,경상
2022121900100297,2022년 12월 19일 14시,월요일,경기도 수원시 장안구 정자동,중상사고,0,1,0,0,차대차 - 기타,안전운전불이행,건조,맑음,단일로 - 기타,이륜,남,58세,중상,승용,여,62세,상해없음
2022121900100361,2022년 12월 19일 16시,월요일,경기도 수원시 영통구 영통동,경상사고,0,0,2,0,차대사람 - 기타,안전운전불이행,서리/결빙,맑음,단일로 - 기타,승합,여,58세,경상,보행자,남,34세,경상
2022121900100391,2022년 12월 19일 17시,월요일,경기도 수원시 영통구 매탄동,경상사고,0,0,1,1,차대차 - 측면충돌,신호위반,건조,맑음,교차로 - 교차로안,승용,여,31세,부상신고,승용,여,22세,경상
2022121900100443,2022년 12월 19일 18시,월요일,경기도 수원시 권선구 당수동,경상사고,0,0,2,0,차대차 - 기타,안전운전불이행,건조,맑음,단일로 - 기타,승용,여,58세,경상,화물,남,52세,상해없음
2022121900100465,2022년 12월 19일 19시,월요일,경기도 수원시 장안구 정자동,경상사고,0,0,1,0,차대차 - 기타,안전운전불이행,건조,맑음,교차로 - 교차로안,화물,남,27세,상해없음,이륜,남,61세,경상
2022121900100503,2022년 12월 19일 20시,월요일,경기도 수원시 영통구 신동,경상사고,0,0,1,0,차대사람 - 보도통행중,신호위반,젖음/습기,흐림,기타 - 기타,승용,여,41세,상해없음,보행자,남,34세,경상
2022121900100563,2022년 12월 19일 23시,월요일,경기도 수원시 팔달구 인계동,경상사고,0,0,1,0,차대차 - 측면충돌,신호위반,건조,맑음,교차로 - 교차로부근,승용,남,18세,상해없음,승용,남,39세,경상
2022122000100003,2022년 12월 20일 00시,화요일,경기도 수원시 영통구 이의동,경상사고,0,0,1,0,차대차 - 측면충돌,안전운전불이행,건조,맑음,교차로 - 교차로안,승용,남,53세,상해없음,승용,여,55세,경상
2022122000100038,2022년 12월 20일 05시,화요일,경기도 수원시 팔달구 인계동,경상사고,0,0,1,0,차대차 - 측면충돌,신호위반,건조,맑음,기타 - 기타,승합,남,48세,상해없음,승용,남,67세,경상
2022122000100086,2022년 12월 20일 08시,화요일,경기도 수원시 팔달구 인계동,경상사고,0,0,1,0,차대차 - 추돌,안전거리미확보,건조,맑음,단일로 - 기타,승용,남,54세,상해없음,승용,남,50세,상해없음
2022122000100141,2022년 12월 20일 09시,화요일,경기도 수원시 권선구 고색동,중상사고,0,1,0,0,차대차 - 기타,안전운전불이행,젖음/습기,맑음,단일로 - 기타,승용,남,48세,상해없음,화물,남,28세,중상
2022122000100170,2022년 12월 20일 10시,화요일,경기도 수원시 장안구 연무동,경상사고,0,0,1,1,차대차 - 기타,안전운전불이행,건조,맑음,교차로 - 교차로안,승용,남,45세,부상신고,승용,여,27세,경상
2022122000100214,2022년 12월 20일 11시,화요일,경기도 수원시 권선구 권선동,경상사고,0,0,1,0,차대차 - 측면충돌,안전운전불이행,건조,맑음,교차로 - 교차로안,승용,남,30세,상해없음,승용,남,57세,경상
2022122000100216,2022년 12월 20일 11시,화요일,경기도 수원시 권선구 오목천동,경상사고,0,0,2,0,차대차 - 추돌,안전거리미확보,건조,맑음,단일로 - 기타,승용,남,52세,상해없음,승용,여,51세,경상
2022122000100357,2022년 12월 20일 15시,화요일,경기도 수원시 장안구 영화동,경상사고,0,0,1,0,차대차 - 측면충돌,안전거리미확보,건조,맑음,교차로 - 교차로안,승용,남,74세,상해없음,승용,여,63세,경상
2022122000100358,2022년 12월 20일 15시,화요일,경기도 수원시 장안구 영화동,경상사고,0,0,1,0,차대차 - 추돌,안전거리미확보,건조,맑음,단일로 - 기타,승용,여,48세,상해없음,승용,여,64세,경상
2022122000100359,2022년 12월 20일 15시,화요일,경기도 수원시 팔달구 팔달로1가,경상사고,0,0,1,0,차대차 - 기타,차로위반,건조,맑음,단일로 - 기타,화물,남,60세,상해없음,승합,남,61세,상해없음
2022122000100361,2022년 12월 20일 15시,화요일,경기도 수원시 권선구 고색동,경상사고,0,0,1,0,차대차 - 기타,신호위반,건조,맑음,교차로 - 교차로안,승용,여,63세,기타불명,승용,남,48세,경상
2022122000100404,2022년 12월 20일 16시,화요일,경기도 수원시 권선구 세류동,중상사고,0,1,0,0,차대사람 - 차도통행중,교차로운행방법위반,건조,맑음,교차로 - 교차로안,화물,남,54세,상해없음,보행자,남,58세,상해없음
2022122000100444,2022년 12월 20일 17시,화요일,경기도 수원시 장안구 율전동,중상사고,0,1,0,0,차대사람 - 기타,신호위반,건조,맑음,교차로 - 교차로안,승용,여,23세,상해없음,보행자,남,9세,중상
2022122000100445,2022년 12월 20일 17시,화요일,경기도 수원시 장안구 조원동,경상사고,0,0,1,0,차량단독 - 기타,안전운전불이행,건조,맑음,단일로 - 기타,승합,남,63세,상해없음,,,,
2022122000100448,2022년 12월 20일 17시,화요일,경기도 수원시 팔달구 인계동,경상사고,0,0,4,0,차대차 - 기타,기타,건조,맑음,교차로 - 교차로부근,승용,여,49세,경상,승용,여,30세,경상
2022122000100452,2022년 12월 20일 17시,화요일,경기도 수원시 권선구 고색동,중상사고,0,1,0,0,차대사람 - 횡단중,보행자보호의무위반,젖음/습기,맑음,교차로 - 교차로횡단보도내,승용,여,50세,상해없음,보행자,여,56세,중상
2022122000100541,2022년 12월 20일 19시,화요일,경기도 수원시 팔달구 화서동,경상사고,0,0,1,0,차대차 - 기타,신호위반,건조,맑음,교차로 - 교차로안,승용,남,60세,상해없음,승용,남,25세,경상
2022122000100549,2022년 12월 20일 19시,화요일,경기도 수원시 권선구 세류동,경상사고,0,0,1,0,차대사람 - 횡단중,신호위반,건조,맑음,단일로 - 기타,승용,남,64세,상해없음,보행자,여,51세,경상
2022122000100587,2022년 12월 20일 20시,화요일,경기도 수원시 장안구 정자동,중상사고,0,1,0,0,차대차 - 기타,신호위반,건조,맑음,교차로 - 교차로안,승용,남,58세,상해없음,이륜,남,26세,중상
2022122000100661,2022년 12월 20일 23시,화요일,경기도 수원시 팔달구 인계동,경상사고,0,0,1,0,차대차 - 추돌,안전운전불이행,서리/결빙,맑음,교차로 - 교차로부근,승용,남,57세,상해없음,승용,남,42세,경상
2022122100100047,2022년 12월 21일 06시,수요일,경기도 수원시 장안구 영화동,경상사고,0,0,1,0,차대사람 - 기타,안전운전불이행,젖음/습기,눈,교차로 - 교차로안,승용,남,36세,상해없음,보행자,여,83세,경상
2022122100100167,2022년 12월 21일 09시,수요일,경기도 수원시 팔달구 영동,경상사고,0,0,1,0,차대사람 - 기타,안전운전불이행,적설,흐림,단일로 - 기타,승용,남,71세,상해없음,보행자,여,25세,경상
2022122100100171,2022년 12월 21일 09시,수요일,경기도 수원시 팔달구 인계동,경상사고,0,0,2,0,차대차 - 추돌,안전거리미확보,적설,눈,교차로 - 교차로부근,승용,여,45세,상해없음,승용,여,63세,경상
2022122100100173,2022년 12월 21일 09시,수요일,경기도 수원시 권선구 금곡동,경상사고,0,0,1,0,차대차 - 추돌,안전운전불이행,서리/결빙,눈,단일로 - 기타,승용,여,48세,상해없음,승용,남,40세,경상
2022122100100221,2022년 12월 21일 11시,수요일,경기도 수원시 장안구 파장동,경상사고,0,0,1,0,차대사람 - 기타,안전운전불이행,건조,맑음,단일로 - 기타,승용,여,56세,상해없음,보행자,남,52세,경상
2022122100100257,2022년 12월 21일 13시,수요일,경기도 수원시 권선구 입북동,경상사고,0,0,3,0,차대차 - 기타,안전운전불이행,건조,맑음,단일로 - 기타,화물,남,57세,상해없음,화물,남,46세,경상
2022122100100269,2022년 12월 21일 14시,수요일,경기도 수원시 권선구 권선동,중상사고,0,1,0,0,차대차 - 측면충돌,안전거리미확보,건조,맑음,교차로 - 교차로안,자전거,남,79세,중상,화물,남,49세,상해없음
2022122100100343,2022년 12월 21일 17시,수요일,경기도 수원시 장안구 파장동,경상사고,0,0,1,0,차대차 - 기타,안전거리미확보,건조,맑음,교차로 - 교차로부근,승용,여,29세,상해없음,승용,여,30세,경상
2022122100100344,2022년 12월 21일 17시,수요일,경기도 수원시 장안구 영화동,중상사고,0,1,0,0,차대차 - 기타,안전운전불이행,건조,맑음,교차로 - 교차로안,승용,남,41세,기타불명,승용,남,39세,중상
2022122100100352,2022년 12월 21일 17시,수요일,경기도 수원시 권선구 호매실동,경상사고,0,0,1,4,차대차 - 기타,중앙선침범,건조,맑음,교차로 - 교차로안,승용,남,83세,상해없음,승용,여,36세,경상
2022122100100384,2022년 12월 21일 18시,수요일,경기도 수원시 팔달구 매향동,부상신고사고,0,0,0,1,차대차 - 기타,안전거리미확보,건조,맑음,단일로 - 기타,승합,남,56세,상해없음,화물,남,50세,상해없음
2022122100100416,2022년 12월 21일 19시,수요일,경기도 수원시 영통구 원천동,경상사고,0,0,1,0,차대차 - 측면충돌,안전거리미확보,젖음/습기,흐림,단일로 - 기타,승용,남,72세,상해없음,이륜,남,33세,경상
2022122100100447,2022년 12월 21일 20시,수요일,경기도 수원시 영통구 매탄동,중상사고,0,2,1,0,차대차 - 측면충돌,안전운전불이행,젖음/습기,흐림,단일로 - 기타,승용,남,44세,상해없음,이륜,남,54세,중상
2022122200100016,2022년 12월 22일 01시,목요일,경기도 수원시 팔달구 우만동,경상사고,0,0,1,0,차대차 - 추돌,안전운전불이행,서리/결빙,흐림,단일로 - 기타,승용,남,50세,상해없음,개인형이동수단(PM),여,22세,경상
2022122200100024,2022년 12월 22일 02시,목요일,경기도 수원시 장안구 연무동,경상사고,0,0,1,0,차대차 - 기타,안전운전불이행,건조,맑음,교차로 - 교차로안,승용,남,28세,경상,승용,남,51세,기타불명
2022122200100046,2022년 12월 22일 06시,목요일,경기도 수원시 팔달구 우만동,경상사고,0,0,2,0,차대차 - 기타,교차로운행방법위반,건조,흐림,교차로 - 교차로안,승용,남,62세,상해없음,승용,남,56세,상해없음
2022122200100066,2022년 12월 22일 07시,목요일,경기도 수원시 장안구 연무동,경상사고,0,0,1,0,차대차 - 기타,안전거리미확보,건조,맑음,교차로 - 교차로안,화물,남,36세,기타불명,승용,남,30세,경상
2022122200100067,2022년 12월 22일 07시,목요일,경기도 수원시 팔달구 팔달로3가,부상신고사고,0,0,0,1,차량단독 - 기타,기타,건조,맑음,단일로 - 기타,승합,남,65세,기타불명,,,,
2022122200100133,2022년 12월 22일 09시,목요일,경기도 수원시 팔달구 우만동,경상사고,0,0,1,0,차대차 - 측면충돌,교차로운행방법위반,건조,맑음,교차로 - 교차로안,승용,남,57세,상해없음,승용,여,51세,경상
2022122200100137,2022년 12월 22일 09시,목요일,경기도 수원시 팔달구 매교동,경상사고,0,0,2,0,차대차 - 추돌,안전운전불이행,건조,맑음,단일로 - 기타,승합,남,60세,상해없음,승용,남,31세,경상
2022122200100157,2022년 12월 22일 10시,목요일,경기도 수원시 팔달구 매산로1가,경상사고,0,0,1,0,차대차 - 측면충돌,교차로운행방법위반,건조,맑음,교차로 - 교차로안,승합,남,60세,경상,승용,남,57세,상해없음
2022122200100198,2022년 12월 22일 12시,목요일,경기도 수원시 팔달구 우만동,경상사고,0,0,2,0,차대차 - 기타,차로위반,건조,맑음,단일로 - 기타,승용,여,22세,기타불명,승용,남,48세,경상