사고번호,사고일시,요일,시군구,사고내용,사망자수,중상자수,경상자수,부상신고자수,사고유형,법규위반,노면상태,기상상태,도로형태,가해운전자 차종,가해운전자 성별,가해운전자 연령,가해운전자 상해정도,피해운전자 차종,피해운전자 성별,피해운전자 연령,피해운전자 상해정도
2022122200100231,2022년 12월 22일 13시,목요일,경기도 수원시 영통구 망포동,경상사고,0,0,1,0,차대차 - 측면충돌,안전거리미확보,건조,맑음,기타 - 기타,승용,남,37세,상해없음,화물,남,52세,경상
2022122200100258,2022년 12월 22일 14시,목요일,경기도 수원시 팔달구 매교동,사망사고,1,0,0,0,차대사람 - 기타,안전운전불이행,건조,맑음,단일로 - 기타,승합,남,54세,상해없음,보행자,남,69세,사망
2022122200100282,2022년 12월 22일 15시,목요일,경기도 수원시 권선구 권선동,경상사고,0,0,1,0,차대차 - 측면충돌,안전거리미확보,건조,맑음,단일로 - 기타,화물,남,33세,상해없음,승용,남,38세,경상
2022122200100307,2022년 12월 22일 16시,목요일,경기도 수원시 팔달구 우만동,경상사고,0,0,2,0,차대차 - 기타,안전거리미확보,건조,맑음,기타 - 기타,승합,남,64세,상해없음,승합,남,52세,상해없음
2022122200100309,2022년 12월 22일 16시,목요일,경기도 수원시 팔달구 매교동,경상사고,0,0,1,0,차대사람 - 기타,보행자보호의무위반,건조,맑음,교차로 - 교차로안,이륜,남,62세,기타불명,보행자,여,19세,경상
2022122200100338,2022년 12월 22일 17시,목요일,경기도 수원시 영통구 영통동,경상사고,0,0,1,0,차대차 - 측면충돌,안전거리미확보,건조,맑음,단일로 - 기타,승용,여,44세,상해없음,승용,여,55세,경상
2022122200100340,2022년 12월 22일 17시,목요일,경기도 수원시 팔달구 화서동,경상사고,0,0,1,0,차대차 - 후진중충돌,안전운전불이행,건조,맑음,교차로 - 교차로부근,승용,여,52세,상해없음,승용,남,40세,경상
2022122200100388,2022년 12월 22일 18시,목요일,경기도 수원시 팔달구 매산로1가,경상사고,0,0,1,0,차대사람 - 기타,안전운전불이행,건조,맑음,단일로 - 기타,승용,여,45세,상해없음,보행자,남,41세,경상
2022122200100389,2022년 12월 22일 18시,목요일,경기도 수원시 권선구 금곡동,경상사고,0,0,1,0,차대사람 - 기타,보행자보호의무위반,건조,맑음,교차로 - 교차로안,승용,여,65세,상해없음,보행자,남,55세,경상
2022122200100505,2022년 12월 22일 21시,목요일,경기도 수원시 영통구 원천동,중상사고,0,2,1,0,차대차 - 측면충돌,안전거리미확보,건조,맑음,단일로 - 교량,승용,남,25세,기타불명,승용,남,30세,경상
2022122200100507,2022년 12월 22일 21시,목요일,경기도 수원시 팔달구 매산로1가,중상사고,0,1,0,0,차대사람 - 횡단중,보행자보호의무위반,건조,맑음,교차로 - 교차로부근,승용,남,35세,상해없음,보행자,남,50세,중상
2022122200100508,2022년 12월 22일 21시,목요일,경기도 수원시 권선구 세류동,경상사고,0,0,3,0,차대차 - 기타,안전운전불이행,건조,맑음,교차로 - 교차로부근,승용,남,61세,상해없음,승용,남,62세,경상
2022122200100534,2022년 12월 22일 22시,목요일,경기도 수원시 장안구 정자동,부상신고사고,0,0,0,1,차대차 - 기타,안전운전불이행,건조,맑음,교차로 - 교차로안,이륜,남,38세,부상신고,승용,남,43세,상해없음
2022122300100028,2022년 12월 23일 02시,금요일,경기도 수원시 장안구 연무동,경상사고,0,0,1,0,차대사람 - 길가장자리구역통행중,안전운전불이행,건조,맑음,단일로 - 기타,승용,남,29세,상해없음,보행자,남,29세,경상
2022122300100036,2022년 12월 23일 03시,금요일,경기도 수원시 팔달구 인계동,경상사고,0,0,1,0,차대차 - 측면충돌,안전운전불이행,건조,맑음,단일로 - 기타,승용,남,67세,상해없음,승용,여,54세,경상
2022122300100112,2022년 12월 23일 09시,금요일,경기도 수원시 팔달구 우만동,경상사고,0,0,1,0,차대차 - 측면충돌,신호위반,건조,맑음,교차로 - 교차로안,승합,남,40세,상해없음,승합,남,57세,상해없음
2022122300100162,2022년 12월 23일 11시,금요일,경기도 수원시 장안구 파장동,경상사고,0,0,1,0,차대사람 - 기타,안전운전불이행,건조,맑음,교차로 - 교차로부근,승용,남,43세,상해없음,보행자,여,62세,경상
2022122300100219,2022년 12월 23일 13시,금요일,경기도 수원시 권선구 탑동,경상사고,0,0,1,0,차대차 - 추돌,직진우회전진행방해,건조,맑음,교차로 - 교차로안,승용,남,28세,상해없음,이륜,남,40세,경상
2022122300100248,2022년 12월 23일 14시,금요일,경기도 수원시 권선구 권선동,경상사고,0,0,2,0,차대차 - 측면충돌,안전거리미확보,건조,맑음,단일로 - 고가도로위,승용,남,35세,상해없음,승용,남,36세,경상
2022122300100251,2022년 12월 23일 14시,금요일,경기도 수원시 권선구 오목천동,경상사고,0,0,1,0,차대차 - 추돌,안전운전불이행,건조,맑음,단일로 - 기타,건설기계,남,64세,상해없음,승용,남,19세,경상
2022122300100313,2022년 12월 23일 16시,금요일,경기도 수원시 권선구 권선동,경상사고,0,0,1,0,차대차 - 기타,신호위반,건조,맑음,교차로 - 교차로부근,특수,남,52세,상해없음,이륜,남,26세,경상
2022122300100340,2022년 12월 23일 17시,금요일,경기도 수원시 장안구 파장동,경상사고,0,0,1,0,차대사람 - 기타,안전운전불이행,건조,맑음,교차로 - 교차로안,승용,여,55세,상해없음,보행자,남,64세,경상
2022122300100344,2022년 12월 23일 17시,금요일,경기도 수원시 권선구 세류동,경상사고,0,0,2,0,차대차 - 추돌,안전운전불이행,건조,맑음,교차로 - 교차로부근,승용,여,43세,상해없음,승용,남,65세,경상
2022122300100384,2022년 12월 23일 18시,금요일,경기도 수원시 팔달구 우만동,경상사고,0,0,2,0,차대차 - 정면충돌,신호위반,건조,맑음,교차로 - 교차로안,승용,여,35세,상해없음,승용,남,51세,경상
2022122300100393,2022년 12월 23일 18시,금요일,경기도 수원시 팔달구 인계동,경상사고,0,0,1,0,차대차 - 기타,안전운전불이행,건조,맑음,교차로 - 교차로안,승용,여,54세,상해없음,이륜,남,38세,경상
2022122300100394,2022년 12월 23일 18시,금요일,경기도 수원시 영통구 영통동,경상사고,0,0,1,0,차대차 - 측면충돌,안전운전불이행,건조,맑음,기타 - 기타,승용,남,25세,상해없음,개인형이동수단(PM),여,23세,경상
2022122300100446,2022년 12월 23일 19시,금요일,경기도 수원시 영통구 매탄동,경상사고,0,0,1,0,차대차 - 측면충돌,교차로운행방법위반,건조,맑음,교차로 - 교차로안,승용,여,60세,상해없음,승용,남,46세,경상
2022122300100477,2022년 12월 23일 20시,금요일,경기도 수원시 영통구 이의동,경상사고,0,0,2,0,차대차 - 측면충돌,교차로운행방법위반,건조,맑음,교차로 - 교차로안,승용,남,47세,상해없음,승용,여,27세,경상
2022122300100478,2022년 12월 23일 20시,금요일,경기도 수원시 팔달구 매산로1가,경상사고,0,0,1,0,차대차 - 기타,안전거리미확보,건조,맑음,단일로 - 기타,승용,남,27세,상해없음,승용,남,61세,상해없음
2022122300100506,2022년 12월 23일 21시,금요일,경기도 수원시 권선구 세류동,중상사고,0,1,0,0,차대차 - 측면충돌,중앙선침범,건조,맑음,단일로 - 기타,이륜,남,33세,상해없음,이륜,남,35세,중상
2022122300100532,2022년 12월 23일 22시,금요일,경기도 수원시 영통구 원천동,중상사고,0,1,0,0,차대사람 - 기타,안전운전불이행,건조,맑음,교차로 - 교차로안,승합,남,56세,상해없음,보행자,남,22세,중상
2022122300100533,2022년 12월 23일 22시,금요일,경기도 수원시 권선구 세류동,경상사고,0,0,1,0,차대차 - 추돌,안전운전불이행,건조,맑음,교차로 - 교차로부근,승용,남,47세,상해없음,승용,남,25세,경상
2022122300100535,2022년 12월 23일 22시,금요일,경기도 수원시 권선구 오목천동,경상사고,0,0,1,0,차대차 - 추돌,안전운전불이행,건조,맑음,교차로 - 교차로부근,승용,남,47세,상해없음,승용,남,35세,경상
2022122300100565,2022년 12월 23일 23시,금요일,경기도 수원시 장안구 율전동,경상사고,0,0,1,0,차대차 - 추돌,안전운전불이행,건조,맑음,교차로 - 교차로안,승용,남,54세,상해없음,승용,남,31세,경상
2022122300100566,2022년 12월 23일 23시,금요일,경기도 수원시 장안구 송죽동,경상사고,0,0,1,0,차대차 - 기타,안전운전불이행,건조,맑음,단일로 - 기타,이륜,여,56세,상해없음,승용,여,58세,경상
2022122400100010,2022년 12월 24일 00시,토요일,경기도 수원시 팔달구 매산로1가,경상사고,0,0,2,0,차대차 - 추돌,안전거리미확보,건조,맑음,교차로 - 교차로부근,승용,남,31세,상해없음,승용,남,49세,경상
2022122400100019,2022년 12월 24일 01시,토요일,경기도 수원시 장안구 영화동,경상사고,0,0,3,0,차대차 - 측면충돌,신호위반,건조,맑음,교차로 - 교차로안,승용,여,60세,상해없음,승용,남,55세,경상
2022122400100038,2022년 12월 24일 03시,토요일,경기도 수원시 권선구 권선동,경상사고,0,0,1,0,차대차 - 추돌,안전운전불이행,건조,맑음,기타 - 기타,승용,남,41세,상해없음,승용,남,39세,경상
2022122400100058,2022년 12월 24일 06시,토요일,경기도 수원시 영통구 이의동,경상사고,0,0,1,0,차대차 - 추돌,안전운전불이행,건조,맑음,교차로 - 교차로부근,승용,남,35세,상해없음,승용,남,61세,경상
2022122400100074,2022년 12월 24일 08시,토요일,경기도 수원시 팔달구 인계동,중상사고,0,1,5,0,차대차 - 추돌,안전운전불이행,건조,맑음,단일로 - 기타,승용,여,36세,상해없음,승합,남,50세,경상
2022122400100111,2022년 12월 24일 10시,토요일,경기도 수원시 영통구 영통동,중상사고,0,1,0,0,차대차 - 측면충돌,신호위반,건조,맑음,교차로 - 교차로안,승용,여,26세,상해없음,승용,남,53세,중상
2022122400100173,2022년 12월 24일 12시,토요일,경기도 수원시 영통구 이의동,경상사고,0,0,1,0,차대차 - 후진중충돌,안전운전불이행,건조,맑음,단일로 - 기타,승용,여,40세,기타불명,승용,여,29세,경상
2022122400100176,2022년 12월 24일 12시,토요일,경기도 수원시 권선구 평동,경상사고,0,0,2,0,차대차 - 추돌,안전거리미확보,건조,맑음,단일로 - 기타,승용,남,42세,상해없음,승용,남,33세,경상
2022122400100216,2022년 12월 24일 13시,토요일,경기도 수원시 영통구 매탄동,경상사고,0,0,2,0,차대차 - 기타,안전거리미확보,건조,맑음,단일로 - 기타,승용,여,75세,상해없음,승용,남,30세,경상
2022122400100217,2022년 12월 24일 13시,토요일,경기도 수원시 권선구 권선동,경상사고,0,0,2,0,차대차 - 후진중충돌,불법유턴,건조,맑음,단일로 - 기타,특수,남,38세,상해없음,승용,남,38세,경상
2022122400100218,2022년 12월 24일 13시,토요일,경기도 수원시 권선구 권선동,경상사고,0,0,6,0,차대차 - 측면충돌,안전거리미확보,건조,맑음,단일로 - 기타,승용,남,31세,경상,승용,남,42세,경상
2022122400100219,2022년 12월 24일 13시,토요일,경기도 수원시 권선구 평동,중상사고,0,2,0,0,차대차 - 추돌,안전운전불이행,건조,맑음,교차로 - 교차로부근,승합,남,55세,상해없음,승용,남,34세,중상
2022122400100220,2022년 12월 24일 13시,토요일,경기도 수원시 권선구 평동,경상사고,0,0,3,0,차대차 - 추돌,안전거리미확보,건조,맑음,교차로 - 교차로부근,승용,남,38세,상해없음,승용,남,37세,경상
2022122400100221,2022년 12월 24일 13시,토요일,경기도 수원시 권선구 평동,경상사고,0,0,1,0,차대차 - 기타,교차로운행방법위반,건조,맑음,기타 - 기타,승용,남,65세,기타불명,승용,남,26세,경상
2022122400100256,2022년 12월 24일 14시,토요일,경기도 수원시 영통구 매탄동,경상사고,0,0,1,0,차대차 - 후진중충돌,안전운전불이행,건조,맑음,단일로 - 기타,승용,남,47세,상해없음,이륜,남,48세,경상
2022122400100292,2022년 12월 24일 15시,토요일,경기도 수원시 영통구 망포동,경상사고,0,0,1,0,차대차 - 후진중충돌,안전운전불이행,건조,맑음,단일로 - 기타,승용,남,45세,상해없음,이륜,남,32세,경상
2022122400100332,2022년 12월 24일 16시,토요일,경기도 수원시 영통구 매탄동,경상사고,0,0,1,0,차대사람 - 길가장자리구역통행중,안전운전불이행,건조,맑음,단일로 - 기타,승용,남,64세,상해없음,보행자,남,70세,경상
2022122400100384,2022년 12월 24일 17시,토요일,경기도 수원시 권선구 고색동,경상사고,0,0,7,0,차대차 - 추돌,안전운전불이행,건조,맑음,교차로 - 교차로안,승합,남,59세,상해없음,승용,여,49세,경상
2022122400100424,2022년 12월 24일 18시,토요일,경기도 수원시 장안구 연무동,경상사고,0,0,1,0,차대사람 - 기타,안전운전불이행,건조,맑음,단일로 - 기타,승용,남,51세,상해없음,보행자,남,56세,경상
2022122400100425,2022년 12월 24일 18시,토요일,경기도 수원시 장안구 파장동,부상신고사고,0,0,0,1,차대차 - 기타,안전거리미확보,건조,맑음,단일로 - 기타,승용,남,68세,상해없음,이륜,남,23세,부상신고
2022122400100432,2022년 12월 24일 18시,토요일,경기도 수원시 권선구 호매실동,중상사고,0,1,0,0,차대사람 - 횡단중,신호위반,서리/결빙,흐림,교차로 - 교차로안,이륜,남,62세,기타불명,보행자,여,58세,중상
2022122400100433,2022년 12월 24일 18시,토요일,경기도 수원시 권선구 탑동,경상사고,0,0,1,0,차대차 - 기타,안전거리미확보,서리/결빙,흐림,단일로 - 기타,승용,남,46세,상해없음,이륜,남,40세,경상
2022122400100458,2022년 12월 24일 19시,토요일,경기도 수원시 장안구 영화동,경상사고,0,0,1,0,차대차 - 기타,안전운전불이행,건조,맑음,교차로 - 교차로안,승용,남,46세,상해없음,이륜,남,27세,경상
2022122400100480,2022년 12월 24일 20시,토요일,경기도 수원시 팔달구 우만동,중상사고,0,1,0,0,차대사람 - 보도통행중,신호위반,건조,맑음,교차로 - 교차로횡단보도내,승용,여,42세,상해없음,보행자,남,8세,중상
2022122400100486,2022년 12월 24일 20시,토요일,경기도 수원시 권선구 권선동,경상사고,0,0,2,0,차대차 - 측면충돌,신호위반,서리/결빙,맑음,교차로 - 교차로안,승용,남,71세,상해없음,승용,남,39세,경상
2022122400100508,2022년 12월 24일 21시,토요일,경기도 수원시 장안구 정자동,경상사고,0,0,1,0,차대차 - 기타,안전운전불이행,건조,맑음,교차로 - 교차로안,승용,여,20세,상해없음,승용,남,38세,경상
2022122400100528,2022년 12월 24일 22시,토요일,경기도 수원시 영통구 원천동,경상사고,0,0,2,0,차대차 - 측면충돌,신호위반,건조,맑음,교차로 - 교차로안,승용,남,24세,상해없음,승용,남,32세,경상
2022122500100023,2022년 12월 25일 02시,일요일,경기도 수원시 권선구 권선동,경상사고,0,0,1,0,차대차 - 추돌,안전운전불이행,건조,맑음,기타 - 기타,승용,남,22세,상해없음,승용,여,21세,경상
2022122500100028,2022년 12월 25일 03시,일요일,경기도 수원시 팔달구 인계동,경상사고,0,0,1,0,차대사람 - 길가장자리구역통행중,안전운전불이행,건조,맑음,단일로 - 기타,승용,남,30세,상해없음,보행자,남,23세,경상
2022122500100044,2022년 12월 25일 06시,일요일,경기도 수원시 팔달구 지동,경상사고,0,0,1,0,차대차 - 기타,중앙선침범,건조,맑음,교차로 - 교차로부근,승용,남,27세,상해없음,승용,남,69세,경상
2022122500100057,2022년 12월 25일 08시,일요일,경기도 수원시 권선구 오목천동,경상사고,0,0,2,0,차대차 - 측면충돌,신호위반,건조,맑음,교차로 - 교차로안,승용,남,35세,상해없음,승용,남,57세,경상
2022122500100105,2022년 12월 25일 11시,일요일,경기도 수원시 영통구 매탄동,경상사고,0,0,2,0,차대차 - 측면충돌,안전운전불이행,건조,맑음,교차로 - 교차로안,승용,남,63세,상해없음,승용,남,62세,경상
2022122500100106,2022년 12월 25일 11시,일요일,경기도 수원시 권선구 입북동,경상사고,0,0,1,0,차대사람 - 기타,안전운전불이행,기타,맑음,단일로 - 기타,화물,남,70세,상해없음,보행자,여,64세,경상
2022122500100164,2022년 12월 25일 14시,일요일,경기도 수원시 권선구 호매실동,경상사고,0,0,3,0,차대차 - 기타,신호위반,건조,맑음,교차로 - 교차로부근,승용,남,26세,상해없음,승용,여,33세,경상
2022122500100191,2022년 12월 25일 15시,일요일,경기도 수원시 장안구 연무동,부상신고사고,0,0,0,1,차대사람 - 기타,안전운전불이행,건조,맑음,단일로 - 기타,승용,남,53세,상해없음,보행자,여,84세,부상신고
2022122500100229,2022년 12월 25일 16시,일요일,경기도 수원시 팔달구 팔달로1가,경상사고,0,0,1,0,차량단독 - 기타,기타,건조,맑음,단일로 - 기타,승합,남,53세,상해없음,,,,
2022122500100253,2022년 12월 25일 17시,일요일,경기도 수원시 권선구 대황교동,경상사고,0,0,2,0,차대차 - 측면충돌,기타,건조,맑음,단일로 - 기타,화물,남,56세,상해없음,승용,남,48세,경상
2022122500100277,2022년 12월 25일 18시,일요일,경기도 수원시 영통구 원천동,경상사고,0,0,1,3,차대차 - 측면충돌,중앙선침범,건조,맑음,단일로 - 기타,승용,남,49세,기타불명,승합,남,64세,경상
2022122500100278,2022년 12월 25일 18시,일요일,경기도 수원시 팔달구 매산로1가,중상사고,0,1,1,0,차대사람 - 보도통행중,보행자보호의무위반,젖음/습기,흐림,교차로 - 교차로횡단보도내,승용,남,57세,상해없음,보행자,남,64세,중상
2022122500100312,2022년 12월 25일 19시,일요일,경기도 수원시 영통구 이의동,경상사고,0,0,2,0,차대차 - 추돌,안전운전불이행,건조,맑음,단일로 - 기타,승용,남,54세,상해없음,승용,남,45세,경상
2022122500100334,2022년 12월 25일 20시,일요일,경기도 수원시 권선구 권선동,경상사고,0,0,1,0,차대차 - 측면충돌,신호위반,건조,맑음,교차로 - 교차로안,승용,남,25세,기타불명,승용,여,55세,경상
2022122500100382,2022년 12월 25일 23시,일요일,경기도 수원시 장안구 영화동,경상사고,0,0,1,0,차대차 - 기타,안전운전불이행,건조,맑음,기타 - 기타,승용,여,30세,상해없음,승용,남,67세,기타불명
2022122600100011,2022년 12월 26일 02시,월요일,경기도 수원시 권선구 권선동,경상사고,0,0,3,0,차대차 - 추돌,안전운전불이행,건조,맑음,단일로 - 기타,승용,남,25세,상해없음,승용,남,49세,경상
2022122600100049,2022년 12월 26일 07시,월요일,경기도 수원시 영통구 영통동,경상사고,0,0,1,0,차대차 - 기타,신호위반,건조,맑음,교차로 - 교차로횡단보도내,승용,남,63세,상해없음,자전거,여,20세,경상
2022122600100054,2022년 12월 26일 07시,월요일,경기도 수원시 권선구 평동,경상사고,0,0,1,0,차대차 - 정면충돌,신호위반,건조,맑음,교차로 - 교차로안,승용,여,61세,상해없음,승용,남,29세,경상
2022122600100079,2022년 12월 26일 08시,월요일,경기도 수원시 권선구 고색동,경상사고,0,0,1,0,차대차 - 추돌,안전운전불이행,건조,맑음,교차로 - 교차로부근,승용,남,36세,상해없음,승용,남,36세,경상
2022122600100238,2022년 12월 26일 13시,월요일,경기도 수원시 팔달구 팔달로2가,부상신고사고,0,0,0,1,차량단독 - 기타,안전운전불이행,건조,맑음,교차로 - 교차로안,승합,남,62세,상해없음,,,,
2022122600100268,2022년 12월 26일 14시,월요일,경기도 수원시 장안구 이목동,경상사고,0,0,2,0,차대차 - 기타,안전운전불이행,건조,맑음,단일로 - 기타,승용,남,67세,상해없음,화물,남,67세,경상
2022122600100290,2022년 12월 26일 15시,월요일,경기도 수원시 팔달구 구천동,경상사고,0,0,2,0,차대차 - 기타,신호위반,건조,맑음,교차로 - 교차로안,승용,남,50세,상해없음,승용,여,67세,경상
2022122600100359,2022년 12월 26일 17시,월요일,경기도 수원시 권선구 세류동,경상사고,0,0,1,1,차대차 - 측면충돌,교차로운행방법위반,건조,맑음,교차로 - 교차로안,이륜,남,50세,부상신고,승용,남,43세,경상
2022122600100360,2022년 12월 26일 17시,월요일,경기도 수원시 권선구 권선동,경상사고,0,0,1,0,차대차 - 후진중충돌,안전운전불이행,건조,맑음,단일로 - 기타,승용,여,52세,상해없음,승용,남,29세,경상
2022122600100361,2022년 12월 26일 17시,월요일,경기도 수원시 권선구 권선동,중상사고,0,1,0,0,차대차 - 추돌,안전운전불이행,건조,맑음,교차로 - 교차로부근,승용,남,21세,상해없음,승용,남,35세,중상
2022122600100392,2022년 12월 26일 18시,월요일,경기도 수원시 장안구 천천동,경상사고,0,0,2,0,차대차 - 기타,중앙선침범,건조,맑음,교차로 - 교차로부근,승용,남,21세,상해없음,승용,남,63세,경상
2022122600100399,2022년 12월 26일 18시,월요일,경기도 수원시 팔달구 인계동,경상사고,0,0,1,0,차대사람 - 기타,기타,건조,맑음,단일로 - 기타,이륜,남,27세,상해없음,보행자,여,31세,경상
2022122600100467,2022년 12월 26일 20시,월요일,경기도 수원시 팔달구 팔달로3가,중상사고,0,1,0,0,차대사람 - 기타,안전운전불이행,건조,맑음,교차로 - 교차로부근,승용,남,55세,상해없음,보행자,남,75세,중상
2022122600100486,2022년 12월 26일 21시,월요일,경기도 수원시 장안구 정자동,중상사고,0,1,0,0,차대차 - 기타,교차로운행방법위반,건조,맑음,교차로 - 교차로안,승용,남,57세,상해없음,이륜,남,52세,중상
2022122600100488,2022년 12월 26일 21시,월요일,경기도 수원시 권선구 세류동,경상사고,0,0,1,0,차대차 - 측면충돌,안전운전불이행,건조,맑음,교차로 - 교차로안,기타불명,기타불명,미분류,기타불명,이륜,남,36세,경상
2022122600100545,2022년 12월 26일 23시,월요일,경기도 수원시 권선구 당수동,경상사고,0,0,3,0,차대차 - 추돌,안전거리미확보,건조,맑음,단일로 - 기타,승용,남,27세,상해없음,승용,남,51세,경상
2022122700100005,2022년 12월 27일 00시,화요일,경기도 수원시 권선구 권선동,경상사고,0,0,1,0,차대사람 - 보도통행중,기타,건조,맑음,단일로 - 기타,자전거,여,29세,기타불명,보행자,남,66세,경상
2022122700100029,2022년 12월 27일 03시,화요일,경기도 수원시 영통구 이의동,경상사고,0,0,1,0,차대차 - 측면충돌,신호위반,건조,맑음,교차로 - 교차로안,승용,남,21세,상해없음,승용,남,74세,경상
2022122700100067,2022년 12월 27일 07시,화요일,경기도 수원시 장안구 정자동,경상사고,0,0,1,0,차대차 - 측면충돌,교차로운행방법위반,건조,맑음,교차로 - 교차로부근,승용,여,27세,기타불명,승용,남,41세,경상
2022122700100142,2022년 12월 27일 09시,화요일,경기도 수원시 장안구 파장동,경상사고,0,0,1,0,차대차 - 기타,중앙선침범,건조,맑음,교차로 - 교차로안,승용,남,63세,상해없음,이륜,남,32세,경상
2022122700100145,2022년 12월 27일 09시,화요일,경기도 수원시 팔달구 우만동,경상사고,0,0,1,0,차대차 - 추돌,안전운전불이행,건조,맑음,교차로 - 교차로안,승용,남,41세,상해없음,승용,여,42세,경상
2022122700100231,2022년 12월 27일 12시,화요일,경기도 수원시 장안구 영화동,경상사고,0,0,1,0,차대사람 - 기타,안전운전불이행,건조,맑음,단일로 - 기타,승용,여,73세,상해없음,보행자,남,33세,경상
2022122700100312,2022년 12월 27일 15시,화요일,경기도 수원시 장안구 영화동,경상사고,0,0,1,0,차대차 - 후진중충돌,불법유턴,건조,맑음,교차로 - 교차로안,화물,남,63세,기타불명,승용,여,41세,경상
2022122700100431,2022년 12월 27일 18시,화요일,경기도 수원시 영통구 매탄동,중상사고,0,1,8,0,차대차 - 측면충돌,신호위반,건조,맑음,교차로 - 교차로안,승합,남,55세,상해없음,승합,남,65세,경상
2022122700100472,2022년 12월 27일 19시,화요일,경기도 수원시 장안구 천천동,경상사고,0,0,2,1,차대차 - 기타,안전거리미확보,건조,맑음,단일로 - 기타,승용,남,53세,부상신고,승용,남,24세,경상
2022122700100509,2022년 12월 27일 20시,화요일,경기도 수원시 장안구 율전동,경상사고,0,0,1,0,차량단독 - 기타,안전운전불이행,건조,맑음,단일로 - 기타,이륜,남,55세,경상,,,,
2022122700100538,2022년 12월 27일 21시,화요일,경기도 수원시 장안구 연무동,경상사고,0,0,1,1,차대차 - 측면충돌,안전거리미확보,건조,맑음,단일로 - 기타,승용,여,34세,부상신고,승용,남,76세,경상
2022122700100543,2022년 12월 27일 21시,화요일,경기도 수원시 팔달구 인계동,경상사고,0,0,1,0,차대차 - 기타,안전운전불이행,건조,맑음,교차로 - 교차로부근,승용,여,27세,상해없음,이륜,남,42세,경상
2022122700100562,2022년 12월 27일 22시,화요일,경기도 수원시 장안구 정자동,경상사고,0,0,1,0,차대차 - 추돌,안전운전불이행,건조,맑음,교차로 - 교차로안,승합,남,53세,상해없음,이륜,남,29세,경상
2022122700100566,2022년 12월 27일 22시,화요일,경기도 수원시 권선구 세류동,경상사고,0,0,1,0,차대차 - 측면충돌,안전거리미확보,건조,맑음,교차로 - 교차로부근,승용,남,57세,상해없음,이륜,남,34세,경상
2022122700100588,2022년 12월 27일 23시,화요일,경기도 수원시 팔달구 교동,경상사고,0,0,2,0,차대차 - 측면충돌,안전거리미확보,건조,맑음,단일로 - 기타,승용,남,27세,상해없음,승용,남,52세,경상
2022122800100004,2022년 12월 28일 00시,수요일,경기도 수원시 권선구 세류동,부상신고사고,0,0,0,1,차량단독 - 공작물충돌,안전운전불이행,건조,맑음,단일로 - 터널,승용,남,23세,부상신고,,,,
2022122800100014,2022년 12월 28일 01시,수요일,경기도 수원시 영통구 영통동,경상사고,0,0,1,0,차대사람 - 횡단중,안전운전불이행,건조,맑음,교차로 - 교차로부근,승용,남,45세,상해없음,보행자,여,23세,경상
2022122800100029,2022년 12월 28일 04시,수요일,경기도 수원시 권선구 고색동,경상사고,0,0,2,0,차대차 - 정면충돌,안전운전불이행,적설,눈,교차로 - 교차로부근,승용,남,31세,경상,승용,남,29세,경상
2022122800100035,2022년 12월 28일 05시,수요일,경기도 수원시 권선구 당수동,경상사고,0,0,1,0,차대차 - 측면충돌,안전거리미확보,건조,맑음,기타 - 기타,승용,여,44세,상해없음,화물,남,38세,경상
2022122800100046,2022년 12월 28일 06시,수요일,경기도 수원시 영통구 영통동,중상사고,0,1,0,0,차대차 - 추돌,안전거리미확보,젖음/습기,맑음,교차로 - 교차로부근,승용,남,28세,상해없음,승용,남,64세,중상
2022122800100124,2022년 12월 28일 09시,수요일,경기도 수원시 권선구 권선동,경상사고,0,0,1,0,차대차 - 추돌,안전운전불이행,건조,맑음,교차로 - 교차로부근,승용,여,36세,상해없음,승용,남,40세,경상
2022122800100141,2022년 12월 28일 10시,수요일,경기도 수원시 팔달구 인계동,경상사고,0,0,3,0,차대차 - 측면충돌,안전거리미확보,건조,맑음,단일로 - 기타,승용,여,57세,상해없음,승용,여,28세,경상
2022122800100173,2022년 12월 28일 11시,수요일,경기도 수원시 권선구 고색동,경상사고,0,0,2,0,차대차 - 추돌,안전운전불이행,건조,맑음,단일로 - 기타,승합,남,65세,상해없음,승용,여,59세,경상
2022122800100246,2022년 12월 28일 13시,수요일,경기도 수원시 영통구 매탄동,경상사고,0,0,1,0,차대사람 - 횡단중,보행자보호의무위반,건조,맑음,기타 - 기타,승용,남,47세,상해없음,보행자,남,31세,경상
2022122800100247,2022년 12월 28일 13시,수요일,경기도 수원시 영통구 영통동,경상사고,0,0,2,0,차대차 - 기타,안전거리미확보,건조,맑음,교차로 - 교차로부근,특수,남,47세,상해없음,승용,남,34세,경상
2022122800100248,2022년 12월 28일 13시,수요일,경기도 수원시 권선구 권선동,경상사고,0,0,1,0,차대차 - 추돌,안전운전불이행,건조,맑음,교차로 - 교차로부근,승용,남,36세,상해없음,승용,남,43세,경상
2022122800100284,2022년 12월 28일 14시,수요일,경기도 수원시 권선구 세류동,경상사고,0,0,1,0,차대차 - 기타,안전거리미확보,건조,맑음,단일로 - 기타,승용,여,54세,상해없음,이륜,남,35세,경상