사고번호,사고일시,요일,시군구,사고내용,사망자수,중상자수,경상자수,부상신고자수,사고유형,법규위반,노면상태,기상상태,도로형태,가해운전자 차종,가해운전자 성별,가해운전자 연령,가해운전자 상해정도,피해운전자 차종,피해운전자 성별,피해운전자 연령,피해운전자 상해정도
2023020200100426,2023년 2월 2일 20시,목요일,경기도 수원시 영통구 매탄동,부상신고사고,0,0,0,1,차대차 - 측면충돌,안전운전불이행,건조,맑음,교차로 - 교차로횡단보도내,자전거,남,38세,부상신고,승용,남,52세,상해없음
2023020200100444,2023년 2월 2일 21시,목요일,경기도 수원시 팔달구 화서동,경상사고,0,0,1,0,차대사람 - 기타,안전운전불이행,건조,맑음,교차로 - 교차로안,승용,남,29세,상해없음,보행자,남,46세,경상
2023020200100446,2023년 2월 2일 21시,목요일,경기도 수원시 권선구 당수동,경상사고,0,0,1,0,차대차 - 측면충돌,교차로운행방법위반,건조,맑음,교차로 - 교차로안,승용,여,63세,상해없음,승용,남,20세,경상
2023020200100468,2023년 2월 2일 22시,목요일,경기도 수원시 영통구 신동,경상사고,0,0,2,0,차대차 - 추돌,안전운전불이행,건조,맑음,교차로 - 교차로안,승용,남,31세,상해없음,승용,여,51세,경상
2023020300100041,2023년 2월 3일 06시,금요일,경기도 수원시 장안구 율전동,중상사고,0,1,0,0,차대사람 - 기타,안전운전불이행,건조,맑음,교차로 - 교차로안,화물,남,29세,상해없음,보행자,여,75세,중상
2023020300100046,2023년 2월 3일 06시,금요일,경기도 수원시 권선구 탑동,경상사고,0,0,1,0,차대차 - 기타,직진우회전진행방해,건조,기타,교차로 - 교차로안,승용,남,73세,상해없음,승용,남,34세,경상
2023020300100179,2023년 2월 3일 12시,금요일,경기도 수원시 권선구 권선동,경상사고,0,0,1,0,차대차 - 추돌,안전거리미확보,건조,맑음,교차로 - 교차로부근,승용,남,60세,상해없음,승용,여,36세,경상
2023020300100200,2023년 2월 3일 13시,금요일,경기도 수원시 영통구 영통동,경상사고,0,0,1,0,차대차 - 측면충돌,신호위반,건조,맑음,교차로 - 교차로안,승용,남,61세,상해없음,승용,여,56세,경상
2023020300100201,2023년 2월 3일 13시,금요일,경기도 수원시 팔달구 인계동,경상사고,0,0,1,0,차대사람 - 기타,기타,건조,맑음,기타 - 기타,개인형이동수단(PM),남,15세,상해없음,보행자,여,7세,경상
2023020300100263,2023년 2월 3일 15시,금요일,경기도 수원시 장안구 율전동,부상신고사고,0,0,0,1,차대사람 - 길가장자리구역통행중,안전운전불이행,건조,맑음,단일로 - 기타,승용,남,42세,상해없음,보행자,남,82세,부상신고
2023020300100270,2023년 2월 3일 15시,금요일,경기도 수원시 권선구 오목천동,경상사고,0,0,1,0,차대차 - 추돌,안전운전불이행,건조,맑음,교차로 - 교차로안,승용,여,32세,경상,건설기계,남,44세,상해없음
2023020300100308,2023년 2월 3일 16시,금요일,경기도 수원시 권선구 권선동,경상사고,0,0,1,0,차대차 - 정면충돌,중앙선침범,건조,맑음,교차로 - 교차로부근,화물,남,66세,상해없음,승용,여,41세,경상
2023020300100310,2023년 2월 3일 16시,금요일,경기도 수원시 권선구 금곡동,경상사고,0,0,1,0,차대차 - 기타,안전운전불이행,건조,맑음,단일로 - 기타,승용,여,43세,상해없음,승합,남,58세,상해없음
2023020300100341,2023년 2월 3일 17시,금요일,경기도 수원시 권선구 권선동,경상사고,0,0,1,0,차대차 - 추돌,안전거리미확보,건조,맑음,교차로 - 교차로부근,승용,남,39세,상해없음,화물,남,28세,경상
2023020300100382,2023년 2월 3일 18시,금요일,경기도 수원시 장안구 천천동,경상사고,0,0,1,0,차대차 - 후진중충돌,안전운전불이행,건조,맑음,교차로 - 교차로부근,승용,남,64세,상해없음,이륜,남,36세,경상
2023020300100390,2023년 2월 3일 18시,금요일,경기도 수원시 권선구 세류동,중상사고,0,1,0,0,차대사람 - 기타,안전운전불이행,건조,맑음,교차로 - 교차로부근,화물,남,51세,상해없음,보행자,여,75세,중상
2023020300100485,2023년 2월 3일 20시,금요일,경기도 수원시 영통구 신동,경상사고,0,0,3,0,차대차 - 측면충돌,신호위반,건조,맑음,교차로 - 교차로부근,화물,남,55세,경상,승용,남,27세,경상
2023020300100566,2023년 2월 3일 23시,금요일,경기도 수원시 권선구 세류동,경상사고,0,0,1,0,차대차 - 기타,안전운전불이행,건조,맑음,교차로 - 교차로부근,승용,남,26세,상해없음,승용,남,50세,경상
2023020400100016,2023년 2월 4일 00시,토요일,경기도 수원시 영통구 이의동,경상사고,0,0,1,0,차대사람 - 보도통행중,기타,건조,맑음,단일로 - 기타,이륜,남,16세,상해없음,보행자,여,27세,경상
2023020400100043,2023년 2월 4일 02시,토요일,경기도 수원시 권선구 구운동,경상사고,0,0,2,0,차대차 - 측면충돌,안전거리미확보,건조,흐림,교차로 - 교차로안,승용,남,54세,상해없음,승용,남,52세,경상
2023020400100066,2023년 2월 4일 06시,토요일,경기도 수원시 팔달구 화서동,경상사고,0,0,1,0,차대차 - 측면충돌,안전운전불이행,건조,맑음,단일로 - 기타,화물,남,62세,상해없음,승용,남,48세,상해없음
2023020400100082,2023년 2월 4일 08시,토요일,경기도 수원시 장안구 조원동,중상사고,0,1,0,1,차대차 - 기타,안전운전불이행,건조,맑음,교차로 - 교차로부근,승용,여,59세,기타불명,승용,여,55세,중상
2023020400100085,2023년 2월 4일 08시,토요일,경기도 수원시 권선구 권선동,경상사고,0,0,1,0,차대차 - 측면충돌,안전거리미확보,건조,맑음,교차로 - 교차로안,승용,남,65세,상해없음,승용,남,30세,경상
2023020400100154,2023년 2월 4일 11시,토요일,경기도 수원시 영통구 이의동,경상사고,0,0,2,0,차대차 - 추돌,안전운전불이행,건조,맑음,단일로 - 지하차도(도로)내,승용,남,43세,상해없음,승용,여,41세,경상
2023020400100183,2023년 2월 4일 12시,토요일,경기도 수원시 팔달구 우만동,경상사고,0,0,5,0,차대차 - 측면충돌,안전거리미확보,건조,맑음,단일로 - 기타,승용,여,50세,상해없음,승용,남,26세,경상
2023020400100190,2023년 2월 4일 12시,토요일,경기도 수원시 권선구 고색동,부상신고사고,0,0,0,1,차대차 - 추돌,안전운전불이행,건조,맑음,단일로 - 기타,승용,여,37세,상해없음,자전거,여,48세,부상신고
2023020400100254,2023년 2월 4일 14시,토요일,경기도 수원시 권선구 금곡동,경상사고,0,0,1,0,차대사람 - 기타,안전운전불이행,건조,맑음,단일로 - 기타,화물,남,34세,상해없음,보행자,여,61세,경상
2023020400100281,2023년 2월 4일 15시,토요일,경기도 수원시 권선구 당수동,경상사고,0,0,3,0,차대차 - 추돌,안전운전불이행,건조,맑음,단일로 - 기타,승용,남,27세,상해없음,승용,남,46세,경상
2023020400100349,2023년 2월 4일 17시,토요일,경기도 수원시 팔달구 우만동,중상사고,0,1,0,0,차대차 - 기타,안전거리미확보,건조,맑음,단일로 - 기타,승용,남,27세,상해없음,이륜,남,22세,중상
2023020400100350,2023년 2월 4일 17시,토요일,경기도 수원시 장안구 파장동,경상사고,0,0,2,0,차대차 - 추돌,안전운전불이행,건조,맑음,단일로 - 기타,승용,남,29세,상해없음,승용,남,31세,경상
2023020400100378,2023년 2월 4일 18시,토요일,경기도 수원시 장안구 영화동,중상사고,0,1,0,0,차대사람 - 기타,신호위반,건조,맑음,교차로 - 교차로횡단보도내,화물,남,49세,상해없음,보행자,여,65세,중상
2023020400100432,2023년 2월 4일 20시,토요일,경기도 수원시 장안구 율전동,경상사고,0,0,1,0,차대차 - 추돌,안전운전불이행,건조,맑음,단일로 - 지하차도(도로)내,승용,남,24세,상해없음,승용,남,41세,경상
2023020400100439,2023년 2월 4일 20시,토요일,경기도 수원시 영통구 이의동,경상사고,0,0,3,0,차대차 - 측면충돌,안전거리미확보,건조,맑음,교차로 - 교차로부근,승용,남,26세,상해없음,승용,남,61세,경상
2023020400100441,2023년 2월 4일 20시,토요일,경기도 수원시 권선구 고색동,경상사고,0,0,1,0,차대차 - 추돌,신호위반,건조,맑음,교차로 - 교차로부근,승용,여,57세,상해없음,승용,남,41세,경상
2023020400100467,2023년 2월 4일 21시,토요일,경기도 수원시 팔달구 인계동,경상사고,0,0,1,0,차대차 - 후진중충돌,안전운전불이행,건조,맑음,기타 - 기타,화물,남,49세,상해없음,자전거,남,54세,경상
2023020400100468,2023년 2월 4일 21시,토요일,경기도 수원시 팔달구 인계동,경상사고,0,0,1,0,차대사람 - 횡단중,보행자보호의무위반,건조,맑음,단일로 - 기타,기타불명,기타불명,미분류,기타불명,보행자,여,29세,경상
2023020400100512,2023년 2월 4일 23시,토요일,경기도 수원시 장안구 천천동,경상사고,0,0,1,0,차량단독 - 공작물충돌,신호위반,건조,맑음,교차로 - 교차로안,승용,남,62세,경상,,,,
2023020400100513,2023년 2월 4일 23시,토요일,경기도 수원시 영통구 매탄동,경상사고,0,0,3,0,차대차 - 측면충돌,안전거리미확보,건조,맑음,교차로 - 교차로부근,승용,여,55세,상해없음,승용,남,27세,상해없음
2023020400100514,2023년 2월 4일 23시,토요일,경기도 수원시 권선구 권선동,경상사고,0,0,1,0,차대차 - 기타,중앙선침범,건조,맑음,교차로 - 교차로부근,기타불명,기타불명,미분류,기타불명,이륜,남,27세,경상
2023020500100020,2023년 2월 5일 01시,일요일,경기도 수원시 권선구 평동,경상사고,0,0,2,0,차대차 - 추돌,안전운전불이행,건조,맑음,교차로 - 교차로부근,승용,남,32세,상해없음,승용,남,23세,경상
2023020500100089,2023년 2월 5일 10시,일요일,경기도 수원시 장안구 영화동,경상사고,0,0,1,0,차대차 - 측면충돌,신호위반,건조,맑음,교차로 - 교차로안,승용,여,45세,상해없음,승용,남,66세,경상
2023020500100130,2023년 2월 5일 12시,일요일,경기도 수원시 영통구 영통동,경상사고,0,0,1,0,차대사람 - 기타,기타,건조,맑음,단일로 - 기타,개인형이동수단(PM),여,25세,상해없음,보행자,남,15세,경상
2023020500100154,2023년 2월 5일 13시,일요일,경기도 수원시 영통구 매탄동,중상사고,0,1,0,0,차대차 - 측면충돌,안전운전불이행,건조,맑음,교차로 - 교차로안,승용,남,23세,상해없음,이륜,남,54세,중상
2023020500100181,2023년 2월 5일 14시,일요일,경기도 수원시 팔달구 고등동,경상사고,0,0,1,0,차대차 - 측면충돌,교차로운행방법위반,건조,맑음,교차로 - 교차로안,승용,남,60세,상해없음,승용,여,48세,경상
2023020500100306,2023년 2월 5일 19시,일요일,경기도 수원시 장안구 율전동,경상사고,0,0,3,0,차대차 - 추돌,안전운전불이행,건조,맑음,단일로 - 기타,승용,남,33세,상해없음,승용,남,42세,경상
2023020500100379,2023년 2월 5일 23시,일요일,경기도 수원시 영통구 매탄동,경상사고,0,0,2,0,차대차 - 추돌,안전운전불이행,건조,맑음,교차로 - 교차로부근,승용,여,23세,상해없음,승용,여,54세,경상
2023020600100018,2023년 2월 6일 03시,월요일,경기도 수원시 팔달구 고등동,경상사고,0,0,1,0,차대차 - 측면충돌,신호위반,건조,맑음,교차로 - 교차로안,승용,남,60세,상해없음,화물,남,39세,경상
2023020600100066,2023년 2월 6일 07시,월요일,경기도 수원시 영통구 원천동,경상사고,0,0,1,0,차대차 - 후진중충돌,안전운전불이행,건조,맑음,단일로 - 기타,승용,남,63세,상해없음,승용,여,29세,경상
2023020600100096,2023년 2월 6일 08시,월요일,경기도 수원시 권선구 오목천동,경상사고,0,0,1,0,차대차 - 기타,안전거리미확보,건조,맑음,교차로 - 교차로부근,승용,여,56세,상해없음,승용,남,60세,상해없음
2023020600100134,2023년 2월 6일 09시,월요일,경기도 수원시 권선구 권선동,경상사고,0,0,1,0,차대사람 - 기타,신호위반,건조,맑음,기타 - 기타,승용,남,61세,상해없음,보행자,여,20세,경상
2023020600100288,2023년 2월 6일 15시,월요일,경기도 수원시 팔달구 인계동,경상사고,0,0,1,0,차대차 - 측면충돌,차로위반,건조,맑음,교차로 - 교차로부근,승용,여,42세,상해없음,승용,남,64세,경상
2023020600100329,2023년 2월 6일 17시,월요일,경기도 수원시 팔달구 인계동,경상사고,0,0,1,0,차대차 - 기타,안전운전불이행,건조,맑음,단일로 - 기타,화물,남,38세,상해없음,화물,여,58세,경상
2023020600100455,2023년 2월 6일 21시,월요일,경기도 수원시 권선구 호매실동,경상사고,0,0,1,0,차대차 - 기타,안전운전불이행,젖음/습기,맑음,단일로 - 기타,승용,여,25세,상해없음,화물,남,53세,경상
2023020600100473,2023년 2월 6일 22시,월요일,경기도 수원시 영통구 원천동,경상사고,0,0,1,0,차대차 - 추돌,안전운전불이행,건조,맑음,교차로 - 교차로부근,승용,남,32세,상해없음,승용,여,57세,경상
2023020700100063,2023년 2월 7일 07시,화요일,경기도 수원시 팔달구 우만동,경상사고,0,0,1,0,차대차 - 측면충돌,안전운전불이행,건조,맑음,교차로 - 교차로부근,승용,여,46세,상해없음,승용,남,53세,경상
2023020700100133,2023년 2월 7일 09시,화요일,경기도 수원시 권선구 세류동,경상사고,0,0,1,0,차대차 - 추돌,안전운전불이행,건조,맑음,단일로 - 지하차도(도로)내,승용,남,31세,상해없음,화물,남,68세,경상
2023020700100152,2023년 2월 7일 10시,화요일,경기도 수원시 장안구 이목동,경상사고,0,0,1,0,차대차 - 기타,신호위반,건조,맑음,단일로 - 기타,승용,여,30세,상해없음,승용,남,31세,경상
2023020700100187,2023년 2월 7일 11시,화요일,경기도 수원시 권선구 호매실동,중상사고,0,1,1,0,차대차 - 추돌,안전운전불이행,건조,맑음,교차로 - 교차로부근,화물,남,72세,상해없음,승용,남,33세,중상
2023020700100188,2023년 2월 7일 11시,화요일,경기도 수원시 영통구 하동,경상사고,0,0,1,0,차대차 - 측면충돌,안전거리미확보,건조,맑음,단일로 - 지하차도(도로)내,승용,남,38세,상해없음,승용,남,35세,경상
2023020700100218,2023년 2월 7일 12시,화요일,경기도 수원시 영통구 망포동,경상사고,0,0,1,0,차대차 - 측면충돌,안전운전불이행,건조,맑음,단일로 - 기타,승용,남,38세,상해없음,이륜,남,25세,경상
2023020700100240,2023년 2월 7일 13시,화요일,경기도 수원시 장안구 천천동,중상사고,0,3,0,0,차대차 - 기타,중앙선침범,건조,맑음,교차로 - 교차로안,승용,남,70세,기타불명,이륜,남,43세,중상
2023020700100293,2023년 2월 7일 15시,화요일,경기도 수원시 팔달구 화서동,경상사고,0,0,2,0,차대차 - 기타,교차로운행방법위반,건조,맑음,교차로 - 교차로안,승용,여,37세,상해없음,승합,남,63세,상해없음
2023020700100294,2023년 2월 7일 15시,화요일,경기도 수원시 권선구 입북동,경상사고,0,0,2,0,차대차 - 측면충돌,안전거리미확보,건조,맑음,단일로 - 기타,승용,남,48세,상해없음,승용,여,39세,경상
2023020700100326,2023년 2월 7일 16시,화요일,경기도 수원시 권선구 세류동,경상사고,0,0,1,0,차대사람 - 기타,안전운전불이행,건조,맑음,단일로 - 기타,개인형이동수단(PM),남,64세,상해없음,보행자,남,4세,경상
2023020700100386,2023년 2월 7일 18시,화요일,경기도 수원시 팔달구 우만동,중상사고,0,1,0,0,차대차 - 기타,신호위반,젖음/습기,흐림,교차로 - 교차로안,승용,남,36세,상해없음,이륜,남,29세,중상
2023020700100430,2023년 2월 7일 19시,화요일,경기도 수원시 장안구 정자동,경상사고,0,0,1,0,차대차 - 추돌,안전운전불이행,건조,맑음,교차로 - 교차로부근,승용,남,51세,상해없음,이륜,남,24세,경상
2023020700100434,2023년 2월 7일 19시,화요일,경기도 수원시 영통구 이의동,경상사고,0,0,1,0,차대차 - 기타,안전거리미확보,건조,맑음,교차로 - 교차로안,승용,남,54세,상해없음,승용,남,27세,경상
2023020700100465,2023년 2월 7일 20시,화요일,경기도 수원시 팔달구 인계동,경상사고,0,0,1,0,차대사람 - 기타,안전운전불이행,건조,맑음,단일로 - 지하차도(도로)내,승합,남,50세,상해없음,보행자,여,65세,경상
2023020700100493,2023년 2월 7일 21시,화요일,경기도 수원시 영통구 영통동,경상사고,0,0,1,0,차대차 - 측면충돌,차로위반,건조,맑음,단일로 - 기타,승합,남,65세,상해없음,승용,여,32세,경상
2023020700100541,2023년 2월 7일 23시,화요일,경기도 수원시 권선구 곡반정동,중상사고,0,1,0,0,차대사람 - 횡단중,안전운전불이행,건조,맑음,단일로 - 기타,화물,남,37세,상해없음,보행자,남,50세,중상
2023020800100133,2023년 2월 8일 09시,수요일,경기도 수원시 장안구 조원동,경상사고,0,0,1,0,차대차 - 기타,안전거리미확보,건조,맑음,단일로 - 기타,특수,남,37세,상해없음,승용,남,49세,경상
2023020800100139,2023년 2월 8일 09시,수요일,경기도 수원시 영통구 이의동,경상사고,0,0,1,0,차대차 - 기타,안전운전불이행,건조,맑음,교차로 - 교차로부근,기타불명,기타불명,미분류,기타불명,이륜,남,56세,경상
2023020800100238,2023년 2월 8일 13시,수요일,경기도 수원시 장안구 연무동,경상사고,0,0,1,0,차대사람 - 차도통행중,안전운전불이행,건조,맑음,단일로 - 지하차도(도로)내,승용,남,66세,상해없음,보행자,여,56세,경상
2023020800100268,2023년 2월 8일 14시,수요일,경기도 수원시 장안구 율전동,중상사고,0,1,0,0,차대사람 - 보도통행중,기타,건조,맑음,단일로 - 기타,개인형이동수단(PM),여,23세,상해없음,보행자,남,31세,중상
2023020800100270,2023년 2월 8일 14시,수요일,경기도 수원시 권선구 세류동,경상사고,0,0,1,0,차대차 - 측면충돌,안전운전불이행,건조,맑음,교차로 - 교차로부근,승용,여,59세,상해없음,이륜,남,80세,경상
2023020800100303,2023년 2월 8일 15시,수요일,경기도 수원시 영통구 이의동,경상사고,0,0,1,0,차대차 - 기타,안전운전불이행,건조,맑음,단일로 - 지하차도(도로)내,승용,여,56세,상해없음,화물,남,59세,상해없음
2023020800100305,2023년 2월 8일 15시,수요일,경기도 수원시 권선구 고색동,경상사고,0,0,1,0,차대사람 - 기타,안전운전불이행,건조,맑음,단일로 - 기타,승용,남,72세,상해없음,보행자,여,57세,경상
2023020800100365,2023년 2월 8일 17시,수요일,경기도 수원시 영통구 매탄동,중상사고,0,1,0,0,차대사람 - 기타,안전운전불이행,건조,맑음,교차로 - 교차로부근,승합,남,57세,상해없음,보행자,남,39세,중상
2023020800100474,2023년 2월 8일 20시,수요일,경기도 수원시 권선구 오목천동,경상사고,0,0,2,0,차대차 - 측면충돌,신호위반,건조,기타,교차로 - 교차로안,화물,남,73세,기타불명,승용,남,20세,경상
2023020800100496,2023년 2월 8일 21시,수요일,경기도 수원시 영통구 원천동,경상사고,0,0,1,0,차대차 - 측면충돌,차로위반,건조,맑음,단일로 - 기타,승용,남,64세,상해없음,승용,여,24세,경상
2023020800100515,2023년 2월 8일 22시,수요일,경기도 수원시 영통구 영통동,중상사고,0,1,0,0,차대차 - 측면충돌,중앙선침범,건조,맑음,단일로 - 기타,화물,남,45세,상해없음,이륜,남,49세,중상
2023020800100516,2023년 2월 8일 22시,수요일,경기도 수원시 권선구 권선동,경상사고,0,0,1,0,차대차 - 측면충돌,신호위반,건조,맑음,교차로 - 교차로안,승용,남,48세,상해없음,승용,여,25세,경상
2023020800100530,2023년 2월 8일 23시,수요일,경기도 수원시 팔달구 매산로1가,경상사고,0,0,1,0,차대차 - 추돌,안전운전불이행,건조,맑음,교차로 - 교차로부근,승용,남,18세,상해없음,승합,남,60세,경상
2023020900100013,2023년 2월 9일 01시,목요일,경기도 수원시 권선구 권선동,중상사고,0,2,0,0,차대차 - 측면충돌,중앙선침범,건조,맑음,교차로 - 교차로부근,승용,남,33세,기타불명,승용,여,32세,중상
2023020900100098,2023년 2월 9일 09시,목요일,경기도 수원시 영통구 원천동,경상사고,0,0,1,0,차대차 - 기타,안전운전불이행,건조,맑음,교차로 - 교차로횡단보도내,개인형이동수단(PM),여,27세,경상,건설기계,남,69세,상해없음
2023020900100115,2023년 2월 9일 10시,목요일,경기도 수원시 장안구 조원동,경상사고,0,0,1,0,차대차 - 측면충돌,안전거리미확보,건조,맑음,단일로 - 기타,승용,남,47세,상해없음,이륜,남,58세,경상
2023020900100119,2023년 2월 9일 10시,목요일,경기도 수원시 권선구 금곡동,중상사고,0,1,0,0,차대사람 - 횡단중,안전운전불이행,건조,맑음,교차로 - 교차로횡단보도내,승용,남,62세,상해없음,보행자,여,43세,중상
2023020900100337,2023년 2월 9일 18시,목요일,경기도 수원시 권선구 탑동,경상사고,0,0,2,0,차대차 - 정면충돌,신호위반,건조,맑음,교차로 - 교차로부근,이륜,남,20세,경상,승용,남,25세,경상
2023020900100379,2023년 2월 9일 19시,목요일,경기도 수원시 권선구 권선동,중상사고,0,1,0,0,차대차 - 추돌,교차로운행방법위반,건조,맑음,교차로 - 교차로안,승용,남,23세,상해없음,승용,남,61세,중상
2023020900100384,2023년 2월 9일 19시,목요일,경기도 수원시 권선구 고색동,경상사고,0,0,1,0,차대차 - 측면충돌,신호위반,건조,맑음,교차로 - 교차로안,승합,남,61세,상해없음,승용,남,36세,경상
2023021000100018,2023년 2월 10일 01시,금요일,경기도 수원시 팔달구 인계동,중상사고,0,1,0,0,차대사람 - 기타,안전운전불이행,젖음/습기,비,단일로 - 지하차도(도로)내,승용,남,40세,상해없음,보행자,남,31세,중상
2023021000100114,2023년 2월 10일 08시,금요일,경기도 수원시 권선구 세류동,경상사고,0,0,2,0,차대차 - 측면충돌,안전운전불이행,젖음/습기,비,교차로 - 교차로안,화물,남,67세,상해없음,승용,남,32세,경상
2023021000100162,2023년 2월 10일 10시,금요일,경기도 수원시 팔달구 매교동,경상사고,0,0,1,0,차대차 - 측면충돌,안전운전불이행,건조,맑음,교차로 - 교차로안,승용,남,59세,상해없음,승용,여,28세,경상
2023021000100181,2023년 2월 10일 11시,금요일,경기도 수원시 장안구 영화동,경상사고,0,0,1,0,차대차 - 추돌,안전거리미확보,건조,맑음,교차로 - 교차로안,승용,남,26세,상해없음,승용,남,67세,경상
2023021000100229,2023년 2월 10일 13시,금요일,경기도 수원시 영통구 신동,중상사고,0,1,0,0,차대차 - 추돌,신호위반,건조,맑음,교차로 - 교차로안,승용,남,63세,상해없음,승용,남,69세,중상
2023021000100249,2023년 2월 10일 14시,금요일,경기도 수원시 권선구 권선동,경상사고,0,0,1,0,차대차 - 측면충돌,교차로운행방법위반,건조,맑음,교차로 - 교차로횡단보도내,승용,남,81세,상해없음,승용,남,45세,경상
2023021000100273,2023년 2월 10일 15시,금요일,경기도 수원시 팔달구 인계동,경상사고,0,0,3,0,차대차 - 측면충돌,불법유턴,건조,맑음,단일로 - 기타,승용,남,69세,상해없음,승용,여,46세,경상
2023021000100297,2023년 2월 10일 16시,금요일,경기도 수원시 권선구 오목천동,경상사고,0,0,4,0,차대차 - 기타,안전운전불이행,건조,맑음,교차로 - 교차로안,화물,남,48세,상해없음,승용,여,59세,경상
2023021000100298,2023년 2월 10일 16시,금요일,경기도 수원시 권선구 구운동,경상사고,0,0,1,0,차대차 - 기타,안전운전불이행,건조,맑음,단일로 - 기타,승용,남,70세,상해없음,자전거,여,59세,경상
2023021000100336,2023년 2월 10일 17시,금요일,경기도 수원시 장안구 송죽동,중상사고,0,1,0,0,차대차 - 기타,불법유턴,건조,맑음,교차로 - 교차로안,자전거,여,59세,중상,승용,남,39세,상해없음
2023021000100337,2023년 2월 10일 17시,금요일,경기도 수원시 장안구 송죽동,경상사고,0,0,1,0,차대차 - 측면충돌,안전운전불이행,건조,맑음,단일로 - 기타,화물,남,57세,상해없음,승합,여,48세,경상
2023021000100372,2023년 2월 10일 18시,금요일,경기도 수원시 장안구 영화동,경상사고,0,0,1,0,차대사람 - 기타,신호위반,건조,맑음,단일로 - 기타,개인형이동수단(PM),남,68세,상해없음,보행자,여,24세,경상
2023021000100384,2023년 2월 10일 18시,금요일,경기도 수원시 팔달구 고등동,경상사고,0,0,1,0,차량단독 - 기타,안전운전불이행,건조,맑음,교차로 - 교차로부근,승합,남,56세,상해없음,,,,
2023021000100423,2023년 2월 10일 19시,금요일,경기도 수원시 팔달구 신풍동,사망사고,1,0,0,0,차대사람 - 횡단중,보행자보호의무위반,건조,맑음,교차로 - 교차로안,승용,남,35세,상해없음,보행자,여,81세,사망
2023021000100430,2023년 2월 10일 19시,금요일,경기도 수원시 권선구 입북동,경상사고,0,0,2,0,차대차 - 측면충돌,안전거리미확보,건조,맑음,단일로 - 기타,승용,여,63세,상해없음,승용,남,27세,경상
2023021000100431,2023년 2월 10일 19시,금요일,경기도 수원시 권선구 서둔동,경상사고,0,0,1,0,차대차 - 측면충돌,안전운전불이행,건조,맑음,단일로 - 기타,개인형이동수단(PM),남,22세,경상,승용,남,54세,상해없음
2023021000100474,2023년 2월 10일 20시,금요일,경기도 수원시 팔달구 인계동,경상사고,0,0,2,0,차대차 - 후진중충돌,안전운전불이행,건조,맑음,교차로 - 교차로안,승용,남,42세,상해없음,승용,남,30세,경상
2023021000100548,2023년 2월 10일 23시,금요일,경기도 수원시 영통구 영통동,경상사고,0,0,1,0,차대사람 - 길가장자리구역통행중,안전운전불이행,건조,맑음,기타 - 기타,승용,남,25세,기타불명,보행자,남,26세,경상
2023021100100061,2023년 2월 11일 05시,토요일,경기도 수원시 팔달구 인계동,경상사고,0,0,2,0,차대차 - 기타,안전운전불이행,건조,맑음,단일로 - 기타,승용,남,21세,상해없음,승용,남,23세,경상
2023021100100145,2023년 2월 11일 11시,토요일,경기도 수원시 팔달구 인계동,경상사고,0,0,1,0,차대차 - 측면충돌,직진우회전진행방해,건조,맑음,교차로 - 교차로안,승용,남,62세,상해없음,이륜,남,18세,경상
2023021100100174,2023년 2월 11일 12시,토요일,경기도 수원시 팔달구 팔달로1가,경상사고,0,0,1,0,차대차 - 기타,안전운전불이행,건조,맑음,교차로 - 교차로안,화물,남,42세,상해없음,이륜,남,26세,경상
2023021100100180,2023년 2월 11일 12시,토요일,경기도 수원시 팔달구 교동,경상사고,0,0,1,0,차대사람 - 횡단중,안전운전불이행,건조,맑음,단일로 - 기타,이륜,남,37세,상해없음,보행자,남,36세,경상
2023021100100233,2023년 2월 11일 14시,토요일,경기도 수원시 권선구 세류동,경상사고,0,0,2,0,차대차 - 측면충돌,차로위반,건조,맑음,단일로 - 기타,화물,남,65세,상해없음,승용,남,37세,경상
2023021100100278,2023년 2월 11일 16시,토요일,경기도 수원시 팔달구 우만동,경상사고,0,0,1,0,차대차 - 측면충돌,안전운전불이행,건조,맑음,교차로 - 교차로안,승용,남,68세,상해없음,승용,남,45세,기타불명
2023021100100286,2023년 2월 11일 16시,토요일,경기도 수원시 권선구 세류동,중상사고,0,1,0,0,차대사람 - 횡단중,안전운전불이행,건조,흐림,단일로 - 기타,승용,남,56세,상해없음,보행자,남,6세,중상
2023021100100288,2023년 2월 11일 16시,토요일,경기도 수원시 권선구 서둔동,경상사고,0,0,1,0,차대차 - 측면충돌,안전거리미확보,건조,맑음,단일로 - 고가도로위,승용,여,41세,상해없음,승용,남,28세,경상
2023021100100314,2023년 2월 11일 17시,토요일,경기도 수원시 권선구 금곡동,경상사고,0,0,1,0,차대차 - 측면충돌,중앙선침범,건조,맑음,단일로 - 기타,승용,남,27세,상해없음,이륜,남,21세,경상
2023021100100358,2023년 2월 11일 19시,토요일,경기도 수원시 팔달구 화서동,중상사고,0,1,1,0,차대사람 - 보도통행중,보행자보호의무위반,건조,맑음,교차로 - 교차로횡단보도내,승용,남,41세,상해없음,보행자,여,23세,중상
2023021100100386,2023년 2월 11일 20시,토요일,경기도 수원시 영통구 이의동,경상사고,0,0,2,0,차대차 - 기타,교차로운행방법위반,건조,맑음,교차로 - 교차로안,승용,여,27세,상해없음,승용,남,70세,경상
2023021200100022,2023년 2월 12일 01시,일요일,경기도 수원시 장안구 연무동,경상사고,0,0,1,0,차대사람 - 길가장자리구역통행중,안전운전불이행,건조,맑음,단일로 - 기타,승용,남,59세,상해없음,보행자,남,45세,경상