사고번호,사고일시,요일,시군구,사고내용,사망자수,중상자수,경상자수,부상신고자수,사고유형,법규위반,노면상태,기상상태,도로형태,가해운전자 차종,가해운전자 성별,가해운전자 연령,가해운전자 상해정도,피해운전자 차종,피해운전자 성별,피해운전자 연령,피해운전자 상해정도
2023021200100044,2023년 2월 12일 05시,일요일,경기도 수원시 영통구 이의동,경상사고,0,0,1,0,차대차 - 추돌,안전거리미확보,건조,맑음,단일로 - 기타,승용,남,66세,상해없음,화물,남,65세,상해없음
2023021200100050,2023년 2월 12일 06시,일요일,경기도 수원시 팔달구 매산로2가,경상사고,0,0,1,0,차대차 - 기타,안전거리미확보,건조,흐림,단일로 - 기타,승용,여,61세,상해없음,승용,남,34세,경상
2023021200100084,2023년 2월 12일 10시,일요일,경기도 수원시 장안구 조원동,경상사고,0,0,1,0,차대차 - 추돌,안전운전불이행,건조,맑음,단일로 - 기타,이륜,남,29세,경상,승합,남,43세,상해없음
2023021200100104,2023년 2월 12일 11시,일요일,경기도 수원시 권선구 세류동,경상사고,0,0,6,0,차대차 - 추돌,안전운전불이행,건조,맑음,단일로 - 기타,승용,남,65세,상해없음,승용,여,40세,경상
2023021200100122,2023년 2월 12일 12시,일요일,경기도 수원시 권선구 곡반정동,경상사고,0,0,1,0,차대차 - 후진중충돌,안전운전불이행,건조,맑음,단일로 - 기타,승용,남,33세,상해없음,원동기,남,41세,경상
2023021200100142,2023년 2월 12일 13시,일요일,경기도 수원시 권선구 구운동,경상사고,0,0,2,0,차대차 - 후진중충돌,안전운전불이행,건조,맑음,교차로 - 교차로부근,승용,여,55세,상해없음,승용,남,31세,경상
2023021200100192,2023년 2월 12일 15시,일요일,경기도 수원시 영통구 매탄동,경상사고,0,0,1,0,차대차 - 측면충돌,안전운전불이행,건조,맑음,교차로 - 교차로안,승용,남,49세,상해없음,승용,남,49세,경상
2023021200100249,2023년 2월 12일 18시,일요일,경기도 수원시 장안구 정자동,경상사고,0,0,1,0,차대차 - 기타,교차로운행방법위반,건조,맑음,교차로 - 교차로안,승용,여,43세,상해없음,이륜,남,31세,경상
2023021200100250,2023년 2월 12일 18시,일요일,경기도 수원시 장안구 상광교동,중상사고,0,1,0,0,차대차 - 정면충돌,안전운전불이행,건조,맑음,단일로 - 기타,자전거,남,54세,상해없음,자전거,남,66세,중상
2023021300100052,2023년 2월 13일 07시,월요일,경기도 수원시 권선구 권선동,중상사고,0,1,0,0,차대사람 - 횡단중,안전운전불이행,건조,맑음,교차로 - 교차로부근,승합,여,32세,상해없음,보행자,남,23세,중상
2023021300100083,2023년 2월 13일 08시,월요일,경기도 수원시 팔달구 매교동,중상사고,0,1,0,0,차대차 - 추돌,안전운전불이행,건조,맑음,단일로 - 기타,이륜,남,58세,상해없음,승용,남,49세,중상
2023021300100084,2023년 2월 13일 08시,월요일,경기도 수원시 권선구 평동,경상사고,0,0,5,0,차대차 - 추돌,안전운전불이행,건조,맑음,교차로 - 교차로안,승합,남,71세,상해없음,승합,남,70세,경상
2023021300100175,2023년 2월 13일 12시,월요일,경기도 수원시 장안구 영화동,경상사고,0,0,1,0,차대차 - 측면충돌,교차로운행방법위반,건조,맑음,교차로 - 교차로안,승용,여,58세,상해없음,승용,여,62세,경상
2023021300100260,2023년 2월 13일 15시,월요일,경기도 수원시 권선구 금곡동,경상사고,0,0,1,0,차대차 - 정면충돌,안전거리미확보,건조,맑음,교차로 - 교차로부근,승합,남,67세,상해없음,승용,남,53세,경상
2023021300100291,2023년 2월 13일 16시,월요일,경기도 수원시 팔달구 우만동,경상사고,0,0,2,0,차대차 - 기타,안전거리미확보,건조,맑음,단일로 - 기타,승용,남,56세,상해없음,승용,남,20세,경상
2023021300100327,2023년 2월 13일 17시,월요일,경기도 수원시 장안구 영화동,경상사고,0,0,2,0,차대차 - 측면충돌,직진우회전진행방해,건조,맑음,교차로 - 교차로안,승용,남,41세,상해없음,승용,여,42세,경상
2023021300100429,2023년 2월 13일 19시,월요일,경기도 수원시 팔달구 인계동,중상사고,0,1,0,0,차대차 - 측면충돌,안전거리미확보,건조,맑음,단일로 - 기타,승용,남,19세,상해없음,이륜,남,55세,중상
2023021300100453,2023년 2월 13일 20시,월요일,경기도 수원시 장안구 송죽동,중상사고,0,1,0,0,차대사람 - 차도통행중,안전운전불이행,건조,맑음,교차로 - 교차로안,승용,여,38세,상해없음,보행자,남,69세,중상
2023021300100458,2023년 2월 13일 20시,월요일,경기도 수원시 권선구 구운동,중상사고,0,1,0,0,차대사람 - 기타,보행자보호의무위반,건조,맑음,단일로 - 기타,승용,여,52세,상해없음,보행자,남,61세,중상
2023021400100023,2023년 2월 14일 05시,화요일,경기도 수원시 장안구 천천동,중상사고,0,1,0,0,차대차 - 기타,안전운전불이행,건조,맑음,교차로 - 교차로부근,승합,남,63세,상해없음,승용,남,53세,중상
2023021400100026,2023년 2월 14일 05시,화요일,경기도 수원시 권선구 권선동,중상사고,0,1,0,0,차대차 - 측면충돌,신호위반,건조,맑음,교차로 - 교차로안,승용,여,74세,상해없음,자전거,여,56세,중상
2023021400100027,2023년 2월 14일 05시,화요일,경기도 수원시 영통구 매탄동,경상사고,0,0,1,0,차대차 - 후진중충돌,안전운전불이행,건조,맑음,교차로 - 교차로안,화물,남,60세,상해없음,승용,남,42세,경상
2023021400100138,2023년 2월 14일 11시,화요일,경기도 수원시 팔달구 인계동,경상사고,0,0,1,0,차대사람 - 횡단중,보행자보호의무위반,건조,맑음,교차로 - 교차로횡단보도내,화물,남,77세,상해없음,보행자,남,71세,경상
2023021400100155,2023년 2월 14일 12시,화요일,경기도 수원시 팔달구 우만동,중상사고,0,1,1,0,차량단독 - 공작물충돌,안전운전불이행,건조,맑음,교차로 - 교차로부근,승용,남,71세,중상,,,,
2023021400100227,2023년 2월 14일 15시,화요일,경기도 수원시 장안구 영화동,경상사고,0,0,1,0,차대사람 - 기타,안전운전불이행,건조,맑음,교차로 - 교차로안,승용,여,74세,상해없음,보행자,남,51세,경상
2023021400100255,2023년 2월 14일 16시,화요일,경기도 수원시 장안구 파장동,경상사고,0,0,1,0,차대차 - 정면충돌,신호위반,건조,맑음,교차로 - 교차로안,승용,여,39세,상해없음,이륜,남,59세,경상
2023021400100262,2023년 2월 14일 16시,화요일,경기도 수원시 권선구 서둔동,경상사고,0,0,1,0,차대차 - 측면충돌,안전거리미확보,건조,맑음,단일로 - 기타,승용,여,54세,기타불명,승용,남,28세,경상
2023021400100319,2023년 2월 14일 18시,화요일,경기도 수원시 팔달구 중동,경상사고,0,0,2,0,차대차 - 측면충돌,안전거리미확보,건조,맑음,단일로 - 기타,승합,남,26세,상해없음,승합,남,59세,상해없음
2023021400100320,2023년 2월 14일 18시,화요일,경기도 수원시 장안구 송죽동,경상사고,0,0,2,0,차대차 - 측면충돌,안전운전불이행,건조,맑음,교차로 - 교차로안,승합,남,59세,상해없음,승용,남,51세,경상
2023021400100394,2023년 2월 14일 20시,화요일,경기도 수원시 장안구 영화동,중상사고,0,1,0,0,차대사람 - 기타,보행자보호의무위반,건조,맑음,교차로 - 교차로안,승용,남,46세,상해없음,보행자,여,60세,중상
2023021400100418,2023년 2월 14일 21시,화요일,경기도 수원시 권선구 호매실동,중상사고,0,1,0,0,차대차 - 측면충돌,안전거리미확보,건조,맑음,단일로 - 기타,승용,남,63세,상해없음,이륜,남,73세,중상
2023021400100429,2023년 2월 14일 22시,화요일,경기도 수원시 팔달구 교동,경상사고,0,0,1,0,차대차 - 측면충돌,안전운전불이행,건조,맑음,교차로 - 교차로부근,승용,여,55세,상해없음,승용,남,32세,경상
2023021400100439,2023년 2월 14일 23시,화요일,경기도 수원시 팔달구 인계동,경상사고,0,0,1,0,차대사람 - 횡단중,안전운전불이행,건조,맑음,교차로 - 교차로부근,승용,남,74세,상해없음,보행자,남,37세,경상
2023021400100440,2023년 2월 14일 23시,화요일,경기도 수원시 권선구 권선동,경상사고,0,0,2,0,차대차 - 추돌,안전거리미확보,건조,맑음,기타 - 기타,승용,남,23세,상해없음,이륜,남,30세,경상
2023021500100003,2023년 2월 15일 00시,수요일,경기도 수원시 장안구 파장동,경상사고,0,0,1,0,차대차 - 기타,안전거리미확보,건조,맑음,교차로 - 교차로부근,화물,남,58세,상해없음,승용,남,45세,상해없음
2023021500100004,2023년 2월 15일 00시,수요일,경기도 수원시 영통구 원천동,경상사고,0,0,1,0,차대사람 - 기타,안전운전불이행,건조,맑음,단일로 - 기타,승용,남,38세,상해없음,보행자,남,31세,경상
2023021500100005,2023년 2월 15일 00시,수요일,경기도 수원시 팔달구 매교동,경상사고,0,0,1,0,차대차 - 추돌,안전운전불이행,건조,맑음,단일로 - 지하차도(도로)내,승용,남,49세,상해없음,이륜,남,51세,경상
2023021500100006,2023년 2월 15일 00시,수요일,경기도 수원시 권선구 탑동,경상사고,0,0,2,0,차대사람 - 기타,안전운전불이행,건조,맑음,교차로 - 교차로부근,승용,남,48세,상해없음,보행자,남,31세,경상
2023021500100018,2023년 2월 15일 02시,수요일,경기도 수원시 권선구 권선동,경상사고,0,0,1,0,차대차 - 기타,안전운전불이행,건조,맑음,교차로 - 교차로부근,승용,여,29세,상해없음,승용,남,62세,경상
2023021500100069,2023년 2월 15일 08시,수요일,경기도 수원시 권선구 권선동,경상사고,0,0,1,0,차대사람 - 기타,기타,건조,맑음,기타 - 기타,승용,여,54세,상해없음,보행자,여,36세,경상
2023021500100071,2023년 2월 15일 08시,수요일,경기도 수원시 팔달구 매산로1가,경상사고,0,0,1,0,차대차 - 기타,안전운전불이행,건조,맑음,단일로 - 기타,승용,여,70세,상해없음,승용,여,51세,경상
2023021500100119,2023년 2월 15일 10시,수요일,경기도 수원시 팔달구 인계동,중상사고,0,1,0,0,차량단독 - 기타,기타,건조,맑음,단일로 - 기타,승합,남,53세,상해없음,,,,
2023021500100135,2023년 2월 15일 11시,수요일,경기도 수원시 팔달구 우만동,중상사고,0,1,0,0,차대차 - 기타,신호위반,건조,맑음,교차로 - 교차로안,이륜,남,81세,중상,승용,여,60세,상해없음
2023021500100171,2023년 2월 15일 12시,수요일,경기도 수원시 팔달구 인계동,경상사고,0,0,1,0,차대차 - 측면충돌,안전운전불이행,건조,맑음,단일로 - 기타,승용,남,46세,상해없음,이륜,남,36세,경상
2023021500100234,2023년 2월 15일 15시,수요일,경기도 수원시 장안구 파장동,경상사고,0,0,1,0,차대차 - 추돌,안전운전불이행,건조,맑음,교차로 - 교차로부근,화물,남,64세,상해없음,승용,남,32세,경상
2023021500100241,2023년 2월 15일 15시,수요일,경기도 수원시 권선구 구운동,중상사고,0,1,0,0,차대차 - 기타,안전운전불이행,건조,맑음,단일로 - 기타,승용,여,45세,상해없음,자전거,남,87세,중상
2023021500100263,2023년 2월 15일 16시,수요일,경기도 수원시 팔달구 인계동,중상사고,0,1,0,0,차대사람 - 횡단중,보행자보호의무위반,건조,맑음,교차로 - 교차로횡단보도내,승용,여,61세,상해없음,보행자,여,66세,중상
2023021500100265,2023년 2월 15일 16시,수요일,경기도 수원시 팔달구 매산로2가,경상사고,0,0,1,0,차대사람 - 횡단중,안전운전불이행,건조,맑음,단일로 - 기타,승용,남,70세,상해없음,보행자,여,58세,경상
2023021500100286,2023년 2월 15일 17시,수요일,경기도 수원시 권선구 권선동,중상사고,0,1,0,0,차량단독 - 기타,안전운전불이행,건조,맑음,단일로 - 기타,승합,남,66세,상해없음,,,,
2023021500100288,2023년 2월 15일 17시,수요일,경기도 수원시 장안구 이목동,경상사고,0,0,5,0,차대차 - 추돌,안전운전불이행,건조,맑음,기타 - 기타,화물,남,52세,상해없음,승용,여,39세,경상
2023021500100318,2023년 2월 15일 18시,수요일,경기도 수원시 장안구 조원동,부상신고사고,0,0,0,1,차대차 - 정면충돌,안전운전불이행,건조,맑음,교차로 - 교차로안,이륜,남,38세,부상신고,승용,여,40세,상해없음
2023021500100322,2023년 2월 15일 18시,수요일,경기도 수원시 권선구 세류동,경상사고,0,0,1,0,차대차 - 후진중충돌,안전운전불이행,건조,맑음,단일로 - 기타,승합,남,68세,상해없음,승용,남,62세,경상
2023021500100443,2023년 2월 15일 22시,수요일,경기도 수원시 장안구 파장동,부상신고사고,0,0,0,1,차량단독 - 공작물충돌,안전운전불이행,건조,맑음,단일로 - 기타,승용,여,59세,부상신고,,,,
2023021600100038,2023년 2월 16일 05시,목요일,경기도 수원시 권선구 평리동,경상사고,0,0,1,0,차대차 - 측면충돌,안전거리미확보,건조,맑음,교차로 - 교차로부근,승합,남,66세,상해없음,승용,남,24세,경상
2023021600100065,2023년 2월 16일 07시,목요일,경기도 수원시 장안구 율전동,부상신고사고,0,0,0,1,차대차 - 기타,차로위반,건조,맑음,단일로 - 기타,승용,여,52세,상해없음,승용,남,21세,부상신고
2023021600100145,2023년 2월 16일 10시,목요일,경기도 수원시 권선구 세류동,경상사고,0,0,1,0,차대차 - 정면충돌,신호위반,건조,맑음,교차로 - 교차로안,승용,여,48세,상해없음,승용,남,39세,경상
2023021600100177,2023년 2월 16일 11시,목요일,경기도 수원시 영통구 하동,경상사고,0,0,1,0,차대차 - 측면충돌,안전거리미확보,건조,맑음,교차로 - 교차로부근,승용,남,70세,상해없음,승용,남,71세,경상
2023021600100192,2023년 2월 16일 12시,목요일,경기도 수원시 영통구 영통동,경상사고,0,0,2,0,차대차 - 정면충돌,안전운전불이행,건조,맑음,단일로 - 지하차도(도로)내,이륜,남,70세,상해없음,승용,여,19세,경상
2023021600100225,2023년 2월 16일 14시,목요일,경기도 수원시 장안구 율전동,경상사고,0,0,1,0,차대차 - 기타,안전운전불이행,건조,맑음,단일로 - 기타,화물,남,36세,상해없음,승용,남,43세,경상
2023021600100241,2023년 2월 16일 15시,목요일,경기도 수원시 팔달구 팔달로3가,중상사고,0,1,0,0,차대사람 - 차도통행중,안전운전불이행,건조,맑음,단일로 - 기타,승용,여,32세,상해없음,보행자,남,68세,중상
2023021600100245,2023년 2월 16일 15시,목요일,경기도 수원시 팔달구 매산로1가,경상사고,0,0,1,0,차대차 - 측면충돌,안전거리미확보,건조,맑음,단일로 - 기타,승용,여,28세,상해없음,화물,남,47세,경상
2023021600100246,2023년 2월 16일 15시,목요일,경기도 수원시 권선구 구운동,경상사고,0,0,1,0,차대차 - 측면충돌,안전운전불이행,건조,맑음,교차로 - 교차로부근,특수,남,43세,상해없음,자전거,남,71세,경상
2023021600100326,2023년 2월 16일 18시,목요일,경기도 수원시 팔달구 북수동,부상신고사고,0,0,0,1,차대차 - 기타,안전운전불이행,건조,맑음,단일로 - 기타,승용,남,56세,상해없음,자전거,남,57세,부상신고
2023021600100358,2023년 2월 16일 19시,목요일,경기도 수원시 팔달구 매산로1가,경상사고,0,0,1,0,차대사람 - 차도통행중,안전운전불이행,건조,맑음,단일로 - 기타,승용,남,27세,상해없음,보행자,남,41세,경상
2023021600100359,2023년 2월 16일 19시,목요일,경기도 수원시 권선구 구운동,경상사고,0,0,2,0,차대차 - 기타,신호위반,건조,맑음,교차로 - 교차로안,승용,남,61세,상해없음,승용,남,55세,경상
2023021600100360,2023년 2월 16일 19시,목요일,경기도 수원시 팔달구 매산로2가,경상사고,0,0,1,0,차대사람 - 보도통행중,안전운전불이행,건조,맑음,단일로 - 기타,승용,남,34세,상해없음,보행자,여,17세,경상
2023021600100361,2023년 2월 16일 19시,목요일,경기도 수원시 팔달구 매산로1가,경상사고,0,0,5,0,차대차 - 측면충돌,안전거리미확보,건조,맑음,교차로 - 교차로안,승용,여,41세,경상,승용,남,26세,경상
2023021600100420,2023년 2월 16일 21시,목요일,경기도 수원시 팔달구 매산로1가,경상사고,0,0,1,0,차대차 - 기타,안전거리미확보,건조,맑음,교차로 - 교차로부근,승용,남,45세,상해없음,승용,남,22세,경상
2023021700100010,2023년 2월 17일 01시,금요일,경기도 수원시 영통구 영통동,경상사고,0,0,1,0,차대차 - 추돌,안전운전불이행,건조,맑음,교차로 - 교차로부근,승용,여,50세,상해없음,승용,여,32세,경상
2023021700100025,2023년 2월 17일 04시,금요일,경기도 수원시 장안구 파장동,중상사고,0,1,0,0,차량단독 - 기타,안전운전불이행,건조,맑음,단일로 - 기타,원동기,남,33세,중상,,,,
2023021700100079,2023년 2월 17일 08시,금요일,경기도 수원시 영통구 망포동,경상사고,0,0,1,0,차대차 - 측면충돌,안전거리미확보,건조,맑음,교차로 - 교차로안,승합,남,45세,상해없음,승용,남,31세,경상
2023021700100081,2023년 2월 17일 08시,금요일,경기도 수원시 권선구 세류동,경상사고,0,0,1,0,차량단독 - 기타,안전운전불이행,건조,맑음,단일로 - 기타,승합,남,62세,상해없음,,,,
2023021700100284,2023년 2월 17일 16시,금요일,경기도 수원시 권선구 입북동,경상사고,0,0,1,0,차대차 - 측면충돌,신호위반,건조,맑음,단일로 - 기타,승용,여,65세,상해없음,승용,여,39세,경상
2023021700100285,2023년 2월 17일 16시,금요일,경기도 수원시 영통구 이의동,부상신고사고,0,0,0,1,차대차 - 기타,안전거리미확보,건조,맑음,기타 - 기타,화물,남,70세,상해없음,승용,남,38세,부상신고
2023021700100358,2023년 2월 17일 18시,금요일,경기도 수원시 장안구 영화동,중상사고,0,1,0,0,차대사람 - 횡단중,보행자보호의무위반,건조,맑음,교차로 - 교차로횡단보도내,승용,여,40세,상해없음,보행자,여,64세,중상
2023021700100359,2023년 2월 17일 18시,금요일,경기도 수원시 권선구 곡반정동,경상사고,0,0,1,0,차대차 - 측면충돌,안전거리미확보,건조,맑음,단일로 - 기타,승용,여,51세,상해없음,승용,남,44세,경상
2023021700100464,2023년 2월 17일 21시,금요일,경기도 수원시 권선구 평동,경상사고,0,0,1,0,차대차 - 추돌,안전운전불이행,건조,맑음,단일로 - 기타,승용,남,45세,상해없음,이륜,남,48세,경상
2023021800100005,2023년 2월 18일 00시,토요일,경기도 수원시 장안구 조원동,경상사고,0,0,1,1,차대차 - 측면충돌,안전운전불이행,건조,맑음,단일로 - 기타,승용,여,51세,경상,승용,남,64세,부상신고
2023021800100008,2023년 2월 18일 00시,토요일,경기도 수원시 권선구 권선동,경상사고,0,0,1,0,차대차 - 추돌,안전운전불이행,건조,맑음,교차로 - 교차로부근,승용,남,38세,상해없음,이륜,남,29세,경상
2023021800100034,2023년 2월 18일 03시,토요일,경기도 수원시 권선구 서둔동,중상사고,0,2,5,0,차대차 - 추돌,안전운전불이행,건조,맑음,교차로 - 교차로안,승용,여,63세,상해없음,승용,남,56세,경상
2023021800100056,2023년 2월 18일 06시,토요일,경기도 수원시 장안구 송죽동,경상사고,0,0,4,0,차대차 - 측면충돌,안전운전불이행,건조,맑음,교차로 - 교차로부근,승용,남,73세,상해없음,화물,남,52세,경상
2023021800100097,2023년 2월 18일 09시,토요일,경기도 수원시 권선구 고색동,경상사고,0,0,1,0,차대사람 - 기타,안전운전불이행,건조,맑음,단일로 - 기타,승용,여,36세,상해없음,보행자,남,19세,경상
2023021800100152,2023년 2월 18일 12시,토요일,경기도 수원시 권선구 호매실동,경상사고,0,0,1,0,차대차 - 측면충돌,안전거리미확보,건조,맑음,교차로 - 교차로부근,승용,여,36세,상해없음,승용,남,72세,경상
2023021800100166,2023년 2월 18일 13시,토요일,경기도 수원시 장안구 조원동,경상사고,0,0,1,0,차대차 - 측면충돌,안전운전불이행,건조,맑음,교차로 - 교차로안,건설기계,남,54세,상해없음,승용,남,46세,경상
2023021800100167,2023년 2월 18일 13시,토요일,경기도 수원시 팔달구 팔달로1가,중상사고,0,1,0,0,차대차 - 정면충돌,신호위반,건조,맑음,교차로 - 교차로안,승합,남,69세,상해없음,이륜,남,44세,중상
2023021800100168,2023년 2월 18일 13시,토요일,경기도 수원시 팔달구 북수동,경상사고,0,0,2,0,차대차 - 기타,안전거리미확보,건조,맑음,단일로 - 기타,승용,여,56세,상해없음,승합,남,57세,상해없음
2023021800100169,2023년 2월 18일 13시,토요일,경기도 수원시 장안구 천천동,경상사고,0,0,2,0,차대차 - 기타,안전운전불이행,건조,맑음,단일로 - 기타,승용,여,48세,상해없음,승용,여,30세,경상
2023021800100250,2023년 2월 18일 16시,토요일,경기도 수원시 영통구 매탄동,경상사고,0,0,1,0,차대차 - 측면충돌,안전운전불이행,건조,맑음,교차로 - 교차로부근,화물,남,79세,상해없음,이륜,남,32세,경상
2023021800100253,2023년 2월 18일 16시,토요일,경기도 수원시 권선구 고색동,경상사고,0,0,2,0,차대차 - 측면충돌,안전운전불이행,건조,흐림,단일로 - 기타,승용,남,35세,상해없음,승용,남,55세,경상
2023021800100274,2023년 2월 18일 17시,토요일,경기도 수원시 영통구 하동,경상사고,0,0,2,0,차대차 - 기타,안전운전불이행,건조,맑음,주차장 - 주차장,승용,여,43세,상해없음,승용,남,54세,경상
2023021800100375,2023년 2월 18일 21시,토요일,경기도 수원시 권선구 권선동,경상사고,0,0,2,0,차대차 - 추돌,안전운전불이행,건조,맑음,교차로 - 교차로부근,승용,여,33세,상해없음,승용,여,31세,경상
2023021800100393,2023년 2월 18일 22시,토요일,경기도 수원시 팔달구 화서동,경상사고,0,0,1,0,차대차 - 측면충돌,안전운전불이행,건조,맑음,교차로 - 교차로안,이륜,남,41세,경상,승용,남,54세,상해없음
2023021900100039,2023년 2월 19일 03시,일요일,경기도 수원시 팔달구 인계동,경상사고,0,0,1,0,차대사람 - 차도통행중,안전운전불이행,건조,맑음,단일로 - 기타,승용,남,21세,기타불명,보행자,여,25세,경상
2023021900100043,2023년 2월 19일 04시,일요일,경기도 수원시 권선구 세류동,중상사고,0,1,0,0,차대사람 - 차도통행중,안전운전불이행,젖음/습기,비,단일로 - 지하차도(도로)내,승용,남,73세,상해없음,보행자,남,28세,중상
2023021900100053,2023년 2월 19일 06시,일요일,경기도 수원시 장안구 이목동,경상사고,0,0,4,0,차대차 - 기타,안전운전불이행,건조,맑음,단일로 - 기타,화물,남,51세,경상,승합,남,46세,경상
2023021900100079,2023년 2월 19일 10시,일요일,경기도 수원시 팔달구 화서동,경상사고,0,0,1,0,차대사람 - 기타,안전운전불이행,건조,맑음,교차로 - 교차로안,승용,남,68세,상해없음,보행자,여,73세,경상
2023021900100090,2023년 2월 19일 11시,일요일,경기도 수원시 장안구 파장동,경상사고,0,0,3,0,차대차 - 기타,신호위반,건조,맑음,교차로 - 교차로안,승용,남,32세,기타불명,승용,남,32세,경상
2023021900100135,2023년 2월 19일 13시,일요일,경기도 수원시 장안구 연무동,경상사고,0,0,1,0,차대사람 - 길가장자리구역통행중,안전운전불이행,건조,맑음,단일로 - 기타,승용,남,54세,상해없음,보행자,남,62세,경상
2023021900100136,2023년 2월 19일 13시,일요일,경기도 수원시 장안구 송죽동,경상사고,0,0,1,0,차량단독 - 기타,기타,건조,맑음,단일로 - 기타,승합,남,47세,상해없음,,,,
2023021900100218,2023년 2월 19일 16시,일요일,경기도 수원시 장안구 연무동,경상사고,0,0,4,0,차대차 - 기타,안전거리미확보,건조,맑음,교차로 - 교차로안,승용,여,50세,기타불명,승용,남,42세,경상
2023021900100219,2023년 2월 19일 16시,일요일,경기도 수원시 장안구 율전동,경상사고,0,0,1,0,차대차 - 기타,안전거리미확보,건조,맑음,단일로 - 기타,승용,남,72세,상해없음,승용,남,24세,경상
2023021900100251,2023년 2월 19일 17시,일요일,경기도 수원시 팔달구 화서동,경상사고,0,0,1,0,차대차 - 추돌,안전운전불이행,건조,맑음,단일로 - 기타,승용,남,53세,상해없음,승용,여,58세,경상
2023021900100252,2023년 2월 19일 17시,일요일,경기도 수원시 장안구 송죽동,경상사고,0,0,4,0,차대차 - 측면충돌,신호위반,건조,맑음,단일로 - 기타,승용,남,87세,상해없음,승용,남,39세,경상
2023021900100280,2023년 2월 19일 18시,일요일,경기도 수원시 권선구 서둔동,부상신고사고,0,0,0,1,차대차 - 기타,안전운전불이행,건조,맑음,교차로 - 교차로부근,승용,여,49세,상해없음,이륜,남,27세,부상신고
2023021900100343,2023년 2월 19일 21시,일요일,경기도 수원시 영통구 이의동,경상사고,0,0,2,0,차대차 - 정면충돌,신호위반,건조,맑음,단일로 - 기타,승용,여,48세,상해없음,승용,여,30세,경상
2023022000100044,2023년 2월 20일 06시,월요일,경기도 수원시 권선구 구운동,경상사고,0,0,1,0,차대차 - 추돌,신호위반,건조,맑음,교차로 - 교차로부근,승용,남,56세,기타불명,승용,남,64세,경상
2023022000100128,2023년 2월 20일 09시,월요일,경기도 수원시 장안구 영화동,중상사고,0,1,0,0,차대차 - 측면충돌,직진우회전진행방해,건조,맑음,교차로 - 교차로안,승용,남,33세,상해없음,자전거,남,73세,중상
2023022000100131,2023년 2월 20일 09시,월요일,경기도 수원시 영통구 이의동,경상사고,0,0,1,0,차대차 - 측면충돌,안전운전불이행,건조,맑음,단일로 - 지하차도(도로)내,승용,남,32세,상해없음,승용,남,41세,경상
2023022000100163,2023년 2월 20일 10시,월요일,경기도 수원시 팔달구 지동,경상사고,0,0,1,0,차대차 - 기타,안전운전불이행,건조,맑음,기타 - 기타,승용,여,57세,상해없음,원동기,남,45세,경상
2023022000100259,2023년 2월 20일 13시,월요일,경기도 수원시 권선구 권선동,경상사고,0,0,2,0,차대차 - 측면충돌,교차로운행방법위반,건조,맑음,교차로 - 교차로부근,승용,여,51세,상해없음,승용,여,44세,경상
2023022000100289,2023년 2월 20일 14시,월요일,경기도 수원시 권선구 권선동,경상사고,0,0,2,0,차대차 - 측면충돌,안전거리미확보,건조,맑음,교차로 - 교차로부근,승용,남,72세,상해없음,승용,여,26세,경상
2023022000100344,2023년 2월 20일 16시,월요일,경기도 수원시 장안구 정자동,경상사고,0,0,1,0,차대차 - 측면충돌,신호위반,건조,맑음,교차로 - 교차로안,승용,여,40세,상해없음,이륜,남,26세,경상
2023022000100547,2023년 2월 20일 23시,월요일,경기도 수원시 영통구 하동,경상사고,0,0,2,1,차대차 - 기타,안전운전불이행,건조,맑음,교차로 - 교차로부근,승용,여,47세,부상신고,승용,여,42세,경상
2023022100100003,2023년 2월 21일 00시,화요일,경기도 수원시 팔달구 인계동,경상사고,0,0,1,0,차대차 - 추돌,안전운전불이행,건조,맑음,교차로 - 교차로안,승용,남,59세,상해없음,승용,남,53세,경상
2023022100100083,2023년 2월 21일 08시,화요일,경기도 수원시 영통구 매탄동,중상사고,0,1,0,0,차대사람 - 횡단중,신호위반,건조,맑음,교차로 - 교차로횡단보도내,승용,남,35세,상해없음,보행자,남,28세,중상
2023022100100084,2023년 2월 21일 08시,화요일,경기도 수원시 권선구 세류동,경상사고,0,0,1,0,차대차 - 측면충돌,신호위반,건조,맑음,교차로 - 교차로부근,승용,여,55세,상해없음,자전거,남,30세,경상
2023022100100165,2023년 2월 21일 11시,화요일,경기도 수원시 권선구 세류동,경상사고,0,0,1,0,차대사람 - 횡단중,신호위반,건조,맑음,단일로 - 지하차도(도로)내,승용,여,50세,상해없음,보행자,여,14세,경상
2023022100100198,2023년 2월 21일 12시,화요일,경기도 수원시 장안구 천천동,중상사고,0,1,0,0,차대사람 - 기타,안전운전불이행,건조,맑음,교차로 - 교차로부근,화물,남,45세,상해없음,보행자,여,57세,중상
2023022100100260,2023년 2월 21일 14시,화요일,경기도 수원시 장안구 정자동,경상사고,0,0,1,0,차대사람 - 보도통행중,안전운전불이행,건조,맑음,기타 - 기타,자전거,남,78세,상해없음,보행자,여,72세,경상
2023022100100327,2023년 2월 21일 16시,화요일,경기도 수원시 권선구 고색동,중상사고,0,1,0,0,차대차 - 측면충돌,안전운전불이행,건조,맑음,교차로 - 교차로횡단보도내,승용,남,39세,상해없음,자전거,여,20세,중상