사고번호,사고일시,요일,시군구,사고내용,사망자수,중상자수,경상자수,부상신고자수,사고유형,법규위반,노면상태,기상상태,도로형태,가해운전자 차종,가해운전자 성별,가해운전자 연령,가해운전자 상해정도,피해운전자 차종,피해운전자 성별,피해운전자 연령,피해운전자 상해정도
2023032200100154,2023년 3월 22일 10시,수요일,경기도 수원시 영통구 영통동,경상사고,0,0,1,0,차대차 - 추돌,안전운전불이행,건조,맑음,단일로 - 지하차도(도로)내,승용,여,66세,상해없음,승용,남,68세,경상
2023032200100185,2023년 3월 22일 11시,수요일,경기도 수원시 팔달구 화서동,경상사고,0,0,2,0,차대차 - 기타,안전거리미확보,건조,맑음,단일로 - 기타,승용,남,63세,경상,승용,남,36세,경상
2023032200100333,2023년 3월 22일 16시,수요일,경기도 수원시 권선구 권선동,경상사고,0,0,6,0,차대차 - 측면충돌,안전거리미확보,건조,맑음,단일로 - 기타,승용,여,33세,경상,승용,여,62세,경상
2023032200100406,2023년 3월 22일 18시,수요일,경기도 수원시 영통구 이의동,중상사고,0,1,2,0,차대차 - 추돌,안전운전불이행,건조,흐림,단일로 - 지하차도(도로)내,승용,남,18세,상해없음,승용,여,46세,중상
2023032200100407,2023년 3월 22일 18시,수요일,경기도 수원시 권선구 호매실동,경상사고,0,0,2,0,차대차 - 측면충돌,중앙선침범,건조,맑음,교차로 - 교차로부근,이륜,남,16세,경상,승용,남,26세,경상
2023032200100465,2023년 3월 22일 20시,수요일,경기도 수원시 권선구 호매실동,경상사고,0,0,1,0,차대차 - 측면충돌,안전운전불이행,건조,맑음,교차로 - 교차로안,승용,남,63세,기타불명,이륜,남,22세,경상
2023032300100041,2023년 3월 23일 05시,목요일,경기도 수원시 영통구 매탄동,경상사고,0,0,1,0,차대차 - 측면충돌,신호위반,젖음/습기,흐림,교차로 - 교차로안,이륜,남,27세,상해없음,승용,남,41세,경상
2023032300100050,2023년 3월 23일 06시,목요일,경기도 수원시 영통구 이의동,경상사고,0,0,1,0,차대차 - 측면충돌,안전운전불이행,건조,맑음,교차로 - 교차로안,승용,남,68세,상해없음,승용,여,59세,경상
2023032300100068,2023년 3월 23일 07시,목요일,경기도 수원시 권선구 호매실동,경상사고,0,0,1,0,차대사람 - 보도통행중,기타,젖음/습기,흐림,기타 - 기타,개인형이동수단(PM),여,22세,상해없음,보행자,여,65세,경상
2023032300100103,2023년 3월 23일 08시,목요일,경기도 수원시 영통구 하동,경상사고,0,0,1,0,차대차 - 추돌,안전운전불이행,건조,맑음,단일로 - 기타,승용,남,41세,상해없음,승용,남,27세,경상
2023032300100200,2023년 3월 23일 11시,목요일,경기도 수원시 팔달구 우만동,경상사고,0,0,2,0,차대차 - 추돌,안전운전불이행,건조,맑음,기타 - 기타,승용,남,38세,상해없음,승용,여,36세,경상
2023032300100201,2023년 3월 23일 11시,목요일,경기도 수원시 장안구 영화동,경상사고,0,0,1,0,차대차 - 기타,안전거리미확보,건조,맑음,단일로 - 기타,승용,남,57세,상해없음,승용,남,59세,경상
2023032300100344,2023년 3월 23일 16시,목요일,경기도 수원시 영통구 영통동,경상사고,0,0,1,0,차대사람 - 횡단중,안전운전불이행,건조,맑음,교차로 - 교차로안,화물,남,57세,상해없음,보행자,남,46세,경상
2023032300100503,2023년 3월 23일 20시,목요일,경기도 수원시 장안구 율전동,경상사고,0,0,1,0,차대차 - 추돌,안전운전불이행,건조,맑음,단일로 - 기타,승용,남,60세,상해없음,승용,남,36세,경상
2023032300100534,2023년 3월 23일 21시,목요일,경기도 수원시 영통구 매탄동,경상사고,0,0,1,0,차대차 - 기타,안전운전불이행,건조,맑음,단일로 - 기타,승용,남,37세,상해없음,승용,여,49세,경상
2023032400100058,2023년 3월 24일 07시,금요일,경기도 수원시 장안구 파장동,경상사고,0,0,1,0,차대차 - 측면충돌,안전운전불이행,건조,맑음,단일로 - 기타,승용,여,64세,기타불명,화물,남,64세,경상
2023032400100094,2023년 3월 24일 08시,금요일,경기도 수원시 영통구 신동,경상사고,0,0,1,0,차대차 - 측면충돌,중앙선침범,건조,맑음,교차로 - 교차로부근,승용,여,25세,상해없음,승용,남,51세,경상
2023032400100142,2023년 3월 24일 09시,금요일,경기도 수원시 팔달구 인계동,경상사고,0,0,1,0,차대차 - 기타,안전운전불이행,건조,맑음,교차로 - 교차로안,화물,남,63세,상해없음,승용,남,62세,경상
2023032400100162,2023년 3월 24일 10시,금요일,경기도 수원시 권선구 구운동,경상사고,0,0,1,0,차대차 - 측면충돌,안전운전불이행,건조,맑음,교차로 - 교차로안,승용,여,62세,상해없음,승합,남,48세,경상
2023032400100191,2023년 3월 24일 11시,금요일,경기도 수원시 장안구 천천동,경상사고,0,0,1,0,차대차 - 추돌,안전거리미확보,건조,맑음,단일로 - 기타,승합,남,59세,상해없음,승용,남,48세,경상
2023032400100267,2023년 3월 24일 13시,금요일,경기도 수원시 팔달구 매교동,경상사고,0,0,1,0,차대차 - 추돌,안전운전불이행,건조,맑음,단일로 - 기타,승용,남,67세,상해없음,이륜,남,45세,경상
2023032400100268,2023년 3월 24일 13시,금요일,경기도 수원시 영통구 매탄동,경상사고,0,0,1,0,차대차 - 기타,교차로운행방법위반,건조,맑음,교차로 - 교차로안,승용,여,67세,상해없음,승합,남,46세,경상
2023032400100272,2023년 3월 24일 13시,금요일,경기도 수원시 권선구 오목천동,경상사고,0,0,1,0,차대차 - 측면충돌,안전운전불이행,건조,맑음,교차로 - 교차로안,화물,남,63세,상해없음,이륜,남,34세,경상
2023032400100344,2023년 3월 24일 15시,금요일,경기도 수원시 팔달구 고등동,중상사고,0,1,1,0,차대차 - 측면충돌,안전운전불이행,건조,맑음,교차로 - 교차로안,자전거,남,66세,중상,승용,여,33세,경상
2023032400100378,2023년 3월 24일 16시,금요일,경기도 수원시 장안구 조원동,부상신고사고,0,0,0,1,차대사람 - 기타,안전운전불이행,건조,맑음,교차로 - 교차로부근,승용,여,74세,상해없음,보행자,여,53세,부상신고
2023032400100417,2023년 3월 24일 17시,금요일,경기도 수원시 장안구 율전동,경상사고,0,0,1,0,차대차 - 기타,안전거리미확보,건조,맑음,교차로 - 교차로안,건설기계,남,40세,상해없음,승용,남,54세,경상
2023032400100418,2023년 3월 24일 17시,금요일,경기도 수원시 장안구 율전동,경상사고,0,0,3,0,차대차 - 측면충돌,안전운전불이행,건조,맑음,교차로 - 교차로부근,승용,남,54세,경상,승용,여,47세,경상
2023032400100428,2023년 3월 24일 17시,금요일,경기도 수원시 영통구 망포동,경상사고,0,0,1,0,차대사람 - 횡단중,신호위반,건조,맑음,기타 - 기타,승용,여,44세,기타불명,보행자,남,58세,경상
2023032400100429,2023년 3월 24일 17시,금요일,경기도 수원시 영통구 영통동,경상사고,0,0,1,0,차대차 - 기타,안전운전불이행,건조,흐림,교차로 - 교차로부근,자전거,남,16세,경상,승용,남,36세,상해없음
2023032400100481,2023년 3월 24일 18시,금요일,경기도 수원시 권선구 금곡동,중상사고,0,1,0,0,차대차 - 기타,안전운전불이행,건조,맑음,교차로 - 교차로안,승용,남,61세,상해없음,이륜,남,24세,중상
2023032500100001,2023년 3월 25일 00시,토요일,경기도 수원시 팔달구 인계동,경상사고,0,0,2,0,차대차 - 측면충돌,신호위반,건조,맑음,교차로 - 교차로안,승용,남,26세,상해없음,승용,남,67세,경상
2023032500100015,2023년 3월 25일 01시,토요일,경기도 수원시 팔달구 매산로2가,경상사고,0,0,1,0,차대차 - 추돌,안전운전불이행,건조,맑음,교차로 - 교차로부근,승용,남,43세,상해없음,이륜,남,31세,경상
2023032500100093,2023년 3월 25일 09시,토요일,경기도 수원시 팔달구 매산로2가,경상사고,0,0,1,0,차대사람 - 기타,기타,건조,맑음,단일로 - 기타,승용,남,74세,상해없음,보행자,남,43세,경상
2023032500100115,2023년 3월 25일 10시,토요일,경기도 수원시 장안구 송죽동,경상사고,0,0,2,0,차대차 - 측면충돌,기타,건조,맑음,교차로 - 교차로안,승용,남,24세,상해없음,승용,남,42세,경상
2023032500100145,2023년 3월 25일 11시,토요일,경기도 수원시 팔달구 화서동,경상사고,0,0,1,0,차대차 - 정면충돌,안전운전불이행,건조,맑음,기타 - 기타,승용,남,69세,상해없음,승용,남,27세,경상
2023032500100147,2023년 3월 25일 11시,토요일,경기도 수원시 팔달구 화서동,경상사고,0,0,5,0,차대차 - 추돌,안전운전불이행,건조,맑음,단일로 - 기타,승용,남,76세,상해없음,승용,남,31세,경상
2023032500100176,2023년 3월 25일 12시,토요일,경기도 수원시 장안구 영화동,경상사고,0,0,1,0,차대차 - 측면충돌,안전운전불이행,건조,맑음,교차로 - 교차로안,특수,남,43세,상해없음,자전거,여,28세,경상
2023032500100216,2023년 3월 25일 13시,토요일,경기도 수원시 권선구 금곡동,경상사고,0,0,1,0,차대사람 - 차도통행중,안전운전불이행,건조,맑음,단일로 - 기타,화물,남,30세,상해없음,보행자,여,79세,경상
2023032500100249,2023년 3월 25일 14시,토요일,경기도 수원시 팔달구 인계동,경상사고,0,0,1,0,차대차 - 측면충돌,안전운전불이행,건조,맑음,교차로 - 교차로안,화물,남,49세,상해없음,승용,남,27세,경상
2023032500100304,2023년 3월 25일 16시,토요일,경기도 수원시 팔달구 영동,부상신고사고,0,0,0,1,차대사람 - 길가장자리구역통행중,안전운전불이행,건조,맑음,단일로 - 기타,승용,남,60세,상해없음,보행자,여,64세,부상신고
2023032500100310,2023년 3월 25일 16시,토요일,경기도 수원시 팔달구 매산로3가,경상사고,0,0,1,0,차대차 - 추돌,안전운전불이행,건조,맑음,단일로 - 기타,승용,남,70세,상해없음,승용,여,30세,경상
2023032500100380,2023년 3월 25일 18시,토요일,경기도 수원시 영통구 영통동,경상사고,0,0,1,0,차대차 - 후진중충돌,안전운전불이행,건조,맑음,단일로 - 기타,승합,남,44세,상해없음,이륜,남,23세,경상
2023032500100414,2023년 3월 25일 19시,토요일,경기도 수원시 팔달구 인계동,경상사고,0,0,1,0,차대차 - 기타,중앙선침범,건조,맑음,교차로 - 교차로횡단보도내,자전거,여,16세,경상,승용,남,30세,상해없음
2023032500100485,2023년 3월 25일 22시,토요일,경기도 수원시 장안구 송죽동,경상사고,0,0,1,0,차대차 - 추돌,안전운전불이행,건조,맑음,단일로 - 기타,이륜,남,23세,상해없음,승용,여,45세,경상
2023032500100489,2023년 3월 25일 22시,토요일,경기도 수원시 권선구 세류동,경상사고,0,0,1,1,차대차 - 기타,안전운전불이행,건조,맑음,단일로 - 기타,승용,남,22세,상해없음,승합,남,47세,부상신고
2023032600100004,2023년 3월 26일 00시,일요일,경기도 수원시 영통구 원천동,경상사고,0,0,1,0,차대차 - 측면충돌,안전운전불이행,건조,맑음,단일로 - 기타,이륜,남,24세,경상,승용,남,73세,상해없음
2023032600100079,2023년 3월 26일 09시,일요일,경기도 수원시 권선구 구운동,부상신고사고,0,0,0,1,차대차 - 측면충돌,안전운전불이행,건조,맑음,교차로 - 교차로부근,승용,남,32세,부상신고,승용,여,62세,상해없음
2023032600100096,2023년 3월 26일 10시,일요일,경기도 수원시 권선구 권선동,경상사고,0,0,1,0,차대차 - 측면충돌,안전거리미확보,건조,맑음,단일로 - 기타,승용,남,52세,상해없음,승용,여,62세,경상
2023032600100097,2023년 3월 26일 10시,일요일,경기도 수원시 권선구 권선동,경상사고,0,0,1,1,차대차 - 기타,교차로운행방법위반,건조,맑음,교차로 - 교차로안,승용,남,30세,경상,승용,남,32세,부상신고
2023032600100293,2023년 3월 26일 16시,일요일,경기도 수원시 팔달구 남수동,경상사고,0,0,1,0,차대차 - 기타,안전운전불이행,건조,맑음,단일로 - 기타,승합,남,38세,상해없음,승합,남,52세,상해없음
2023032600100326,2023년 3월 26일 17시,일요일,경기도 수원시 권선구 곡반정동,경상사고,0,0,4,0,차대차 - 추돌,안전운전불이행,건조,맑음,교차로 - 교차로부근,승용,남,55세,상해없음,승용,남,36세,경상
2023032600100404,2023년 3월 26일 20시,일요일,경기도 수원시 권선구 곡반정동,경상사고,0,0,1,0,차대사람 - 기타,안전운전불이행,건조,맑음,기타 - 기타,승용,남,60세,상해없음,보행자,여,14세,경상
2023032600100406,2023년 3월 26일 20시,일요일,경기도 수원시 권선구 탑동,경상사고,0,0,1,0,차대차 - 추돌,안전운전불이행,건조,맑음,단일로 - 기타,화물,남,60세,상해없음,승용,남,34세,경상
2023032700100002,2023년 3월 27일 00시,월요일,경기도 수원시 팔달구 매산로2가,경상사고,0,0,1,0,차량단독 - 기타,안전운전불이행,건조,맑음,단일로 - 기타,승용,남,64세,상해없음,,,,
2023032700100044,2023년 3월 27일 07시,월요일,경기도 수원시 팔달구 화서동,경상사고,0,0,1,0,차대차 - 측면충돌,안전운전불이행,건조,맑음,단일로 - 기타,자전거,남,61세,경상,승용,남,73세,상해없음
2023032700100050,2023년 3월 27일 07시,월요일,경기도 수원시 팔달구 교동,경상사고,0,0,1,0,차량단독 - 기타,안전운전불이행,건조,맑음,단일로 - 기타,승합,남,43세,상해없음,,,,
2023032700100075,2023년 3월 27일 08시,월요일,경기도 수원시 장안구 정자동,중상사고,0,1,0,0,차대사람 - 기타,안전운전불이행,건조,맑음,단일로 - 기타,승합,남,63세,상해없음,보행자,여,16세,중상
2023032700100086,2023년 3월 27일 08시,월요일,경기도 수원시 권선구 오목천동,경상사고,0,0,1,0,차대차 - 측면충돌,안전운전불이행,건조,맑음,기타 - 기타,승용,남,56세,상해없음,개인형이동수단(PM),남,34세,경상
2023032700100128,2023년 3월 27일 09시,월요일,경기도 수원시 권선구 고색동,경상사고,0,0,1,0,차대차 - 측면충돌,안전운전불이행,건조,맑음,단일로 - 기타,승용,남,50세,기타불명,승용,남,34세,경상
2023032700100234,2023년 3월 27일 13시,월요일,경기도 수원시 영통구 원천동,중상사고,0,1,0,0,차대사람 - 보도통행중,안전운전불이행,건조,맑음,교차로 - 교차로안,승용,여,63세,상해없음,보행자,남,80세,중상
2023032700100307,2023년 3월 27일 15시,월요일,경기도 수원시 권선구 구운동,경상사고,0,0,3,0,차대차 - 추돌,안전운전불이행,건조,맑음,단일로 - 기타,화물,남,33세,상해없음,화물,남,77세,경상
2023032700100345,2023년 3월 27일 16시,월요일,경기도 수원시 영통구 망포동,경상사고,0,0,1,0,차대차 - 추돌,안전운전불이행,건조,맑음,단일로 - 기타,승용,남,55세,경상,승합,남,26세,상해없음
2023032700100393,2023년 3월 27일 17시,월요일,경기도 수원시 권선구 구운동,경상사고,0,0,1,0,차대차 - 후진중충돌,안전운전불이행,건조,맑음,교차로 - 교차로부근,화물,남,51세,상해없음,화물,남,41세,경상
2023032700100439,2023년 3월 27일 18시,월요일,경기도 수원시 권선구 권선동,경상사고,0,0,1,0,차대차 - 정면충돌,교차로운행방법위반,건조,맑음,교차로 - 교차로안,이륜,남,29세,상해없음,승용,여,33세,경상
2023032700100544,2023년 3월 27일 22시,월요일,경기도 수원시 권선구 권선동,경상사고,0,0,1,0,차대차 - 측면충돌,안전운전불이행,건조,맑음,교차로 - 교차로안,승용,남,66세,상해없음,승용,남,42세,경상
2023032800100004,2023년 3월 28일 00시,화요일,경기도 수원시 권선구 권선동,중상사고,0,1,1,0,차대사람 - 횡단중,안전운전불이행,건조,맑음,단일로 - 기타,승용,남,21세,상해없음,보행자,남,42세,중상
2023032800100095,2023년 3월 28일 08시,화요일,경기도 수원시 영통구 원천동,경상사고,0,0,1,0,차대사람 - 차도통행중,안전운전불이행,건조,맑음,단일로 - 지하차도(도로)내,승용,여,38세,상해없음,보행자,남,65세,경상
2023032800100096,2023년 3월 28일 08시,화요일,경기도 수원시 권선구 구운동,경상사고,0,0,1,0,차대사람 - 기타,안전운전불이행,건조,맑음,단일로 - 기타,승용,여,33세,상해없음,보행자,여,15세,경상
2023032800100212,2023년 3월 28일 11시,화요일,경기도 수원시 영통구 영통동,중상사고,0,1,0,0,차대차 - 기타,안전운전불이행,건조,맑음,단일로 - 기타,승용,남,29세,상해없음,자전거,남,88세,중상
2023032800100273,2023년 3월 28일 13시,화요일,경기도 수원시 장안구 정자동,중상사고,0,1,0,0,차대차 - 정면충돌,안전운전불이행,건조,맑음,교차로 - 교차로안,승용,여,57세,상해없음,이륜,남,40세,중상
2023032800100333,2023년 3월 28일 15시,화요일,경기도 수원시 권선구 서둔동,중상사고,0,1,0,0,차대차 - 추돌,안전운전불이행,건조,맑음,단일로 - 기타,승합,남,52세,상해없음,승용,남,57세,상해없음
2023032800100370,2023년 3월 28일 16시,화요일,경기도 수원시 권선구 권선동,경상사고,0,0,1,0,차대차 - 추돌,안전운전불이행,건조,맑음,교차로 - 교차로부근,승용,남,46세,상해없음,승용,여,48세,경상
2023032800100417,2023년 3월 28일 17시,화요일,경기도 수원시 권선구 호매실동,경상사고,0,0,2,0,차대차 - 추돌,안전운전불이행,건조,맑음,단일로 - 기타,승용,남,35세,경상,승용,남,58세,경상
2023032800100496,2023년 3월 28일 19시,화요일,경기도 수원시 팔달구 매산로1가,경상사고,0,0,2,0,차대차 - 측면충돌,안전운전불이행,건조,맑음,단일로 - 기타,화물,남,74세,상해없음,승용,남,34세,경상
2023032800100521,2023년 3월 28일 20시,화요일,경기도 수원시 팔달구 우만동,경상사고,0,0,1,0,차대사람 - 기타,안전운전불이행,건조,맑음,교차로 - 교차로안,승용,남,49세,상해없음,보행자,남,69세,경상
2023032800100522,2023년 3월 28일 20시,화요일,경기도 수원시 장안구 영화동,경상사고,0,0,1,1,차대차 - 측면충돌,직진우회전진행방해,건조,맑음,교차로 - 교차로안,이륜,남,40세,부상신고,승용,여,55세,경상
2023032800100544,2023년 3월 28일 21시,화요일,경기도 수원시 권선구 세류동,경상사고,0,0,1,0,차대차 - 측면충돌,안전운전불이행,건조,맑음,단일로 - 지하차도(도로)내,승용,남,64세,상해없음,화물,남,35세,경상
2023032800100545,2023년 3월 28일 21시,화요일,경기도 수원시 팔달구 매교동,경상사고,0,0,1,0,차대사람 - 횡단중,신호위반,건조,맑음,교차로 - 교차로안,이륜,여,25세,상해없음,보행자,여,23세,경상
2023032800100565,2023년 3월 28일 22시,화요일,경기도 수원시 영통구 영통동,경상사고,0,0,1,0,차량단독 - 기타,안전운전불이행,건조,맑음,교차로 - 교차로부근,이륜,남,41세,경상,,,,
2023032800100579,2023년 3월 28일 23시,화요일,경기도 수원시 권선구 오목천동,경상사고,0,0,1,0,차대차 - 측면충돌,안전운전불이행,건조,맑음,단일로 - 기타,승용,남,33세,상해없음,승용,남,61세,상해없음
2023032900100003,2023년 3월 29일 00시,수요일,경기도 수원시 장안구 정자동,경상사고,0,0,1,0,차량단독 - 공작물충돌,안전운전불이행,건조,맑음,교차로 - 교차로안,승용,남,65세,상해없음,,,,
2023032900100057,2023년 3월 29일 07시,수요일,경기도 수원시 권선구 호매실동,중상사고,0,1,0,0,차대차 - 기타,안전운전불이행,건조,맑음,단일로 - 기타,승용,남,65세,상해없음,승용,남,34세,중상
2023032900100058,2023년 3월 29일 07시,수요일,경기도 수원시 권선구 구운동,경상사고,0,0,1,0,차대차 - 측면충돌,안전운전불이행,건조,맑음,단일로 - 기타,화물,남,54세,상해없음,승용,남,66세,경상
2023032900100122,2023년 3월 29일 09시,수요일,경기도 수원시 영통구 영통동,중상사고,0,1,0,0,차대차 - 측면충돌,신호위반,건조,맑음,교차로 - 교차로안,승용,여,34세,상해없음,승용,남,29세,중상
2023032900100147,2023년 3월 29일 10시,수요일,경기도 수원시 권선구 고색동,경상사고,0,0,1,0,차대차 - 추돌,안전운전불이행,건조,맑음,교차로 - 교차로부근,승용,여,46세,기타불명,자전거,남,14세,경상
2023032900100169,2023년 3월 29일 11시,수요일,경기도 수원시 장안구 파장동,경상사고,0,0,1,0,차대차 - 추돌,안전운전불이행,건조,맑음,교차로 - 교차로부근,승용,여,73세,기타불명,승용,남,35세,경상
2023032900100174,2023년 3월 29일 11시,수요일,경기도 수원시 영통구 매탄동,경상사고,0,0,1,0,차대차 - 측면충돌,안전거리미확보,건조,맑음,교차로 - 교차로안,화물,남,75세,상해없음,승용,남,65세,경상
2023032900100231,2023년 3월 29일 13시,수요일,경기도 수원시 영통구 매탄동,경상사고,0,0,1,0,차대차 - 측면충돌,신호위반,건조,맑음,교차로 - 교차로안,승용,여,59세,상해없음,승용,남,28세,경상
2023032900100270,2023년 3월 29일 14시,수요일,경기도 수원시 팔달구 우만동,경상사고,0,0,1,0,차대차 - 기타,안전거리미확보,건조,맑음,교차로 - 교차로부근,화물,남,63세,상해없음,이륜,남,32세,경상
2023032900100475,2023년 3월 29일 19시,수요일,경기도 수원시 영통구 영통동,경상사고,0,0,2,0,차대차 - 추돌,안전운전불이행,건조,맑음,교차로 - 교차로부근,이륜,남,29세,상해없음,이륜,남,40세,경상
2023032900100476,2023년 3월 29일 19시,수요일,경기도 수원시 팔달구 인계동,경상사고,0,0,1,0,차대차 - 기타,안전운전불이행,건조,맑음,교차로 - 교차로횡단보도내,승용,남,56세,상해없음,자전거,남,27세,경상
2023032900100477,2023년 3월 29일 19시,수요일,경기도 수원시 권선구 구운동,경상사고,0,0,3,0,차대차 - 측면충돌,차로위반,건조,맑음,교차로 - 교차로부근,화물,남,34세,상해없음,승용,여,34세,경상
2023032900100503,2023년 3월 29일 20시,수요일,경기도 수원시 영통구 망포동,경상사고,0,0,5,0,차대차 - 측면충돌,안전거리미확보,건조,맑음,교차로 - 교차로부근,승용,남,51세,경상,승용,여,32세,경상
2023032900100546,2023년 3월 29일 22시,수요일,경기도 수원시 팔달구 인계동,중상사고,0,1,0,0,차대차 - 측면충돌,중앙선침범,건조,맑음,단일로 - 기타,승용,여,50세,상해없음,원동기,남,16세,중상
2023033000100005,2023년 3월 30일 00시,목요일,경기도 수원시 영통구 이의동,경상사고,0,0,2,0,차대차 - 기타,안전거리미확보,건조,맑음,단일로 - 기타,승용,남,22세,상해없음,승용,남,56세,경상
2023033000100042,2023년 3월 30일 05시,목요일,경기도 수원시 권선구 권선동,경상사고,0,0,1,0,차대차 - 기타,신호위반,건조,맑음,교차로 - 교차로횡단보도내,승용,남,38세,상해없음,자전거,남,56세,경상
2023033000100097,2023년 3월 30일 08시,목요일,경기도 수원시 팔달구 인계동,경상사고,0,0,1,0,차대차 - 기타,안전운전불이행,건조,맑음,기타 - 기타,승용,남,33세,상해없음,자전거,남,16세,경상
2023033000100138,2023년 3월 30일 09시,목요일,경기도 수원시 장안구 영화동,중상사고,0,1,0,0,차대차 - 기타,직진우회전진행방해,건조,맑음,교차로 - 교차로안,자전거,여,61세,중상,승용,여,34세,상해없음
2023033000100172,2023년 3월 30일 10시,목요일,경기도 수원시 권선구 서둔동,경상사고,0,0,1,0,차대차 - 측면충돌,안전운전불이행,건조,맑음,단일로 - 기타,승용,남,78세,상해없음,자전거,남,68세,경상
2023033000100204,2023년 3월 30일 11시,목요일,경기도 수원시 팔달구 매교동,경상사고,0,0,1,0,차대차 - 추돌,안전거리미확보,건조,맑음,교차로 - 교차로부근,승합,남,57세,상해없음,승용,남,39세,경상
2023033000100293,2023년 3월 30일 14시,목요일,경기도 수원시 권선구 탑동,경상사고,0,0,1,0,차대차 - 추돌,안전운전불이행,건조,맑음,단일로 - 기타,승합,남,47세,상해없음,승합,남,58세,경상
2023033000100385,2023년 3월 30일 17시,목요일,경기도 수원시 장안구 파장동,경상사고,0,0,1,0,차대차 - 측면충돌,안전운전불이행,건조,맑음,교차로 - 교차로부근,승용,남,50세,상해없음,승용,남,25세,경상
2023033000100424,2023년 3월 30일 18시,목요일,경기도 수원시 팔달구 지동,경상사고,0,0,1,0,차대차 - 기타,교차로운행방법위반,건조,맑음,교차로 - 교차로안,승용,남,21세,상해없음,승용,남,68세,경상
2023033000100431,2023년 3월 30일 18시,목요일,경기도 수원시 팔달구 우만동,경상사고,0,0,1,1,차대차 - 기타,안전거리미확보,건조,맑음,단일로 - 기타,승용,남,33세,부상신고,화물,남,62세,경상
2023033000100478,2023년 3월 30일 19시,목요일,경기도 수원시 권선구 구운동,경상사고,0,0,1,0,차대차 - 추돌,안전운전불이행,건조,흐림,교차로 - 교차로부근,화물,남,55세,상해없음,승용,남,66세,경상
2023033000100479,2023년 3월 30일 19시,목요일,경기도 수원시 권선구 구운동,경상사고,0,0,2,0,차대차 - 측면충돌,안전운전불이행,건조,흐림,교차로 - 교차로부근,승용,남,37세,상해없음,승용,남,51세,경상
2023033000100513,2023년 3월 30일 20시,목요일,경기도 수원시 권선구 권선동,경상사고,0,0,1,0,차대사람 - 기타,교차로운행방법위반,건조,맑음,단일로 - 기타,승용,여,60세,상해없음,보행자,여,60세,경상
2023033000100514,2023년 3월 30일 20시,목요일,경기도 수원시 영통구 매탄동,경상사고,0,0,1,0,차대차 - 측면충돌,안전거리미확보,건조,맑음,단일로 - 기타,승용,여,37세,상해없음,승용,여,46세,경상
2023033000100577,2023년 3월 30일 23시,목요일,경기도 수원시 장안구 정자동,중상사고,0,1,0,1,차대차 - 측면충돌,안전운전불이행,건조,맑음,교차로 - 교차로안,원동기,남,53세,부상신고,특수,남,63세,중상
2023033100100005,2023년 3월 31일 00시,금요일,경기도 수원시 영통구 매탄동,경상사고,0,0,1,0,차대차 - 추돌,중앙선침범,건조,맑음,교차로 - 교차로안,승용,여,44세,상해없음,승용,남,33세,경상
2023033100100077,2023년 3월 31일 08시,금요일,경기도 수원시 팔달구 인계동,중상사고,0,2,3,0,차대차 - 추돌,안전운전불이행,건조,맑음,기타 - 기타,승용,남,35세,상해없음,승용,남,45세,경상
2023033100100124,2023년 3월 31일 09시,금요일,경기도 수원시 권선구 세류동,경상사고,0,0,1,0,차대차 - 추돌,중앙선침범,건조,맑음,단일로 - 기타,승합,남,53세,상해없음,승용,여,42세,상해없음
2023033100100166,2023년 3월 31일 10시,금요일,경기도 수원시 영통구 이의동,경상사고,0,0,3,0,차대차 - 측면충돌,교차로운행방법위반,건조,맑음,교차로 - 교차로안,승용,남,53세,상해없음,승용,여,30세,경상
2023033100100167,2023년 3월 31일 10시,금요일,경기도 수원시 권선구 권선동,경상사고,0,0,1,1,차대차 - 측면충돌,안전운전불이행,건조,맑음,단일로 - 기타,승용,여,63세,부상신고,승용,남,29세,경상
2023033100100168,2023년 3월 31일 10시,금요일,경기도 수원시 권선구 고색동,중상사고,0,1,0,0,차대차 - 기타,안전운전불이행,건조,맑음,단일로 - 기타,승용,남,51세,상해없음,화물,남,61세,중상
2023033100100234,2023년 3월 31일 12시,금요일,경기도 수원시 팔달구 북수동,경상사고,0,0,1,0,차대차 - 기타,안전거리미확보,건조,맑음,단일로 - 기타,승용,남,78세,상해없음,승용,남,65세,경상
2023033100100235,2023년 3월 31일 12시,금요일,경기도 수원시 팔달구 지동,중상사고,0,1,0,0,차대사람 - 기타,안전운전불이행,건조,맑음,단일로 - 기타,승합,남,51세,상해없음,보행자,여,69세,중상
2023033100100299,2023년 3월 31일 14시,금요일,경기도 수원시 팔달구 지동,경상사고,0,0,1,0,차대차 - 측면충돌,안전운전불이행,건조,맑음,단일로 - 기타,승용,남,62세,상해없음,승용,남,36세,경상
2023033100100303,2023년 3월 31일 14시,금요일,경기도 수원시 권선구 오목천동,중상사고,0,1,0,0,차대차 - 추돌,안전거리미확보,건조,맑음,교차로 - 교차로안,승용,남,49세,상해없음,이륜,남,48세,중상
2023033100100328,2023년 3월 31일 15시,금요일,경기도 수원시 장안구 이목동,경상사고,0,0,1,0,차대사람 - 횡단중,보행자보호의무위반,건조,맑음,교차로 - 교차로횡단보도내,승용,여,55세,상해없음,보행자,남,12세,경상