사고번호,사고일시,요일,시군구,사고내용,사망자수,중상자수,경상자수,부상신고자수,사고유형,법규위반,노면상태,기상상태,도로형태,가해운전자 차종,가해운전자 성별,가해운전자 연령,가해운전자 상해정도,피해운전자 차종,피해운전자 성별,피해운전자 연령,피해운전자 상해정도
2023060300100208,2023년 6월 3일 12시,토요일,경기도 수원시 영통구 원천동,경상사고,0,0,3,0,차대차 - 추돌,안전운전불이행,건조,맑음,단일로 - 지하차도(도로)내,승용,남,68세,상해없음,승용,남,44세,경상
2023060300100244,2023년 6월 3일 13시,토요일,경기도 수원시 팔달구 화서동,중상사고,0,1,0,0,차대사람 - 기타,안전운전불이행,건조,맑음,교차로 - 교차로부근,승용,여,54세,상해없음,보행자,여,82세,중상
2023060300100283,2023년 6월 3일 14시,토요일,경기도 수원시 영통구 영통동,경상사고,0,0,2,0,차대차 - 추돌,안전운전불이행,건조,맑음,단일로 - 기타,승용,남,45세,상해없음,승용,남,24세,경상
2023060300100359,2023년 6월 3일 16시,토요일,경기도 수원시 장안구 정자동,경상사고,0,0,1,0,차대사람 - 길가장자리구역통행중,보행자보호의무위반,건조,맑음,단일로 - 기타,승용,여,75세,상해없음,보행자,남,30세,경상
2023060300100360,2023년 6월 3일 16시,토요일,경기도 수원시 팔달구 지동,중상사고,0,1,0,0,차대사람 - 기타,안전운전불이행,건조,맑음,교차로 - 교차로안,승용,여,63세,상해없음,보행자,여,60세,중상
2023060300100361,2023년 6월 3일 16시,토요일,경기도 수원시 팔달구 고등동,중상사고,0,1,0,1,차대차 - 측면충돌,직진우회전진행방해,건조,맑음,교차로 - 교차로안,개인형이동수단(PM),남,14세,부상신고,승용,남,47세,상해없음
2023060300100393,2023년 6월 3일 17시,토요일,경기도 수원시 권선구 세류동,중상사고,0,5,1,0,차대차 - 정면충돌,기타,건조,맑음,단일로 - 기타,승용,남,81세,중상,승용,남,68세,상해없음
2023060300100395,2023년 6월 3일 17시,토요일,경기도 수원시 권선구 금곡동,경상사고,0,0,1,0,차대차 - 기타,안전운전불이행,건조,맑음,교차로 - 교차로안,승용,남,58세,상해없음,자전거,남,52세,경상
2023060300100470,2023년 6월 3일 19시,토요일,경기도 수원시 영통구 원천동,중상사고,0,1,0,0,차대사람 - 횡단중,안전운전불이행,건조,맑음,교차로 - 교차로안,승합,남,37세,상해없음,보행자,남,28세,중상
2023060300100516,2023년 6월 3일 21시,토요일,경기도 수원시 영통구 이의동,경상사고,0,0,1,0,차대사람 - 기타,안전운전불이행,건조,맑음,단일로 - 기타,자전거,여,46세,상해없음,보행자,여,47세,경상
2023060300100566,2023년 6월 3일 23시,토요일,경기도 수원시 팔달구 인계동,중상사고,0,1,0,0,차대차 - 추돌,안전운전불이행,건조,맑음,기타 - 기타,승용,남,43세,상해없음,승용,여,30세,중상
2023060400100198,2023년 6월 4일 13시,일요일,경기도 수원시 장안구 파장동,경상사고,0,0,2,0,차대차 - 측면충돌,안전거리미확보,건조,맑음,기타 - 기타,승용,남,63세,상해없음,승용,남,61세,경상
2023060400100469,2023년 6월 4일 23시,일요일,경기도 수원시 권선구 권선동,중상사고,0,1,0,1,차대차 - 측면충돌,안전운전불이행,건조,맑음,단일로 - 기타,이륜,남,18세,부상신고,이륜,남,40세,중상
2023060500100006,2023년 6월 5일 00시,월요일,경기도 수원시 영통구 이의동,경상사고,0,0,1,0,차대차 - 기타,신호위반,건조,맑음,단일로 - 기타,승용,남,28세,기타불명,승용,남,64세,경상
2023060500100037,2023년 6월 5일 06시,월요일,경기도 수원시 장안구 파장동,중상사고,0,1,0,0,차대차 - 추돌,안전운전불이행,건조,맑음,단일로 - 기타,승용,남,47세,상해없음,승용,남,31세,중상
2023060500100079,2023년 6월 5일 08시,월요일,경기도 수원시 영통구 이의동,경상사고,0,0,2,0,차대차 - 측면충돌,신호위반,건조,맑음,교차로 - 교차로안,승용,남,36세,경상,승용,여,24세,경상
2023060500100172,2023년 6월 5일 11시,월요일,경기도 수원시 장안구 영화동,중상사고,0,1,0,0,차대차 - 측면충돌,안전거리미확보,건조,맑음,단일로 - 기타,승용,여,70세,상해없음,이륜,남,41세,중상
2023060500100178,2023년 6월 5일 11시,월요일,경기도 수원시 영통구 원천동,경상사고,0,0,1,0,차대차 - 정면충돌,교차로운행방법위반,건조,맑음,교차로 - 교차로안,승용,여,55세,상해없음,이륜,남,39세,경상
2023060500100243,2023년 6월 5일 13시,월요일,경기도 수원시 권선구 세류동,경상사고,0,0,1,0,차대차 - 측면충돌,안전운전불이행,건조,맑음,기타 - 기타,승용,남,44세,상해없음,자전거,남,12세,경상
2023060500100283,2023년 6월 5일 14시,월요일,경기도 수원시 영통구 하동,경상사고,0,0,1,0,차대차 - 측면충돌,안전거리미확보,건조,맑음,교차로 - 교차로부근,승용,남,60세,상해없음,이륜,남,28세,경상
2023060500100285,2023년 6월 5일 14시,월요일,경기도 수원시 권선구 구운동,경상사고,0,0,1,0,차량단독 - 기타,기타,건조,맑음,단일로 - 기타,승합,남,44세,기타불명,,,,
2023060500100362,2023년 6월 5일 16시,월요일,경기도 수원시 장안구 조원동,경상사고,0,0,1,0,차대차 - 기타,안전운전불이행,건조,맑음,단일로 - 기타,승합,남,72세,상해없음,승용,남,48세,경상
2023060500100404,2023년 6월 5일 17시,월요일,경기도 수원시 팔달구 우만동,경상사고,0,0,1,0,차대차 - 측면충돌,안전거리미확보,건조,맑음,단일로 - 기타,승용,여,65세,상해없음,승용,여,41세,경상
2023060500100454,2023년 6월 5일 18시,월요일,경기도 수원시 장안구 연무동,경상사고,0,0,1,0,차대차 - 기타,직진우회전진행방해,건조,맑음,교차로 - 교차로안,화물,남,30세,상해없음,승용,남,38세,경상
2023060500100461,2023년 6월 5일 18시,월요일,경기도 수원시 권선구 세류동,경상사고,0,0,4,0,차대차 - 추돌,안전운전불이행,건조,맑음,교차로 - 교차로부근,승용,남,64세,상해없음,승합,남,56세,경상
2023060500100508,2023년 6월 5일 19시,월요일,경기도 수원시 권선구 세류동,경상사고,0,0,1,0,차대차 - 기타,안전운전불이행,건조,맑음,교차로 - 교차로부근,승용,남,30세,상해없음,이륜,남,42세,경상
2023060500100592,2023년 6월 5일 22시,월요일,경기도 수원시 팔달구 화서동,경상사고,0,0,1,0,차대차 - 측면충돌,신호위반,건조,맑음,교차로 - 교차로안,승합,남,57세,상해없음,승합,남,30세,경상
2023060600100005,2023년 6월 6일 00시,화요일,경기도 수원시 팔달구 인계동,경상사고,0,0,1,0,차대차 - 추돌,안전운전불이행,건조,맑음,단일로 - 기타,승용,남,24세,상해없음,승용,남,26세,경상
2023060600100006,2023년 6월 6일 00시,화요일,경기도 수원시 권선구 금곡동,중상사고,0,1,0,0,차대차 - 측면충돌,안전운전불이행,건조,맑음,교차로 - 교차로부근,승용,남,54세,상해없음,이륜,여,20세,중상
2023060600100029,2023년 6월 6일 03시,화요일,경기도 수원시 권선구 금곡동,경상사고,0,0,1,0,차대차 - 측면충돌,신호위반,건조,맑음,교차로 - 교차로안,원동기,남,19세,상해없음,승용,여,47세,경상
2023060600100032,2023년 6월 6일 04시,화요일,경기도 수원시 팔달구 인계동,경상사고,0,0,1,0,차대차 - 측면충돌,안전운전불이행,건조,맑음,단일로 - 기타,기타불명,기타불명,미분류,기타불명,승용,남,40세,경상
2023060600100039,2023년 6월 6일 05시,화요일,경기도 수원시 영통구 신동,중상사고,0,1,1,0,차대차 - 추돌,안전운전불이행,건조,맑음,교차로 - 교차로안,이륜,남,71세,중상,승용,남,73세,경상
2023060600100061,2023년 6월 6일 07시,화요일,경기도 수원시 팔달구 중동,부상신고사고,0,0,0,1,차대차 - 정면충돌,교차로운행방법위반,건조,맑음,교차로 - 교차로안,승합,남,57세,상해없음,승용,여,46세,부상신고
2023060600100068,2023년 6월 6일 08시,화요일,경기도 수원시 장안구 조원동,경상사고,0,0,1,0,차대차 - 정면충돌,안전운전불이행,건조,맑음,교차로 - 교차로안,승용,남,26세,상해없음,자전거,남,48세,경상
2023060600100069,2023년 6월 6일 08시,화요일,경기도 수원시 팔달구 남수동,경상사고,0,0,1,0,차대사람 - 횡단중,보행자보호의무위반,건조,맑음,교차로 - 교차로횡단보도내,승용,남,60세,상해없음,보행자,여,63세,경상
2023060600100107,2023년 6월 6일 10시,화요일,경기도 수원시 장안구 율전동,경상사고,0,0,1,0,차대차 - 추돌,안전운전불이행,건조,맑음,교차로 - 교차로안,특수,남,29세,상해없음,승용,여,51세,경상
2023060600100111,2023년 6월 6일 10시,화요일,경기도 수원시 권선구 권선동,중상사고,0,1,0,0,차대차 - 정면충돌,신호위반,건조,맑음,교차로 - 교차로안,승용,여,31세,상해없음,승용,남,50세,중상
2023060600100210,2023년 6월 6일 13시,화요일,경기도 수원시 권선구 구운동,중상사고,0,1,0,0,차대차 - 기타,기타,건조,맑음,단일로 - 기타,승용,여,59세,상해없음,승용,남,50세,중상
2023060600100289,2023년 6월 6일 16시,화요일,경기도 수원시 장안구 영화동,경상사고,0,0,1,0,차대사람 - 기타,안전운전불이행,건조,맑음,단일로 - 기타,승용,남,72세,상해없음,보행자,여,67세,경상
2023060600100296,2023년 6월 6일 16시,화요일,경기도 수원시 영통구 이의동,경상사고,0,0,3,0,차대차 - 추돌,안전거리미확보,건조,맑음,단일로 - 기타,승용,여,50세,경상,승용,남,39세,경상
2023060600100298,2023년 6월 6일 16시,화요일,경기도 수원시 권선구 서둔동,경상사고,0,0,1,0,차대차 - 측면충돌,안전거리미확보,건조,맑음,교차로 - 교차로부근,승용,남,36세,상해없음,승용,남,41세,경상
2023060600100299,2023년 6월 6일 16시,화요일,경기도 수원시 권선구 서둔동,중상사고,0,1,0,0,차대사람 - 기타,안전운전불이행,건조,기타,미분류 - 미분류,기타불명,기타불명,미분류,기타불명,보행자,남,27세,중상
2023060600100448,2023년 6월 6일 21시,화요일,경기도 수원시 권선구 권선동,경상사고,0,0,1,0,차대차 - 측면충돌,차로위반,건조,맑음,교차로 - 교차로부근,승용,여,60세,상해없음,기타불명,기타불명,미분류,기타불명
2023060600100449,2023년 6월 6일 21시,화요일,경기도 수원시 팔달구 인계동,중상사고,0,1,0,0,차대차 - 기타,신호위반,건조,맑음,교차로 - 교차로안,특수,남,24세,상해없음,승용,남,26세,중상
2023060600100483,2023년 6월 6일 23시,화요일,경기도 수원시 팔달구 매산로1가,경상사고,0,0,2,0,차대차 - 기타,안전운전불이행,건조,맑음,교차로 - 교차로안,승용,남,24세,상해없음,승용,남,54세,경상
2023060700100005,2023년 6월 7일 00시,수요일,경기도 수원시 권선구 세류동,경상사고,0,0,1,0,차대차 - 추돌,안전운전불이행,건조,맑음,교차로 - 교차로부근,화물,남,52세,상해없음,승용,여,45세,경상
2023060700100017,2023년 6월 7일 03시,수요일,경기도 수원시 팔달구 화서동,경상사고,0,0,1,0,차대차 - 기타,안전거리미확보,건조,맑음,단일로 - 기타,화물,남,47세,상해없음,승용,남,29세,경상
2023060700100031,2023년 6월 7일 06시,수요일,경기도 수원시 팔달구 매산로3가,경상사고,0,0,2,0,차대차 - 측면충돌,신호위반,건조,흐림,교차로 - 교차로안,화물,남,69세,상해없음,화물,남,38세,경상
2023060700100166,2023년 6월 7일 10시,수요일,경기도 수원시 권선구 평동,경상사고,0,0,1,0,차대차 - 기타,안전운전불이행,건조,맑음,단일로 - 기타,승용,남,32세,상해없음,개인형이동수단(PM),남,34세,경상
2023060700100237,2023년 6월 7일 12시,수요일,경기도 수원시 영통구 영통동,중상사고,0,1,0,0,차대차 - 기타,안전운전불이행,건조,맑음,교차로 - 교차로부근,승용,여,53세,상해없음,이륜,남,52세,중상
2023060700100335,2023년 6월 7일 15시,수요일,경기도 수원시 권선구 권선동,부상신고사고,0,0,0,1,차대차 - 기타,직진우회전진행방해,건조,맑음,교차로 - 교차로안,이륜,남,23세,부상신고,승용,여,47세,상해없음
2023060700100380,2023년 6월 7일 16시,수요일,경기도 수원시 권선구 서둔동,중상사고,0,1,0,0,차대차 - 추돌,안전운전불이행,건조,맑음,단일로 - 기타,승용,남,27세,상해없음,승용,남,41세,중상
2023060700100428,2023년 6월 7일 17시,수요일,경기도 수원시 권선구 호매실동,경상사고,0,0,1,0,차대차 - 추돌,안전거리미확보,건조,맑음,단일로 - 기타,승용,여,55세,상해없음,승용,여,32세,경상
2023060700100464,2023년 6월 7일 18시,수요일,경기도 수원시 권선구 평동,경상사고,0,0,1,0,차대차 - 측면충돌,안전거리미확보,건조,맑음,단일로 - 기타,승용,여,61세,상해없음,승용,남,48세,경상
2023060700100587,2023년 6월 7일 22시,수요일,경기도 수원시 권선구 서둔동,부상신고사고,0,0,0,1,차대차 - 측면충돌,신호위반,건조,맑음,교차로 - 교차로부근,이륜,남,39세,부상신고,승용,남,62세,상해없음
2023060700100588,2023년 6월 7일 22시,수요일,경기도 수원시 팔달구 고등동,중상사고,0,2,0,0,차대차 - 측면충돌,안전운전불이행,건조,맑음,교차로 - 교차로안,이륜,남,34세,중상,승용,여,35세,중상
2023060800100047,2023년 6월 8일 06시,목요일,경기도 수원시 영통구 영통동,경상사고,0,0,2,0,차대차 - 측면충돌,불법유턴,건조,맑음,단일로 - 기타,승용,남,22세,경상,승용,남,38세,경상
2023060800100066,2023년 6월 8일 07시,목요일,경기도 수원시 영통구 영통동,경상사고,0,0,1,0,차대사람 - 기타,안전운전불이행,건조,맑음,기타 - 기타,개인형이동수단(PM),여,19세,상해없음,보행자,남,69세,경상
2023060800100091,2023년 6월 8일 08시,목요일,경기도 수원시 장안구 율전동,경상사고,0,0,1,0,차대차 - 기타,교차로운행방법위반,건조,맑음,교차로 - 교차로안,화물,남,62세,상해없음,승용,남,37세,경상
2023060800100170,2023년 6월 8일 10시,목요일,경기도 수원시 장안구 천천동,경상사고,0,0,1,0,차대차 - 기타,안전운전불이행,건조,맑음,교차로 - 교차로부근,승용,남,42세,상해없음,자전거,남,13세,경상
2023060800100197,2023년 6월 8일 11시,목요일,경기도 수원시 팔달구 우만동,경상사고,0,0,1,0,차대차 - 후진중충돌,안전운전불이행,건조,맑음,단일로 - 기타,승용,남,44세,상해없음,승용,여,33세,경상
2023060800100274,2023년 6월 8일 14시,목요일,경기도 수원시 장안구 조원동,경상사고,0,0,1,0,차대차 - 기타,안전운전불이행,건조,맑음,단일로 - 기타,승용,여,60세,상해없음,승용,남,27세,경상
2023060800100308,2023년 6월 8일 15시,목요일,경기도 수원시 영통구 원천동,경상사고,0,0,1,0,차대차 - 추돌,안전운전불이행,건조,맑음,단일로 - 기타,승용,여,49세,상해없음,승용,여,35세,경상
2023060800100344,2023년 6월 8일 16시,목요일,경기도 수원시 권선구 권선동,경상사고,0,0,2,0,차대차 - 측면충돌,안전운전불이행,건조,맑음,교차로 - 교차로안,승용,남,64세,상해없음,승용,여,34세,경상
2023060800100345,2023년 6월 8일 16시,목요일,경기도 수원시 권선구 호매실동,경상사고,0,0,3,1,차대차 - 측면충돌,신호위반,건조,맑음,교차로 - 교차로안,승용,여,38세,부상신고,승용,여,58세,경상
2023060800100418,2023년 6월 8일 18시,목요일,경기도 수원시 영통구 영통동,중상사고,0,1,0,0,차대사람 - 보도통행중,안전운전불이행,건조,맑음,기타 - 기타,자전거,남,22세,상해없음,보행자,여,45세,중상
2023060800100479,2023년 6월 8일 20시,목요일,경기도 수원시 권선구 구운동,경상사고,0,0,1,0,차대차 - 추돌,안전운전불이행,건조,맑음,단일로 - 기타,승용,남,52세,상해없음,승용,남,55세,경상
2023060800100516,2023년 6월 8일 21시,목요일,경기도 수원시 팔달구 매산로1가,경상사고,0,0,1,0,차대차 - 추돌,안전운전불이행,건조,맑음,단일로 - 기타,승용,남,75세,상해없음,이륜,남,42세,경상
2023060800100538,2023년 6월 8일 22시,목요일,경기도 수원시 팔달구 우만동,경상사고,0,0,1,0,차대사람 - 길가장자리구역통행중,안전운전불이행,젖음/습기,비,교차로 - 교차로안,승용,남,32세,상해없음,보행자,여,24세,경상
2023060900100013,2023년 6월 9일 00시,금요일,경기도 수원시 팔달구 인계동,경상사고,0,0,3,0,차대차 - 기타,안전운전불이행,건조,맑음,단일로 - 기타,승용,남,38세,상해없음,승용,여,50세,경상
2023060900100232,2023년 6월 9일 12시,금요일,경기도 수원시 장안구 파장동,경상사고,0,0,2,0,차대사람 - 기타,안전운전불이행,건조,맑음,기타 - 기타,화물,남,27세,상해없음,보행자,남,67세,경상
2023060900100292,2023년 6월 9일 14시,금요일,경기도 수원시 팔달구 우만동,경상사고,0,0,1,0,차대사람 - 횡단중,보행자보호의무위반,건조,맑음,교차로 - 교차로횡단보도내,승용,여,47세,상해없음,보행자,남,57세,경상
2023060900100366,2023년 6월 9일 16시,금요일,경기도 수원시 장안구 영화동,경상사고,0,0,1,0,차대차 - 기타,안전거리미확보,건조,맑음,단일로 - 기타,승용,남,58세,상해없음,승용,남,62세,경상
2023060900100375,2023년 6월 9일 16시,금요일,경기도 수원시 권선구 구운동,중상사고,0,1,1,0,차대차 - 추돌,안전거리미확보,건조,맑음,교차로 - 교차로부근,승용,남,42세,경상,화물,남,63세,중상
2023060900100486,2023년 6월 9일 18시,금요일,경기도 수원시 장안구 이목동,중상사고,0,1,0,0,차대사람 - 기타,보행자보호의무위반,건조,맑음,교차로 - 교차로안,승용,여,67세,상해없음,보행자,남,42세,중상
2023060900100493,2023년 6월 9일 18시,금요일,경기도 수원시 영통구 원천동,경상사고,0,0,1,0,차대차 - 측면충돌,신호위반,건조,맑음,교차로 - 교차로안,승용,여,29세,상해없음,승용,여,39세,경상
2023060900100494,2023년 6월 9일 18시,금요일,경기도 수원시 권선구 고색동,경상사고,0,0,1,0,차대차 - 측면충돌,교차로운행방법위반,건조,맑음,교차로 - 교차로안,승용,여,30세,상해없음,이륜,남,27세,경상
2023060900100542,2023년 6월 9일 19시,금요일,경기도 수원시 권선구 고색동,경상사고,0,0,1,0,차대차 - 측면충돌,교차로운행방법위반,건조,맑음,교차로 - 교차로안,이륜,남,40세,기타불명,이륜,남,26세,경상
2023060900100619,2023년 6월 9일 22시,금요일,경기도 수원시 장안구 정자동,경상사고,0,0,2,0,차대차 - 측면충돌,안전거리미확보,건조,맑음,단일로 - 기타,승합,남,38세,상해없음,승용,남,33세,경상
2023060900100628,2023년 6월 9일 22시,금요일,경기도 수원시 장안구 조원동,경상사고,0,0,2,0,차대차 - 추돌,안전운전불이행,건조,맑음,단일로 - 기타,승용,여,69세,상해없음,화물,남,28세,경상
2023060900100642,2023년 6월 9일 23시,금요일,경기도 수원시 영통구 영통동,경상사고,0,0,1,0,차대차 - 측면충돌,안전운전불이행,건조,맑음,교차로 - 교차로안,승용,여,39세,상해없음,이륜,남,23세,경상
2023061000100009,2023년 6월 10일 00시,토요일,경기도 수원시 팔달구 매산로1가,경상사고,0,0,1,0,차대사람 - 기타,안전운전불이행,건조,맑음,단일로 - 기타,승용,남,65세,상해없음,보행자,남,22세,경상
2023061000100037,2023년 6월 10일 02시,토요일,경기도 수원시 영통구 매탄동,경상사고,0,0,1,0,차대차 - 측면충돌,신호위반,건조,맑음,교차로 - 교차로안,자전거,남,23세,경상,승용,여,67세,상해없음
2023061000100121,2023년 6월 10일 10시,토요일,경기도 수원시 권선구 권선동,경상사고,0,0,2,0,차대차 - 측면충돌,교차로운행방법위반,건조,맑음,교차로 - 교차로안,화물,남,51세,상해없음,승용,여,44세,경상
2023061000100154,2023년 6월 10일 11시,토요일,경기도 수원시 권선구 권선동,경상사고,0,0,2,0,차대차 - 기타,차로위반,건조,맑음,단일로 - 기타,승용,남,44세,상해없음,승용,남,36세,경상
2023061000100231,2023년 6월 10일 13시,토요일,경기도 수원시 권선구 구운동,중상사고,0,1,0,0,차대차 - 기타,안전운전불이행,건조,맑음,교차로 - 교차로안,승용,남,49세,상해없음,승합,남,66세,상해없음
2023061000100309,2023년 6월 10일 15시,토요일,경기도 수원시 권선구 서둔동,경상사고,0,0,1,0,차대차 - 추돌,안전운전불이행,건조,맑음,교차로 - 교차로부근,승용,남,33세,상해없음,자전거,남,52세,경상
2023061000100373,2023년 6월 10일 17시,토요일,경기도 수원시 권선구 호매실동,부상신고사고,0,0,0,2,차대차 - 추돌,안전운전불이행,건조,맑음,교차로 - 교차로부근,승용,여,41세,상해없음,승용,남,42세,부상신고
2023061000100405,2023년 6월 10일 18시,토요일,경기도 수원시 권선구 호매실동,경상사고,0,0,1,0,차대차 - 추돌,안전운전불이행,건조,맑음,교차로 - 교차로부근,승용,남,30세,상해없음,승용,남,40세,경상
2023061000100406,2023년 6월 10일 18시,토요일,경기도 수원시 장안구 이목동,경상사고,0,0,1,0,차대차 - 기타,안전운전불이행,건조,맑음,단일로 - 기타,기타불명,기타불명,미분류,기타불명,승용,여,58세,경상
2023061000100431,2023년 6월 10일 19시,토요일,경기도 수원시 팔달구 화서동,경상사고,0,0,2,0,차대차 - 측면충돌,신호위반,건조,맑음,단일로 - 지하차도(도로)내,승용,여,49세,상해없음,승용,남,73세,경상
2023061000100460,2023년 6월 10일 20시,토요일,경기도 수원시 팔달구 인계동,중상사고,0,1,0,0,차대차 - 측면충돌,안전운전불이행,건조,맑음,교차로 - 교차로부근,승용,남,26세,상해없음,개인형이동수단(PM),여,35세,중상
2023061000100461,2023년 6월 10일 20시,토요일,경기도 수원시 팔달구 인계동,중상사고,0,1,6,0,차대차 - 측면충돌,안전거리미확보,건조,맑음,단일로 - 기타,화물,남,60세,상해없음,원동기,남,23세,중상
2023061000100529,2023년 6월 10일 23시,토요일,경기도 수원시 권선구 권선동,경상사고,0,0,3,0,차대차 - 정면충돌,신호위반,건조,맑음,교차로 - 교차로횡단보도내,승용,남,56세,상해없음,승용,남,63세,경상
2023061100100021,2023년 6월 11일 01시,일요일,경기도 수원시 권선구 호매실동,중상사고,0,1,1,0,차대차 - 추돌,안전거리미확보,젖음/습기,비,교차로 - 교차로안,승용,남,53세,상해없음,승용,남,65세,경상
2023061100100031,2023년 6월 11일 02시,일요일,경기도 수원시 팔달구 인계동,경상사고,0,0,1,0,차대사람 - 차도통행중,안전운전불이행,건조,맑음,단일로 - 지하차도(도로)내,승용,남,21세,상해없음,보행자,남,25세,경상
2023061100100052,2023년 6월 11일 04시,일요일,경기도 수원시 팔달구 지동,중상사고,0,1,0,1,차량단독 - 공작물충돌,안전운전불이행,건조,맑음,단일로 - 기타,승용,남,54세,부상신고,,,,
2023061100100053,2023년 6월 11일 04시,일요일,경기도 수원시 영통구 매탄동,중상사고,0,1,0,0,차량단독 - 기타,안전운전불이행,건조,맑음,기타 - 기타,개인형이동수단(PM),남,18세,중상,,,,
2023061100100180,2023년 6월 11일 13시,일요일,경기도 수원시 장안구 영화동,경상사고,0,0,1,0,차대차 - 후진중충돌,안전운전불이행,건조,맑음,단일로 - 기타,승용,남,48세,상해없음,이륜,남,30세,경상
2023061100100207,2023년 6월 11일 14시,일요일,경기도 수원시 장안구 송죽동,중상사고,0,1,0,0,차대차 - 정면충돌,신호위반,건조,맑음,교차로 - 교차로안,이륜,남,44세,중상,승용,여,54세,상해없음
2023061100100229,2023년 6월 11일 15시,일요일,경기도 수원시 장안구 파장동,경상사고,0,0,3,0,차대차 - 추돌,안전운전불이행,건조,맑음,단일로 - 기타,승용,남,82세,상해없음,화물,남,31세,경상
2023061200100051,2023년 6월 12일 07시,월요일,경기도 수원시 장안구 영화동,중상사고,0,1,0,0,차대사람 - 기타,안전운전불이행,건조,맑음,교차로 - 교차로안,승용,남,66세,상해없음,보행자,여,88세,중상
2023061200100054,2023년 6월 12일 07시,월요일,경기도 수원시 권선구 호매실동,경상사고,0,0,1,0,차대차 - 측면충돌,교차로운행방법위반,건조,맑음,교차로 - 교차로안,승용,남,70세,상해없음,특수,남,41세,경상
2023061200100082,2023년 6월 12일 08시,월요일,경기도 수원시 장안구 영화동,경상사고,0,0,1,0,차대사람 - 기타,안전운전불이행,건조,맑음,교차로 - 교차로부근,개인형이동수단(PM),남,14세,상해없음,보행자,남,8세,경상
2023061200100083,2023년 6월 12일 08시,월요일,경기도 수원시 팔달구 우만동,경상사고,0,0,1,1,차대차 - 측면충돌,직진우회전진행방해,건조,맑음,교차로 - 교차로안,승합,남,68세,경상,승용,여,28세,부상신고
2023061200100087,2023년 6월 12일 08시,월요일,경기도 수원시 영통구 매탄동,경상사고,0,0,1,0,차대차 - 측면충돌,안전운전불이행,건조,맑음,교차로 - 교차로안,승합,남,68세,상해없음,승용,남,52세,경상
2023061200100088,2023년 6월 12일 08시,월요일,경기도 수원시 영통구 원천동,경상사고,0,0,2,0,차량단독 - 기타,기타,건조,맑음,교차로 - 교차로안,승합,남,60세,상해없음,,,,
2023061200100239,2023년 6월 12일 12시,월요일,경기도 수원시 장안구 율전동,경상사고,0,0,1,0,차대차 - 추돌,안전거리미확보,건조,맑음,단일로 - 기타,화물,남,54세,상해없음,승용,여,44세,경상
2023061200100240,2023년 6월 12일 12시,월요일,경기도 수원시 팔달구 화서동,경상사고,0,0,2,0,차대차 - 정면충돌,안전운전불이행,건조,맑음,교차로 - 교차로부근,승용,남,43세,상해없음,승용,남,30세,경상
2023061200100242,2023년 6월 12일 12시,월요일,경기도 수원시 권선구 권선동,경상사고,0,0,1,0,차대차 - 측면충돌,안전거리미확보,건조,맑음,교차로 - 교차로안,승용,남,75세,상해없음,승용,여,41세,경상
2023061200100298,2023년 6월 12일 14시,월요일,경기도 수원시 장안구 조원동,경상사고,0,0,1,0,차대사람 - 기타,안전운전불이행,건조,맑음,교차로 - 교차로부근,승용,남,48세,상해없음,보행자,남,31세,경상
2023061200100303,2023년 6월 12일 14시,월요일,경기도 수원시 영통구 망포동,경상사고,0,0,1,0,차대차 - 기타,교차로운행방법위반,건조,맑음,교차로 - 교차로안,승용,여,37세,상해없음,이륜,남,41세,경상
2023061200100341,2023년 6월 12일 15시,월요일,경기도 수원시 영통구 영통동,중상사고,0,1,1,0,차대차 - 정면충돌,교차로운행방법위반,건조,맑음,교차로 - 교차로안,승용,남,63세,상해없음,승용,여,49세,중상
2023061200100424,2023년 6월 12일 17시,월요일,경기도 수원시 권선구 탑동,경상사고,0,0,4,0,차대차 - 측면충돌,직진우회전진행방해,건조,맑음,교차로 - 교차로안,승용,남,57세,기타불명,승합,남,63세,경상
2023061200100600,2023년 6월 12일 23시,월요일,경기도 수원시 장안구 파장동,경상사고,0,0,5,0,차대차 - 추돌,안전거리미확보,건조,맑음,교차로 - 교차로부근,승용,남,48세,기타불명,승합,남,58세,상해없음
2023061300100079,2023년 6월 13일 08시,화요일,경기도 수원시 팔달구 신풍동,경상사고,0,0,1,0,차대차 - 정면충돌,안전운전불이행,건조,맑음,단일로 - 기타,자전거,남,12세,경상,승용,여,59세,상해없음
2023061300100089,2023년 6월 13일 08시,화요일,경기도 수원시 영통구 망포동,중상사고,0,1,0,0,차대차 - 측면충돌,안전운전불이행,건조,맑음,단일로 - 기타,승용,여,51세,상해없음,개인형이동수단(PM),남,25세,중상
2023061300100090,2023년 6월 13일 08시,화요일,경기도 수원시 팔달구 인계동,경상사고,0,0,2,0,차대차 - 측면충돌,직진우회전진행방해,건조,맑음,교차로 - 교차로안,승용,남,43세,경상,승합,남,40세,경상
2023061300100124,2023년 6월 13일 09시,화요일,경기도 수원시 장안구 정자동,경상사고,0,0,1,2,차대차 - 추돌,안전운전불이행,건조,맑음,교차로 - 교차로안,화물,남,62세,상해없음,화물,남,64세,경상
2023061300100126,2023년 6월 13일 09시,화요일,경기도 수원시 권선구 권선동,중상사고,0,1,1,0,차대차 - 기타,안전운전불이행,건조,맑음,단일로 - 기타,승용,여,45세,상해없음,승용,여,62세,중상
2023061300100202,2023년 6월 13일 11시,화요일,경기도 수원시 권선구 권선동,경상사고,0,0,1,0,차대차 - 기타,안전운전불이행,건조,맑음,기타 - 기타,승용,남,52세,상해없음,화물,남,41세,경상