사고번호,사고일시,요일,시군구,사고내용,사망자수,중상자수,경상자수,부상신고자수,사고유형,법규위반,노면상태,기상상태,도로형태,가해운전자 차종,가해운전자 성별,가해운전자 연령,가해운전자 상해정도,피해운전자 차종,피해운전자 성별,피해운전자 연령,피해운전자 상해정도
2023092300100007,2023년 9월 23일 00시,토요일,경기도 수원시 영통구 매탄동,경상사고,0,0,1,0,차대사람 - 기타,안전운전불이행,건조,맑음,기타 - 기타,승용,남,32세,상해없음,보행자,남,32세,경상
2023092300100039,2023년 9월 23일 02시,토요일,경기도 수원시 권선구 권선동,경상사고,0,0,2,0,차대차 - 추돌,안전운전불이행,건조,맑음,단일로 - 고가도로위,승용,남,33세,상해없음,승용,남,25세,경상
2023092300100060,2023년 9월 23일 04시,토요일,경기도 수원시 권선구 금곡동,경상사고,0,0,1,0,차대차 - 추돌,중앙선침범,건조,맑음,교차로 - 교차로부근,승용,남,31세,상해없음,화물,남,45세,경상
2023092300100068,2023년 9월 23일 05시,토요일,경기도 수원시 팔달구 우만동,경상사고,0,0,1,0,차대차 - 기타,안전거리미확보,건조,맑음,교차로 - 교차로안,승용,남,39세,기타불명,승용,여,45세,경상
2023092300100099,2023년 9월 23일 08시,토요일,경기도 수원시 팔달구 중동,경상사고,0,0,1,0,차대차 - 추돌,기타,건조,맑음,단일로 - 기타,이륜,남,22세,상해없음,자전거,여,67세,경상
2023092300100160,2023년 9월 23일 10시,토요일,경기도 수원시 팔달구 지동,사망사고,1,1,0,0,차대사람 - 차도통행중,안전운전불이행,건조,맑음,단일로 - 기타,승용,남,60세,상해없음,보행자,남,6세,사망
2023092300100213,2023년 9월 23일 11시,토요일,경기도 수원시 팔달구 팔달로3가,경상사고,0,0,2,0,차대차 - 기타,안전거리미확보,건조,맑음,기타 - 기타,승용,남,60세,상해없음,승용,남,29세,경상
2023092300100215,2023년 9월 23일 11시,토요일,경기도 수원시 영통구 망포동,경상사고,0,0,1,0,차대차 - 측면충돌,안전운전불이행,건조,맑음,교차로 - 교차로안,승용,남,42세,상해없음,승용,여,56세,경상
2023092300100257,2023년 9월 23일 12시,토요일,경기도 수원시 영통구 영통동,부상신고사고,0,0,0,1,차대사람 - 보도통행중,기타,건조,맑음,기타 - 기타,개인형이동수단(PM),남,13세,상해없음,보행자,여,30세,부상신고
2023092300100258,2023년 9월 23일 12시,토요일,경기도 수원시 영통구 영통동,경상사고,0,0,1,0,차대사람 - 횡단중,보행자보호의무위반,건조,맑음,교차로 - 교차로횡단보도내,승용,남,56세,상해없음,보행자,여,23세,경상
2023092300100369,2023년 9월 23일 15시,토요일,경기도 수원시 권선구 고색동,경상사고,0,0,1,0,차대차 - 기타,안전거리미확보,건조,맑음,단일로 - 기타,승용,남,87세,상해없음,화물,남,61세,경상
2023092300100370,2023년 9월 23일 15시,토요일,경기도 수원시 권선구 호매실동,경상사고,0,0,1,0,차량단독 - 기타,안전운전불이행,건조,맑음,단일로 - 기타,승합,남,64세,상해없음,,,,
2023092300100456,2023년 9월 23일 17시,토요일,경기도 수원시 권선구 세류동,경상사고,0,0,1,0,차대차 - 측면충돌,안전거리미확보,건조,맑음,단일로 - 지하차도(도로)내,승용,여,23세,상해없음,승용,여,59세,경상
2023092300100528,2023년 9월 23일 19시,토요일,경기도 수원시 팔달구 고등동,중상사고,0,1,0,0,차대사람 - 기타,안전운전불이행,건조,맑음,단일로 - 기타,승용,남,64세,기타불명,보행자,남,80세,중상
2023092300100642,2023년 9월 23일 23시,토요일,경기도 수원시 권선구 권선동,경상사고,0,0,1,0,차대사람 - 기타,안전운전불이행,건조,맑음,기타 - 기타,승용,남,32세,상해없음,보행자,남,47세,경상
2023092400100042,2023년 9월 24일 04시,일요일,경기도 수원시 영통구 영통동,경상사고,0,0,2,0,차대차 - 추돌,안전운전불이행,건조,맑음,교차로 - 교차로부근,승용,남,41세,상해없음,승용,남,49세,경상
2023092400100048,2023년 9월 24일 05시,일요일,경기도 수원시 팔달구 우만동,사망사고,1,0,0,0,차대사람 - 횡단중,신호위반,건조,맑음,교차로 - 교차로안,승용,남,71세,상해없음,보행자,남,76세,사망
2023092400100248,2023년 9월 24일 14시,일요일,경기도 수원시 장안구 영화동,경상사고,0,0,1,0,차대사람 - 기타,안전운전불이행,건조,맑음,교차로 - 교차로부근,승용,남,66세,상해없음,보행자,남,42세,경상
2023092400100308,2023년 9월 24일 16시,일요일,경기도 수원시 팔달구 우만동,경상사고,0,0,1,0,차대사람 - 기타,안전운전불이행,건조,맑음,단일로 - 기타,승용,남,70세,상해없음,보행자,남,50세,경상
2023092400100310,2023년 9월 24일 16시,일요일,경기도 수원시 팔달구 인계동,경상사고,0,0,1,0,차대차 - 기타,안전운전불이행,건조,맑음,교차로 - 교차로안,승용,남,32세,상해없음,이륜,남,30세,경상
2023092400100395,2023년 9월 24일 19시,일요일,경기도 수원시 장안구 이목동,경상사고,0,0,2,0,차대차 - 측면충돌,안전거리미확보,건조,맑음,단일로 - 기타,승용,남,23세,경상,승용,여,53세,경상
2023092500100041,2023년 9월 25일 06시,월요일,경기도 수원시 팔달구 매산로1가,경상사고,0,0,2,0,차대차 - 추돌,안전거리미확보,건조,맑음,단일로 - 기타,승합,남,54세,경상,승용,남,27세,경상
2023092500100088,2023년 9월 25일 08시,월요일,경기도 수원시 권선구 평동,경상사고,0,0,1,0,차대차 - 추돌,안전운전불이행,건조,맑음,단일로 - 기타,승용,여,40세,상해없음,화물,남,55세,상해없음
2023092500100185,2023년 9월 25일 10시,월요일,경기도 수원시 권선구 세류동,경상사고,0,0,1,0,차대차 - 추돌,안전운전불이행,건조,맑음,교차로 - 교차로부근,승용,여,68세,상해없음,이륜,남,29세,경상
2023092500100222,2023년 9월 25일 11시,월요일,경기도 수원시 팔달구 우만동,경상사고,0,0,1,0,차대차 - 추돌,안전운전불이행,건조,맑음,단일로 - 기타,승용,남,57세,상해없음,승용,남,69세,경상
2023092500100223,2023년 9월 25일 11시,월요일,경기도 수원시 장안구 정자동,부상신고사고,0,0,0,1,차대차 - 기타,안전운전불이행,건조,맑음,단일로 - 기타,자전거,여,57세,부상신고,이륜,남,31세,상해없음
2023092500100267,2023년 9월 25일 12시,월요일,경기도 수원시 권선구 탑동,경상사고,0,0,1,0,차대차 - 후진중충돌,불법유턴,건조,맑음,단일로 - 기타,화물,남,27세,상해없음,승용,남,51세,경상
2023092500100307,2023년 9월 25일 13시,월요일,경기도 수원시 권선구 구운동,경상사고,0,0,1,0,차대차 - 기타,안전거리미확보,건조,맑음,단일로 - 기타,승용,남,35세,기타불명,승용,남,25세,경상
2023092500100343,2023년 9월 25일 14시,월요일,경기도 수원시 장안구 정자동,경상사고,0,0,1,0,차대차 - 기타,안전운전불이행,건조,맑음,단일로 - 기타,자전거,여,67세,경상,승용,남,32세,상해없음
2023092500100404,2023년 9월 25일 15시,월요일,경기도 수원시 팔달구 매산로2가,중상사고,0,1,0,0,차대사람 - 횡단중,보행자보호의무위반,건조,맑음,단일로 - 기타,화물,남,56세,상해없음,보행자,여,82세,중상
2023092500100439,2023년 9월 25일 16시,월요일,경기도 수원시 권선구 고색동,경상사고,0,0,1,0,차대차 - 기타,안전거리미확보,건조,맑음,단일로 - 기타,승용,남,57세,상해없음,승합,남,34세,경상
2023092500100471,2023년 9월 25일 17시,월요일,경기도 수원시 장안구 영화동,경상사고,0,0,1,0,차대차 - 기타,교차로운행방법위반,건조,맑음,교차로 - 교차로안,승용,남,20세,상해없음,이륜,남,30세,경상
2023092500100472,2023년 9월 25일 17시,월요일,경기도 수원시 장안구 정자동,경상사고,0,0,1,0,차대사람 - 기타,안전운전불이행,젖음/습기,비,단일로 - 기타,승용,남,66세,상해없음,보행자,여,18세,경상
2023092500100567,2023년 9월 25일 19시,월요일,경기도 수원시 권선구 금곡동,부상신고사고,0,0,0,1,차대차 - 기타,안전운전불이행,건조,맑음,교차로 - 교차로안,자전거,남,14세,부상신고,승용,남,64세,상해없음
2023092500100679,2023년 9월 25일 22시,월요일,경기도 수원시 영통구 이의동,중상사고,0,1,1,0,차대차 - 정면충돌,신호위반,젖음/습기,맑음,교차로 - 교차로안,승용,남,57세,상해없음,승용,남,64세,중상
2023092500100701,2023년 9월 25일 23시,월요일,경기도 수원시 영통구 이의동,경상사고,0,0,1,0,차대사람 - 횡단중,보행자보호의무위반,젖음/습기,비,교차로 - 교차로안,승용,남,52세,상해없음,보행자,남,30세,경상
2023092600100002,2023년 9월 26일 00시,화요일,경기도 수원시 장안구 연무동,경상사고,0,0,2,0,차대차 - 추돌,안전운전불이행,젖음/습기,비,단일로 - 기타,승용,남,45세,상해없음,승용,남,67세,경상
2023092600100004,2023년 9월 26일 00시,화요일,경기도 수원시 권선구 고색동,부상신고사고,0,0,0,1,차량단독 - 공작물충돌,안전운전불이행,젖음/습기,비,단일로 - 기타,화물,남,58세,부상신고,,,,
2023092600100025,2023년 9월 26일 03시,화요일,경기도 수원시 영통구 영통동,중상사고,0,1,0,0,차대차 - 추돌,안전운전불이행,젖음/습기,비,단일로 - 기타,승용,여,38세,상해없음,승용,남,44세,중상
2023092600100046,2023년 9월 26일 05시,화요일,경기도 수원시 권선구 호매실동,부상신고사고,0,0,0,1,차량단독 - 전도전복 - 전도,안전운전불이행,젖음/습기,비,교차로 - 교차로안,이륜,남,46세,부상신고,,,,
2023092600100056,2023년 9월 26일 06시,화요일,경기도 수원시 권선구 서둔동,중상사고,0,1,2,1,차대차 - 측면충돌,안전운전불이행,젖음/습기,비,교차로 - 교차로안,승용,남,59세,상해없음,승합,남,65세,부상신고
2023092600100080,2023년 9월 26일 07시,화요일,경기도 수원시 권선구 세류동,경상사고,0,0,1,0,차대차 - 측면충돌,안전운전불이행,건조,맑음,단일로 - 기타,승용,남,41세,기타불명,원동기,남,22세,경상
2023092600100114,2023년 9월 26일 08시,화요일,경기도 수원시 권선구 서둔동,경상사고,0,0,1,0,차대차 - 기타,안전운전불이행,젖음/습기,비,단일로 - 기타,승용,여,40세,상해없음,승용,남,44세,경상
2023092600100115,2023년 9월 26일 08시,화요일,경기도 수원시 영통구 이의동,경상사고,0,0,1,0,차대차 - 추돌,안전운전불이행,건조,맑음,단일로 - 기타,승용,남,25세,상해없음,승용,남,54세,경상
2023092600100233,2023년 9월 26일 11시,화요일,경기도 수원시 팔달구 인계동,경상사고,0,0,1,0,차대차 - 정면충돌,안전운전불이행,젖음/습기,비,단일로 - 지하차도(도로)내,승용,여,35세,상해없음,이륜,남,31세,경상
2023092600100234,2023년 9월 26일 11시,화요일,경기도 수원시 팔달구 인계동,경상사고,0,0,1,0,차대차 - 정면충돌,안전운전불이행,건조,맑음,교차로 - 교차로안,이륜,여,26세,경상,승용,여,45세,상해없음
2023092600100341,2023년 9월 26일 14시,화요일,경기도 수원시 권선구 오목천동,중상사고,0,1,0,1,차량단독 - 기타,안전운전불이행,젖음/습기,비,단일로 - 기타,승용,여,73세,부상신고,,,,
2023092600100342,2023년 9월 26일 14시,화요일,경기도 수원시 권선구 세류동,경상사고,0,0,1,0,차대차 - 기타,안전운전불이행,젖음/습기,비,단일로 - 기타,승용,여,66세,상해없음,이륜,남,44세,경상
2023092600100418,2023년 9월 26일 16시,화요일,경기도 수원시 장안구 율전동,경상사고,0,0,1,0,차대사람 - 기타,보행자보호의무위반,젖음/습기,비,교차로 - 교차로횡단보도내,승용,여,56세,상해없음,보행자,남,67세,경상
2023092600100481,2023년 9월 26일 17시,화요일,경기도 수원시 권선구 세류동,경상사고,0,0,1,0,차대차 - 측면충돌,안전운전불이행,건조,맑음,단일로 - 기타,승용,남,33세,상해없음,승용,남,28세,경상
2023092600100482,2023년 9월 26일 17시,화요일,경기도 수원시 권선구 당수동,경상사고,0,0,1,0,차대차 - 측면충돌,안전거리미확보,건조,맑음,단일로 - 기타,승용,남,53세,기타불명,승용,여,42세,경상
2023092600100483,2023년 9월 26일 17시,화요일,경기도 수원시 권선구 금곡동,경상사고,0,0,1,0,차대차 - 추돌,안전거리미확보,건조,맑음,단일로 - 기타,화물,남,34세,기타불명,승용,남,49세,경상
2023092600100535,2023년 9월 26일 18시,화요일,경기도 수원시 권선구 오목천동,경상사고,0,0,1,0,차대차 - 측면충돌,안전거리미확보,건조,맑음,교차로 - 교차로부근,승용,남,32세,상해없음,승용,여,38세,경상
2023092600100626,2023년 9월 26일 20시,화요일,경기도 수원시 영통구 망포동,경상사고,0,0,1,0,차대차 - 측면충돌,신호위반,젖음/습기,비,교차로 - 교차로안,승용,남,37세,상해없음,승용,남,51세,경상
2023092600100627,2023년 9월 26일 20시,화요일,경기도 수원시 권선구 권선동,경상사고,0,0,1,0,차대차 - 기타,안전운전불이행,젖음/습기,비,교차로 - 교차로횡단보도내,승용,남,45세,상해없음,자전거,남,54세,경상
2023092600100659,2023년 9월 26일 21시,화요일,경기도 수원시 팔달구 인계동,중상사고,0,1,0,0,차대사람 - 횡단중,안전운전불이행,젖음/습기,비,단일로 - 기타,승용,남,55세,상해없음,보행자,남,63세,중상
2023092600100686,2023년 9월 26일 22시,화요일,경기도 수원시 장안구 천천동,경상사고,0,0,1,0,차대차 - 추돌,안전운전불이행,젖음/습기,비,교차로 - 교차로안,승용,남,48세,상해없음,승용,여,46세,경상
2023092600100703,2023년 9월 26일 23시,화요일,경기도 수원시 장안구 율전동,경상사고,0,0,1,0,차대차 - 측면충돌,안전운전불이행,젖음/습기,흐림,교차로 - 교차로안,승용,남,71세,상해없음,승용,남,40세,경상
2023092700100005,2023년 9월 27일 00시,수요일,경기도 수원시 팔달구 인계동,경상사고,0,0,1,0,차대사람 - 차도통행중,안전운전불이행,젖음/습기,비,교차로 - 교차로부근,승용,여,56세,상해없음,보행자,여,35세,경상
2023092700100056,2023년 9월 27일 05시,수요일,경기도 수원시 권선구 서둔동,경상사고,0,0,1,0,차대차 - 측면충돌,신호위반,젖음/습기,비,교차로 - 교차로안,승용,남,30세,상해없음,승용,남,52세,경상
2023092700100089,2023년 9월 27일 07시,수요일,경기도 수원시 영통구 하동,경상사고,0,0,1,0,차대차 - 측면충돌,안전운전불이행,젖음/습기,비,교차로 - 교차로안,승용,여,48세,상해없음,승용,여,45세,경상
2023092700100126,2023년 9월 27일 08시,수요일,경기도 수원시 권선구 세류동,경상사고,0,0,1,0,차대사람 - 기타,신호위반,건조,맑음,교차로 - 교차로횡단보도내,승합,남,45세,상해없음,보행자,남,15세,경상
2023092700100177,2023년 9월 27일 09시,수요일,경기도 수원시 장안구 천천동,경상사고,0,0,3,0,차대차 - 기타,신호위반,젖음/습기,비,교차로 - 교차로안,승용,여,38세,상해없음,승용,여,57세,경상
2023092700100214,2023년 9월 27일 10시,수요일,경기도 수원시 권선구 호매실동,경상사고,0,0,1,0,차대차 - 추돌,안전운전불이행,젖음/습기,비,단일로 - 기타,승합,남,65세,상해없음,화물,남,49세,경상
2023092700100431,2023년 9월 27일 15시,수요일,경기도 수원시 권선구 오목천동,경상사고,0,0,1,0,차대차 - 추돌,신호위반,건조,맑음,단일로 - 기타,승용,남,33세,기타불명,자전거,남,64세,경상
2023092700100487,2023년 9월 27일 16시,수요일,경기도 수원시 영통구 매탄동,중상사고,0,1,0,0,차대차 - 기타,안전운전불이행,건조,맑음,단일로 - 기타,승용,남,64세,상해없음,개인형이동수단(PM),여,64세,중상
2023092700100535,2023년 9월 27일 17시,수요일,경기도 수원시 팔달구 화서동,경상사고,0,0,1,0,차대사람 - 기타,안전운전불이행,건조,맑음,단일로 - 기타,승용,남,52세,상해없음,보행자,여,85세,경상
2023092700100549,2023년 9월 27일 17시,수요일,경기도 수원시 영통구 이의동,중상사고,0,1,1,0,차대차 - 추돌,안전운전불이행,젖음/습기,맑음,단일로 - 기타,승용,남,73세,상해없음,승용,남,44세,경상
2023092700100673,2023년 9월 27일 19시,수요일,경기도 수원시 팔달구 매교동,사망사고,1,0,0,0,차대사람 - 기타,안전운전불이행,건조,맑음,교차로 - 교차로부근,승용,남,50세,상해없음,보행자,남,66세,사망
2023092800100039,2023년 9월 28일 03시,목요일,경기도 수원시 권선구 탑동,사망사고,1,0,0,0,차량단독 - 기타,안전운전불이행,건조,흐림,단일로 - 기타,이륜,남,31세,사망,,,,
2023092800100138,2023년 9월 28일 11시,목요일,경기도 수원시 팔달구 지동,경상사고,0,0,2,0,차대차 - 측면충돌,교차로운행방법위반,건조,맑음,교차로 - 교차로안,이륜,남,44세,상해없음,승용,남,83세,경상
2023092800100279,2023년 9월 28일 15시,목요일,경기도 수원시 팔달구 팔달로3가,경상사고,0,0,2,0,차대차 - 추돌,신호위반,건조,맑음,교차로 - 교차로안,승합,남,60세,상해없음,승용,남,72세,경상
2023092800100366,2023년 9월 28일 18시,목요일,경기도 수원시 팔달구 인계동,경상사고,0,0,1,0,차대차 - 측면충돌,안전운전불이행,건조,맑음,교차로 - 교차로안,이륜,남,28세,상해없음,승용,남,27세,경상
2023092900100046,2023년 9월 29일 09시,금요일,경기도 수원시 팔달구 지동,부상신고사고,0,0,0,1,차대차 - 기타,교차로운행방법위반,건조,맑음,교차로 - 교차로안,이륜,남,76세,부상신고,승용,여,26세,상해없음
2023092900100132,2023년 9월 29일 13시,금요일,경기도 수원시 영통구 매탄동,경상사고,0,0,1,0,차대차 - 측면충돌,교차로운행방법위반,건조,맑음,교차로 - 교차로안,승용,여,62세,상해없음,원동기,남,43세,경상
2023092900100176,2023년 9월 29일 15시,금요일,경기도 수원시 권선구 금곡동,경상사고,0,0,1,0,차대차 - 측면충돌,교차로운행방법위반,건조,맑음,교차로 - 교차로부근,승용,남,52세,상해없음,이륜,남,35세,경상
2023092900100247,2023년 9월 29일 18시,금요일,경기도 수원시 팔달구 남수동,경상사고,0,0,1,1,차대차 - 추돌,안전운전불이행,건조,맑음,단일로 - 기타,이륜,여,39세,부상신고,승용,남,49세,상해없음
2023092900100312,2023년 9월 29일 21시,금요일,경기도 수원시 권선구 입북동,경상사고,0,0,1,0,차대사람 - 기타,기타,건조,맑음,단일로 - 기타,승용,남,50세,상해없음,보행자,남,54세,경상
2023092900100339,2023년 9월 29일 23시,금요일,경기도 수원시 장안구 조원동,중상사고,0,1,0,0,차대사람 - 기타,안전운전불이행,건조,맑음,단일로 - 기타,승용,남,54세,상해없음,보행자,남,59세,중상
2023093000100023,2023년 9월 30일 03시,토요일,경기도 수원시 권선구 호매실동,중상사고,0,7,0,0,차대차 - 정면충돌,신호위반,젖음/습기,비,교차로 - 교차로안,승용,남,36세,중상,승용,남,50세,중상
2023093000100024,2023년 9월 30일 03시,토요일,경기도 수원시 권선구 구운동,경상사고,0,0,5,0,차대차 - 측면충돌,신호위반,젖음/습기,비,교차로 - 교차로안,승용,여,48세,상해없음,승용,남,26세,경상
2023093000100047,2023년 9월 30일 08시,토요일,경기도 수원시 팔달구 팔달로3가,경상사고,0,0,1,0,차대차 - 측면충돌,안전운전불이행,건조,맑음,교차로 - 교차로안,승용,남,49세,상해없음,특수,남,31세,경상
2023093000100112,2023년 9월 30일 12시,토요일,경기도 수원시 권선구 세류동,부상신고사고,0,0,0,1,차대차 - 기타,기타,젖음/습기,비,교차로 - 교차로안,승용,여,31세,상해없음,자전거,남,49세,부상신고
2023093000100114,2023년 9월 30일 12시,토요일,경기도 수원시 팔달구 매산로1가,경상사고,0,0,1,0,차대차 - 측면충돌,안전거리미확보,건조,흐림,교차로 - 교차로부근,승용,남,72세,상해없음,승용,남,60세,경상
2023093000100158,2023년 9월 30일 14시,토요일,경기도 수원시 영통구 영통동,중상사고,0,1,0,0,차대차 - 측면충돌,안전거리미확보,건조,맑음,단일로 - 지하차도(도로)내,승용,남,69세,상해없음,이륜,남,55세,중상
2023093000100221,2023년 9월 30일 16시,토요일,경기도 수원시 영통구 이의동,중상사고,0,1,1,0,차대차 - 측면충돌,안전거리미확보,건조,맑음,단일로 - 기타,승용,남,52세,상해없음,승용,남,48세,중상
2023093000100285,2023년 9월 30일 18시,토요일,경기도 수원시 영통구 매탄동,경상사고,0,0,3,0,차대차 - 측면충돌,안전거리미확보,건조,맑음,단일로 - 지하차도(도로)내,승용,여,56세,경상,승용,남,59세,경상
2023093000100313,2023년 9월 30일 19시,토요일,경기도 수원시 영통구 원천동,경상사고,0,0,1,0,차대차 - 정면충돌,안전운전불이행,건조,맑음,교차로 - 교차로부근,승용,남,22세,상해없음,승용,남,60세,경상
2023093000100374,2023년 9월 30일 22시,토요일,경기도 수원시 권선구 곡반정동,중상사고,0,1,0,0,차대차 - 측면충돌,직진우회전진행방해,건조,맑음,교차로 - 교차로안,이륜,남,34세,상해없음,이륜,남,25세,중상
2023100100100022,2023년 10월 1일 01시,일요일,경기도 수원시 팔달구 우만동,경상사고,0,0,2,0,차대차 - 측면충돌,안전운전불이행,건조,맑음,단일로 - 기타,승용,남,22세,상해없음,승용,남,27세,경상
2023100100100061,2023년 10월 1일 07시,일요일,경기도 수원시 권선구 권선동,경상사고,0,0,1,0,차대차 - 기타,안전운전불이행,건조,맑음,단일로 - 기타,승용,여,62세,상해없음,이륜,여,45세,경상
2023100100100137,2023년 10월 1일 12시,일요일,경기도 수원시 권선구 서둔동,경상사고,0,0,1,0,차대차 - 측면충돌,신호위반,건조,맑음,교차로 - 교차로안,승용,남,42세,상해없음,승용,남,29세,경상
2023100100100166,2023년 10월 1일 13시,일요일,경기도 수원시 장안구 파장동,경상사고,0,0,3,0,차대차 - 측면충돌,안전운전불이행,건조,맑음,교차로 - 교차로안,승용,남,31세,상해없음,승용,남,62세,경상
2023100100100167,2023년 10월 1일 13시,일요일,경기도 수원시 장안구 영화동,경상사고,0,0,1,0,차대차 - 측면충돌,직진우회전진행방해,건조,맑음,교차로 - 교차로안,승용,남,36세,상해없음,승용,남,60세,경상
2023100100100234,2023년 10월 1일 15시,일요일,경기도 수원시 팔달구 화서동,경상사고,0,0,1,0,차대차 - 추돌,안전운전불이행,건조,맑음,단일로 - 기타,승용,여,50세,기타불명,이륜,남,29세,경상
2023100100100239,2023년 10월 1일 15시,일요일,경기도 수원시 권선구 탑동,중상사고,0,1,0,0,차대사람 - 기타,안전운전불이행,건조,맑음,단일로 - 기타,승용,여,47세,상해없음,보행자,남,83세,중상
2023100100100240,2023년 10월 1일 15시,일요일,경기도 수원시 권선구 구운동,경상사고,0,0,1,0,차대차 - 추돌,안전운전불이행,건조,맑음,교차로 - 교차로부근,승용,여,45세,상해없음,화물,남,62세,경상
2023100100100241,2023년 10월 1일 15시,일요일,경기도 수원시 권선구 서둔동,경상사고,0,0,4,0,차대차 - 기타,안전운전불이행,건조,맑음,단일로 - 기타,승용,남,30세,상해없음,승용,남,38세,경상
2023100100100265,2023년 10월 1일 16시,일요일,경기도 수원시 영통구 매탄동,경상사고,0,0,1,0,차대차 - 기타,안전운전불이행,건조,맑음,교차로 - 교차로안,화물,남,47세,상해없음,이륜,남,39세,경상
2023100100100266,2023년 10월 1일 16시,일요일,경기도 수원시 팔달구 매산로1가,경상사고,0,0,1,0,차대사람 - 기타,안전운전불이행,건조,맑음,단일로 - 기타,승합,남,53세,상해없음,보행자,여,52세,경상
2023100100100305,2023년 10월 1일 17시,일요일,경기도 수원시 팔달구 매산로1가,경상사고,0,0,5,0,차대차 - 기타,안전거리미확보,건조,맑음,교차로 - 교차로안,승용,남,63세,상해없음,승용,남,28세,경상
2023100100100447,2023년 10월 1일 23시,일요일,경기도 수원시 팔달구 인계동,경상사고,0,0,2,0,차대차 - 추돌,안전운전불이행,건조,맑음,기타 - 기타,승용,남,22세,상해없음,승용,남,26세,경상
2023100200100023,2023년 10월 2일 04시,월요일,경기도 수원시 권선구 금곡동,부상신고사고,0,0,0,1,차량단독 - 전도전복 - 전도,안전운전불이행,건조,맑음,단일로 - 기타,이륜,남,17세,부상신고,,,,
2023100200100024,2023년 10월 2일 04시,월요일,경기도 수원시 권선구 서둔동,중상사고,0,1,0,0,차대사람 - 횡단중,안전운전불이행,건조,맑음,교차로 - 교차로부근,승용,남,70세,상해없음,보행자,남,65세,중상
2023100200100054,2023년 10월 2일 08시,월요일,경기도 수원시 장안구 정자동,경상사고,0,0,1,0,차대사람 - 기타,보행자보호의무위반,기타,맑음,단일로 - 기타,개인형이동수단(PM),남,29세,상해없음,보행자,여,65세,경상
2023100200100109,2023년 10월 2일 11시,월요일,경기도 수원시 권선구 구운동,중상사고,0,1,0,0,차대차 - 추돌,안전운전불이행,건조,맑음,단일로 - 기타,자전거,남,71세,상해없음,자전거,남,36세,중상
2023100200100139,2023년 10월 2일 12시,월요일,경기도 수원시 권선구 오목천동,경상사고,0,0,1,0,차대사람 - 기타,안전운전불이행,건조,맑음,단일로 - 기타,승용,여,51세,상해없음,보행자,여,40세,경상
2023100200100172,2023년 10월 2일 13시,월요일,경기도 수원시 장안구 파장동,경상사고,0,0,1,0,차대사람 - 기타,안전운전불이행,건조,맑음,교차로 - 교차로안,승용,남,57세,상해없음,보행자,남,79세,경상
2023100200100173,2023년 10월 2일 13시,월요일,경기도 수원시 장안구 영화동,경상사고,0,0,2,0,차대차 - 기타,신호위반,건조,맑음,교차로 - 교차로안,승용,남,34세,기타불명,승용,여,36세,경상
2023100200100253,2023년 10월 2일 15시,월요일,경기도 수원시 권선구 세류동,경상사고,0,0,1,0,차대차 - 기타,안전운전불이행,건조,맑음,교차로 - 교차로안,승용,남,65세,상해없음,자전거,남,42세,경상
2023100200100376,2023년 10월 2일 19시,월요일,경기도 수원시 팔달구 인계동,경상사고,0,0,1,0,차대차 - 기타,안전운전불이행,건조,맑음,교차로 - 교차로횡단보도내,승용,남,29세,상해없음,자전거,남,27세,경상
2023100200100403,2023년 10월 2일 20시,월요일,경기도 수원시 팔달구 화서동,경상사고,0,0,1,0,차대차 - 기타,신호위반,건조,맑음,교차로 - 교차로횡단보도내,자전거,남,70세,상해없음,자전거,여,62세,경상
2023100200100462,2023년 10월 2일 22시,월요일,경기도 수원시 팔달구 매산로1가,경상사고,0,0,1,0,차대차 - 추돌,신호위반,건조,맑음,교차로 - 교차로안,승합,남,54세,상해없음,승용,남,66세,경상
2023100300100031,2023년 10월 3일 05시,화요일,경기도 수원시 팔달구 매산로1가,경상사고,0,0,1,0,차대차 - 기타,신호위반,건조,맑음,교차로 - 교차로안,승용,여,56세,상해없음,화물,남,64세,경상
2023100300100043,2023년 10월 3일 07시,화요일,경기도 수원시 장안구 영화동,부상신고사고,0,0,0,1,차대차 - 기타,안전운전불이행,건조,맑음,교차로 - 교차로횡단보도내,자전거,남,13세,부상신고,승용,남,31세,상해없음
2023100300100124,2023년 10월 3일 13시,화요일,경기도 수원시 장안구 정자동,경상사고,0,0,2,0,차대차 - 기타,안전거리미확보,건조,맑음,교차로 - 교차로안,승합,남,70세,상해없음,승용,남,52세,경상
2023100300100230,2023년 10월 3일 17시,화요일,경기도 수원시 영통구 매탄동,중상사고,0,1,0,0,차대차 - 기타,안전운전불이행,건조,맑음,단일로 - 기타,승용,남,36세,상해없음,이륜,남,27세,중상
2023100300100299,2023년 10월 3일 20시,화요일,경기도 수원시 장안구 정자동,경상사고,0,0,1,0,차대사람 - 차도통행중,안전운전불이행,건조,맑음,교차로 - 교차로안,자전거,남,13세,상해없음,보행자,여,66세,경상
2023100300100302,2023년 10월 3일 20시,화요일,경기도 수원시 영통구 매탄동,경상사고,0,0,1,0,차대차 - 측면충돌,안전운전불이행,건조,맑음,교차로 - 교차로횡단보도내,승용,여,30세,상해없음,자전거,여,17세,경상
2023100300100325,2023년 10월 3일 21시,화요일,경기도 수원시 권선구 세류동,중상사고,0,1,0,0,차대사람 - 횡단중,보행자보호의무위반,건조,맑음,단일로 - 기타,승용,남,25세,상해없음,보행자,남,25세,중상