사고번호,사고일시,요일,시군구,사고내용,사망자수,중상자수,경상자수,부상신고자수,사고유형,법규위반,노면상태,기상상태,도로형태,가해운전자 차종,가해운전자 성별,가해운전자 연령,가해운전자 상해정도,피해운전자 차종,피해운전자 성별,피해운전자 연령,피해운전자 상해정도
2023100400100014,2023년 10월 4일 02시,수요일,경기도 수원시 권선구 당수동,경상사고,0,0,3,0,차대차 - 측면충돌,안전운전불이행,건조,맑음,단일로 - 기타,승용,남,65세,상해없음,승용,남,29세,경상
2023100400100036,2023년 10월 4일 06시,수요일,경기도 수원시 팔달구 화서동,경상사고,0,0,1,0,차대사람 - 횡단중,안전운전불이행,건조,맑음,단일로 - 기타,승용,여,54세,상해없음,보행자,남,57세,경상
2023100400100081,2023년 10월 4일 08시,수요일,경기도 수원시 팔달구 고등동,경상사고,0,0,1,0,차대차 - 추돌,안전운전불이행,건조,맑음,교차로 - 교차로안,승용,남,67세,기타불명,화물,남,47세,경상
2023100400100126,2023년 10월 4일 09시,수요일,경기도 수원시 권선구 권선동,경상사고,0,0,3,0,차대차 - 추돌,교차로운행방법위반,건조,맑음,교차로 - 교차로부근,승용,남,39세,상해없음,화물,남,55세,경상
2023100400100187,2023년 10월 4일 11시,수요일,경기도 수원시 팔달구 남수동,경상사고,0,0,1,0,차대사람 - 차도통행중,안전운전불이행,건조,맑음,교차로 - 교차로안,화물,남,77세,상해없음,보행자,남,83세,경상
2023100400100220,2023년 10월 4일 12시,수요일,경기도 수원시 팔달구 팔달로2가,경상사고,0,0,1,0,차대사람 - 횡단중,신호위반,건조,맑음,단일로 - 기타,이륜,남,60세,상해없음,보행자,여,77세,경상
2023100400100224,2023년 10월 4일 12시,수요일,경기도 수원시 영통구 이의동,경상사고,0,0,1,0,차대차 - 추돌,신호위반,건조,맑음,교차로 - 교차로횡단보도내,승용,여,52세,상해없음,개인형이동수단(PM),여,19세,경상
2023100400100227,2023년 10월 4일 12시,수요일,경기도 수원시 권선구 세류동,중상사고,0,1,0,0,차대사람 - 횡단중,안전운전불이행,건조,맑음,교차로 - 교차로안,승용,여,47세,상해없음,보행자,여,77세,중상
2023100400100289,2023년 10월 4일 14시,수요일,경기도 수원시 장안구 정자동,부상신고사고,0,0,0,1,차대차 - 기타,안전운전불이행,건조,맑음,교차로 - 교차로부근,승용,남,68세,상해없음,승용,남,24세,부상신고
2023100400100293,2023년 10월 4일 14시,수요일,경기도 수원시 권선구 권선동,경상사고,0,0,1,0,차대차 - 기타,안전운전불이행,건조,맑음,교차로 - 교차로부근,승용,남,70세,상해없음,자전거,남,76세,경상
2023100400100294,2023년 10월 4일 14시,수요일,경기도 수원시 권선구 세류동,경상사고,0,0,1,0,차대차 - 측면충돌,안전거리미확보,건조,맑음,교차로 - 교차로부근,승용,여,60세,상해없음,승용,남,23세,경상
2023100400100321,2023년 10월 4일 15시,수요일,경기도 수원시 장안구 정자동,중상사고,0,1,0,0,차대차 - 정면충돌,신호위반,건조,맑음,교차로 - 교차로안,승용,남,61세,상해없음,자전거,남,19세,중상
2023100400100367,2023년 10월 4일 16시,수요일,경기도 수원시 장안구 정자동,중상사고,0,1,1,0,차대차 - 기타,안전운전불이행,건조,맑음,교차로 - 교차로부근,이륜,남,71세,중상,이륜,남,46세,경상
2023100400100370,2023년 10월 4일 16시,수요일,경기도 수원시 권선구 오목천동,중상사고,0,1,1,0,차대사람 - 횡단중,안전운전불이행,건조,맑음,단일로 - 기타,화물,남,30세,상해없음,보행자,여,9세,중상
2023100400100496,2023년 10월 4일 19시,수요일,경기도 수원시 영통구 이의동,경상사고,0,0,1,0,차대차 - 측면충돌,교차로운행방법위반,젖음/습기,비,교차로 - 교차로안,승용,여,43세,상해없음,승용,여,30세,경상
2023100400100497,2023년 10월 4일 19시,수요일,경기도 수원시 권선구 세류동,경상사고,0,0,1,0,차대차 - 추돌,안전운전불이행,건조,맑음,단일로 - 고가도로위,승용,남,27세,상해없음,승용,여,57세,경상
2023100400100556,2023년 10월 4일 21시,수요일,경기도 수원시 영통구 영통동,중상사고,0,1,0,0,차대차 - 기타,기타,젖음/습기,흐림,교차로 - 교차로횡단보도내,승용,남,46세,상해없음,자전거,여,58세,중상
2023100500100019,2023년 10월 5일 03시,목요일,경기도 수원시 장안구 율전동,중상사고,0,1,0,0,차대사람 - 길가장자리구역통행중,안전운전불이행,건조,맑음,단일로 - 기타,화물,남,60세,상해없음,보행자,남,50세,중상
2023100500100053,2023년 10월 5일 07시,목요일,경기도 수원시 팔달구 인계동,경상사고,0,0,1,0,차대차 - 측면충돌,안전운전불이행,건조,맑음,단일로 - 기타,승용,남,41세,기타불명,승용,여,41세,경상
2023100500100089,2023년 10월 5일 08시,목요일,경기도 수원시 권선구 권선동,경상사고,0,0,1,0,차대차 - 기타,안전운전불이행,건조,맑음,기타 - 기타,기타불명,기타불명,미분류,기타불명,자전거,남,12세,경상
2023100500100141,2023년 10월 5일 09시,목요일,경기도 수원시 권선구 서둔동,경상사고,0,0,1,0,차대차 - 추돌,안전운전불이행,건조,맑음,단일로 - 기타,승용,남,36세,상해없음,승용,남,38세,경상
2023100500100172,2023년 10월 5일 10시,목요일,경기도 수원시 장안구 영화동,부상신고사고,0,0,0,1,차대차 - 측면충돌,신호위반,건조,맑음,교차로 - 교차로안,이륜,남,61세,부상신고,원동기,남,18세,상해없음
2023100500100208,2023년 10월 5일 11시,목요일,경기도 수원시 권선구 금곡동,부상신고사고,0,0,0,1,차량단독 - 기타,안전운전불이행,건조,맑음,단일로 - 기타,이륜,남,28세,부상신고,,,,
2023100500100264,2023년 10월 5일 13시,목요일,경기도 수원시 장안구 영화동,중상사고,0,1,0,0,차대차 - 기타,안전운전불이행,건조,맑음,교차로 - 교차로부근,화물,남,52세,상해없음,자전거,남,84세,중상
2023100500100320,2023년 10월 5일 15시,목요일,경기도 수원시 팔달구 남수동,부상신고사고,0,0,0,1,차대차 - 추돌,안전운전불이행,건조,맑음,단일로 - 기타,기타불명,기타불명,미분류,기타불명,자전거,남,72세,부상신고
2023100500100321,2023년 10월 5일 15시,목요일,경기도 수원시 장안구 하광교동,경상사고,0,0,4,0,차대차 - 측면충돌,신호위반,건조,맑음,교차로 - 교차로안,승용,여,56세,경상,승용,남,72세,경상
2023100500100322,2023년 10월 5일 15시,목요일,경기도 수원시 장안구 이목동,경상사고,0,0,1,0,차대차 - 추돌,안전운전불이행,건조,맑음,단일로 - 기타,승용,남,39세,상해없음,승용,남,50세,경상
2023100500100357,2023년 10월 5일 16시,목요일,경기도 수원시 권선구 금곡동,경상사고,0,0,1,0,차대사람 - 기타,기타,건조,맑음,단일로 - 기타,승합,남,48세,상해없음,보행자,여,24세,경상
2023100500100450,2023년 10월 5일 18시,목요일,경기도 수원시 영통구 매탄동,경상사고,0,0,1,0,차대차 - 측면충돌,안전거리미확보,건조,맑음,기타 - 기타,승용,남,61세,상해없음,승용,남,60세,경상
2023100500100454,2023년 10월 5일 18시,목요일,경기도 수원시 권선구 오목천동,경상사고,0,0,1,0,차대차 - 측면충돌,신호위반,건조,맑음,교차로 - 교차로안,승용,남,19세,상해없음,승용,남,30세,경상
2023100500100511,2023년 10월 5일 20시,목요일,경기도 수원시 장안구 연무동,중상사고,0,1,1,0,차대차 - 측면충돌,안전운전불이행,건조,맑음,기타 - 기타,승용,남,19세,상해없음,화물,남,43세,중상
2023100500100517,2023년 10월 5일 20시,목요일,경기도 수원시 권선구 오목천동,중상사고,0,2,0,0,차대차 - 추돌,안전운전불이행,건조,맑음,단일로 - 기타,승용,여,60세,상해없음,이륜,남,62세,중상
2023100500100575,2023년 10월 5일 23시,목요일,경기도 수원시 팔달구 인계동,경상사고,0,0,1,0,차대차 - 추돌,안전운전불이행,젖음/습기,비,단일로 - 지하차도(도로)내,승용,남,29세,상해없음,승용,남,58세,경상
2023100600100036,2023년 10월 6일 05시,금요일,경기도 수원시 권선구 권선동,경상사고,0,0,1,0,차대차 - 기타,신호위반,건조,맑음,교차로 - 교차로안,이륜,여,26세,경상,승용,남,58세,상해없음
2023100600100042,2023년 10월 6일 06시,금요일,경기도 수원시 장안구 조원동,경상사고,0,0,1,0,차대차 - 측면충돌,안전운전불이행,건조,맑음,단일로 - 기타,화물,남,58세,상해없음,승용,남,56세,경상
2023100600100091,2023년 10월 6일 08시,금요일,경기도 수원시 팔달구 우만동,경상사고,0,0,1,0,차대차 - 추돌,신호위반,건조,맑음,단일로 - 기타,이륜,남,44세,경상,승용,여,30세,상해없음
2023100600100131,2023년 10월 6일 09시,금요일,경기도 수원시 팔달구 지동,경상사고,0,0,1,0,차대차 - 기타,교차로운행방법위반,건조,맑음,교차로 - 교차로안,자전거,남,47세,경상,승용,여,67세,상해없음
2023100600100132,2023년 10월 6일 09시,금요일,경기도 수원시 장안구 연무동,중상사고,0,1,0,1,차대차 - 정면충돌,직진우회전진행방해,건조,맑음,교차로 - 교차로안,자전거,남,52세,부상신고,이륜,여,29세,중상
2023100600100161,2023년 10월 6일 10시,금요일,경기도 수원시 장안구 정자동,경상사고,0,0,1,0,차대차 - 측면충돌,안전운전불이행,건조,맑음,교차로 - 교차로안,승용,남,44세,상해없음,자전거,여,51세,경상
2023100600100230,2023년 10월 6일 12시,금요일,경기도 수원시 팔달구 화서동,경상사고,0,0,1,0,차대차 - 측면충돌,안전운전불이행,건조,맑음,교차로 - 교차로안,승용,남,75세,상해없음,승용,남,65세,경상
2023100600100266,2023년 10월 6일 13시,금요일,경기도 수원시 영통구 매탄동,경상사고,0,0,1,0,차대사람 - 기타,안전운전불이행,건조,맑음,단일로 - 기타,승합,남,61세,상해없음,보행자,여,38세,경상
2023100600100337,2023년 10월 6일 15시,금요일,경기도 수원시 장안구 율전동,경상사고,0,0,1,0,차대차 - 측면충돌,직진우회전진행방해,건조,맑음,교차로 - 교차로안,자전거,남,13세,경상,승용,남,35세,상해없음
2023100600100342,2023년 10월 6일 15시,금요일,경기도 수원시 권선구 금곡동,경상사고,0,0,1,0,차대차 - 추돌,안전운전불이행,건조,맑음,교차로 - 교차로부근,승용,남,58세,기타불명,승용,남,46세,경상
2023100600100372,2023년 10월 6일 16시,금요일,경기도 수원시 권선구 권선동,경상사고,0,0,1,0,차대사람 - 기타,안전운전불이행,건조,맑음,단일로 - 지하차도(도로)내,승합,남,60세,상해없음,보행자,남,45세,경상
2023100600100408,2023년 10월 6일 17시,금요일,경기도 수원시 권선구 서둔동,중상사고,0,1,0,0,차대차 - 기타,기타,건조,맑음,교차로 - 교차로부근,승용,남,58세,상해없음,자전거,남,29세,중상
2023100600100409,2023년 10월 6일 17시,금요일,경기도 수원시 권선구 구운동,경상사고,0,0,1,0,차대차 - 측면충돌,안전거리미확보,건조,흐림,단일로 - 기타,승용,남,76세,상해없음,승용,여,34세,경상
2023100600100445,2023년 10월 6일 18시,금요일,경기도 수원시 팔달구 팔달로2가,경상사고,0,0,1,0,차대차 - 기타,안전거리미확보,건조,맑음,단일로 - 기타,승용,남,67세,상해없음,승용,남,61세,경상
2023100600100450,2023년 10월 6일 18시,금요일,경기도 수원시 영통구 매탄동,경상사고,0,0,4,0,차대차 - 추돌,안전운전불이행,건조,맑음,교차로 - 교차로부근,승용,남,58세,상해없음,승용,남,57세,경상
2023100600100539,2023년 10월 6일 20시,금요일,경기도 수원시 장안구 조원동,경상사고,0,0,6,0,차대차 - 기타,교차로운행방법위반,건조,맑음,교차로 - 교차로부근,승용,남,22세,상해없음,승합,남,62세,경상
2023100600100571,2023년 10월 6일 21시,금요일,경기도 수원시 장안구 영화동,경상사고,0,0,2,0,차대차 - 기타,안전운전불이행,건조,맑음,교차로 - 교차로부근,승용,여,55세,상해없음,승용,남,19세,경상
2023100700100112,2023년 10월 7일 10시,토요일,경기도 수원시 장안구 영화동,중상사고,0,1,0,0,차대사람 - 횡단중,보행자보호의무위반,건조,맑음,단일로 - 기타,승용,남,30세,상해없음,보행자,남,6세,중상
2023100700100175,2023년 10월 7일 12시,토요일,경기도 수원시 권선구 세류동,경상사고,0,0,1,0,차대차 - 추돌,안전운전불이행,건조,맑음,교차로 - 교차로부근,승용,남,27세,상해없음,이륜,남,34세,경상
2023100700100282,2023년 10월 7일 15시,토요일,경기도 수원시 장안구 정자동,중상사고,0,1,0,0,차대차 - 기타,불법유턴,건조,맑음,단일로 - 기타,승용,여,38세,상해없음,이륜,남,34세,중상
2023100700100348,2023년 10월 7일 17시,토요일,경기도 수원시 장안구 율전동,경상사고,0,0,1,0,차대차 - 측면충돌,신호위반,건조,맑음,단일로 - 기타,승용,여,34세,상해없음,이륜,남,23세,경상
2023100700100378,2023년 10월 7일 18시,토요일,경기도 수원시 영통구 망포동,경상사고,0,0,1,0,차대차 - 측면충돌,안전거리미확보,건조,맑음,기타 - 기타,승용,여,57세,상해없음,승용,남,70세,경상
2023100700100380,2023년 10월 7일 18시,토요일,경기도 수원시 권선구 구운동,부상신고사고,0,0,0,1,차대사람 - 기타,안전운전불이행,건조,맑음,기타 - 기타,자전거,남,13세,상해없음,보행자,여,63세,부상신고
2023100700100415,2023년 10월 7일 19시,토요일,경기도 수원시 장안구 정자동,경상사고,0,0,2,0,차대차 - 측면충돌,안전운전불이행,건조,맑음,교차로 - 교차로안,승용,남,44세,상해없음,승용,여,34세,경상
2023100700100447,2023년 10월 7일 20시,토요일,경기도 수원시 팔달구 구천동,경상사고,0,0,1,0,차대사람 - 기타,안전운전불이행,건조,맑음,기타 - 기타,개인형이동수단(PM),남,13세,상해없음,보행자,남,6세,경상
2023100700100448,2023년 10월 7일 20시,토요일,경기도 수원시 권선구 곡반정동,중상사고,0,1,0,0,차대차 - 추돌,안전거리미확보,건조,맑음,단일로 - 기타,이륜,남,46세,중상,이륜,남,32세,상해없음
2023100700100449,2023년 10월 7일 20시,토요일,경기도 수원시 팔달구 인계동,경상사고,0,0,1,0,차대차 - 기타,안전운전불이행,건조,맑음,교차로 - 교차로부근,승용,남,34세,상해없음,승용,여,45세,경상
2023100700100450,2023년 10월 7일 20시,토요일,경기도 수원시 영통구 매탄동,경상사고,0,0,2,0,차대차 - 측면충돌,안전운전불이행,건조,맑음,기타 - 기타,승용,남,24세,상해없음,승용,여,38세,경상
2023100700100520,2023년 10월 7일 23시,토요일,경기도 수원시 권선구 세류동,경상사고,0,0,1,0,차대사람 - 기타,안전운전불이행,건조,맑음,단일로 - 기타,승용,남,46세,상해없음,보행자,남,34세,경상
2023100800100002,2023년 10월 8일 00시,일요일,경기도 수원시 팔달구 인계동,경상사고,0,0,1,0,차대사람 - 기타,안전운전불이행,건조,맑음,기타 - 기타,승용,남,34세,상해없음,보행자,남,33세,경상
2023100800100050,2023년 10월 8일 07시,일요일,경기도 수원시 권선구 평동,경상사고,0,0,1,0,차대차 - 측면충돌,안전운전불이행,건조,맑음,교차로 - 교차로안,승용,남,37세,기타불명,승합,남,66세,경상
2023100800100057,2023년 10월 8일 08시,일요일,경기도 수원시 장안구 송죽동,경상사고,0,0,1,0,차대차 - 정면충돌,직진우회전진행방해,건조,맑음,교차로 - 교차로안,승용,남,40세,상해없음,원동기,여,28세,경상
2023100800100060,2023년 10월 8일 08시,일요일,경기도 수원시 팔달구 매산로1가,경상사고,0,0,3,1,차대차 - 기타,안전운전불이행,건조,맑음,교차로 - 교차로안,승합,남,57세,경상,승용,남,25세,경상
2023100800100082,2023년 10월 8일 10시,일요일,경기도 수원시 권선구 세류동,경상사고,0,0,2,0,차대차 - 측면충돌,교차로운행방법위반,건조,맑음,교차로 - 교차로안,승용,여,42세,상해없음,승용,남,33세,경상
2023100800100228,2023년 10월 8일 17시,일요일,경기도 수원시 권선구 고색동,경상사고,0,0,1,0,차대차 - 측면충돌,안전거리미확보,건조,맑음,단일로 - 고가도로위,승용,남,36세,상해없음,승용,남,33세,경상
2023100800100254,2023년 10월 8일 18시,일요일,경기도 수원시 팔달구 신풍동,경상사고,0,0,4,0,차대차 - 기타,직진우회전진행방해,건조,맑음,교차로 - 교차로안,승용,여,29세,경상,승용,남,32세,경상
2023100800100258,2023년 10월 8일 18시,일요일,경기도 수원시 팔달구 인계동,경상사고,0,0,1,0,차대사람 - 기타,안전운전불이행,건조,맑음,기타 - 기타,승용,남,71세,상해없음,보행자,남,23세,경상
2023100800100326,2023년 10월 8일 21시,일요일,경기도 수원시 장안구 파장동,경상사고,0,0,1,0,차대사람 - 기타,안전운전불이행,건조,맑음,단일로 - 기타,승합,남,52세,상해없음,보행자,남,62세,경상
2023100800100327,2023년 10월 8일 21시,일요일,경기도 수원시 영통구 매탄동,경상사고,0,0,2,0,차대차 - 추돌,안전운전불이행,건조,맑음,기타 - 기타,승용,남,23세,상해없음,승용,남,37세,경상
2023100900100007,2023년 10월 9일 00시,월요일,경기도 수원시 팔달구 인계동,경상사고,0,0,1,0,차대차 - 후진중충돌,안전운전불이행,건조,맑음,단일로 - 지하차도(도로)내,승용,남,33세,상해없음,이륜,남,32세,경상
2023100900100030,2023년 10월 9일 03시,월요일,경기도 수원시 팔달구 인계동,경상사고,0,0,1,0,차대사람 - 기타,안전운전불이행,건조,맑음,교차로 - 교차로안,개인형이동수단(PM),남,21세,상해없음,보행자,여,22세,경상
2023100900100042,2023년 10월 9일 05시,월요일,경기도 수원시 팔달구 인계동,경상사고,0,0,3,0,차대차 - 추돌,안전운전불이행,건조,맑음,교차로 - 교차로부근,승용,남,37세,상해없음,승합,남,52세,상해없음
2023100900100085,2023년 10월 9일 09시,월요일,경기도 수원시 팔달구 인계동,경상사고,0,0,1,0,차대차 - 기타,안전운전불이행,건조,맑음,단일로 - 기타,승용,여,25세,상해없음,승용,남,66세,경상
2023100900100106,2023년 10월 9일 10시,월요일,경기도 수원시 권선구 세류동,경상사고,0,0,3,0,차대차 - 측면충돌,교차로운행방법위반,젖음/습기,비,교차로 - 교차로안,승용,남,68세,상해없음,승용,남,60세,경상
2023100900100254,2023년 10월 9일 16시,월요일,경기도 수원시 권선구 권선동,경상사고,0,0,1,0,차대차 - 기타,안전운전불이행,건조,맑음,단일로 - 기타,이륜,남,18세,기타불명,승용,남,78세,경상
2023100900100271,2023년 10월 9일 17시,월요일,경기도 수원시 장안구 영화동,경상사고,0,0,1,0,차대차 - 기타,불법유턴,건조,맑음,단일로 - 기타,승용,남,53세,상해없음,승용,남,59세,경상
2023100900100315,2023년 10월 9일 18시,월요일,경기도 수원시 권선구 금곡동,경상사고,0,0,1,0,차대차 - 측면충돌,안전운전불이행,건조,맑음,교차로 - 교차로부근,승용,여,46세,상해없음,이륜,남,55세,경상
2023100900100372,2023년 10월 9일 20시,월요일,경기도 수원시 권선구 호매실동,부상신고사고,0,0,0,1,차대사람 - 기타,안전운전불이행,건조,맑음,단일로 - 기타,자전거,여,16세,상해없음,보행자,여,53세,부상신고
2023100900100374,2023년 10월 9일 20시,월요일,경기도 수원시 영통구 이의동,경상사고,0,0,1,0,차대차 - 측면충돌,안전거리미확보,건조,맑음,기타 - 기타,승용,남,48세,기타불명,승용,여,26세,경상
2023100900100416,2023년 10월 9일 22시,월요일,경기도 수원시 장안구 율전동,중상사고,0,1,1,0,차대사람 - 횡단중,안전운전불이행,건조,맑음,교차로 - 교차로횡단보도내,승용,남,62세,상해없음,보행자,여,53세,중상
2023100900100418,2023년 10월 9일 22시,월요일,경기도 수원시 권선구 구운동,경상사고,0,0,1,0,차대차 - 측면충돌,신호위반,젖음/습기,흐림,교차로 - 교차로안,승용,남,35세,상해없음,이륜,남,27세,경상
2023101000100023,2023년 10월 10일 05시,화요일,경기도 수원시 영통구 매탄동,중상사고,0,1,0,0,차대사람 - 보도통행중,안전운전불이행,건조,맑음,교차로 - 교차로부근,자전거,남,70세,상해없음,보행자,여,69세,중상
2023101000100037,2023년 10월 10일 06시,화요일,경기도 수원시 영통구 이의동,경상사고,0,0,1,0,차대차 - 기타,안전거리미확보,건조,맑음,단일로 - 기타,승합,남,46세,상해없음,승용,남,48세,경상
2023101000100091,2023년 10월 10일 08시,화요일,경기도 수원시 권선구 권선동,경상사고,0,0,1,0,차대차 - 추돌,안전운전불이행,건조,맑음,단일로 - 기타,승용,남,26세,상해없음,승용,남,26세,경상
2023101000100145,2023년 10월 10일 09시,화요일,경기도 수원시 팔달구 화서동,경상사고,0,0,1,0,차대차 - 기타,안전운전불이행,건조,맑음,단일로 - 기타,승용,남,15세,상해없음,승용,여,33세,경상
2023101000100146,2023년 10월 10일 09시,화요일,경기도 수원시 장안구 연무동,부상신고사고,0,0,0,1,차대차 - 기타,안전운전불이행,건조,맑음,단일로 - 기타,자전거,남,56세,부상신고,승용,남,50세,상해없음
2023101000100219,2023년 10월 10일 11시,화요일,경기도 수원시 팔달구 화서동,경상사고,0,0,1,0,차대차 - 측면충돌,안전운전불이행,건조,맑음,단일로 - 기타,승용,여,54세,상해없음,승용,여,21세,경상
2023101000100228,2023년 10월 10일 11시,화요일,경기도 수원시 권선구 금곡동,경상사고,0,0,1,0,차대차 - 기타,교차로운행방법위반,건조,맑음,교차로 - 교차로안,승용,남,75세,상해없음,승용,여,48세,경상
2023101000100269,2023년 10월 10일 12시,화요일,경기도 수원시 팔달구 매산로3가,경상사고,0,0,3,0,차대차 - 기타,안전운전불이행,건조,맑음,교차로 - 교차로안,승용,남,32세,상해없음,승용,남,50세,경상
2023101000100337,2023년 10월 10일 14시,화요일,경기도 수원시 팔달구 인계동,경상사고,0,0,1,0,차대차 - 추돌,안전운전불이행,건조,맑음,단일로 - 기타,승용,남,23세,상해없음,승용,남,39세,경상
2023101000100381,2023년 10월 10일 15시,화요일,경기도 수원시 영통구 영통동,경상사고,0,0,1,0,차대차 - 측면충돌,안전거리미확보,건조,맑음,단일로 - 기타,승용,여,63세,상해없음,승용,여,60세,경상
2023101000100419,2023년 10월 10일 16시,화요일,경기도 수원시 장안구 조원동,경상사고,0,0,3,0,차대차 - 측면충돌,안전운전불이행,건조,맑음,단일로 - 기타,승용,남,68세,상해없음,승용,남,28세,경상
2023101000100463,2023년 10월 10일 17시,화요일,경기도 수원시 팔달구 영동,중상사고,0,1,0,0,차대사람 - 기타,안전운전불이행,건조,맑음,교차로 - 교차로부근,승용,남,70세,상해없음,보행자,여,76세,중상
2023101000100500,2023년 10월 10일 18시,화요일,경기도 수원시 팔달구 화서동,경상사고,0,0,2,0,차대차 - 추돌,안전운전불이행,건조,맑음,교차로 - 교차로안,승용,여,58세,상해없음,승용,남,42세,경상
2023101000100552,2023년 10월 10일 19시,화요일,경기도 수원시 영통구 영통동,중상사고,0,1,0,0,차대차 - 기타,안전운전불이행,건조,맑음,교차로 - 교차로부근,승용,남,44세,상해없음,이륜,남,57세,중상
2023101000100593,2023년 10월 10일 20시,화요일,경기도 수원시 권선구 서둔동,부상신고사고,0,0,0,1,차대차 - 기타,안전운전불이행,건조,맑음,단일로 - 기타,자전거,여,58세,부상신고,승용,남,46세,상해없음
2023101000100610,2023년 10월 10일 21시,화요일,경기도 수원시 영통구 망포동,경상사고,0,0,1,0,차대차 - 기타,안전운전불이행,건조,맑음,기타 - 기타,승용,남,45세,상해없음,승용,여,48세,경상
2023101100100081,2023년 10월 11일 08시,수요일,경기도 수원시 장안구 하광교동,경상사고,0,0,1,0,차대차 - 추돌,안전운전불이행,건조,맑음,단일로 - 기타,승용,남,58세,상해없음,승용,남,30세,경상
2023101100100125,2023년 10월 11일 09시,수요일,경기도 수원시 팔달구 우만동,중상사고,0,1,0,0,차대차 - 기타,안전운전불이행,건조,맑음,교차로 - 교차로부근,승용,남,72세,상해없음,이륜,남,32세,중상
2023101100100127,2023년 10월 11일 09시,수요일,경기도 수원시 권선구 권선동,경상사고,0,0,2,0,차대차 - 측면충돌,안전운전불이행,건조,맑음,교차로 - 교차로안,승용,여,63세,경상,승합,남,46세,상해없음
2023101100100128,2023년 10월 11일 09시,수요일,경기도 수원시 영통구 원천동,경상사고,0,0,1,0,차대차 - 후진중충돌,안전운전불이행,건조,맑음,교차로 - 교차로안,승용,남,29세,상해없음,화물,남,41세,경상
2023101100100190,2023년 10월 11일 11시,수요일,경기도 수원시 영통구 영통동,중상사고,0,1,0,0,차대차 - 정면충돌,안전운전불이행,건조,맑음,교차로 - 교차로횡단보도내,승용,남,74세,상해없음,개인형이동수단(PM),여,21세,중상
2023101100100226,2023년 10월 11일 12시,수요일,경기도 수원시 팔달구 인계동,경상사고,0,0,1,0,차대차 - 측면충돌,안전운전불이행,건조,맑음,교차로 - 교차로안,원동기,남,42세,상해없음,이륜,남,44세,경상
2023101100100228,2023년 10월 11일 12시,수요일,경기도 수원시 권선구 금곡동,경상사고,0,0,1,0,차대차 - 측면충돌,안전운전불이행,건조,맑음,교차로 - 교차로안,승용,여,32세,상해없음,이륜,남,47세,경상
2023101100100273,2023년 10월 11일 13시,수요일,경기도 수원시 팔달구 매산로1가,경상사고,0,0,1,0,차대차 - 기타,신호위반,건조,맑음,교차로 - 교차로안,이륜,남,29세,경상,승용,남,70세,상해없음
2023101100100341,2023년 10월 11일 15시,수요일,경기도 수원시 권선구 권선동,경상사고,0,0,1,0,차대차 - 추돌,안전운전불이행,건조,맑음,교차로 - 교차로안,승용,여,40세,상해없음,이륜,남,27세,경상
2023101100100344,2023년 10월 11일 15시,수요일,경기도 수원시 권선구 고색동,경상사고,0,0,1,0,차대차 - 측면충돌,안전운전불이행,건조,맑음,단일로 - 기타,승용,남,38세,상해없음,자전거,남,8세,경상
2023101100100380,2023년 10월 11일 16시,수요일,경기도 수원시 팔달구 인계동,경상사고,0,0,2,0,차대차 - 측면충돌,안전운전불이행,건조,맑음,단일로 - 기타,이륜,남,22세,상해없음,승용,남,25세,경상
2023101100100405,2023년 10월 11일 17시,수요일,경기도 수원시 팔달구 팔달로1가,중상사고,0,1,5,0,차대차 - 추돌,안전거리미확보,건조,맑음,단일로 - 기타,승합,남,52세,상해없음,승합,남,47세,경상
2023101100100464,2023년 10월 11일 18시,수요일,경기도 수원시 팔달구 우만동,경상사고,0,0,1,0,차대차 - 측면충돌,안전거리미확보,건조,맑음,단일로 - 기타,승용,여,40세,상해없음,승용,남,33세,경상
2023101100100543,2023년 10월 11일 19시,수요일,경기도 수원시 장안구 율전동,경상사고,0,0,3,0,차대차 - 측면충돌,안전거리미확보,건조,맑음,단일로 - 기타,승합,남,63세,상해없음,승용,남,20세,경상
2023101100100626,2023년 10월 11일 21시,수요일,경기도 수원시 영통구 이의동,경상사고,0,0,1,0,차대차 - 측면충돌,안전거리미확보,건조,맑음,교차로 - 교차로부근,화물,여,68세,상해없음,승용,남,37세,경상
2023101100100652,2023년 10월 11일 22시,수요일,경기도 수원시 영통구 영통동,경상사고,0,0,1,0,차대차 - 측면충돌,안전운전불이행,건조,맑음,교차로 - 교차로안,개인형이동수단(PM),여,62세,경상,승용,남,33세,상해없음
2023101200100015,2023년 10월 12일 01시,목요일,경기도 수원시 권선구 호매실동,경상사고,0,0,1,0,차대차 - 기타,안전운전불이행,건조,맑음,교차로 - 교차로부근,승용,남,51세,상해없음,승용,남,34세,경상
2023101200100051,2023년 10월 12일 06시,목요일,경기도 수원시 장안구 파장동,경상사고,0,0,1,0,차대차 - 기타,차로위반,건조,맑음,단일로 - 기타,승합,남,64세,상해없음,승용,남,23세,경상
2023101200100144,2023년 10월 12일 09시,목요일,경기도 수원시 영통구 영통동,사망사고,1,1,0,0,차대차 - 정면충돌,중앙선침범,건조,맑음,단일로 - 기타,승용,남,71세,사망,승용,여,52세,중상