사고번호,사고일시,요일,시군구,사고내용,사망자수,중상자수,경상자수,부상신고자수,사고유형,법규위반,노면상태,기상상태,도로형태,가해운전자 차종,가해운전자 성별,가해운전자 연령,가해운전자 상해정도,피해운전자 차종,피해운전자 성별,피해운전자 연령,피해운전자 상해정도
2023102900100393,2023년 10월 29일 18시,일요일,경기도 수원시 영통구 매탄동,경상사고,0,0,1,0,차대차 - 정면충돌,신호위반,건조,맑음,교차로 - 교차로안,이륜,남,17세,상해없음,승용,남,49세,경상
2023102900100395,2023년 10월 29일 18시,일요일,경기도 수원시 권선구 금곡동,부상신고사고,0,0,0,1,차대차 - 기타,안전운전불이행,건조,맑음,단일로 - 기타,승용,남,31세,상해없음,이륜,남,35세,부상신고
2023102900100509,2023년 10월 29일 23시,일요일,경기도 수원시 영통구 이의동,경상사고,0,0,1,0,차대차 - 정면충돌,신호위반,건조,맑음,교차로 - 교차로부근,이륜,남,38세,경상,승용,남,26세,상해없음
2023103000100004,2023년 10월 30일 00시,월요일,경기도 수원시 팔달구 우만동,경상사고,0,0,1,0,차대사람 - 기타,안전운전불이행,건조,맑음,교차로 - 교차로안,승용,남,66세,상해없음,보행자,남,26세,경상
2023103000100006,2023년 10월 30일 00시,월요일,경기도 수원시 권선구 탑동,부상신고사고,0,0,0,1,차대차 - 추돌,안전운전불이행,건조,맑음,단일로 - 지하차도(도로)내,승용,남,48세,상해없음,승용,남,58세,부상신고
2023103000100084,2023년 10월 30일 08시,월요일,경기도 수원시 팔달구 우만동,중상사고,0,1,2,0,차대차 - 기타,직진우회전진행방해,건조,맑음,교차로 - 교차로안,승용,여,61세,경상,승용,여,39세,중상
2023103000100152,2023년 10월 30일 10시,월요일,경기도 수원시 장안구 정자동,중상사고,0,1,2,1,차대차 - 측면충돌,신호위반,건조,맑음,교차로 - 교차로안,승용,여,54세,부상신고,승용,여,54세,중상
2023103000100181,2023년 10월 30일 11시,월요일,경기도 수원시 팔달구 우만동,경상사고,0,0,1,0,차대차 - 기타,안전운전불이행,건조,맑음,단일로 - 기타,승용,여,44세,상해없음,승용,여,40세,경상
2023103000100219,2023년 10월 30일 12시,월요일,경기도 수원시 팔달구 화서동,경상사고,0,0,2,0,차대차 - 기타,직진우회전진행방해,건조,맑음,교차로 - 교차로안,승용,여,47세,경상,승용,여,69세,경상
2023103000100220,2023년 10월 30일 12시,월요일,경기도 수원시 장안구 정자동,경상사고,0,0,1,0,차대사람 - 기타,안전운전불이행,건조,맑음,단일로 - 기타,승용,여,55세,상해없음,보행자,여,61세,경상
2023103000100247,2023년 10월 30일 13시,월요일,경기도 수원시 영통구 매탄동,경상사고,0,0,1,0,차대차 - 측면충돌,신호위반,건조,맑음,단일로 - 기타,승용,여,52세,상해없음,이륜,남,41세,경상
2023103000100288,2023년 10월 30일 14시,월요일,경기도 수원시 영통구 매탄동,경상사고,0,0,1,0,차대차 - 정면충돌,안전거리미확보,건조,맑음,단일로 - 기타,승용,여,55세,기타불명,승합,여,62세,경상
2023103000100322,2023년 10월 30일 15시,월요일,경기도 수원시 권선구 권선동,경상사고,0,0,2,0,차대차 - 기타,안전운전불이행,건조,맑음,단일로 - 기타,승용,남,59세,상해없음,승용,여,38세,상해없음
2023103000100326,2023년 10월 30일 15시,월요일,경기도 수원시 권선구 탑동,부상신고사고,0,0,0,1,차대차 - 기타,기타,건조,맑음,단일로 - 기타,자전거,남,60세,부상신고,자전거,남,76세,상해없음
2023103000100365,2023년 10월 30일 16시,월요일,경기도 수원시 영통구 영통동,경상사고,0,0,2,0,차대차 - 후진중충돌,안전운전불이행,건조,맑음,단일로 - 기타,승용,남,39세,경상,이륜,남,36세,경상
2023103000100366,2023년 10월 30일 16시,월요일,경기도 수원시 영통구 영통동,경상사고,0,0,1,0,차대사람 - 횡단중,보행자보호의무위반,건조,맑음,단일로 - 기타,승용,여,37세,상해없음,보행자,남,18세,경상
2023103000100402,2023년 10월 30일 17시,월요일,경기도 수원시 장안구 영화동,부상신고사고,0,0,0,1,차대차 - 기타,안전운전불이행,건조,맑음,단일로 - 기타,승용,여,63세,상해없음,이륜,남,39세,부상신고
2023103000100450,2023년 10월 30일 18시,월요일,경기도 수원시 팔달구 매산로2가,중상사고,0,1,0,0,차대사람 - 기타,안전운전불이행,건조,맑음,단일로 - 기타,개인형이동수단(PM),남,27세,상해없음,보행자,남,61세,중상
2023103000100503,2023년 10월 30일 19시,월요일,경기도 수원시 팔달구 고등동,경상사고,0,0,1,0,차대사람 - 차도통행중,안전운전불이행,건조,맑음,교차로 - 교차로부근,승용,여,57세,상해없음,보행자,남,6세,경상
2023103000100504,2023년 10월 30일 19시,월요일,경기도 수원시 팔달구 매교동,경상사고,0,0,1,0,차대사람 - 보도통행중,보행자보호의무위반,건조,맑음,교차로 - 교차로안,승용,남,28세,상해없음,보행자,남,5세,경상
2023103000100531,2023년 10월 30일 20시,월요일,경기도 수원시 장안구 조원동,경상사고,0,0,1,0,차대차 - 기타,안전운전불이행,건조,맑음,단일로 - 기타,승용,여,22세,상해없음,이륜,남,59세,경상
2023103000100536,2023년 10월 30일 20시,월요일,경기도 수원시 권선구 권선동,경상사고,0,0,1,0,차대차 - 측면충돌,신호위반,건조,맑음,교차로 - 교차로안,승용,남,49세,상해없음,이륜,남,28세,경상
2023103100100048,2023년 10월 31일 05시,화요일,경기도 수원시 장안구 율전동,경상사고,0,0,1,0,차대차 - 추돌,안전거리미확보,건조,맑음,단일로 - 기타,승용,남,79세,상해없음,승용,남,63세,경상
2023103100100058,2023년 10월 31일 06시,화요일,경기도 수원시 장안구 영화동,경상사고,0,0,1,0,차대차 - 기타,안전운전불이행,건조,맑음,단일로 - 기타,승용,남,67세,상해없음,승용,여,37세,경상
2023103100100145,2023년 10월 31일 09시,화요일,경기도 수원시 장안구 연무동,경상사고,0,0,2,4,차대차 - 추돌,안전운전불이행,건조,맑음,단일로 - 기타,화물,남,64세,상해없음,승합,남,58세,상해없음
2023103100100318,2023년 10월 31일 14시,화요일,경기도 수원시 권선구 평동,경상사고,0,0,1,0,차대차 - 추돌,안전운전불이행,건조,맑음,단일로 - 기타,화물,남,67세,상해없음,승용,남,51세,경상
2023103100100356,2023년 10월 31일 15시,화요일,경기도 수원시 권선구 탑동,경상사고,0,0,1,0,차대차 - 추돌,안전운전불이행,건조,맑음,교차로 - 교차로부근,승용,여,36세,상해없음,승용,여,22세,경상
2023103100100386,2023년 10월 31일 16시,화요일,경기도 수원시 팔달구 우만동,경상사고,0,0,2,0,차대차 - 기타,안전운전불이행,건조,맑음,교차로 - 교차로안,승용,남,23세,상해없음,승용,남,35세,경상
2023103100100483,2023년 10월 31일 18시,화요일,경기도 수원시 팔달구 화서동,경상사고,0,0,2,0,차대차 - 측면충돌,안전운전불이행,건조,맑음,단일로 - 기타,승용,여,37세,상해없음,승용,남,52세,경상
2023103100100494,2023년 10월 31일 18시,화요일,경기도 수원시 권선구 권선동,경상사고,0,0,1,0,차대차 - 측면충돌,안전운전불이행,건조,맑음,교차로 - 교차로부근,승용,남,34세,경상,승용,남,62세,상해없음
2023103100100495,2023년 10월 31일 18시,화요일,경기도 수원시 영통구 망포동,경상사고,0,0,1,0,차대차 - 측면충돌,안전운전불이행,건조,맑음,교차로 - 교차로횡단보도내,승용,여,25세,상해없음,자전거,남,7세,경상
2023103100100581,2023년 10월 31일 20시,화요일,경기도 수원시 장안구 조원동,경상사고,0,0,1,0,차대차 - 기타,안전운전불이행,건조,맑음,단일로 - 기타,승용,여,58세,상해없음,승합,남,65세,경상
2023103100100582,2023년 10월 31일 20시,화요일,경기도 수원시 장안구 파장동,경상사고,0,0,1,0,차량단독 - 기타,안전운전불이행,건조,맑음,단일로 - 기타,승합,남,50세,상해없음,,,,
2023103100100640,2023년 10월 31일 23시,화요일,경기도 수원시 영통구 영통동,경상사고,0,0,1,0,차대사람 - 보도통행중,기타,건조,맑음,단일로 - 기타,자전거,남,42세,상해없음,보행자,남,66세,경상
2023110100100024,2023년 11월 1일 04시,수요일,경기도 수원시 팔달구 인계동,경상사고,0,0,1,0,차대차 - 측면충돌,신호위반,건조,맑음,단일로 - 기타,승용,남,55세,기타불명,승용,남,27세,경상
2023110100100072,2023년 11월 1일 07시,수요일,경기도 수원시 권선구 고색동,경상사고,0,0,1,0,차량단독 - 기타,안전운전불이행,건조,맑음,단일로 - 기타,승합,남,55세,상해없음,,,,
2023110100100159,2023년 11월 1일 09시,수요일,경기도 수원시 권선구 당수동,경상사고,0,0,1,0,차대차 - 추돌,안전운전불이행,건조,맑음,단일로 - 기타,이륜,여,32세,상해없음,승용,여,54세,경상
2023110100100186,2023년 11월 1일 10시,수요일,경기도 수원시 권선구 세류동,경상사고,0,0,1,0,차대차 - 추돌,신호위반,건조,맑음,교차로 - 교차로안,승용,여,51세,상해없음,화물,남,58세,경상
2023110100100187,2023년 11월 1일 10시,수요일,경기도 수원시 권선구 세류동,중상사고,0,1,0,0,차대사람 - 기타,안전운전불이행,건조,맑음,단일로 - 기타,승합,남,62세,상해없음,보행자,여,63세,중상
2023110100100209,2023년 11월 1일 11시,수요일,경기도 수원시 장안구 정자동,경상사고,0,0,1,0,차대차 - 후진중충돌,안전운전불이행,건조,맑음,단일로 - 기타,승용,여,49세,상해없음,이륜,남,29세,경상
2023110100100239,2023년 11월 1일 12시,수요일,경기도 수원시 팔달구 우만동,부상신고사고,0,0,0,1,차량단독 - 공작물충돌,안전운전불이행,건조,맑음,교차로 - 교차로안,승용,남,46세,부상신고,,,,
2023110100100393,2023년 11월 1일 17시,수요일,경기도 수원시 영통구 망포동,경상사고,0,0,2,0,차대차 - 추돌,안전운전불이행,건조,맑음,단일로 - 지하차도(도로)내,승용,남,42세,상해없음,승용,남,52세,경상
2023110100100396,2023년 11월 1일 17시,수요일,경기도 수원시 권선구 구운동,경상사고,0,0,1,0,차대사람 - 횡단중,안전운전불이행,건조,맑음,단일로 - 기타,승용,남,57세,상해없음,보행자,여,62세,경상
2023110100100491,2023년 11월 1일 19시,수요일,경기도 수원시 팔달구 인계동,중상사고,0,1,0,0,차대차 - 정면충돌,신호위반,건조,맑음,교차로 - 교차로안,승용,여,61세,상해없음,이륜,남,33세,중상
2023110100100570,2023년 11월 1일 22시,수요일,경기도 수원시 장안구 영화동,경상사고,0,0,1,0,차대차 - 기타,안전운전불이행,건조,맑음,단일로 - 기타,승용,남,59세,상해없음,승용,여,53세,경상
2023110100100572,2023년 11월 1일 22시,수요일,경기도 수원시 권선구 오목천동,경상사고,0,0,1,0,차대차 - 기타,신호위반,건조,맑음,교차로 - 교차로안,승용,여,50세,상해없음,이륜,남,22세,경상
2023110200100180,2023년 11월 2일 10시,목요일,경기도 수원시 팔달구 화서동,중상사고,0,1,0,0,차량단독 - 기타,안전운전불이행,건조,맑음,교차로 - 교차로부근,승합,남,41세,상해없음,,,,
2023110200100322,2023년 11월 2일 14시,목요일,경기도 수원시 팔달구 우만동,경상사고,0,0,2,0,차대차 - 기타,기타,건조,맑음,단일로 - 기타,승용,남,43세,상해없음,승용,여,47세,경상
2023110200100515,2023년 11월 2일 18시,목요일,경기도 수원시 권선구 탑동,중상사고,0,1,0,0,차대사람 - 횡단중,보행자보호의무위반,건조,맑음,교차로 - 교차로부근,승용,남,61세,상해없음,보행자,남,43세,중상
2023110200100516,2023년 11월 2일 18시,목요일,경기도 수원시 팔달구 매산로1가,경상사고,0,0,1,0,차대차 - 추돌,안전운전불이행,건조,흐림,교차로 - 교차로안,승합,남,35세,상해없음,승용,남,33세,경상
2023110200100575,2023년 11월 2일 19시,목요일,경기도 수원시 권선구 권선동,경상사고,0,0,1,0,차대차 - 측면충돌,안전운전불이행,건조,맑음,단일로 - 지하차도(도로)내,승용,남,26세,상해없음,이륜,남,41세,경상
2023110200100579,2023년 11월 2일 19시,목요일,경기도 수원시 권선구 세류동,경상사고,0,0,1,0,차대차 - 기타,신호위반,건조,맑음,교차로 - 교차로안,승용,여,48세,상해없음,승용,남,44세,경상
2023110200100611,2023년 11월 2일 20시,목요일,경기도 수원시 권선구 호매실동,경상사고,0,0,1,0,차대차 - 기타,신호위반,건조,맑음,교차로 - 교차로부근,이륜,남,30세,상해없음,이륜,남,31세,경상
2023110200100692,2023년 11월 2일 23시,목요일,경기도 수원시 영통구 매탄동,경상사고,0,0,1,0,차대차 - 측면충돌,신호위반,건조,맑음,교차로 - 교차로안,이륜,남,45세,상해없음,화물,남,44세,경상
2023110300100011,2023년 11월 3일 01시,금요일,경기도 수원시 팔달구 인계동,부상신고사고,0,0,0,1,차대차 - 추돌,안전운전불이행,건조,맑음,교차로 - 교차로부근,승용,남,32세,상해없음,승용,남,34세,부상신고
2023110300100026,2023년 11월 3일 03시,금요일,경기도 수원시 권선구 호매실동,경상사고,0,0,1,0,차대차 - 기타,신호위반,건조,맑음,교차로 - 교차로안,승용,남,36세,상해없음,승용,남,51세,경상
2023110300100146,2023년 11월 3일 09시,금요일,경기도 수원시 팔달구 화서동,경상사고,0,0,1,0,차대차 - 측면충돌,안전운전불이행,건조,맑음,단일로 - 기타,화물,남,59세,상해없음,승용,남,54세,경상
2023110300100154,2023년 11월 3일 09시,금요일,경기도 수원시 권선구 권선동,경상사고,0,0,1,0,차대차 - 측면충돌,신호위반,건조,맑음,단일로 - 기타,승용,남,61세,상해없음,승용,남,47세,경상
2023110300100156,2023년 11월 3일 09시,금요일,경기도 수원시 팔달구 중동,경상사고,0,0,2,0,차대차 - 측면충돌,안전운전불이행,건조,맑음,교차로 - 교차로부근,승용,남,69세,상해없음,승용,남,63세,경상
2023110300100157,2023년 11월 3일 09시,금요일,경기도 수원시 권선구 탑동,경상사고,0,0,1,0,차대차 - 기타,신호위반,건조,맑음,교차로 - 교차로부근,화물,남,59세,상해없음,자전거,남,13세,경상
2023110300100214,2023년 11월 3일 11시,금요일,경기도 수원시 권선구 세류동,중상사고,0,1,0,0,차대차 - 측면충돌,안전운전불이행,건조,맑음,단일로 - 기타,화물,남,41세,상해없음,이륜,남,32세,중상
2023110300100239,2023년 11월 3일 12시,금요일,경기도 수원시 영통구 망포동,경상사고,0,0,2,0,차대차 - 측면충돌,신호위반,건조,맑음,교차로 - 교차로부근,이륜,남,47세,상해없음,승용,여,30세,경상
2023110300100281,2023년 11월 3일 13시,금요일,경기도 수원시 팔달구 인계동,경상사고,0,0,1,0,차대사람 - 보도통행중,안전운전불이행,건조,맑음,단일로 - 기타,자전거,여,27세,상해없음,보행자,남,25세,경상
2023110300100348,2023년 11월 3일 15시,금요일,경기도 수원시 권선구 호매실동,중상사고,0,1,0,0,차대차 - 추돌,기타,건조,맑음,단일로 - 기타,승용,남,34세,상해없음,승용,남,46세,중상
2023110300100388,2023년 11월 3일 16시,금요일,경기도 수원시 팔달구 북수동,중상사고,0,1,0,0,차대차 - 기타,직진우회전진행방해,건조,맑음,교차로 - 교차로안,승용,남,55세,상해없음,이륜,여,64세,중상
2023110300100389,2023년 11월 3일 16시,금요일,경기도 수원시 장안구 천천동,경상사고,0,0,1,0,차대차 - 추돌,안전운전불이행,건조,맑음,단일로 - 기타,이륜,남,34세,상해없음,승용,남,60세,경상
2023110300100396,2023년 11월 3일 16시,금요일,경기도 수원시 장안구 율전동,경상사고,0,0,1,0,차대차 - 측면충돌,신호위반,건조,흐림,교차로 - 교차로부근,화물,남,58세,상해없음,이륜,남,23세,경상
2023110300100397,2023년 11월 3일 16시,금요일,경기도 수원시 권선구 당수동,경상사고,0,0,1,0,차대차 - 후진중충돌,안전운전불이행,건조,맑음,기타 - 기타,화물,남,53세,상해없음,승용,여,31세,경상
2023110300100442,2023년 11월 3일 17시,금요일,경기도 수원시 권선구 권선동,경상사고,0,0,1,0,차대차 - 기타,안전운전불이행,젖음/습기,비,교차로 - 교차로부근,화물,남,77세,상해없음,화물,남,42세,경상
2023110300100446,2023년 11월 3일 17시,금요일,경기도 수원시 팔달구 매산로1가,중상사고,0,1,0,0,차대차 - 추돌,안전거리미확보,건조,맑음,단일로 - 기타,승용,남,63세,상해없음,승용,여,33세,중상
2023110300100560,2023년 11월 3일 19시,금요일,경기도 수원시 팔달구 남수동,경상사고,0,0,2,0,차대차 - 후진중충돌,안전운전불이행,젖음/습기,비,기타 - 기타,승용,남,53세,상해없음,승용,여,27세,경상
2023110300100635,2023년 11월 3일 21시,금요일,경기도 수원시 팔달구 팔달로2가,경상사고,0,0,1,0,차대사람 - 기타,안전운전불이행,젖음/습기,흐림,단일로 - 기타,승용,남,31세,상해없음,보행자,남,58세,경상
2023110300100653,2023년 11월 3일 22시,금요일,경기도 수원시 팔달구 매산로1가,경상사고,0,0,1,0,차대사람 - 기타,안전운전불이행,건조,맑음,단일로 - 기타,승용,남,20세,상해없음,보행자,남,41세,경상
2023110300100654,2023년 11월 3일 22시,금요일,경기도 수원시 권선구 금곡동,경상사고,0,0,1,0,차대차 - 기타,안전운전불이행,건조,맑음,단일로 - 기타,승용,남,62세,상해없음,승합,여,49세,경상
2023110300100655,2023년 11월 3일 22시,금요일,경기도 수원시 권선구 호매실동,경상사고,0,0,1,0,차대차 - 측면충돌,교차로운행방법위반,건조,맑음,교차로 - 교차로안,승용,남,60세,상해없음,승용,남,38세,경상
2023110400100045,2023년 11월 4일 05시,토요일,경기도 수원시 영통구 이의동,경상사고,0,0,1,0,차대차 - 측면충돌,안전거리미확보,건조,맑음,기타 - 기타,승용,남,59세,상해없음,승합,여,42세,경상
2023110400100054,2023년 11월 4일 06시,토요일,경기도 수원시 권선구 오목천동,경상사고,0,0,1,0,차대차 - 추돌,신호위반,건조,맑음,교차로 - 교차로안,승용,남,71세,기타불명,승용,여,46세,경상
2023110400100153,2023년 11월 4일 11시,토요일,경기도 수원시 팔달구 화서동,중상사고,0,1,0,0,차대차 - 측면충돌,안전운전불이행,건조,맑음,단일로 - 터널,승용,남,60세,기타불명,자전거,남,81세,중상
2023110400100160,2023년 11월 4일 11시,토요일,경기도 수원시 권선구 권선동,경상사고,0,0,1,0,차대차 - 기타,안전운전불이행,건조,맑음,단일로 - 기타,승용,남,37세,기타불명,승용,남,38세,경상
2023110400100240,2023년 11월 4일 13시,토요일,경기도 수원시 권선구 구운동,경상사고,0,0,5,0,차대차 - 추돌,안전거리미확보,건조,맑음,교차로 - 교차로부근,화물,남,45세,상해없음,승용,남,22세,경상
2023110400100241,2023년 11월 4일 13시,토요일,경기도 수원시 팔달구 매산로1가,경상사고,0,0,2,0,차대차 - 추돌,안전운전불이행,건조,맑음,교차로 - 교차로부근,승용,남,59세,상해없음,승용,남,60세,경상
2023110400100271,2023년 11월 4일 14시,토요일,경기도 수원시 팔달구 우만동,경상사고,0,0,1,0,차대차 - 측면충돌,교차로운행방법위반,건조,맑음,교차로 - 교차로안,승용,남,36세,상해없음,이륜,남,38세,경상
2023110400100279,2023년 11월 4일 14시,토요일,경기도 수원시 권선구 호매실동,경상사고,0,0,1,0,차대차 - 측면충돌,안전운전불이행,건조,맑음,단일로 - 기타,승용,남,52세,상해없음,이륜,남,32세,경상
2023110400100280,2023년 11월 4일 14시,토요일,경기도 수원시 권선구 금곡동,경상사고,0,0,1,0,차대차 - 측면충돌,안전거리미확보,건조,맑음,교차로 - 교차로부근,승용,여,42세,상해없음,승용,남,25세,경상
2023110400100281,2023년 11월 4일 14시,토요일,경기도 수원시 영통구 하동,중상사고,0,1,0,2,차대차 - 기타,안전운전불이행,건조,맑음,단일로 - 터널,화물,남,63세,상해없음,승용,여,59세,부상신고
2023110400100387,2023년 11월 4일 17시,토요일,경기도 수원시 권선구 권선동,경상사고,0,0,1,0,차대차 - 측면충돌,안전운전불이행,건조,맑음,단일로 - 기타,이륜,남,44세,상해없음,승용,남,28세,경상
2023110400100475,2023년 11월 4일 19시,토요일,경기도 수원시 팔달구 북수동,경상사고,0,0,1,0,차대차 - 기타,교차로운행방법위반,건조,맑음,교차로 - 교차로안,화물,남,37세,상해없음,승용,여,32세,경상
2023110400100534,2023년 11월 4일 21시,토요일,경기도 수원시 팔달구 매산로1가,경상사고,0,0,1,0,차대차 - 측면충돌,신호위반,건조,맑음,교차로 - 교차로안,승용,남,69세,상해없음,승용,남,46세,경상
2023110400100564,2023년 11월 4일 23시,토요일,경기도 수원시 권선구 권선동,경상사고,0,0,1,0,차대차 - 기타,안전운전불이행,건조,맑음,교차로 - 교차로부근,화물,남,55세,상해없음,승용,남,27세,경상
2023110500100007,2023년 11월 5일 00시,일요일,경기도 수원시 팔달구 매산로3가,경상사고,0,0,1,0,차대차 - 정면충돌,신호위반,건조,맑음,교차로 - 교차로안,승용,남,26세,상해없음,승용,남,30세,경상
2023110500100046,2023년 11월 5일 04시,일요일,경기도 수원시 권선구 고색동,경상사고,0,0,2,1,차대차 - 추돌,안전운전불이행,건조,맑음,교차로 - 교차로부근,승용,여,37세,부상신고,승용,남,58세,경상
2023110500100170,2023년 11월 5일 13시,일요일,경기도 수원시 팔달구 인계동,경상사고,0,0,1,0,차대차 - 기타,신호위반,건조,맑음,단일로 - 기타,승용,남,40세,상해없음,이륜,남,41세,경상
2023110500100172,2023년 11월 5일 13시,일요일,경기도 수원시 권선구 입북동,경상사고,0,0,3,0,차대차 - 측면충돌,안전거리미확보,건조,맑음,단일로 - 기타,승용,남,39세,상해없음,승용,남,38세,경상
2023110500100203,2023년 11월 5일 14시,일요일,경기도 수원시 팔달구 매교동,경상사고,0,0,1,0,차대사람 - 기타,기타,젖음/습기,맑음,기타 - 기타,이륜,남,60세,상해없음,보행자,남,60세,경상
2023110500100257,2023년 11월 5일 16시,일요일,경기도 수원시 권선구 세류동,중상사고,0,1,0,0,차대차 - 측면충돌,안전거리미확보,건조,맑음,교차로 - 교차로부근,승용,여,46세,상해없음,이륜,남,52세,중상
2023110500100280,2023년 11월 5일 17시,일요일,경기도 수원시 팔달구 장안동,경상사고,0,0,1,0,차대차 - 기타,안전운전불이행,건조,맑음,단일로 - 기타,승용,남,49세,상해없음,이륜,남,25세,경상
2023110500100285,2023년 11월 5일 17시,일요일,경기도 수원시 권선구 당수동,경상사고,0,0,1,0,차대차 - 측면충돌,안전거리미확보,건조,맑음,단일로 - 기타,승용,남,51세,상해없음,승용,남,39세,경상
2023110500100355,2023년 11월 5일 19시,일요일,경기도 수원시 장안구 정자동,경상사고,0,0,1,0,차대차 - 추돌,안전운전불이행,건조,맑음,단일로 - 기타,이륜,남,52세,상해없음,승용,남,22세,경상
2023110500100356,2023년 11월 5일 19시,일요일,경기도 수원시 장안구 정자동,중상사고,0,1,1,0,차대차 - 정면충돌,중앙선침범,젖음/습기,비,교차로 - 교차로부근,자전거,남,81세,중상,승용,남,43세,경상
2023110500100357,2023년 11월 5일 19시,일요일,경기도 수원시 팔달구 화서동,중상사고,0,1,0,0,차대차 - 기타,교차로운행방법위반,젖음/습기,비,교차로 - 교차로안,승용,남,50세,상해없음,원동기,남,51세,중상
2023110500100358,2023년 11월 5일 19시,일요일,경기도 수원시 장안구 율전동,경상사고,0,0,1,0,차대차 - 기타,안전운전불이행,건조,맑음,단일로 - 기타,승용,여,25세,상해없음,승용,남,32세,경상
2023110500100364,2023년 11월 5일 19시,일요일,경기도 수원시 권선구 고색동,경상사고,0,0,3,0,차대차 - 측면충돌,교차로운행방법위반,건조,맑음,교차로 - 교차로안,승용,남,58세,상해없음,승용,남,40세,경상
2023110500100388,2023년 11월 5일 20시,일요일,경기도 수원시 장안구 송죽동,경상사고,0,0,2,0,차대차 - 측면충돌,안전운전불이행,젖음/습기,비,교차로 - 교차로안,승용,남,71세,상해없음,화물,남,34세,경상
2023110500100392,2023년 11월 5일 20시,일요일,경기도 수원시 영통구 매탄동,경상사고,0,0,1,0,차대차 - 측면충돌,안전거리미확보,젖음/습기,비,단일로 - 기타,승용,여,53세,상해없음,승용,남,48세,경상
2023110500100436,2023년 11월 5일 22시,일요일,경기도 수원시 팔달구 인계동,경상사고,0,0,1,0,차대사람 - 기타,안전운전불이행,건조,맑음,교차로 - 교차로안,화물,남,37세,상해없음,보행자,남,35세,경상
2023110600100003,2023년 11월 6일 00시,월요일,경기도 수원시 권선구 세류동,경상사고,0,0,2,0,차대차 - 추돌,안전운전불이행,건조,맑음,단일로 - 기타,승용,여,42세,상해없음,승용,남,58세,경상
2023110600100018,2023년 11월 6일 02시,월요일,경기도 수원시 권선구 권선동,중상사고,0,1,0,0,차대차 - 측면충돌,신호위반,젖음/습기,비,교차로 - 교차로안,승용,여,25세,상해없음,이륜,남,41세,중상
2023110600100052,2023년 11월 6일 06시,월요일,경기도 수원시 영통구 매탄동,중상사고,0,1,0,0,차대차 - 측면충돌,중앙선침범,젖음/습기,비,단일로 - 지하차도(도로)내,자전거,남,68세,중상,승용,남,52세,상해없음
2023110600100116,2023년 11월 6일 08시,월요일,경기도 수원시 장안구 정자동,경상사고,0,0,1,0,차대사람 - 기타,교차로운행방법위반,건조,맑음,교차로 - 교차로안,화물,남,61세,상해없음,보행자,남,73세,경상
2023110600100127,2023년 11월 6일 08시,월요일,경기도 수원시 영통구 영통동,경상사고,0,0,1,0,차대차 - 측면충돌,안전운전불이행,젖음/습기,비,교차로 - 교차로안,승용,여,45세,상해없음,승용,여,48세,경상
2023110600100239,2023년 11월 6일 11시,월요일,경기도 수원시 팔달구 매산로1가,중상사고,0,1,0,0,차대사람 - 기타,안전운전불이행,젖음/습기,흐림,단일로 - 기타,승합,남,51세,상해없음,보행자,여,61세,중상
2023110600100240,2023년 11월 6일 11시,월요일,경기도 수원시 권선구 세류동,경상사고,0,0,1,0,차대차 - 추돌,안전운전불이행,젖음/습기,흐림,단일로 - 기타,승용,남,61세,기타불명,승용,여,37세,경상
2023110600100291,2023년 11월 6일 13시,월요일,경기도 수원시 권선구 권선동,경상사고,0,0,3,0,차대차 - 측면충돌,신호위반,건조,맑음,교차로 - 교차로안,승용,남,64세,상해없음,승용,남,28세,경상
2023110600100292,2023년 11월 6일 13시,월요일,경기도 수원시 권선구 구운동,중상사고,0,1,1,0,차대차 - 기타,안전운전불이행,건조,맑음,교차로 - 교차로안,화물,남,62세,상해없음,승합,남,42세,경상
2023110600100310,2023년 11월 6일 14시,월요일,경기도 수원시 장안구 영화동,경상사고,0,0,2,0,차대차 - 기타,안전운전불이행,건조,맑음,단일로 - 기타,승용,남,54세,상해없음,화물,남,67세,경상
2023110600100386,2023년 11월 6일 16시,월요일,경기도 수원시 권선구 서둔동,경상사고,0,0,1,0,차대사람 - 기타,안전운전불이행,건조,맑음,단일로 - 기타,자전거,여,26세,상해없음,보행자,여,25세,경상
2023110600100425,2023년 11월 6일 17시,월요일,경기도 수원시 팔달구 인계동,경상사고,0,0,1,0,차대사람 - 길가장자리구역통행중,안전운전불이행,젖음/습기,비,교차로 - 교차로안,승용,남,25세,상해없음,보행자,여,68세,경상
2023110600100483,2023년 11월 6일 18시,월요일,경기도 수원시 권선구 세류동,부상신고사고,0,0,0,1,차대사람 - 횡단중,안전운전불이행,젖음/습기,흐림,교차로 - 교차로부근,승용,여,30세,상해없음,보행자,남,58세,부상신고
2023110600100530,2023년 11월 6일 19시,월요일,경기도 수원시 장안구 연무동,경상사고,0,0,1,0,차대차 - 측면충돌,안전거리미확보,젖음/습기,맑음,단일로 - 기타,승용,여,54세,상해없음,승용,여,52세,경상
2023110600100634,2023년 11월 6일 22시,월요일,경기도 수원시 장안구 정자동,경상사고,0,0,2,0,차대차 - 기타,안전운전불이행,건조,맑음,단일로 - 기타,승용,남,28세,상해없음,승용,남,58세,경상