사고번호,사고일시,요일,시군구,사고내용,사망자수,중상자수,경상자수,부상신고자수,사고유형,법규위반,노면상태,기상상태,도로형태,가해운전자 차종,가해운전자 성별,가해운전자 연령,가해운전자 상해정도,피해운전자 차종,피해운전자 성별,피해운전자 연령,피해운전자 상해정도
2023110600100635,2023년 11월 6일 22시,월요일,경기도 수원시 팔달구 우만동,경상사고,0,0,1,0,차량단독 - 공작물충돌,안전운전불이행,건조,맑음,단일로 - 기타,승용,남,72세,상해없음,,,,
2023110700100021,2023년 11월 7일 03시,화요일,경기도 수원시 영통구 이의동,부상신고사고,0,0,0,1,차량단독 - 기타,안전운전불이행,건조,맑음,단일로 - 기타,승용,여,32세,부상신고,,,,
2023110700100044,2023년 11월 7일 06시,화요일,경기도 수원시 권선구 평동,경상사고,0,0,1,0,차대차 - 기타,안전거리미확보,건조,맑음,교차로 - 교차로부근,승용,남,68세,상해없음,승용,여,34세,경상
2023110700100091,2023년 11월 7일 08시,화요일,경기도 수원시 팔달구 우만동,경상사고,0,0,1,0,차대차 - 기타,안전운전불이행,건조,맑음,교차로 - 교차로안,승용,남,57세,상해없음,자전거,남,27세,경상
2023110700100149,2023년 11월 7일 09시,화요일,경기도 수원시 권선구 구운동,경상사고,0,0,2,0,차대차 - 측면충돌,안전운전불이행,건조,맑음,교차로 - 교차로안,개인형이동수단(PM),남,18세,경상,승용,남,70세,경상
2023110700100187,2023년 11월 7일 10시,화요일,경기도 수원시 팔달구 우만동,경상사고,0,0,1,0,차대차 - 측면충돌,안전운전불이행,건조,맑음,교차로 - 교차로안,승합,남,72세,상해없음,승용,남,30세,경상
2023110700100189,2023년 11월 7일 10시,화요일,경기도 수원시 영통구 매탄동,경상사고,0,0,1,0,차대차 - 측면충돌,안전거리미확보,건조,맑음,단일로 - 기타,승용,여,28세,상해없음,승용,여,31세,경상
2023110700100383,2023년 11월 7일 15시,화요일,경기도 수원시 장안구 영화동,부상신고사고,0,0,0,1,차대차 - 측면충돌,신호위반,건조,맑음,교차로 - 교차로안,자전거,남,28세,부상신고,승용,남,59세,상해없음
2023110700100420,2023년 11월 7일 16시,화요일,경기도 수원시 장안구 천천동,중상사고,0,1,0,0,차대사람 - 횡단중,보행자보호의무위반,건조,맑음,교차로 - 교차로횡단보도내,승용,여,71세,상해없음,보행자,여,18세,중상
2023110700100421,2023년 11월 7일 16시,화요일,경기도 수원시 장안구 율전동,경상사고,0,0,1,0,차대사람 - 기타,안전운전불이행,건조,맑음,교차로 - 교차로부근,승용,남,28세,상해없음,보행자,여,40세,경상
2023110700100422,2023년 11월 7일 16시,화요일,경기도 수원시 팔달구 우만동,경상사고,0,0,1,0,차대차 - 측면충돌,교차로운행방법위반,건조,맑음,교차로 - 교차로안,승용,여,66세,상해없음,승용,여,32세,경상
2023110700100428,2023년 11월 7일 16시,화요일,경기도 수원시 권선구 서둔동,경상사고,0,0,2,0,차대차 - 측면충돌,신호위반,건조,맑음,교차로 - 교차로안,승용,여,66세,상해없음,승용,여,42세,상해없음
2023110700100429,2023년 11월 7일 16시,화요일,경기도 수원시 권선구 당수동,경상사고,0,0,1,0,차대차 - 측면충돌,안전거리미확보,건조,맑음,단일로 - 기타,승합,남,67세,상해없음,승용,남,41세,경상
2023110700100585,2023년 11월 7일 19시,화요일,경기도 수원시 권선구 권선동,경상사고,0,0,1,0,차대차 - 측면충돌,교차로운행방법위반,건조,맑음,교차로 - 교차로부근,승용,여,66세,상해없음,승용,남,24세,경상
2023110700100586,2023년 11월 7일 19시,화요일,경기도 수원시 영통구 망포동,경상사고,0,0,1,0,차대사람 - 횡단중,보행자보호의무위반,건조,맑음,교차로 - 교차로횡단보도내,승용,여,40세,상해없음,보행자,남,38세,경상
2023110700100588,2023년 11월 7일 19시,화요일,경기도 수원시 팔달구 고등동,부상신고사고,0,0,0,1,차대사람 - 기타,안전운전불이행,건조,맑음,단일로 - 기타,승용,여,26세,상해없음,보행자,여,90세,부상신고
2023110800100019,2023년 11월 8일 05시,수요일,경기도 수원시 장안구 영화동,경상사고,0,0,2,0,차대차 - 기타,교차로운행방법위반,건조,맑음,교차로 - 교차로안,승용,남,64세,경상,화물,남,58세,경상
2023110800100021,2023년 11월 8일 05시,수요일,경기도 수원시 팔달구 매산로1가,경상사고,0,0,2,0,차대차 - 측면충돌,안전운전불이행,젖음/습기,흐림,교차로 - 교차로부근,승용,남,28세,경상,기타불명,기타불명,미분류,기타불명
2023110800100051,2023년 11월 8일 07시,수요일,경기도 수원시 장안구 율전동,경상사고,0,0,1,0,차대사람 - 기타,안전운전불이행,건조,맑음,단일로 - 기타,자전거,남,38세,상해없음,보행자,여,27세,경상
2023110800100094,2023년 11월 8일 08시,수요일,경기도 수원시 팔달구 신풍동,중상사고,0,1,0,0,차대차 - 기타,교차로운행방법위반,건조,맑음,교차로 - 교차로안,승용,남,53세,상해없음,승합,남,60세,상해없음
2023110800100176,2023년 11월 8일 10시,수요일,경기도 수원시 장안구 영화동,중상사고,0,1,1,0,차대차 - 기타,안전거리미확보,건조,맑음,단일로 - 기타,승용,여,54세,상해없음,승용,남,41세,경상
2023110800100186,2023년 11월 8일 10시,수요일,경기도 수원시 팔달구 매산로1가,중상사고,0,1,0,0,차대차 - 추돌,안전운전불이행,건조,맑음,교차로 - 교차로안,승용,남,42세,상해없음,자전거,남,65세,중상
2023110800100215,2023년 11월 8일 11시,수요일,경기도 수원시 영통구 이의동,경상사고,0,0,1,0,차대차 - 기타,안전운전불이행,건조,맑음,교차로 - 교차로안,승용,여,66세,상해없음,화물,남,70세,경상
2023110800100394,2023년 11월 8일 16시,수요일,경기도 수원시 권선구 당수동,경상사고,0,0,1,0,차대차 - 측면충돌,기타,건조,맑음,단일로 - 기타,승용,남,29세,경상,승용,남,25세,상해없음
2023110800100449,2023년 11월 8일 17시,수요일,경기도 수원시 권선구 당수동,경상사고,0,0,1,0,차대차 - 기타,교차로운행방법위반,건조,맑음,교차로 - 교차로안,승용,여,73세,상해없음,승용,여,65세,경상
2023110800100499,2023년 11월 8일 18시,수요일,경기도 수원시 영통구 매탄동,중상사고,0,1,0,0,차대사람 - 횡단중,안전운전불이행,건조,맑음,기타 - 기타,승용,남,59세,상해없음,보행자,여,7세,중상
2023110900100045,2023년 11월 9일 06시,목요일,경기도 수원시 팔달구 남수동,경상사고,0,0,1,0,차대차 - 기타,중앙선침범,건조,맑음,교차로 - 교차로안,사륜오토바이(ATV),남,63세,경상,승용,남,70세,상해없음
2023110900100047,2023년 11월 9일 06시,목요일,경기도 수원시 권선구 호매실동,경상사고,0,0,2,0,차대차 - 측면충돌,안전운전불이행,건조,맑음,교차로 - 교차로안,승용,남,53세,경상,승용,여,33세,경상
2023110900100138,2023년 11월 9일 09시,목요일,경기도 수원시 권선구 권선동,중상사고,0,1,1,0,차대차 - 측면충돌,신호위반,건조,맑음,교차로 - 교차로안,화물,남,52세,상해없음,승용,남,64세,중상
2023110900100170,2023년 11월 9일 10시,목요일,경기도 수원시 권선구 평동,경상사고,0,0,1,0,차대차 - 측면충돌,안전거리미확보,건조,맑음,단일로 - 기타,승용,남,59세,상해없음,승용,남,63세,상해없음
2023110900100233,2023년 11월 9일 12시,목요일,경기도 수원시 영통구 원천동,경상사고,0,0,1,0,차대차 - 추돌,안전운전불이행,건조,맑음,주차장 - 주차장,승용,남,33세,상해없음,이륜,남,50세,경상
2023110900100322,2023년 11월 9일 15시,목요일,경기도 수원시 장안구 파장동,경상사고,0,0,1,0,차대차 - 추돌,안전운전불이행,건조,맑음,단일로 - 기타,화물,남,74세,상해없음,승용,남,57세,경상
2023110900100392,2023년 11월 9일 17시,목요일,경기도 수원시 장안구 송죽동,중상사고,0,1,0,0,차대사람 - 기타,안전운전불이행,건조,맑음,단일로 - 기타,자전거,남,13세,상해없음,보행자,여,65세,중상
2023110900100545,2023년 11월 9일 20시,목요일,경기도 수원시 팔달구 중동,부상신고사고,0,0,0,1,차대사람 - 기타,안전운전불이행,건조,맑음,단일로 - 기타,승합,남,60세,상해없음,보행자,여,61세,부상신고
2023110900100567,2023년 11월 9일 21시,목요일,경기도 수원시 팔달구 우만동,중상사고,0,1,0,0,차대사람 - 횡단중,신호위반,건조,맑음,교차로 - 교차로횡단보도내,승합,남,68세,상해없음,보행자,남,27세,중상
2023111000100051,2023년 11월 10일 06시,금요일,경기도 수원시 팔달구 매산로2가,중상사고,0,1,0,0,차대차 - 측면충돌,안전운전불이행,건조,맑음,단일로 - 기타,화물,남,52세,상해없음,개인형이동수단(PM),남,39세,중상
2023111000100069,2023년 11월 10일 07시,금요일,경기도 수원시 권선구 고색동,경상사고,0,0,1,0,차대차 - 측면충돌,안전운전불이행,건조,맑음,교차로 - 교차로안,승용,여,45세,상해없음,화물,남,44세,경상
2023111000100102,2023년 11월 10일 08시,금요일,경기도 수원시 팔달구 교동,경상사고,0,0,1,0,차대차 - 기타,신호위반,건조,맑음,교차로 - 교차로안,승용,남,73세,상해없음,승용,남,31세,경상
2023111000100103,2023년 11월 10일 08시,금요일,경기도 수원시 권선구 입북동,경상사고,0,0,3,0,차대차 - 측면충돌,안전운전불이행,건조,맑음,교차로 - 교차로부근,승용,여,47세,경상,승용,여,46세,경상
2023111000100162,2023년 11월 10일 10시,금요일,경기도 수원시 권선구 구운동,경상사고,0,0,1,0,차대차 - 기타,안전거리미확보,건조,맑음,교차로 - 교차로부근,건설기계,남,69세,기타불명,승용,남,48세,경상
2023111000100259,2023년 11월 10일 13시,금요일,경기도 수원시 장안구 연무동,경상사고,0,0,1,0,차대사람 - 횡단중,신호위반,건조,맑음,교차로 - 교차로안,승용,여,32세,상해없음,보행자,남,49세,경상
2023111000100302,2023년 11월 10일 14시,금요일,경기도 수원시 권선구 세류동,경상사고,0,0,1,0,차대차 - 추돌,안전운전불이행,건조,맑음,단일로 - 기타,승합,남,74세,상해없음,승용,남,26세,경상
2023111000100390,2023년 11월 10일 16시,금요일,경기도 수원시 장안구 정자동,중상사고,0,1,0,0,차대사람 - 기타,안전운전불이행,건조,맑음,단일로 - 기타,승용,여,49세,상해없음,보행자,여,64세,중상
2023111000100397,2023년 11월 10일 16시,금요일,경기도 수원시 영통구 망포동,중상사고,0,1,0,0,차대차 - 측면충돌,안전거리미확보,건조,맑음,단일로 - 기타,화물,남,48세,상해없음,승용,여,47세,중상
2023111000100398,2023년 11월 10일 16시,금요일,경기도 수원시 팔달구 매산로1가,중상사고,0,1,0,0,차대차 - 추돌,안전거리미확보,건조,맑음,교차로 - 교차로부근,승용,남,64세,상해없음,이륜,여,24세,중상
2023111000100436,2023년 11월 10일 17시,금요일,경기도 수원시 장안구 조원동,경상사고,0,0,1,0,차대차 - 기타,안전운전불이행,건조,맑음,교차로 - 교차로부근,승용,여,59세,상해없음,이륜,남,57세,경상
2023111000100494,2023년 11월 10일 18시,금요일,경기도 수원시 장안구 연무동,경상사고,0,0,1,0,차대차 - 기타,신호위반,건조,맑음,교차로 - 교차로안,승용,여,30세,경상,화물,남,65세,상해없음
2023111000100602,2023년 11월 10일 20시,금요일,경기도 수원시 영통구 이의동,중상사고,0,1,0,0,차대차 - 정면충돌,불법유턴,건조,맑음,교차로 - 교차로부근,승용,여,49세,상해없음,이륜,남,37세,중상
2023111000100628,2023년 11월 10일 21시,금요일,경기도 수원시 장안구 영화동,경상사고,0,0,1,0,차량단독 - 기타,안전운전불이행,건조,맑음,교차로 - 교차로안,승합,남,58세,상해없음,,,,
2023111000100634,2023년 11월 10일 21시,금요일,경기도 수원시 권선구 탑동,경상사고,0,0,2,0,차대차 - 기타,안전거리미확보,건조,맑음,교차로 - 교차로부근,승용,남,30세,경상,이륜,남,20세,상해없음
2023111000100661,2023년 11월 10일 22시,금요일,경기도 수원시 장안구 정자동,경상사고,0,0,1,0,차량단독 - 공작물충돌,안전운전불이행,건조,맑음,단일로 - 기타,승용,남,51세,경상,,,,
2023111100100032,2023년 11월 11일 03시,토요일,경기도 수원시 권선구 서둔동,경상사고,0,0,1,0,차대차 - 추돌,안전운전불이행,건조,맑음,교차로 - 교차로부근,승용,남,69세,기타불명,승용,남,70세,경상
2023111100100051,2023년 11월 11일 05시,토요일,경기도 수원시 팔달구 인계동,경상사고,0,0,1,0,차대차 - 추돌,안전운전불이행,건조,맑음,교차로 - 교차로부근,승용,남,43세,상해없음,승용,남,69세,경상
2023111100100083,2023년 11월 11일 08시,토요일,경기도 수원시 팔달구 인계동,경상사고,0,0,1,0,차대차 - 측면충돌,안전거리미확보,건조,맑음,교차로 - 교차로안,승합,남,57세,상해없음,승용,남,30세,경상
2023111100100194,2023년 11월 11일 12시,토요일,경기도 수원시 장안구 파장동,경상사고,0,0,1,0,차대사람 - 기타,안전운전불이행,건조,맑음,단일로 - 기타,승용,남,49세,상해없음,보행자,여,64세,경상
2023111100100275,2023년 11월 11일 14시,토요일,경기도 수원시 장안구 송죽동,경상사고,0,0,1,1,차량단독 - 공작물충돌,안전운전불이행,건조,맑음,단일로 - 기타,승용,여,57세,경상,,,,
2023111100100276,2023년 11월 11일 14시,토요일,경기도 수원시 영통구 영통동,경상사고,0,0,1,0,차대차 - 측면충돌,교차로운행방법위반,건조,맑음,교차로 - 교차로안,승용,여,58세,상해없음,승용,남,60세,경상
2023111100100305,2023년 11월 11일 15시,토요일,경기도 수원시 팔달구 우만동,경상사고,0,0,1,0,차대차 - 측면충돌,직진우회전진행방해,건조,맑음,교차로 - 교차로안,승용,여,59세,상해없음,승용,남,49세,경상
2023111100100308,2023년 11월 11일 15시,토요일,경기도 수원시 영통구 이의동,경상사고,0,0,1,0,차대차 - 측면충돌,안전운전불이행,건조,맑음,교차로 - 교차로안,승용,남,54세,상해없음,승용,남,32세,경상
2023111100100348,2023년 11월 11일 16시,토요일,경기도 수원시 영통구 이의동,경상사고,0,0,1,0,차대차 - 기타,안전거리미확보,건조,맑음,단일로 - 기타,승용,여,26세,상해없음,승용,남,34세,상해없음
2023111100100383,2023년 11월 11일 17시,토요일,경기도 수원시 장안구 영화동,경상사고,0,0,1,0,차대차 - 기타,안전운전불이행,건조,맑음,교차로 - 교차로안,승용,여,34세,상해없음,승용,남,45세,경상
2023111100100388,2023년 11월 11일 17시,토요일,경기도 수원시 권선구 탑동,경상사고,0,0,2,0,차대차 - 추돌,안전거리미확보,건조,맑음,교차로 - 교차로안,승용,남,30세,기타불명,승용,남,36세,경상
2023111200100043,2023년 11월 12일 04시,일요일,경기도 수원시 영통구 매탄동,경상사고,0,0,1,0,차대차 - 정면충돌,안전운전불이행,건조,맑음,교차로 - 교차로안,자전거,남,29세,경상,승용,여,56세,상해없음
2023111200100098,2023년 11월 12일 10시,일요일,경기도 수원시 권선구 세류동,경상사고,0,0,1,0,차대차 - 추돌,안전거리미확보,건조,맑음,단일로 - 기타,승용,남,53세,상해없음,승용,여,49세,경상
2023111200100150,2023년 11월 12일 12시,일요일,경기도 수원시 팔달구 화서동,중상사고,0,1,0,0,차대사람 - 차도통행중,안전운전불이행,건조,맑음,단일로 - 기타,승용,여,63세,상해없음,보행자,남,78세,중상
2023111200100199,2023년 11월 12일 14시,일요일,경기도 수원시 장안구 연무동,경상사고,0,0,2,0,차대차 - 기타,안전운전불이행,건조,맑음,교차로 - 교차로부근,승용,여,39세,상해없음,승용,여,42세,경상
2023111200100291,2023년 11월 12일 17시,일요일,경기도 수원시 영통구 영통동,중상사고,0,1,0,0,차대차 - 기타,기타,건조,맑음,교차로 - 교차로부근,승용,남,57세,상해없음,자전거,여,55세,중상
2023111200100314,2023년 11월 12일 18시,일요일,경기도 수원시 장안구 정자동,경상사고,0,0,1,1,차대차 - 기타,안전운전불이행,건조,맑음,단일로 - 기타,승용,여,62세,상해없음,승용,남,39세,경상
2023111200100316,2023년 11월 12일 18시,일요일,경기도 수원시 영통구 하동,중상사고,0,1,0,0,차대사람 - 횡단중,보행자보호의무위반,건조,맑음,교차로 - 교차로안,승용,여,32세,상해없음,보행자,여,26세,중상
2023111200100337,2023년 11월 12일 19시,일요일,경기도 수원시 팔달구 화서동,중상사고,0,1,0,0,차대차 - 측면충돌,직진우회전진행방해,건조,맑음,교차로 - 교차로안,승용,남,32세,상해없음,이륜,남,42세,중상
2023111200100338,2023년 11월 12일 19시,일요일,경기도 수원시 팔달구 북수동,경상사고,0,0,3,0,차대차 - 측면충돌,직진우회전진행방해,건조,맑음,교차로 - 교차로안,이륜,남,42세,경상,승용,남,40세,경상
2023111200100344,2023년 11월 12일 19시,일요일,경기도 수원시 영통구 이의동,경상사고,0,0,1,0,차대차 - 추돌,교차로운행방법위반,건조,맑음,교차로 - 교차로안,이륜,남,23세,상해없음,이륜,남,56세,경상
2023111200100345,2023년 11월 12일 19시,일요일,경기도 수원시 영통구 이의동,경상사고,0,0,2,0,차대차 - 측면충돌,안전운전불이행,건조,맑음,교차로 - 교차로부근,승용,여,70세,상해없음,승용,남,61세,경상
2023111200100379,2023년 11월 12일 20시,일요일,경기도 수원시 팔달구 우만동,경상사고,0,0,1,0,차대차 - 추돌,안전운전불이행,건조,맑음,단일로 - 기타,승용,남,36세,상해없음,승용,남,57세,경상
2023111200100409,2023년 11월 12일 21시,일요일,경기도 수원시 영통구 영통동,경상사고,0,0,1,0,차대사람 - 기타,기타,건조,맑음,단일로 - 기타,개인형이동수단(PM),남,16세,상해없음,보행자,남,42세,경상
2023111200100411,2023년 11월 12일 21시,일요일,경기도 수원시 권선구 평동,경상사고,0,0,1,0,차대차 - 측면충돌,안전운전불이행,건조,맑음,교차로 - 교차로부근,승합,남,37세,상해없음,승용,남,32세,경상
2023111200100434,2023년 11월 12일 22시,일요일,경기도 수원시 팔달구 인계동,경상사고,0,0,4,0,차대차 - 측면충돌,교차로운행방법위반,건조,맑음,교차로 - 교차로안,승용,남,27세,상해없음,승용,남,22세,경상
2023111300100071,2023년 11월 13일 07시,월요일,경기도 수원시 장안구 파장동,경상사고,0,0,1,0,차량단독 - 기타,안전운전불이행,건조,맑음,단일로 - 기타,승합,남,50세,상해없음,,,,
2023111300100078,2023년 11월 13일 07시,월요일,경기도 수원시 권선구 당수동,중상사고,0,1,0,0,차대사람 - 기타,보행자보호의무위반,건조,맑음,교차로 - 교차로횡단보도내,승용,남,51세,상해없음,보행자,여,66세,중상
2023111300100124,2023년 11월 13일 08시,월요일,경기도 수원시 영통구 이의동,경상사고,0,0,1,1,차대차 - 추돌,안전운전불이행,건조,맑음,단일로 - 기타,승용,여,44세,부상신고,승용,남,33세,경상
2023111300100311,2023년 11월 13일 13시,월요일,경기도 수원시 영통구 매탄동,경상사고,0,0,1,0,차대차 - 측면충돌,신호위반,건조,맑음,교차로 - 교차로안,승용,여,38세,상해없음,이륜,남,30세,경상
2023111300100312,2023년 11월 13일 13시,월요일,경기도 수원시 권선구 세류동,경상사고,0,0,1,0,차대차 - 측면충돌,안전거리미확보,건조,맑음,교차로 - 교차로안,승용,여,62세,상해없음,승용,여,30세,경상
2023111300100388,2023년 11월 13일 15시,월요일,경기도 수원시 영통구 원천동,경상사고,0,0,1,0,차대차 - 측면충돌,신호위반,건조,맑음,교차로 - 교차로부근,승용,여,56세,상해없음,이륜,남,26세,경상
2023111300100439,2023년 11월 13일 16시,월요일,경기도 수원시 권선구 권선동,경상사고,0,0,3,0,차대차 - 측면충돌,불법유턴,건조,맑음,교차로 - 교차로안,화물,남,48세,상해없음,승용,남,34세,경상
2023111300100538,2023년 11월 13일 18시,월요일,경기도 수원시 영통구 이의동,경상사고,0,0,1,0,차대차 - 기타,안전운전불이행,건조,맑음,단일로 - 지하차도(도로)내,승합,남,26세,상해없음,승합,남,52세,상해없음
2023111300100599,2023년 11월 13일 19시,월요일,경기도 수원시 팔달구 화서동,경상사고,0,0,1,0,차대차 - 기타,안전운전불이행,건조,맑음,교차로 - 교차로부근,승합,남,67세,상해없음,승용,여,21세,경상
2023111300100607,2023년 11월 13일 19시,월요일,경기도 수원시 권선구 호매실동,경상사고,0,0,1,0,차대차 - 측면충돌,안전운전불이행,건조,맑음,교차로 - 교차로안,승용,여,52세,상해없음,승용,여,29세,경상
2023111300100608,2023년 11월 13일 19시,월요일,경기도 수원시 팔달구 매교동,경상사고,0,0,1,0,차량단독 - 기타,안전거리미확보,건조,맑음,교차로 - 교차로부근,이륜,남,25세,경상,,,,
2023111300100609,2023년 11월 13일 19시,월요일,경기도 수원시 권선구 탑동,중상사고,0,1,0,0,차대사람 - 기타,안전운전불이행,건조,맑음,교차로 - 교차로안,자전거,남,12세,상해없음,보행자,여,9세,중상
2023111300100640,2023년 11월 13일 20시,월요일,경기도 수원시 팔달구 인계동,경상사고,0,0,2,0,차대차 - 기타,안전운전불이행,건조,맑음,교차로 - 교차로부근,승용,여,33세,상해없음,승합,남,45세,상해없음
2023111300100687,2023년 11월 13일 23시,월요일,경기도 수원시 팔달구 화서동,경상사고,0,0,3,0,차대차 - 정면충돌,안전운전불이행,건조,맑음,교차로 - 교차로안,승용,여,24세,경상,승용,남,29세,경상
2023111400100004,2023년 11월 14일 00시,화요일,경기도 수원시 장안구 파장동,중상사고,0,1,0,0,차대차 - 측면충돌,안전운전불이행,건조,맑음,교차로 - 교차로안,개인형이동수단(PM),남,62세,중상,승용,남,65세,상해없음
2023111400100005,2023년 11월 14일 00시,화요일,경기도 수원시 장안구 천천동,중상사고,0,1,0,0,차대차 - 기타,불법유턴,건조,맑음,교차로 - 교차로부근,승용,남,26세,상해없음,개인형이동수단(PM),남,40세,중상
2023111400100096,2023년 11월 14일 08시,화요일,경기도 수원시 권선구 권선동,경상사고,0,0,2,0,차대차 - 측면충돌,안전운전불이행,건조,맑음,기타 - 기타,승용,남,55세,상해없음,승용,남,68세,경상
2023111400100099,2023년 11월 14일 08시,화요일,경기도 수원시 권선구 당수동,경상사고,0,0,1,0,차대차 - 측면충돌,안전거리미확보,건조,맑음,단일로 - 기타,승용,여,27세,상해없음,승용,여,39세,경상
2023111400100150,2023년 11월 14일 09시,화요일,경기도 수원시 팔달구 우만동,경상사고,0,0,1,1,차대차 - 기타,안전운전불이행,건조,맑음,기타 - 기타,승합,남,68세,상해없음,승용,여,45세,경상
2023111400100247,2023년 11월 14일 12시,화요일,경기도 수원시 권선구 권선동,경상사고,0,0,2,0,차대차 - 측면충돌,교차로운행방법위반,건조,맑음,교차로 - 교차로횡단보도내,승용,여,39세,경상,승합,남,62세,경상
2023111400100275,2023년 11월 14일 13시,화요일,경기도 수원시 팔달구 인계동,경상사고,0,0,1,0,차대차 - 측면충돌,차로위반,건조,맑음,교차로 - 교차로안,승합,남,60세,상해없음,승용,여,25세,경상
2023111400100308,2023년 11월 14일 14시,화요일,경기도 수원시 장안구 정자동,경상사고,0,0,1,0,차대차 - 측면충돌,안전운전불이행,건조,맑음,교차로 - 교차로안,승용,여,46세,상해없음,승용,남,22세,경상
2023111400100360,2023년 11월 14일 15시,화요일,경기도 수원시 팔달구 우만동,경상사고,0,0,2,0,차대차 - 측면충돌,안전운전불이행,건조,맑음,교차로 - 교차로안,승용,남,66세,상해없음,승용,남,65세,경상
2023111400100484,2023년 11월 14일 18시,화요일,경기도 수원시 영통구 매탄동,중상사고,0,1,1,0,차대차 - 기타,직진우회전진행방해,건조,맑음,교차로 - 교차로안,승용,남,46세,상해없음,승합,남,57세,상해없음
2023111400100570,2023년 11월 14일 20시,화요일,경기도 수원시 권선구 세류동,경상사고,0,0,1,0,차대사람 - 기타,기타,건조,맑음,교차로 - 교차로부근,개인형이동수단(PM),남,20세,상해없음,보행자,여,32세,경상
2023111400100624,2023년 11월 14일 23시,화요일,경기도 수원시 권선구 권선동,경상사고,0,0,1,0,차대차 - 측면충돌,안전거리미확보,건조,맑음,단일로 - 기타,승용,남,61세,상해없음,이륜,남,17세,경상
2023111500100013,2023년 11월 15일 01시,수요일,경기도 수원시 영통구 영통동,중상사고,0,1,0,0,차대차 - 추돌,안전운전불이행,건조,맑음,단일로 - 기타,승용,남,45세,상해없음,승용,남,81세,중상
2023111500100068,2023년 11월 15일 07시,수요일,경기도 수원시 권선구 오목천동,경상사고,0,0,4,0,차대차 - 기타,안전운전불이행,건조,맑음,단일로 - 지하차도(도로)내,화물,남,38세,상해없음,승용,남,40세,경상
2023111500100103,2023년 11월 15일 08시,수요일,경기도 수원시 영통구 영통동,경상사고,0,0,1,0,차대차 - 측면충돌,안전거리미확보,건조,맑음,단일로 - 기타,승용,여,47세,상해없음,승용,남,33세,경상
2023111500100105,2023년 11월 15일 08시,수요일,경기도 수원시 권선구 구운동,경상사고,0,0,1,0,차대차 - 기타,안전운전불이행,건조,맑음,교차로 - 교차로부근,승용,남,31세,상해없음,승용,여,36세,경상
2023111500100213,2023년 11월 15일 11시,수요일,경기도 수원시 영통구 원천동,중상사고,0,1,0,0,차대차 - 측면충돌,불법유턴,건조,맑음,단일로 - 기타,화물,남,42세,상해없음,이륜,남,67세,중상
2023111500100240,2023년 11월 15일 12시,수요일,경기도 수원시 장안구 영화동,경상사고,0,0,1,0,차대차 - 기타,안전운전불이행,건조,맑음,단일로 - 기타,승용,여,33세,상해없음,승용,여,46세,경상
2023111500100241,2023년 11월 15일 12시,수요일,경기도 수원시 장안구 율전동,경상사고,0,0,1,0,차대사람 - 차도통행중,안전운전불이행,건조,맑음,기타 - 기타,승용,여,43세,상해없음,보행자,남,25세,경상
2023111500100245,2023년 11월 15일 12시,수요일,경기도 수원시 영통구 원천동,중상사고,0,1,0,0,차대사람 - 기타,기타,건조,맑음,단일로 - 기타,승합,남,53세,상해없음,보행자,여,42세,중상
2023111500100246,2023년 11월 15일 12시,수요일,경기도 수원시 영통구 영통동,경상사고,0,0,2,0,차대차 - 기타,안전거리미확보,건조,맑음,단일로 - 기타,화물,남,67세,상해없음,화물,남,45세,경상
2023111500100308,2023년 11월 15일 14시,수요일,경기도 수원시 팔달구 매교동,경상사고,0,0,1,0,차대차 - 기타,중앙선침범,건조,맑음,교차로 - 교차로부근,승용,남,44세,상해없음,이륜,남,32세,경상
2023111500100376,2023년 11월 15일 16시,수요일,경기도 수원시 장안구 파장동,중상사고,0,1,1,0,차대차 - 추돌,안전운전불이행,건조,맑음,단일로 - 기타,승용,남,70세,중상,건설기계,남,64세,경상
2023111500100416,2023년 11월 15일 17시,수요일,경기도 수원시 팔달구 우만동,경상사고,0,0,1,0,차대차 - 기타,안전거리미확보,건조,맑음,단일로 - 기타,이륜,남,31세,상해없음,승합,남,47세,상해없음
2023111500100523,2023년 11월 15일 19시,수요일,경기도 수원시 팔달구 신풍동,경상사고,0,0,1,0,차대차 - 기타,안전운전불이행,건조,맑음,교차로 - 교차로안,승용,여,26세,상해없음,승용,남,49세,경상
2023111500100603,2023년 11월 15일 22시,수요일,경기도 수원시 팔달구 매산로2가,경상사고,0,0,1,0,차대사람 - 기타,안전운전불이행,건조,맑음,교차로 - 교차로안,승용,남,22세,상해없음,보행자,남,40세,경상
2023111600100003,2023년 11월 16일 00시,목요일,경기도 수원시 권선구 권선동,경상사고,0,0,1,0,차대차 - 후진중충돌,안전운전불이행,건조,맑음,기타 - 기타,승용,남,24세,기타불명,이륜,남,25세,경상
2023111600100032,2023년 11월 16일 06시,목요일,경기도 수원시 장안구 영화동,중상사고,0,1,0,0,차대차 - 기타,직진우회전진행방해,건조,맑음,교차로 - 교차로안,자전거,여,65세,중상,화물,남,42세,상해없음
2023111600100033,2023년 11월 16일 06시,목요일,경기도 수원시 권선구 권선동,경상사고,0,0,1,0,차대차 - 후진중충돌,안전운전불이행,건조,맑음,단일로 - 기타,승용,남,42세,기타불명,승용,여,59세,경상