사고번호,사고일시,요일,시군구,사고내용,사망자수,중상자수,경상자수,부상신고자수,사고유형,법규위반,노면상태,기상상태,도로형태,가해운전자 차종,가해운전자 성별,가해운전자 연령,가해운전자 상해정도,피해운전자 차종,피해운전자 성별,피해운전자 연령,피해운전자 상해정도
2023122100100604,2023년 12월 21일 21시,목요일,경기도 수원시 영통구 이의동,중상사고,0,1,0,0,차대차 - 기타,안전거리미확보,건조,맑음,단일로 - 기타,승용,남,47세,상해없음,이륜,남,64세,중상
2023122100100605,2023년 12월 21일 21시,목요일,경기도 수원시 권선구 곡반정동,경상사고,0,0,1,0,차대차 - 추돌,안전운전불이행,건조,맑음,교차로 - 교차로부근,승용,남,65세,상해없음,승용,남,34세,경상
2023122100100636,2023년 12월 21일 22시,목요일,경기도 수원시 영통구 영통동,경상사고,0,0,1,0,차대차 - 기타,교차로운행방법위반,건조,맑음,교차로 - 교차로안,승용,여,34세,상해없음,이륜,남,42세,경상
2023122100100637,2023년 12월 21일 22시,목요일,경기도 수원시 영통구 매탄동,경상사고,0,0,1,0,차대차 - 추돌,안전운전불이행,건조,맑음,단일로 - 기타,승용,남,48세,상해없음,승용,남,68세,경상
2023122200100023,2023년 12월 22일 01시,금요일,경기도 수원시 영통구 매탄동,중상사고,0,1,1,0,차대차 - 기타,안전운전불이행,서리/결빙,맑음,교차로 - 교차로부근,승용,남,43세,상해없음,승용,남,47세,경상
2023122200100070,2023년 12월 22일 07시,금요일,경기도 수원시 권선구 권선동,경상사고,0,0,2,0,차대차 - 측면충돌,안전거리미확보,건조,맑음,단일로 - 지하차도(도로)내,승용,여,37세,경상,승용,남,60세,경상
2023122200100101,2023년 12월 22일 08시,금요일,경기도 수원시 팔달구 인계동,경상사고,0,0,1,0,차대차 - 기타,안전운전불이행,건조,맑음,교차로 - 교차로부근,승용,남,20세,상해없음,승용,남,64세,경상
2023122200100202,2023년 12월 22일 11시,금요일,경기도 수원시 장안구 파장동,경상사고,0,0,1,0,차대차 - 기타,안전운전불이행,건조,맑음,교차로 - 교차로안,승용,남,32세,상해없음,승용,남,27세,경상
2023122200100209,2023년 12월 22일 11시,금요일,경기도 수원시 권선구 입북동,경상사고,0,0,2,0,차대차 - 추돌,안전운전불이행,건조,맑음,단일로 - 기타,화물,남,51세,상해없음,승용,여,46세,경상
2023122200100245,2023년 12월 22일 12시,금요일,경기도 수원시 팔달구 화서동,경상사고,0,0,1,0,차대차 - 기타,직진우회전진행방해,건조,맑음,단일로 - 기타,승용,남,77세,상해없음,이륜,남,52세,경상
2023122200100249,2023년 12월 22일 12시,금요일,경기도 수원시 권선구 권선동,경상사고,0,0,1,0,차대차 - 후진중충돌,안전운전불이행,건조,맑음,단일로 - 기타,승용,남,49세,상해없음,이륜,남,53세,경상
2023122200100295,2023년 12월 22일 13시,금요일,경기도 수원시 권선구 서둔동,사망사고,1,4,13,1,차대사람 - 횡단중,기타,건조,맑음,단일로 - 기타,승합,여,55세,부상신고,보행자,여,77세,사망
2023122200100296,2023년 12월 22일 13시,금요일,경기도 수원시 팔달구 매산로1가,경상사고,0,0,1,0,차대차 - 측면충돌,신호위반,건조,맑음,단일로 - 기타,승용,여,44세,상해없음,승용,남,32세,경상
2023122200100385,2023년 12월 22일 15시,금요일,경기도 수원시 팔달구 팔달로3가,경상사고,0,0,1,0,차대차 - 기타,안전거리미확보,건조,맑음,교차로 - 교차로안,승용,남,36세,기타불명,이륜,남,20세,경상
2023122200100389,2023년 12월 22일 15시,금요일,경기도 수원시 영통구 영통동,경상사고,0,0,1,0,차대차 - 기타,안전운전불이행,건조,맑음,단일로 - 지하차도(도로)내,승용,남,48세,상해없음,이륜,남,56세,경상
2023122200100482,2023년 12월 22일 17시,금요일,경기도 수원시 팔달구 인계동,중상사고,0,1,0,0,차대차 - 측면충돌,중앙선침범,건조,맑음,기타 - 기타,승용,남,37세,기타불명,승용,여,48세,중상
2023122200100486,2023년 12월 22일 17시,금요일,경기도 수원시 권선구 평동,경상사고,0,0,1,0,차대차 - 추돌,안전거리미확보,건조,맑음,단일로 - 기타,승용,남,38세,상해없음,승용,남,34세,경상
2023122200100751,2023년 12월 22일 22시,금요일,경기도 수원시 장안구 영화동,경상사고,0,0,1,0,차대차 - 측면충돌,직진우회전진행방해,건조,맑음,교차로 - 교차로안,승용,남,62세,상해없음,이륜,남,22세,경상
2023122200100757,2023년 12월 22일 22시,금요일,경기도 수원시 권선구 호매실동,경상사고,0,0,2,0,차대차 - 추돌,안전운전불이행,건조,맑음,교차로 - 교차로안,승용,남,36세,상해없음,승용,남,27세,경상
2023122300100012,2023년 12월 23일 00시,토요일,경기도 수원시 권선구 세류동,경상사고,0,0,1,0,차대차 - 추돌,안전운전불이행,건조,맑음,교차로 - 교차로부근,승용,남,37세,상해없음,승용,남,31세,경상
2023122300100037,2023년 12월 23일 01시,토요일,경기도 수원시 팔달구 매산로1가,경상사고,0,0,1,0,차대차 - 측면충돌,안전거리미확보,건조,맑음,단일로 - 기타,승용,남,34세,상해없음,승용,남,63세,경상
2023122300100052,2023년 12월 23일 02시,토요일,경기도 수원시 권선구 오목천동,경상사고,0,0,1,0,차대차 - 측면충돌,신호위반,건조,맑음,교차로 - 교차로안,승용,남,31세,상해없음,승용,남,52세,경상
2023122300100073,2023년 12월 23일 05시,토요일,경기도 수원시 팔달구 인계동,경상사고,0,0,1,0,차대사람 - 기타,안전운전불이행,건조,맑음,교차로 - 교차로안,승용,남,45세,상해없음,보행자,남,58세,경상
2023122300100107,2023년 12월 23일 08시,토요일,경기도 수원시 권선구 권선동,중상사고,0,1,0,0,차대차 - 측면충돌,차로위반,건조,맑음,단일로 - 기타,승용,남,26세,상해없음,이륜,남,27세,중상
2023122300100124,2023년 12월 23일 09시,토요일,경기도 수원시 영통구 하동,중상사고,0,1,1,0,차대차 - 추돌,안전운전불이행,건조,맑음,단일로 - 기타,승합,남,46세,상해없음,화물,남,61세,중상
2023122300100162,2023년 12월 23일 10시,토요일,경기도 수원시 권선구 세류동,경상사고,0,0,1,0,차대차 - 측면충돌,직진우회전진행방해,건조,맑음,교차로 - 교차로안,승용,남,32세,상해없음,승용,남,53세,경상
2023122300100228,2023년 12월 23일 12시,토요일,경기도 수원시 장안구 정자동,경상사고,0,0,1,0,차량단독 - 기타,안전운전불이행,건조,맑음,교차로 - 교차로부근,승합,남,35세,상해없음,,,,
2023122300100350,2023년 12월 23일 15시,토요일,경기도 수원시 영통구 하동,경상사고,0,0,1,0,차대사람 - 기타,안전운전불이행,건조,맑음,기타 - 기타,승용,남,62세,상해없음,보행자,남,64세,경상
2023122300100385,2023년 12월 23일 16시,토요일,경기도 수원시 장안구 율전동,부상신고사고,0,0,0,1,차대차 - 추돌,안전거리미확보,건조,맑음,단일로 - 기타,승용,남,41세,상해없음,승용,남,20세,부상신고
2023122300100469,2023년 12월 23일 18시,토요일,경기도 수원시 장안구 정자동,경상사고,0,0,1,0,차대차 - 측면충돌,신호위반,건조,맑음,교차로 - 교차로안,승용,남,61세,상해없음,승용,여,61세,경상
2023122300100474,2023년 12월 23일 18시,토요일,경기도 수원시 영통구 영통동,경상사고,0,0,1,0,차대차 - 측면충돌,안전거리미확보,건조,맑음,교차로 - 교차로부근,승용,여,61세,상해없음,승용,여,57세,경상
2023122300100478,2023년 12월 23일 18시,토요일,경기도 수원시 권선구 고색동,경상사고,0,0,1,0,차대차 - 추돌,안전운전불이행,건조,맑음,교차로 - 교차로부근,승용,남,65세,상해없음,이륜,남,39세,경상
2023122300100519,2023년 12월 23일 19시,토요일,경기도 수원시 팔달구 매산로1가,경상사고,0,0,1,0,차대차 - 기타,안전운전불이행,건조,맑음,교차로 - 교차로안,승용,남,30세,상해없음,이륜,남,39세,경상
2023122300100593,2023년 12월 23일 22시,토요일,경기도 수원시 팔달구 인계동,경상사고,0,0,1,0,차대차 - 기타,안전거리미확보,건조,맑음,단일로 - 기타,승용,남,48세,상해없음,이륜,남,46세,경상
2023122300100616,2023년 12월 23일 23시,토요일,경기도 수원시 영통구 영통동,경상사고,0,0,3,0,차대차 - 기타,신호위반,건조,맑음,교차로 - 교차로안,승용,남,53세,경상,승용,여,36세,경상
2023122400100035,2023년 12월 24일 04시,일요일,경기도 수원시 팔달구 인계동,중상사고,0,1,0,0,차대사람 - 기타,안전운전불이행,적설,눈,단일로 - 지하차도(도로)내,승용,남,33세,상해없음,보행자,남,31세,중상
2023122400100050,2023년 12월 24일 07시,일요일,경기도 수원시 영통구 영통동,중상사고,0,1,3,0,차대차 - 기타,신호위반,서리/결빙,맑음,교차로 - 교차로부근,승용,여,55세,경상,승용,남,25세,경상
2023122400100069,2023년 12월 24일 09시,일요일,경기도 수원시 장안구 이목동,경상사고,0,0,1,0,차대차 - 기타,안전운전불이행,적설,맑음,단일로 - 기타,화물,남,69세,상해없음,승용,여,70세,경상
2023122400100084,2023년 12월 24일 10시,일요일,경기도 수원시 권선구 곡반정동,경상사고,0,0,1,0,차대차 - 기타,안전운전불이행,서리/결빙,맑음,교차로 - 교차로안,승합,남,62세,상해없음,이륜,남,52세,경상
2023122400100085,2023년 12월 24일 10시,일요일,경기도 수원시 영통구 영통동,부상신고사고,0,0,0,1,차대사람 - 기타,안전운전불이행,건조,맑음,교차로 - 교차로부근,승용,여,60세,상해없음,보행자,남,29세,부상신고
2023122400100116,2023년 12월 24일 12시,일요일,경기도 수원시 장안구 영화동,경상사고,0,0,1,0,차대사람 - 길가장자리구역통행중,보행자보호의무위반,건조,맑음,단일로 - 기타,승용,남,63세,상해없음,보행자,여,43세,경상
2023122400100307,2023년 12월 24일 20시,일요일,경기도 수원시 팔달구 화서동,경상사고,0,0,1,0,차대사람 - 기타,안전운전불이행,건조,맑음,단일로 - 기타,승용,남,29세,상해없음,보행자,여,35세,경상
2023122400100326,2023년 12월 24일 21시,일요일,경기도 수원시 권선구 오목천동,부상신고사고,0,0,0,1,차량단독 - 전도전복 - 전복,안전운전불이행,젖음/습기,맑음,교차로 - 교차로안,이륜,남,42세,부상신고,,,,
2023122500100033,2023년 12월 25일 05시,월요일,경기도 수원시 권선구 탑동,경상사고,0,0,1,0,차대차 - 정면충돌,중앙선침범,적설,눈,단일로 - 지하차도(도로)내,승용,남,63세,상해없음,승용,남,68세,경상
2023122500100037,2023년 12월 25일 06시,월요일,경기도 수원시 영통구 영통동,경상사고,0,0,1,0,차대차 - 기타,안전운전불이행,서리/결빙,눈,단일로 - 고가도로위,승용,여,25세,상해없음,승용,여,57세,경상
2023122500100039,2023년 12월 25일 06시,월요일,경기도 수원시 권선구 당수동,경상사고,0,0,1,0,차대차 - 기타,안전거리미확보,젖음/습기,비,단일로 - 기타,승용,남,42세,상해없음,화물,남,55세,경상
2023122500100066,2023년 12월 25일 09시,월요일,경기도 수원시 장안구 영화동,경상사고,0,0,1,0,차대사람 - 차도통행중,안전운전불이행,적설,눈,교차로 - 교차로안,승용,남,54세,상해없음,보행자,남,24세,경상
2023122500100148,2023년 12월 25일 13시,월요일,경기도 수원시 영통구 이의동,경상사고,0,0,1,0,차대차 - 기타,안전운전불이행,젖음/습기,맑음,단일로 - 기타,승용,남,37세,상해없음,승용,남,42세,경상
2023122500100233,2023년 12월 25일 17시,월요일,경기도 수원시 권선구 권선동,경상사고,0,0,2,0,차대차 - 기타,안전운전불이행,젖음/습기,맑음,단일로 - 기타,승용,남,61세,기타불명,화물,남,54세,경상
2023122500100260,2023년 12월 25일 18시,월요일,경기도 수원시 권선구 서둔동,경상사고,0,0,6,1,차대차 - 추돌,신호위반,젖음/습기,맑음,교차로 - 교차로안,승용,남,28세,기타불명,승용,여,43세,경상
2023122600100003,2023년 12월 26일 00시,화요일,경기도 수원시 장안구 정자동,중상사고,0,1,0,0,차대차 - 측면충돌,불법유턴,건조,맑음,단일로 - 기타,승용,여,38세,상해없음,이륜,남,57세,중상
2023122600100030,2023년 12월 26일 05시,화요일,경기도 수원시 권선구 호매실동,경상사고,0,0,1,0,차대차 - 추돌,안전운전불이행,건조,맑음,교차로 - 교차로부근,화물,남,56세,상해없음,승용,남,65세,경상
2023122600100079,2023년 12월 26일 08시,화요일,경기도 수원시 장안구 송죽동,중상사고,0,1,0,0,차대사람 - 횡단중,안전운전불이행,건조,맑음,교차로 - 교차로안,승용,여,64세,상해없음,보행자,여,80세,중상
2023122600100280,2023년 12월 26일 14시,화요일,경기도 수원시 영통구 매탄동,중상사고,0,1,0,0,차대차 - 추돌,안전운전불이행,건조,맑음,교차로 - 교차로안,화물,남,64세,상해없음,이륜,남,48세,중상
2023122600100314,2023년 12월 26일 15시,화요일,경기도 수원시 팔달구 지동,경상사고,0,0,2,0,차대차 - 측면충돌,교차로운행방법위반,건조,맑음,교차로 - 교차로안,승용,남,67세,상해없음,화물,남,65세,경상
2023122600100361,2023년 12월 26일 16시,화요일,경기도 수원시 팔달구 고등동,경상사고,0,0,1,0,차대차 - 기타,안전거리미확보,건조,맑음,교차로 - 교차로안,승용,남,76세,상해없음,승용,남,33세,경상
2023122600100407,2023년 12월 26일 17시,화요일,경기도 수원시 권선구 호매실동,부상신고사고,0,0,0,1,차대차 - 정면충돌,신호위반,건조,맑음,교차로 - 교차로안,승용,남,47세,상해없음,승용,남,44세,부상신고
2023122600100460,2023년 12월 26일 18시,화요일,경기도 수원시 영통구 망포동,경상사고,0,0,2,1,차대차 - 측면충돌,교차로운행방법위반,건조,맑음,교차로 - 교차로안,승합,남,67세,상해없음,승합,남,70세,상해없음
2023122600100572,2023년 12월 26일 21시,화요일,경기도 수원시 장안구 천천동,경상사고,0,0,1,0,차대사람 - 기타,안전운전불이행,젖음/습기,흐림,단일로 - 기타,승합,남,62세,상해없음,보행자,여,55세,경상
2023122600100573,2023년 12월 26일 21시,화요일,경기도 수원시 영통구 원천동,경상사고,0,0,1,0,차대차 - 기타,안전운전불이행,건조,맑음,단일로 - 기타,승용,남,61세,상해없음,이륜,남,21세,경상
2023122600100575,2023년 12월 26일 21시,화요일,경기도 수원시 권선구 평동,중상사고,0,1,0,0,차대차 - 정면충돌,신호위반,건조,맑음,교차로 - 교차로안,승용,남,40세,상해없음,승용,남,68세,중상
2023122600100589,2023년 12월 26일 22시,화요일,경기도 수원시 권선구 세류동,경상사고,0,0,3,0,차대차 - 추돌,안전운전불이행,건조,맑음,단일로 - 기타,승용,남,41세,상해없음,승합,남,59세,상해없음
2023122600100590,2023년 12월 26일 22시,화요일,경기도 수원시 권선구 곡반정동,중상사고,0,1,0,0,차대차 - 측면충돌,신호위반,건조,맑음,교차로 - 교차로안,승용,여,53세,상해없음,이륜,남,58세,중상
2023122600100604,2023년 12월 26일 23시,화요일,경기도 수원시 영통구 매탄동,경상사고,0,0,1,0,차대차 - 추돌,안전운전불이행,건조,맑음,기타 - 기타,승용,여,40세,기타불명,승합,남,40세,경상
2023122600100605,2023년 12월 26일 23시,화요일,경기도 수원시 팔달구 매교동,경상사고,0,0,2,0,차대차 - 기타,안전운전불이행,건조,맑음,단일로 - 기타,승용,남,44세,상해없음,승용,남,25세,경상
2023122700100032,2023년 12월 27일 05시,수요일,경기도 수원시 장안구 정자동,경상사고,0,0,1,0,차대차 - 측면충돌,중앙선침범,건조,맑음,단일로 - 기타,승용,남,44세,상해없음,승용,남,42세,경상
2023122700100085,2023년 12월 27일 08시,수요일,경기도 수원시 장안구 송죽동,경상사고,0,0,1,0,차대차 - 추돌,안전운전불이행,건조,맑음,단일로 - 기타,승용,남,54세,상해없음,승용,남,32세,경상
2023122700100093,2023년 12월 27일 08시,수요일,경기도 수원시 권선구 권선동,경상사고,0,0,1,0,차대사람 - 횡단중,보행자보호의무위반,건조,맑음,교차로 - 교차로횡단보도내,승용,여,42세,상해없음,보행자,여,71세,경상
2023122700100341,2023년 12월 27일 15시,수요일,경기도 수원시 팔달구 화서동,경상사고,0,0,1,0,차대차 - 기타,안전운전불이행,건조,맑음,교차로 - 교차로횡단보도내,화물,남,46세,상해없음,자전거,남,66세,경상
2023122700100343,2023년 12월 27일 15시,수요일,경기도 수원시 영통구 이의동,경상사고,0,0,1,0,차대차 - 기타,안전운전불이행,건조,맑음,단일로 - 기타,승합,남,63세,상해없음,승용,남,68세,경상
2023122700100434,2023년 12월 27일 17시,수요일,경기도 수원시 권선구 호매실동,경상사고,0,0,1,0,차대차 - 추돌,안전운전불이행,건조,흐림,단일로 - 기타,승용,여,47세,상해없음,이륜,남,37세,경상
2023122700100484,2023년 12월 27일 18시,수요일,경기도 수원시 권선구 호매실동,중상사고,0,1,0,0,차대차 - 기타,안전거리미확보,젖음/습기,흐림,교차로 - 교차로부근,승용,남,44세,상해없음,이륜,남,55세,중상
2023122700100575,2023년 12월 27일 20시,수요일,경기도 수원시 권선구 오목천동,중상사고,0,1,0,0,차대사람 - 횡단중,기타,건조,맑음,교차로 - 교차로횡단보도내,승합,남,66세,상해없음,보행자,남,51세,중상
2023122700100629,2023년 12월 27일 22시,수요일,경기도 수원시 권선구 입북동,경상사고,0,0,1,0,차대사람 - 횡단중,신호위반,건조,맑음,교차로 - 교차로안,승용,여,57세,상해없음,보행자,남,51세,경상
2023122700100643,2023년 12월 27일 23시,수요일,경기도 수원시 영통구 이의동,경상사고,0,0,1,0,차대차 - 추돌,안전운전불이행,건조,맑음,단일로 - 기타,승용,남,23세,상해없음,승용,남,55세,경상
2023122800100020,2023년 12월 28일 03시,목요일,경기도 수원시 팔달구 우만동,경상사고,0,0,1,0,차대차 - 기타,신호위반,서리/결빙,맑음,교차로 - 교차로안,승용,남,65세,상해없음,개인형이동수단(PM),남,51세,경상
2023122800100037,2023년 12월 28일 06시,목요일,경기도 수원시 영통구 영통동,경상사고,0,0,1,0,차대차 - 측면충돌,안전거리미확보,건조,맑음,교차로 - 교차로안,승용,여,59세,상해없음,승용,여,49세,경상
2023122800100038,2023년 12월 28일 06시,목요일,경기도 수원시 권선구 금곡동,중상사고,0,1,0,0,차대사람 - 기타,안전운전불이행,건조,맑음,단일로 - 기타,승용,여,63세,상해없음,보행자,여,43세,중상
2023122800100158,2023년 12월 28일 11시,목요일,경기도 수원시 장안구 영화동,경상사고,0,0,1,0,차대차 - 기타,안전운전불이행,건조,맑음,교차로 - 교차로안,이륜,남,22세,기타불명,승용,여,46세,경상
2023122800100230,2023년 12월 28일 13시,목요일,경기도 수원시 권선구 권선동,경상사고,0,0,2,1,차대차 - 측면충돌,교차로운행방법위반,건조,맑음,교차로 - 교차로부근,승용,여,65세,부상신고,승용,여,56세,경상
2023122800100231,2023년 12월 28일 13시,목요일,경기도 수원시 권선구 세류동,경상사고,0,0,1,0,차대차 - 측면충돌,안전운전불이행,건조,맑음,단일로 - 기타,승용,여,43세,상해없음,이륜,남,28세,경상
2023122800100262,2023년 12월 28일 14시,목요일,경기도 수원시 권선구 오목천동,경상사고,0,0,3,0,차대차 - 추돌,신호위반,건조,맑음,교차로 - 교차로안,승용,남,53세,상해없음,승용,남,27세,경상
2023122800100368,2023년 12월 28일 17시,목요일,경기도 수원시 영통구 원천동,경상사고,0,0,1,0,차대차 - 측면충돌,안전운전불이행,건조,맑음,교차로 - 교차로안,승용,여,23세,상해없음,승용,남,57세,경상
2023122800100407,2023년 12월 28일 18시,목요일,경기도 수원시 장안구 이목동,경상사고,0,0,1,0,차대차 - 기타,안전거리미확보,건조,맑음,단일로 - 기타,승용,남,43세,상해없음,승용,여,65세,경상
2023122800100408,2023년 12월 28일 18시,목요일,경기도 수원시 장안구 천천동,경상사고,0,0,2,0,차대차 - 측면충돌,안전운전불이행,젖음/습기,맑음,교차로 - 교차로안,승용,남,54세,상해없음,승용,남,41세,경상
2023122800100416,2023년 12월 28일 18시,목요일,경기도 수원시 권선구 오목천동,중상사고,0,1,0,0,차대차 - 기타,안전운전불이행,건조,맑음,단일로 - 기타,승용,남,43세,상해없음,자전거,남,31세,중상
2023122800100525,2023년 12월 28일 21시,목요일,경기도 수원시 팔달구 매산로1가,경상사고,0,0,1,0,차대차 - 기타,신호위반,건조,맑음,교차로 - 교차로안,승용,남,63세,상해없음,원동기,남,39세,경상
2023122800100552,2023년 12월 28일 22시,목요일,경기도 수원시 영통구 매탄동,경상사고,0,0,1,0,차대차 - 추돌,안전운전불이행,젖음/습기,맑음,기타 - 기타,화물,남,54세,상해없음,승용,여,40세,경상
2023122800100568,2023년 12월 28일 23시,목요일,경기도 수원시 팔달구 우만동,중상사고,0,1,0,0,차량단독 - 공작물충돌,안전운전불이행,건조,맑음,단일로 - 기타,승용,남,43세,중상,,,,
2023122800100569,2023년 12월 28일 23시,목요일,경기도 수원시 팔달구 우만동,부상신고사고,0,0,0,1,차대사람 - 기타,안전운전불이행,건조,맑음,교차로 - 교차로안,승용,남,29세,상해없음,보행자,남,26세,부상신고
2023122900100016,2023년 12월 29일 01시,금요일,경기도 수원시 권선구 권선동,경상사고,0,0,3,0,차대차 - 추돌,안전운전불이행,건조,맑음,단일로 - 기타,승용,남,40세,상해없음,승용,여,55세,경상
2023122900100017,2023년 12월 29일 01시,금요일,경기도 수원시 팔달구 인계동,부상신고사고,0,0,0,1,차대차 - 기타,차로위반,건조,맑음,단일로 - 기타,승용,여,57세,상해없음,이륜,남,28세,부상신고
2023122900100034,2023년 12월 29일 03시,금요일,경기도 수원시 장안구 영화동,경상사고,0,0,1,0,차대차 - 측면충돌,교차로운행방법위반,건조,맑음,교차로 - 교차로안,승용,여,39세,상해없음,승용,남,46세,경상
2023122900100189,2023년 12월 29일 11시,금요일,경기도 수원시 영통구 망포동,경상사고,0,0,1,0,차대차 - 측면충돌,안전운전불이행,건조,맑음,교차로 - 교차로안,화물,남,68세,상해없음,이륜,남,48세,경상
2023122900100306,2023년 12월 29일 14시,금요일,경기도 수원시 팔달구 화서동,경상사고,0,0,1,0,차대사람 - 기타,기타,건조,흐림,단일로 - 기타,승용,여,40세,상해없음,보행자,여,54세,경상
2023122900100310,2023년 12월 29일 14시,금요일,경기도 수원시 권선구 당수동,경상사고,0,0,1,0,차대사람 - 횡단중,신호위반,건조,맑음,단일로 - 기타,승용,남,67세,상해없음,보행자,남,12세,경상
2023122900100397,2023년 12월 29일 16시,금요일,경기도 수원시 팔달구 인계동,경상사고,0,0,1,0,차대차 - 기타,교차로운행방법위반,건조,맑음,교차로 - 교차로부근,승용,여,29세,상해없음,승합,남,59세,상해없음
2023122900100431,2023년 12월 29일 17시,금요일,경기도 수원시 영통구 이의동,중상사고,0,1,0,0,차대사람 - 횡단중,보행자보호의무위반,건조,맑음,교차로 - 교차로횡단보도내,승용,남,54세,상해없음,보행자,남,82세,중상
2023122900100432,2023년 12월 29일 17시,금요일,경기도 수원시 팔달구 지동,경상사고,0,0,1,0,차대차 - 측면충돌,안전거리미확보,건조,맑음,단일로 - 기타,승용,남,74세,상해없음,승용,남,62세,경상
2023122900100434,2023년 12월 29일 17시,금요일,경기도 수원시 권선구 고색동,경상사고,0,0,1,0,차대사람 - 기타,보행자보호의무위반,건조,맑음,교차로 - 교차로부근,기타불명,기타불명,미분류,기타불명,보행자,남,18세,경상
2023122900100553,2023년 12월 29일 19시,금요일,경기도 수원시 장안구 정자동,경상사고,0,0,1,0,차대차 - 기타,안전운전불이행,건조,맑음,교차로 - 교차로안,자전거,남,14세,경상,승합,남,28세,상해없음
2023122900100641,2023년 12월 29일 21시,금요일,경기도 수원시 팔달구 인계동,경상사고,0,0,1,0,차대차 - 기타,안전운전불이행,건조,맑음,단일로 - 기타,승용,여,64세,상해없음,승용,남,43세,경상
2023122900100663,2023년 12월 29일 22시,금요일,경기도 수원시 영통구 매탄동,경상사고,0,0,2,0,차대차 - 추돌,안전운전불이행,건조,맑음,교차로 - 교차로부근,이륜,남,35세,상해없음,승용,남,26세,경상
2023123000100032,2023년 12월 30일 02시,토요일,경기도 수원시 영통구 영통동,경상사고,0,0,1,0,차대사람 - 기타,안전운전불이행,건조,맑음,단일로 - 기타,승용,남,63세,상해없음,보행자,남,39세,경상
2023123000100070,2023년 12월 30일 07시,토요일,경기도 수원시 권선구 세류동,경상사고,0,0,1,0,차대차 - 기타,안전운전불이행,건조,맑음,단일로 - 기타,승용,남,30세,상해없음,승용,남,59세,경상
2023123000100109,2023년 12월 30일 10시,토요일,경기도 수원시 장안구 천천동,중상사고,0,1,0,0,차대사람 - 횡단중,신호위반,적설,눈,교차로 - 교차로횡단보도내,이륜,남,43세,상해없음,보행자,여,63세,중상
2023123000100232,2023년 12월 30일 13시,토요일,경기도 수원시 권선구 권선동,중상사고,0,1,0,0,차대차 - 정면충돌,신호위반,젖음/습기,비,교차로 - 교차로안,승용,남,32세,상해없음,화물,남,30세,중상
2023123000100233,2023년 12월 30일 13시,토요일,경기도 수원시 권선구 권선동,경상사고,0,0,1,0,차대차 - 측면충돌,안전운전불이행,젖음/습기,비,교차로 - 교차로안,승용,남,44세,상해없음,승합,남,64세,경상
2023123000100292,2023년 12월 30일 15시,토요일,경기도 수원시 영통구 원천동,경상사고,0,0,1,0,차대차 - 추돌,안전운전불이행,건조,맑음,단일로 - 기타,건설기계,남,64세,상해없음,승용,여,65세,경상
2023123000100408,2023년 12월 30일 19시,토요일,경기도 수원시 권선구 오목천동,경상사고,0,0,3,0,차대차 - 측면충돌,안전운전불이행,젖음/습기,비,교차로 - 교차로부근,승용,남,48세,상해없음,승용,여,29세,경상
2023123000100449,2023년 12월 30일 21시,토요일,경기도 수원시 팔달구 우만동,사망사고,1,0,0,0,차대사람 - 횡단중,안전운전불이행,젖음/습기,비,단일로 - 기타,화물,남,52세,상해없음,보행자,남,59세,사망
2023123000100451,2023년 12월 30일 21시,토요일,경기도 수원시 권선구 평동,경상사고,0,0,1,0,차대차 - 기타,안전거리미확보,건조,맑음,교차로 - 교차로부근,기타불명,기타불명,미분류,기타불명,이륜,남,45세,경상
2023123100100004,2023년 12월 31일 00시,일요일,경기도 수원시 권선구 금곡동,중상사고,0,1,0,0,차대사람 - 기타,기타,서리/결빙,흐림,기타 - 기타,승용,여,52세,상해없음,보행자,남,31세,중상
2023123100100005,2023년 12월 31일 00시,일요일,경기도 수원시 권선구 구운동,경상사고,0,0,2,0,차대차 - 추돌,안전운전불이행,건조,맑음,교차로 - 교차로부근,승합,남,40세,상해없음,승용,남,70세,경상
2023123100100032,2023년 12월 31일 06시,일요일,경기도 수원시 팔달구 인계동,중상사고,0,1,0,0,차대사람 - 횡단중,안전운전불이행,젖음/습기,비,단일로 - 기타,승용,남,80세,상해없음,보행자,남,65세,중상
2023123100100121,2023년 12월 31일 13시,일요일,경기도 수원시 영통구 원천동,경상사고,0,0,2,0,차대차 - 추돌,안전운전불이행,건조,맑음,교차로 - 교차로부근,승용,여,46세,상해없음,승용,남,36세,경상
2023123100100122,2023년 12월 31일 13시,일요일,경기도 수원시 영통구 영통동,경상사고,0,0,1,0,차대차 - 측면충돌,교차로운행방법위반,건조,맑음,교차로 - 교차로안,승용,여,47세,상해없음,승용,남,68세,경상
2023123100100298,2023년 12월 31일 21시,일요일,경기도 수원시 권선구 오목천동,중상사고,0,1,3,0,차대차 - 기타,안전운전불이행,건조,맑음,단일로 - 기타,승용,남,52세,상해없음,화물,남,50세,기타불명
2023123100100328,2023년 12월 31일 23시,일요일,경기도 수원시 영통구 영통동,경상사고,0,0,3,0,차대차 - 추돌,안전운전불이행,건조,맑음,교차로 - 교차로부근,승용,남,25세,상해없음,승용,남,30세,경상